Target_Role,Job Title,Company,Job URL,Required_Degree,Extracted_Skills
Business Development Manager,Junior Business Development Manager Associate,Mitra Innovation,https://rooster.jobs/jobs/business-development-manager-specialist-232599,Master's in Business Administration (MBA),"['Negotiation', 'Sales Strategy', 'Stakeholder Management', 'Market Research', 'B2B Sales']"
Business Development Manager,Principal Business Development Manager Developer,Mitra Innovation,https://rooster.jobs/jobs/business-development-manager-specialist-433909,Master's in Business Administration (MBA),"['B2B Sales', 'CRM', 'Sales Strategy', 'Lead Generation', 'Market Research', 'Negotiation']"
Business Development Manager,Principal Business Development Manager Developer,MAS Holdings,https://rooster.jobs/jobs/business-development-manager-specialist-498611,BSc in Business Administration,"['Sales Strategy', 'Market Research', 'Lead Generation', 'CRM', 'B2B Sales', 'Stakeholder Management', 'Negotiation']"
Business Development Manager,Junior Business Development Manager Associate,Mitra Innovation,https://rooster.jobs/jobs/business-development-manager-specialist-221679,BSc in Business Administration,"['Market Research', 'Sales Strategy', 'B2B Sales', 'Negotiation', 'CRM', 'Stakeholder Management', 'Lead Generation']"
Business Development Manager,Enterprise Business Development Manager Architect,MAS Holdings,https://rooster.jobs/jobs/business-development-manager-specialist-744552,BSc in Business Administration,"['CRM', 'Negotiation', 'Market Research', 'B2B Sales', 'Stakeholder Management', 'Lead Generation', 'Sales Strategy']"
Business Development Manager,Senior Business Development Manager Specialist,MAS Holdings,https://rooster.jobs/jobs/business-development-manager-specialist-871505,Master's in Business Administration (MBA),"['Negotiation', 'Market Research', 'CRM', 'Sales Strategy', 'Lead Generation']"
Business Development Manager,Principal Business Development Manager Developer,Dialog Axiata,https://rooster.jobs/jobs/business-development-manager-specialist-846559,CIM / SLIM Qualified,"['B2B Sales', 'CRM', 'Negotiation', 'Sales Strategy', 'Lead Generation']"
Business Development Manager,Business Development Manager Consultant,MillenniumIT ESP,https://rooster.jobs/jobs/business-development-manager-specialist-467244,Master's in Business Administration (MBA),"['B2B Sales', 'Sales Strategy', 'Lead Generation', 'Negotiation']"
Business Development Manager,Business Development Manager Executive,WSO2,https://rooster.jobs/jobs/business-development-manager-specialist-229245,Not Specified / Equivalent Experience,"['B2B Sales', 'Sales Strategy', 'Stakeholder Management', 'CRM', 'Market Research', 'Negotiation', 'Lead Generation']"
Business Development Manager,Senior Business Development Manager Specialist,Mitra Innovation,https://rooster.jobs/jobs/business-development-manager-specialist-434789,Master's in Business Administration (MBA),"['B2B Sales', 'Stakeholder Management', 'Market Research', 'Negotiation', 'Lead Generation', 'Sales Strategy', 'CRM']"
Business Development Manager,Business Development Manager Consultant,MAS Holdings,https://rooster.jobs/jobs/business-development-manager-specialist-229723,CIM / SLIM Qualified,"['Sales Strategy', 'Stakeholder Management', 'Lead Generation', 'Negotiation']"
Business Development Manager,Lead Business Development Manager Engineer,LSEG,https://rooster.jobs/jobs/business-development-manager-specialist-288326,Master's in Business Administration (MBA),"['Negotiation', 'B2B Sales', 'Sales Strategy', 'Market Research', 'Lead Generation', 'Stakeholder Management']"
Business Development Manager,Senior Business Development Manager Specialist,Softlogic,https://rooster.jobs/jobs/business-development-manager-specialist-343754,CIM / SLIM Qualified,"['CRM', 'Negotiation', 'B2B Sales', 'Sales Strategy']"
Business Development Manager,Associate Business Development Manager,WSO2,https://rooster.jobs/jobs/business-development-manager-specialist-590251,CIM / SLIM Qualified,"['Market Research', 'CRM', 'Sales Strategy', 'Negotiation', 'B2B Sales']"
Business Development Manager,Business Development Manager Consultant,Cargills,https://rooster.jobs/jobs/business-development-manager-specialist-666209,BSc in Business Administration,"['Market Research', 'Stakeholder Management', 'Lead Generation', 'Negotiation', 'CRM', 'B2B Sales']"
Business Development Manager,Senior Business Development Manager Specialist,Pearson Lanka,https://rooster.jobs/jobs/business-development-manager-specialist-668275,Not Specified / Equivalent Experience,"['B2B Sales', 'Sales Strategy', 'CRM', 'Market Research', 'Lead Generation', 'Negotiation', 'Stakeholder Management']"
Business Development Manager,Business Development Manager Consultant,CodeGen,https://rooster.jobs/jobs/business-development-manager-specialist-315426,Not Specified / Equivalent Experience,"['Stakeholder Management', 'Lead Generation', 'CRM', 'Negotiation', 'Market Research', 'B2B Sales']"
Business Development Manager,Lead Business Development Manager Engineer,Sysco LABS,https://rooster.jobs/jobs/business-development-manager-specialist-363404,CIM / SLIM Qualified,"['CRM', 'Negotiation', 'Market Research', 'B2B Sales', 'Stakeholder Management', 'Lead Generation', 'Sales Strategy']"
Business Development Manager,Lead Business Development Manager Engineer,Mitra Innovation,https://rooster.jobs/jobs/business-development-manager-specialist-445509,CIM / SLIM Qualified,"['B2B Sales', 'Negotiation', 'Market Research', 'Stakeholder Management', 'Lead Generation', 'Sales Strategy', 'CRM']"
Business Development Manager,Lead Business Development Manager Engineer,CodeGen,https://rooster.jobs/jobs/business-development-manager-specialist-643575,BSc in Business Administration,"['Stakeholder Management', 'Sales Strategy', 'Negotiation', 'CRM', 'Market Research', 'Lead Generation']"
Business Development Manager,Business Development Manager Consultant,Zone24x7,https://rooster.jobs/jobs/business-development-manager-specialist-362149,CIM / SLIM Qualified,"['Stakeholder Management', 'Lead Generation', 'B2B Sales', 'Negotiation', 'CRM', 'Market Research', 'Sales Strategy']"
Business Development Manager,Senior Business Development Manager Specialist,Hayleys,https://rooster.jobs/jobs/business-development-manager-specialist-441519,Not Specified / Equivalent Experience,"['Negotiation', 'Sales Strategy', 'Lead Generation', 'Market Research', 'CRM', 'B2B Sales', 'Stakeholder Management']"
Business Development Manager,Principal Business Development Manager Developer,Cargills,https://rooster.jobs/jobs/business-development-manager-specialist-907957,BSc in Business Administration,"['CRM', 'Sales Strategy', 'Stakeholder Management', 'Lead Generation', 'Negotiation', 'Market Research']"
Business Development Manager,Senior Business Development Manager Specialist,Dialog Axiata,https://rooster.jobs/jobs/business-development-manager-specialist-778156,Master's in Business Administration (MBA),"['Negotiation', 'Lead Generation', 'Market Research', 'Stakeholder Management', 'Sales Strategy']"
Business Development Manager,Business Development Manager Executive,HCL Tech Sri Lanka,https://rooster.jobs/jobs/business-development-manager-specialist-168962,BSc in Business Administration,"['CRM', 'Lead Generation', 'Sales Strategy', 'B2B Sales', 'Negotiation', 'Stakeholder Management', 'Market Research']"
Business Development Manager,Lead Business Development Manager Engineer,Sampath Bank,https://rooster.jobs/jobs/business-development-manager-specialist-282247,BSc in Business Administration,"['Sales Strategy', 'CRM', 'Negotiation', 'Lead Generation']"
Business Development Manager,Business Development Manager Analyst,HCL Tech Sri Lanka,https://rooster.jobs/jobs/business-development-manager-specialist-589945,BSc in Business Administration,"['Stakeholder Management', 'Lead Generation', 'Negotiation', 'Sales Strategy']"
Business Development Manager,Principal Business Development Manager Developer,Sampath Bank,https://rooster.jobs/jobs/business-development-manager-specialist-245721,CIM / SLIM Qualified,"['Negotiation', 'Lead Generation', 'CRM', 'Sales Strategy', 'B2B Sales', 'Market Research']"
Business Development Manager,Business Development Manager Consultant,Axiata Digital Labs,https://rooster.jobs/jobs/business-development-manager-specialist-992720,CIM / SLIM Qualified,"['CRM', 'Market Research', 'Stakeholder Management', 'Negotiation', 'Sales Strategy']"
Business Development Manager,Business Development Manager Analyst,LSEG,https://rooster.jobs/jobs/business-development-manager-specialist-949591,CIM / SLIM Qualified,"['Negotiation', 'Lead Generation', 'B2B Sales', 'Market Research']"
Business Development Manager,Business Development Manager Analyst,Hemas,https://rooster.jobs/jobs/business-development-manager-specialist-895403,BSc in Business Administration,"['Sales Strategy', 'Stakeholder Management', 'Market Research', 'CRM', 'B2B Sales']"
Business Development Manager,Junior Business Development Manager Associate,Pearson Lanka,https://rooster.jobs/jobs/business-development-manager-specialist-885019,Master's in Business Administration (MBA),"['Sales Strategy', 'B2B Sales', 'Negotiation', 'CRM', 'Stakeholder Management']"
Business Development Manager,Principal Business Development Manager Developer,LSEG,https://rooster.jobs/jobs/business-development-manager-specialist-119109,BSc in Business Administration,"['Lead Generation', 'B2B Sales', 'Market Research', 'CRM']"
Business Development Manager,Principal Business Development Manager Developer,IFS,https://rooster.jobs/jobs/business-development-manager-specialist-445293,BSc in Business Administration,"['Market Research', 'Stakeholder Management', 'CRM', 'Lead Generation', 'B2B Sales', 'Sales Strategy', 'Negotiation']"
Business Development Manager,Business Development Manager Consultant,LSEG,https://rooster.jobs/jobs/business-development-manager-specialist-542286,BSc in Business Administration,"['B2B Sales', 'Negotiation', 'Stakeholder Management', 'Sales Strategy', 'Lead Generation']"
Business Development Manager,Business Development Manager Consultant,Sysco LABS,https://rooster.jobs/jobs/business-development-manager-specialist-732897,Master's in Business Administration (MBA),"['Sales Strategy', 'Lead Generation', 'B2B Sales', 'CRM', 'Market Research']"
Business Development Manager,Lead Business Development Manager Engineer,Cargills,https://rooster.jobs/jobs/business-development-manager-specialist-923850,CIM / SLIM Qualified,"['Lead Generation', 'B2B Sales', 'Stakeholder Management', 'CRM', 'Market Research', 'Negotiation', 'Sales Strategy']"
Business Development Manager,Enterprise Business Development Manager Architect,Softlogic,https://rooster.jobs/jobs/business-development-manager-specialist-413898,BSc in Business Administration,"['Stakeholder Management', 'Negotiation', 'Lead Generation', 'B2B Sales', 'Sales Strategy']"
Business Development Manager,Principal Business Development Manager Developer,Hayleys,https://rooster.jobs/jobs/business-development-manager-specialist-600760,BSc in Business Administration,"['B2B Sales', 'Lead Generation', 'CRM', 'Market Research', 'Negotiation']"
Business Development Manager,Junior Business Development Manager Associate,MillenniumIT ESP,https://rooster.jobs/jobs/business-development-manager-specialist-206189,Master's in Business Administration (MBA),"['Market Research', 'Negotiation', 'Sales Strategy', 'Stakeholder Management', 'Lead Generation', 'CRM', 'B2B Sales']"
Business Development Manager,Business Development Manager Analyst,IFS,https://rooster.jobs/jobs/business-development-manager-specialist-998581,BSc in Business Administration,"['Negotiation', 'Sales Strategy', 'Stakeholder Management', 'Market Research', 'CRM', 'Lead Generation']"
Business Development Manager,Business Development Manager Consultant,HCL Tech Sri Lanka,https://rooster.jobs/jobs/business-development-manager-specialist-174459,BSc in Business Administration,"['Sales Strategy', 'B2B Sales', 'Negotiation', 'Market Research', 'CRM', 'Lead Generation']"
Business Development Manager,Enterprise Business Development Manager Architect,Dialog Axiata,https://rooster.jobs/jobs/business-development-manager-specialist-722573,BSc in Business Administration,"['B2B Sales', 'Lead Generation', 'Market Research', 'CRM']"
Business Development Manager,Junior Business Development Manager Associate,Axiata Digital Labs,https://rooster.jobs/jobs/business-development-manager-specialist-181009,BSc in Business Administration,"['Lead Generation', 'Negotiation', 'B2B Sales', 'Stakeholder Management']"
Business Development Manager,Lead Business Development Manager Engineer,Mitra Innovation,https://rooster.jobs/jobs/business-development-manager-specialist-971706,BSc in Business Administration,"['Stakeholder Management', 'B2B Sales', 'Market Research', 'Lead Generation']"
Business Development Manager,Business Development Manager Executive,WSO2,https://rooster.jobs/jobs/business-development-manager-specialist-810653,Master's in Business Administration (MBA),"['Market Research', 'Negotiation', 'B2B Sales', 'Lead Generation', 'Sales Strategy']"
Business Development Manager,Business Development Manager Executive,Mitra Innovation,https://rooster.jobs/jobs/business-development-manager-specialist-749662,Master's in Business Administration (MBA),"['Market Research', 'Stakeholder Management', 'Sales Strategy', 'B2B Sales']"
Business Development Manager,Junior Business Development Manager Associate,Virtusa,https://rooster.jobs/jobs/business-development-manager-specialist-657383,BSc in Business Administration,"['Lead Generation', 'CRM', 'B2B Sales', 'Sales Strategy', 'Stakeholder Management']"
Business Development Manager,Junior Business Development Manager Associate,Axiata Digital Labs,https://rooster.jobs/jobs/business-development-manager-specialist-686122,CIM / SLIM Qualified,"['Market Research', 'CRM', 'Stakeholder Management', 'Lead Generation']"
Business Development Manager,Associate Business Development Manager,IFS,https://rooster.jobs/jobs/business-development-manager-specialist-777464,BSc in Business Administration,"['Negotiation', 'Market Research', 'B2B Sales', 'CRM', 'Stakeholder Management', 'Lead Generation']"
Marketing Executive,Marketing Executive Analyst,CodeGen,https://rooster.jobs/jobs/marketing-executive-specialist-405127,BSc in Marketing,"['Digital Marketing', 'Event Management', 'Campaign Management', 'Content Creation', 'SEO']"
Marketing Executive,Associate Marketing Executive,Cargills,https://rooster.jobs/jobs/marketing-executive-specialist-904022,Not Specified / Equivalent Experience,"['Campaign Management', 'Content Creation', 'Social Media Management', 'SEO', 'Market Research', 'Event Management']"
Marketing Executive,Principal Marketing Executive Developer,Sysco LABS,https://rooster.jobs/jobs/marketing-executive-specialist-114083,CIM / SLIM Qualified,"['Social Media Management', 'Campaign Management', 'Content Creation', 'SEO', 'Digital Marketing', 'Event Management', 'Market Research']"
Marketing Executive,Enterprise Marketing Executive Architect,Commercial Bank,https://rooster.jobs/jobs/marketing-executive-specialist-690687,Not Specified / Equivalent Experience,"['Content Creation', 'Campaign Management', 'Event Management', 'Market Research', 'Digital Marketing']"
Marketing Executive,Enterprise Marketing Executive Architect,John Keells IT,https://rooster.jobs/jobs/marketing-executive-specialist-446780,BSc in Marketing,"['Market Research', 'Event Management', 'Social Media Management', 'Digital Marketing', 'SEO', 'Campaign Management', 'Content Creation']"
Marketing Executive,Junior Marketing Executive Associate,Sampath Bank,https://rooster.jobs/jobs/marketing-executive-specialist-495538,Not Specified / Equivalent Experience,"['Market Research', 'SEO', 'Digital Marketing', 'Content Creation', 'Campaign Management', 'Social Media Management', 'Event Management']"
Marketing Executive,Principal Marketing Executive Developer,IFS,https://rooster.jobs/jobs/marketing-executive-specialist-313010,CIM / SLIM Qualified,"['Content Creation', 'Digital Marketing', 'Campaign Management', 'SEO', 'Market Research']"
Marketing Executive,Senior Marketing Executive Specialist,Commercial Bank,https://rooster.jobs/jobs/marketing-executive-specialist-430073,Not Specified / Equivalent Experience,"['Campaign Management', 'Market Research', 'Social Media Management', 'Event Management', 'Content Creation']"
Marketing Executive,Junior Marketing Executive Associate,WSO2,https://rooster.jobs/jobs/marketing-executive-specialist-259136,Not Specified / Equivalent Experience,"['Campaign Management', 'Digital Marketing', 'Event Management', 'SEO']"
Marketing Executive,Junior Marketing Executive Associate,Zone24x7,https://rooster.jobs/jobs/marketing-executive-specialist-661156,Not Specified / Equivalent Experience,"['Event Management', 'Campaign Management', 'Market Research', 'Digital Marketing', 'Content Creation', 'SEO', 'Social Media Management']"
Marketing Executive,Senior Marketing Executive Specialist,99x,https://rooster.jobs/jobs/marketing-executive-specialist-322864,CIM / SLIM Qualified,"['Digital Marketing', 'Social Media Management', 'Event Management', 'Market Research']"
Marketing Executive,Senior Marketing Executive Specialist,CodeGen,https://rooster.jobs/jobs/marketing-executive-specialist-472734,BSc in Marketing,"['Social Media Management', 'Content Creation', 'Campaign Management', 'Market Research', 'Digital Marketing', 'Event Management', 'SEO']"
Marketing Executive,Marketing Executive Consultant,Softlogic,https://rooster.jobs/jobs/marketing-executive-specialist-735371,CIM / SLIM Qualified,"['Content Creation', 'SEO', 'Campaign Management', 'Event Management', 'Market Research', 'Social Media Management']"
Marketing Executive,Principal Marketing Executive Developer,MillenniumIT ESP,https://rooster.jobs/jobs/marketing-executive-specialist-497551,CIM / SLIM Qualified,"['Event Management', 'Social Media Management', 'Content Creation', 'Market Research']"
Marketing Executive,Associate Marketing Executive,Mitra Innovation,https://rooster.jobs/jobs/marketing-executive-specialist-259517,Not Specified / Equivalent Experience,"['Social Media Management', 'Content Creation', 'SEO', 'Event Management']"
Marketing Executive,Marketing Executive Executive,MillenniumIT ESP,https://rooster.jobs/jobs/marketing-executive-specialist-167588,BSc in Marketing,"['Market Research', 'Campaign Management', 'Event Management', 'Content Creation', 'Social Media Management', 'Digital Marketing', 'SEO']"
Marketing Executive,Senior Marketing Executive Specialist,Hemas,https://rooster.jobs/jobs/marketing-executive-specialist-831797,BSc in Marketing,"['Social Media Management', 'Digital Marketing', 'Content Creation', 'Market Research']"
Marketing Executive,Principal Marketing Executive Developer,Commercial Bank,https://rooster.jobs/jobs/marketing-executive-specialist-244928,Not Specified / Equivalent Experience,"['Digital Marketing', 'Social Media Management', 'SEO', 'Event Management', 'Content Creation']"
Marketing Executive,Lead Marketing Executive Engineer,MillenniumIT ESP,https://rooster.jobs/jobs/marketing-executive-specialist-443724,BSc in Marketing,"['Content Creation', 'Social Media Management', 'Event Management', 'Digital Marketing', 'Campaign Management', 'SEO', 'Market Research']"
Marketing Executive,Junior Marketing Executive Associate,Commercial Bank,https://rooster.jobs/jobs/marketing-executive-specialist-671665,CIM / SLIM Qualified,"['Social Media Management', 'Event Management', 'Campaign Management', 'Content Creation', 'SEO', 'Market Research', 'Digital Marketing']"
Marketing Executive,Associate Marketing Executive,Mitra Innovation,https://rooster.jobs/jobs/marketing-executive-specialist-250078,CIM / SLIM Qualified,"['Social Media Management', 'Market Research', 'SEO', 'Event Management']"
Marketing Executive,Enterprise Marketing Executive Architect,Hemas,https://rooster.jobs/jobs/marketing-executive-specialist-213940,CIM / SLIM Qualified,"['Social Media Management', 'Campaign Management', 'Digital Marketing', 'SEO', 'Market Research', 'Event Management']"
Marketing Executive,Lead Marketing Executive Engineer,Softlogic,https://rooster.jobs/jobs/marketing-executive-specialist-516358,CIM / SLIM Qualified,"['Digital Marketing', 'Content Creation', 'SEO', 'Campaign Management', 'Event Management', 'Market Research', 'Social Media Management']"
Marketing Executive,Principal Marketing Executive Developer,Sampath Bank,https://rooster.jobs/jobs/marketing-executive-specialist-869061,BSc in Marketing,"['SEO', 'Social Media Management', 'Market Research', 'Event Management', 'Content Creation']"
Marketing Executive,Principal Marketing Executive Developer,LSEG,https://rooster.jobs/jobs/marketing-executive-specialist-392192,Not Specified / Equivalent Experience,"['Social Media Management', 'Content Creation', 'Digital Marketing', 'SEO', 'Campaign Management']"
Marketing Executive,Marketing Executive Analyst,John Keells IT,https://rooster.jobs/jobs/marketing-executive-specialist-125798,Not Specified / Equivalent Experience,"['Event Management', 'SEO', 'Digital Marketing', 'Social Media Management']"
Marketing Executive,Marketing Executive Executive,Commercial Bank,https://rooster.jobs/jobs/marketing-executive-specialist-494632,BSc in Marketing,"['Social Media Management', 'Campaign Management', 'Market Research', 'Digital Marketing', 'Event Management']"
Marketing Executive,Lead Marketing Executive Engineer,Sampath Bank,https://rooster.jobs/jobs/marketing-executive-specialist-505104,Not Specified / Equivalent Experience,"['SEO', 'Market Research', 'Digital Marketing', 'Content Creation']"
Marketing Executive,Marketing Executive Analyst,Pearson Lanka,https://rooster.jobs/jobs/marketing-executive-specialist-131142,CIM / SLIM Qualified,"['SEO', 'Event Management', 'Social Media Management', 'Market Research', 'Digital Marketing', 'Campaign Management', 'Content Creation']"
Marketing Executive,Enterprise Marketing Executive Architect,MAS Holdings,https://rooster.jobs/jobs/marketing-executive-specialist-997336,BSc in Marketing,"['Digital Marketing', 'Campaign Management', 'Event Management', 'SEO', 'Content Creation']"
Marketing Executive,Principal Marketing Executive Developer,99x,https://rooster.jobs/jobs/marketing-executive-specialist-252301,BSc in Marketing,"['Content Creation', 'Digital Marketing', 'Campaign Management', 'Social Media Management', 'SEO', 'Market Research']"
Marketing Executive,Enterprise Marketing Executive Architect,Zone24x7,https://rooster.jobs/jobs/marketing-executive-specialist-314588,Not Specified / Equivalent Experience,"['Social Media Management', 'Digital Marketing', 'Campaign Management', 'SEO', 'Market Research']"
Marketing Executive,Marketing Executive Executive,Zone24x7,https://rooster.jobs/jobs/marketing-executive-specialist-827603,Not Specified / Equivalent Experience,"['Campaign Management', 'SEO', 'Event Management', 'Social Media Management', 'Market Research', 'Digital Marketing']"
Marketing Executive,Associate Marketing Executive,Commercial Bank,https://rooster.jobs/jobs/marketing-executive-specialist-269369,CIM / SLIM Qualified,"['Digital Marketing', 'Social Media Management', 'Event Management', 'SEO']"
Marketing Executive,Principal Marketing Executive Developer,Commercial Bank,https://rooster.jobs/jobs/marketing-executive-specialist-701580,BSc in Marketing,"['SEO', 'Social Media Management', 'Campaign Management', 'Content Creation']"
Marketing Executive,Enterprise Marketing Executive Architect,Creative Software,https://rooster.jobs/jobs/marketing-executive-specialist-599136,Not Specified / Equivalent Experience,"['Market Research', 'Content Creation', 'Campaign Management', 'SEO', 'Digital Marketing']"
Marketing Executive,Lead Marketing Executive Engineer,99x,https://rooster.jobs/jobs/marketing-executive-specialist-738538,Not Specified / Equivalent Experience,"['Social Media Management', 'SEO', 'Market Research', 'Campaign Management']"
Marketing Executive,Junior Marketing Executive Associate,HCL Tech Sri Lanka,https://rooster.jobs/jobs/marketing-executive-specialist-848006,Not Specified / Equivalent Experience,"['Market Research', 'Social Media Management', 'SEO', 'Campaign Management', 'Event Management']"
Marketing Executive,Marketing Executive Analyst,CodeGen,https://rooster.jobs/jobs/marketing-executive-specialist-272241,Not Specified / Equivalent Experience,"['Social Media Management', 'SEO', 'Campaign Management', 'Event Management', 'Digital Marketing']"
Marketing Executive,Associate Marketing Executive,MillenniumIT ESP,https://rooster.jobs/jobs/marketing-executive-specialist-396683,CIM / SLIM Qualified,"['Market Research', 'Event Management', 'SEO', 'Content Creation', 'Social Media Management', 'Digital Marketing']"
Marketing Executive,Junior Marketing Executive Associate,Creative Software,https://rooster.jobs/jobs/marketing-executive-specialist-107045,CIM / SLIM Qualified,"['Market Research', 'Content Creation', 'Digital Marketing', 'Social Media Management']"
Marketing Executive,Senior Marketing Executive Specialist,99x,https://rooster.jobs/jobs/marketing-executive-specialist-762063,Not Specified / Equivalent Experience,"['Content Creation', 'SEO', 'Market Research', 'Event Management']"
Marketing Executive,Senior Marketing Executive Specialist,Pearson Lanka,https://rooster.jobs/jobs/marketing-executive-specialist-827303,CIM / SLIM Qualified,"['Social Media Management', 'Event Management', 'Content Creation', 'Digital Marketing', 'Campaign Management']"
Marketing Executive,Associate Marketing Executive,MAS Holdings,https://rooster.jobs/jobs/marketing-executive-specialist-304241,Not Specified / Equivalent Experience,"['Campaign Management', 'Market Research', 'Content Creation', 'Digital Marketing', 'SEO']"
Marketing Executive,Marketing Executive Analyst,Commercial Bank,https://rooster.jobs/jobs/marketing-executive-specialist-636670,BSc in Marketing,"['Social Media Management', 'Content Creation', 'SEO', 'Event Management', 'Digital Marketing', 'Campaign Management']"
Marketing Executive,Lead Marketing Executive Engineer,Softlogic,https://rooster.jobs/jobs/marketing-executive-specialist-534356,Not Specified / Equivalent Experience,"['Event Management', 'Campaign Management', 'Content Creation', 'SEO', 'Digital Marketing', 'Social Media Management', 'Market Research']"
Marketing Executive,Enterprise Marketing Executive Architect,Sysco LABS,https://rooster.jobs/jobs/marketing-executive-specialist-462578,CIM / SLIM Qualified,"['Social Media Management', 'SEO', 'Campaign Management', 'Event Management', 'Content Creation', 'Digital Marketing', 'Market Research']"
Marketing Executive,Marketing Executive Analyst,IFS,https://rooster.jobs/jobs/marketing-executive-specialist-459749,Not Specified / Equivalent Experience,"['Social Media Management', 'Campaign Management', 'Digital Marketing', 'SEO']"
Marketing Executive,Marketing Executive Consultant,Sysco LABS,https://rooster.jobs/jobs/marketing-executive-specialist-489123,CIM / SLIM Qualified,"['Event Management', 'Content Creation', 'Digital Marketing', 'Social Media Management', 'Campaign Management']"
Marketing Executive,Senior Marketing Executive Specialist,Mitra Innovation,https://rooster.jobs/jobs/marketing-executive-specialist-921712,CIM / SLIM Qualified,"['Content Creation', 'Market Research', 'Digital Marketing', 'Campaign Management']"
Management Accountant,Associate Management Accountant,IFS,https://rooster.jobs/jobs/management-accountant-specialist-559571,Not Specified / Equivalent Experience,"['Financial Reporting', 'ERP', 'Variance Analysis', 'Budgeting', 'Excel', 'Forecasting', 'Cost Analysis']"
Management Accountant,Management Accountant Analyst,Virtusa,https://rooster.jobs/jobs/management-accountant-specialist-874378,Master's in Business Administration (MBA),"['Financial Reporting', 'Forecasting', 'Budgeting', 'ERP']"
Management Accountant,Senior Management Accountant Specialist,Creative Software,https://rooster.jobs/jobs/management-accountant-specialist-744083,Not Specified / Equivalent Experience,"['Financial Reporting', 'Budgeting', 'Cost Analysis', 'ERP', 'Excel']"
Management Accountant,Management Accountant Consultant,Creative Software,https://rooster.jobs/jobs/management-accountant-specialist-628007,Not Specified / Equivalent Experience,"['Financial Reporting', 'Variance Analysis', 'Cost Analysis', 'Forecasting', 'Excel', 'Budgeting']"
Management Accountant,Principal Management Accountant Developer,Brandix,https://rooster.jobs/jobs/management-accountant-specialist-401895,BSc in Finance,"['Financial Reporting', 'Excel', 'Cost Analysis', 'Forecasting', 'ERP']"
Management Accountant,Enterprise Management Accountant Architect,Hemas,https://rooster.jobs/jobs/management-accountant-specialist-206322,BSc in Finance,"['ERP', 'Forecasting', 'Excel', 'Budgeting', 'Cost Analysis']"
Management Accountant,Management Accountant Analyst,Brandix,https://rooster.jobs/jobs/management-accountant-specialist-220365,CIMA/ACCA/CA Qualified,"['ERP', 'Variance Analysis', 'Financial Reporting', 'Excel']"
Management Accountant,Junior Management Accountant Associate,MillenniumIT ESP,https://rooster.jobs/jobs/management-accountant-specialist-641242,BSc in Finance,"['Cost Analysis', 'Variance Analysis', 'Forecasting', 'ERP']"
Management Accountant,Lead Management Accountant Engineer,Axiata Digital Labs,https://rooster.jobs/jobs/management-accountant-specialist-628339,CIMA/ACCA/CA Qualified,"['Excel', 'Cost Analysis', 'Financial Reporting', 'Forecasting', 'Budgeting']"
Management Accountant,Enterprise Management Accountant Architect,Creative Software,https://rooster.jobs/jobs/management-accountant-specialist-380909,CIMA/ACCA/CA Qualified,"['Budgeting', 'Financial Reporting', 'ERP', 'Excel', 'Forecasting', 'Variance Analysis', 'Cost Analysis']"
Management Accountant,Junior Management Accountant Associate,CodeGen,https://rooster.jobs/jobs/management-accountant-specialist-717921,Master's in Business Administration (MBA),"['Variance Analysis', 'Excel', 'Budgeting', 'Financial Reporting', 'Cost Analysis']"
Management Accountant,Management Accountant Analyst,WSO2,https://rooster.jobs/jobs/management-accountant-specialist-828141,Master's in Business Administration (MBA),"['ERP', 'Excel', 'Variance Analysis', 'Cost Analysis', 'Forecasting', 'Budgeting', 'Financial Reporting']"
Management Accountant,Lead Management Accountant Engineer,Sampath Bank,https://rooster.jobs/jobs/management-accountant-specialist-648740,CIMA/ACCA/CA Qualified,"['Budgeting', 'ERP', 'Cost Analysis', 'Financial Reporting', 'Variance Analysis', 'Excel', 'Forecasting']"
Management Accountant,Lead Management Accountant Engineer,Hayleys,https://rooster.jobs/jobs/management-accountant-specialist-733419,Master's in Business Administration (MBA),"['Cost Analysis', 'ERP', 'Forecasting', 'Variance Analysis', 'Financial Reporting']"
Management Accountant,Enterprise Management Accountant Architect,Mitra Innovation,https://rooster.jobs/jobs/management-accountant-specialist-484417,BSc in Finance,"['Cost Analysis', 'Variance Analysis', 'Forecasting', 'ERP', 'Excel']"
Management Accountant,Management Accountant Analyst,99x,https://rooster.jobs/jobs/management-accountant-specialist-893562,Master's in Business Administration (MBA),"['Budgeting', 'Excel', 'Cost Analysis', 'Financial Reporting', 'Variance Analysis']"
Management Accountant,Management Accountant Consultant,Cargills,https://rooster.jobs/jobs/management-accountant-specialist-808246,BSc in Finance,"['Forecasting', 'Budgeting', 'Variance Analysis', 'Cost Analysis', 'Financial Reporting', 'ERP']"
Management Accountant,Management Accountant Analyst,Hemas,https://rooster.jobs/jobs/management-accountant-specialist-188182,BSc in Finance,"['ERP', 'Excel', 'Variance Analysis', 'Budgeting', 'Cost Analysis', 'Forecasting']"
Management Accountant,Senior Management Accountant Specialist,Axiata Digital Labs,https://rooster.jobs/jobs/management-accountant-specialist-547852,BSc in Finance,"['Cost Analysis', 'Forecasting', 'Excel', 'Financial Reporting']"
Management Accountant,Junior Management Accountant Associate,MAS Holdings,https://rooster.jobs/jobs/management-accountant-specialist-363203,Master's in Business Administration (MBA),"['Cost Analysis', 'Forecasting', 'Excel', 'Budgeting']"
Management Accountant,Lead Management Accountant Engineer,Axiata Digital Labs,https://rooster.jobs/jobs/management-accountant-specialist-364832,Not Specified / Equivalent Experience,"['Variance Analysis', 'ERP', 'Financial Reporting', 'Budgeting', 'Excel', 'Forecasting']"
Management Accountant,Management Accountant Executive,Brandix,https://rooster.jobs/jobs/management-accountant-specialist-156005,Master's in Business Administration (MBA),"['Financial Reporting', 'Budgeting', 'Variance Analysis', 'ERP', 'Forecasting']"
Management Accountant,Management Accountant Consultant,Brandix,https://rooster.jobs/jobs/management-accountant-specialist-758041,Master's in Business Administration (MBA),"['Cost Analysis', 'Forecasting', 'Financial Reporting', 'Budgeting', 'ERP']"
Management Accountant,Associate Management Accountant,LSEG,https://rooster.jobs/jobs/management-accountant-specialist-169037,Not Specified / Equivalent Experience,"['Forecasting', 'Financial Reporting', 'Budgeting', 'Cost Analysis']"
Management Accountant,Lead Management Accountant Engineer,Hemas,https://rooster.jobs/jobs/management-accountant-specialist-410923,BSc in Finance,"['Excel', 'Financial Reporting', 'Cost Analysis', 'Budgeting', 'ERP', 'Variance Analysis', 'Forecasting']"
Management Accountant,Management Accountant Executive,John Keells IT,https://rooster.jobs/jobs/management-accountant-specialist-391964,Not Specified / Equivalent Experience,"['Budgeting', 'ERP', 'Excel', 'Financial Reporting', 'Cost Analysis']"
Management Accountant,Lead Management Accountant Engineer,MillenniumIT ESP,https://rooster.jobs/jobs/management-accountant-specialist-140882,CIMA/ACCA/CA Qualified,"['ERP', 'Cost Analysis', 'Excel', 'Financial Reporting', 'Variance Analysis', 'Budgeting', 'Forecasting']"
Management Accountant,Associate Management Accountant,Mitra Innovation,https://rooster.jobs/jobs/management-accountant-specialist-462650,BSc in Finance,"['ERP', 'Cost Analysis', 'Excel', 'Forecasting']"
Management Accountant,Management Accountant Executive,John Keells IT,https://rooster.jobs/jobs/management-accountant-specialist-868944,CIMA/ACCA/CA Qualified,"['Cost Analysis', 'Budgeting', 'Variance Analysis', 'ERP', 'Excel', 'Financial Reporting', 'Forecasting']"
Management Accountant,Senior Management Accountant Specialist,Hayleys,https://rooster.jobs/jobs/management-accountant-specialist-113042,Master's in Business Administration (MBA),"['Forecasting', 'Excel', 'Budgeting', 'ERP', 'Cost Analysis', 'Financial Reporting']"
Management Accountant,Management Accountant Consultant,Softlogic,https://rooster.jobs/jobs/management-accountant-specialist-623233,BSc in Finance,"['Financial Reporting', 'Budgeting', 'Variance Analysis', 'Excel', 'Forecasting']"
Management Accountant,Senior Management Accountant Specialist,Commercial Bank,https://rooster.jobs/jobs/management-accountant-specialist-800034,Master's in Business Administration (MBA),"['Cost Analysis', 'Excel', 'Variance Analysis', 'Financial Reporting', 'Forecasting', 'ERP', 'Budgeting']"
Management Accountant,Junior Management Accountant Associate,WSO2,https://rooster.jobs/jobs/management-accountant-specialist-929169,Not Specified / Equivalent Experience,"['Forecasting', 'Financial Reporting', 'Cost Analysis', 'Budgeting', 'Excel', 'ERP']"
Management Accountant,Management Accountant Analyst,HNB,https://rooster.jobs/jobs/management-accountant-specialist-757117,CIMA/ACCA/CA Qualified,"['Forecasting', 'Variance Analysis', 'Cost Analysis', 'Financial Reporting', 'Budgeting', 'Excel']"
Management Accountant,Management Accountant Consultant,MillenniumIT ESP,https://rooster.jobs/jobs/management-accountant-specialist-900337,BSc in Finance,"['Variance Analysis', 'Forecasting', 'Financial Reporting', 'Excel', 'ERP', 'Cost Analysis']"
Management Accountant,Lead Management Accountant Engineer,Commercial Bank,https://rooster.jobs/jobs/management-accountant-specialist-254311,Master's in Business Administration (MBA),"['Financial Reporting', 'ERP', 'Variance Analysis', 'Forecasting', 'Cost Analysis']"
Management Accountant,Enterprise Management Accountant Architect,Axiata Digital Labs,https://rooster.jobs/jobs/management-accountant-specialist-942025,Not Specified / Equivalent Experience,"['Budgeting', 'ERP', 'Forecasting', 'Financial Reporting']"
Management Accountant,Principal Management Accountant Developer,99x,https://rooster.jobs/jobs/management-accountant-specialist-920165,CIMA/ACCA/CA Qualified,"['ERP', 'Variance Analysis', 'Budgeting', 'Excel']"
Management Accountant,Principal Management Accountant Developer,Dialog Axiata,https://rooster.jobs/jobs/management-accountant-specialist-496955,CIMA/ACCA/CA Qualified,"['Excel', 'Variance Analysis', 'Budgeting', 'Financial Reporting', 'ERP', 'Forecasting']"
Management Accountant,Enterprise Management Accountant Architect,Cargills,https://rooster.jobs/jobs/management-accountant-specialist-790755,Not Specified / Equivalent Experience,"['Forecasting', 'Cost Analysis', 'Excel', 'Variance Analysis']"
Management Accountant,Lead Management Accountant Engineer,John Keells IT,https://rooster.jobs/jobs/management-accountant-specialist-411073,Master's in Business Administration (MBA),"['Excel', 'Cost Analysis', 'Variance Analysis', 'Financial Reporting', 'Budgeting', 'Forecasting', 'ERP']"
Management Accountant,Principal Management Accountant Developer,Commercial Bank,https://rooster.jobs/jobs/management-accountant-specialist-165465,BSc in Finance,"['Forecasting', 'Excel', 'Variance Analysis', 'Budgeting']"
Management Accountant,Management Accountant Analyst,Softlogic,https://rooster.jobs/jobs/management-accountant-specialist-724001,Master's in Business Administration (MBA),"['Forecasting', 'Budgeting', 'Excel', 'ERP']"
Management Accountant,Principal Management Accountant Developer,Virtusa,https://rooster.jobs/jobs/management-accountant-specialist-942640,Not Specified / Equivalent Experience,"['Financial Reporting', 'Cost Analysis', 'Variance Analysis', 'Excel', 'Forecasting', 'ERP', 'Budgeting']"
Management Accountant,Management Accountant Analyst,Commercial Bank,https://rooster.jobs/jobs/management-accountant-specialist-245390,CIMA/ACCA/CA Qualified,"['Cost Analysis', 'Variance Analysis', 'Forecasting', 'ERP']"
Management Accountant,Management Accountant Executive,Hemas,https://rooster.jobs/jobs/management-accountant-specialist-816641,BSc in Finance,"['Financial Reporting', 'Variance Analysis', 'Budgeting', 'Cost Analysis', 'Forecasting', 'ERP', 'Excel']"
Management Accountant,Management Accountant Consultant,Softlogic,https://rooster.jobs/jobs/management-accountant-specialist-309926,Master's in Business Administration (MBA),"['ERP', 'Excel', 'Cost Analysis', 'Variance Analysis']"
Management Accountant,Enterprise Management Accountant Architect,Brandix,https://rooster.jobs/jobs/management-accountant-specialist-286851,Master's in Business Administration (MBA),"['Variance Analysis', 'Budgeting', 'Financial Reporting', 'Forecasting', 'Cost Analysis', 'ERP', 'Excel']"
Management Accountant,Principal Management Accountant Developer,MAS Holdings,https://rooster.jobs/jobs/management-accountant-specialist-464445,CIMA/ACCA/CA Qualified,"['Variance Analysis', 'ERP', 'Forecasting', 'Cost Analysis']"
Management Accountant,Management Accountant Analyst,Cargills,https://rooster.jobs/jobs/management-accountant-specialist-708299,Master's in Business Administration (MBA),"['Cost Analysis', 'ERP', 'Excel', 'Budgeting', 'Forecasting']"
Investment Analyst,Investment Analyst Analyst,Pearson Lanka,https://rooster.jobs/jobs/investment-analyst-specialist-968648,CFA Charterholder,"['Valuation', 'Equity Research', 'Bloomberg', 'Financial Modeling', 'Excel']"
Investment Analyst,Lead Investment Analyst Engineer,IFS,https://rooster.jobs/jobs/investment-analyst-specialist-676932,BSc in Finance,"['Bloomberg', 'Valuation', 'Financial Modeling', 'Equity Research']"
Investment Analyst,Junior Investment Analyst Associate,Brandix,https://rooster.jobs/jobs/investment-analyst-specialist-634680,Not Specified / Equivalent Experience,"['Equity Research', 'Valuation', 'Financial Modeling', 'Risk Management', 'Data Analysis', 'Excel']"
Investment Analyst,Senior Investment Analyst Specialist,99x,https://rooster.jobs/jobs/investment-analyst-specialist-166737,BSc in Finance,"['Risk Management', 'Excel', 'Financial Modeling', 'Equity Research', 'Data Analysis', 'Bloomberg']"
Investment Analyst,Enterprise Investment Analyst Architect,MillenniumIT ESP,https://rooster.jobs/jobs/investment-analyst-specialist-190520,BSc in Finance,"['Bloomberg', 'Equity Research', 'Financial Modeling', 'Risk Management', 'Valuation']"
Investment Analyst,Lead Investment Analyst Engineer,Hayleys,https://rooster.jobs/jobs/investment-analyst-specialist-749489,Not Specified / Equivalent Experience,"['Data Analysis', 'Valuation', 'Financial Modeling', 'Equity Research', 'Excel', 'Bloomberg']"
Investment Analyst,Lead Investment Analyst Engineer,Hayleys,https://rooster.jobs/jobs/investment-analyst-specialist-290334,BSc in Finance,"['Equity Research', 'Bloomberg', 'Financial Modeling', 'Valuation', 'Data Analysis']"
Investment Analyst,Senior Investment Analyst Specialist,Pearson Lanka,https://rooster.jobs/jobs/investment-analyst-specialist-549573,Not Specified / Equivalent Experience,"['Valuation', 'Financial Modeling', 'Data Analysis', 'Excel', 'Equity Research', 'Bloomberg', 'Risk Management']"
Investment Analyst,Associate Investment Analyst,Sampath Bank,https://rooster.jobs/jobs/investment-analyst-specialist-422663,BSc in Finance,"['Bloomberg', 'Risk Management', 'Data Analysis', 'Valuation', 'Financial Modeling']"
Investment Analyst,Lead Investment Analyst Engineer,Mitra Innovation,https://rooster.jobs/jobs/investment-analyst-specialist-584963,CIMA/ACCA/CA Qualified,"['Financial Modeling', 'Data Analysis', 'Bloomberg', 'Risk Management', 'Valuation', 'Excel', 'Equity Research']"
Investment Analyst,Principal Investment Analyst Developer,IFS,https://rooster.jobs/jobs/investment-analyst-specialist-676087,BSc in Finance,"['Risk Management', 'Excel', 'Bloomberg', 'Data Analysis']"
Investment Analyst,Enterprise Investment Analyst Architect,MAS Holdings,https://rooster.jobs/jobs/investment-analyst-specialist-232946,CFA Charterholder,"['Valuation', 'Risk Management', 'Data Analysis', 'Excel', 'Equity Research']"
Investment Analyst,Senior Investment Analyst Specialist,Brandix,https://rooster.jobs/jobs/investment-analyst-specialist-720073,CFA Charterholder,"['Excel', 'Data Analysis', 'Bloomberg', 'Risk Management']"
Investment Analyst,Senior Investment Analyst Specialist,CodeGen,https://rooster.jobs/jobs/investment-analyst-specialist-501048,Not Specified / Equivalent Experience,"['Bloomberg', 'Risk Management', 'Excel', 'Data Analysis', 'Financial Modeling']"
Investment Analyst,Investment Analyst Executive,Softlogic,https://rooster.jobs/jobs/investment-analyst-specialist-353925,CIMA/ACCA/CA Qualified,"['Data Analysis', 'Valuation', 'Risk Management', 'Excel', 'Equity Research']"
Investment Analyst,Investment Analyst Analyst,Virtusa,https://rooster.jobs/jobs/investment-analyst-specialist-771669,BSc in Finance,"['Excel', 'Financial Modeling', 'Risk Management', 'Bloomberg', 'Equity Research']"
Investment Analyst,Investment Analyst Analyst,Sysco LABS,https://rooster.jobs/jobs/investment-analyst-specialist-689458,CIMA/ACCA/CA Qualified,"['Risk Management', 'Data Analysis', 'Financial Modeling', 'Excel', 'Bloomberg', 'Equity Research']"
Investment Analyst,Junior Investment Analyst Associate,Virtusa,https://rooster.jobs/jobs/investment-analyst-specialist-231147,BSc in Finance,"['Bloomberg', 'Valuation', 'Data Analysis', 'Equity Research', 'Excel', 'Financial Modeling', 'Risk Management']"
Investment Analyst,Junior Investment Analyst Associate,HNB,https://rooster.jobs/jobs/investment-analyst-specialist-841450,Not Specified / Equivalent Experience,"['Data Analysis', 'Financial Modeling', 'Risk Management', 'Excel', 'Equity Research', 'Valuation']"
Investment Analyst,Junior Investment Analyst Associate,MillenniumIT ESP,https://rooster.jobs/jobs/investment-analyst-specialist-482635,CFA Charterholder,"['Bloomberg', 'Excel', 'Risk Management', 'Data Analysis']"
Investment Analyst,Associate Investment Analyst,IFS,https://rooster.jobs/jobs/investment-analyst-specialist-799121,CIMA/ACCA/CA Qualified,"['Risk Management', 'Financial Modeling', 'Data Analysis', 'Excel', 'Valuation', 'Equity Research', 'Bloomberg']"
Investment Analyst,Lead Investment Analyst Engineer,Dialog Axiata,https://rooster.jobs/jobs/investment-analyst-specialist-415062,CIMA/ACCA/CA Qualified,"['Excel', 'Valuation', 'Data Analysis', 'Equity Research', 'Financial Modeling', 'Risk Management']"
Investment Analyst,Lead Investment Analyst Engineer,Pearson Lanka,https://rooster.jobs/jobs/investment-analyst-specialist-938513,BSc in Finance,"['Data Analysis', 'Excel', 'Valuation', 'Financial Modeling', 'Equity Research', 'Risk Management', 'Bloomberg']"
Investment Analyst,Principal Investment Analyst Developer,Pearson Lanka,https://rooster.jobs/jobs/investment-analyst-specialist-881856,BSc in Finance,"['Risk Management', 'Data Analysis', 'Bloomberg', 'Valuation', 'Equity Research']"
Investment Analyst,Investment Analyst Analyst,LSEG,https://rooster.jobs/jobs/investment-analyst-specialist-300303,CFA Charterholder,"['Equity Research', 'Valuation', 'Risk Management', 'Bloomberg', 'Data Analysis']"
Investment Analyst,Lead Investment Analyst Engineer,99x,https://rooster.jobs/jobs/investment-analyst-specialist-651442,CFA Charterholder,"['Financial Modeling', 'Data Analysis', 'Bloomberg', 'Equity Research', 'Risk Management', 'Excel']"
Investment Analyst,Investment Analyst Executive,Virtusa,https://rooster.jobs/jobs/investment-analyst-specialist-498592,CFA Charterholder,"['Valuation', 'Equity Research', 'Bloomberg', 'Excel', 'Financial Modeling', 'Risk Management']"
Investment Analyst,Principal Investment Analyst Developer,MAS Holdings,https://rooster.jobs/jobs/investment-analyst-specialist-174263,BSc in Finance,"['Equity Research', 'Bloomberg', 'Valuation', 'Excel', 'Data Analysis']"
Investment Analyst,Principal Investment Analyst Developer,MAS Holdings,https://rooster.jobs/jobs/investment-analyst-specialist-603510,BSc in Finance,"['Valuation', 'Bloomberg', 'Data Analysis', 'Risk Management']"
Investment Analyst,Associate Investment Analyst,Hemas,https://rooster.jobs/jobs/investment-analyst-specialist-344725,BSc in Finance,"['Risk Management', 'Bloomberg', 'Financial Modeling', 'Data Analysis']"
Investment Analyst,Investment Analyst Executive,CodeGen,https://rooster.jobs/jobs/investment-analyst-specialist-361655,Not Specified / Equivalent Experience,"['Valuation', 'Data Analysis', 'Bloomberg', 'Risk Management', 'Financial Modeling']"
Investment Analyst,Enterprise Investment Analyst Architect,Sampath Bank,https://rooster.jobs/jobs/investment-analyst-specialist-868873,BSc in Finance,"['Bloomberg', 'Equity Research', 'Data Analysis', 'Financial Modeling', 'Excel', 'Risk Management']"
Investment Analyst,Associate Investment Analyst,Sampath Bank,https://rooster.jobs/jobs/investment-analyst-specialist-309711,Not Specified / Equivalent Experience,"['Financial Modeling', 'Valuation', 'Data Analysis', 'Excel', 'Risk Management']"
Investment Analyst,Investment Analyst Consultant,HNB,https://rooster.jobs/jobs/investment-analyst-specialist-102891,Not Specified / Equivalent Experience,"['Risk Management', 'Excel', 'Bloomberg', 'Data Analysis', 'Equity Research']"
Investment Analyst,Junior Investment Analyst Associate,John Keells IT,https://rooster.jobs/jobs/investment-analyst-specialist-690785,Not Specified / Equivalent Experience,"['Financial Modeling', 'Valuation', 'Excel', 'Bloomberg', 'Risk Management', 'Equity Research', 'Data Analysis']"
Investment Analyst,Associate Investment Analyst,Creative Software,https://rooster.jobs/jobs/investment-analyst-specialist-731779,CFA Charterholder,"['Risk Management', 'Equity Research', 'Excel', 'Data Analysis', 'Financial Modeling', 'Bloomberg']"
Investment Analyst,Junior Investment Analyst Associate,99x,https://rooster.jobs/jobs/investment-analyst-specialist-461188,Not Specified / Equivalent Experience,"['Excel', 'Bloomberg', 'Data Analysis', 'Financial Modeling', 'Valuation', 'Risk Management']"
Investment Analyst,Lead Investment Analyst Engineer,John Keells IT,https://rooster.jobs/jobs/investment-analyst-specialist-700979,CFA Charterholder,"['Excel', 'Financial Modeling', 'Bloomberg', 'Valuation']"
Investment Analyst,Investment Analyst Executive,Hayleys,https://rooster.jobs/jobs/investment-analyst-specialist-334794,BSc in Finance,"['Financial Modeling', 'Data Analysis', 'Risk Management', 'Valuation']"
Investment Analyst,Associate Investment Analyst,MAS Holdings,https://rooster.jobs/jobs/investment-analyst-specialist-397552,Not Specified / Equivalent Experience,"['Data Analysis', 'Financial Modeling', 'Excel', 'Equity Research', 'Valuation', 'Risk Management', 'Bloomberg']"
Investment Analyst,Investment Analyst Analyst,Creative Software,https://rooster.jobs/jobs/investment-analyst-specialist-675045,Not Specified / Equivalent Experience,"['Risk Management', 'Financial Modeling', 'Valuation', 'Equity Research', 'Data Analysis']"
Investment Analyst,Lead Investment Analyst Engineer,Commercial Bank,https://rooster.jobs/jobs/investment-analyst-specialist-721795,BSc in Finance,"['Excel', 'Bloomberg', 'Equity Research', 'Data Analysis', 'Financial Modeling']"
Investment Analyst,Junior Investment Analyst Associate,Hayleys,https://rooster.jobs/jobs/investment-analyst-specialist-351316,CIMA/ACCA/CA Qualified,"['Bloomberg', 'Data Analysis', 'Valuation', 'Risk Management', 'Financial Modeling', 'Equity Research']"
Investment Analyst,Senior Investment Analyst Specialist,Mitra Innovation,https://rooster.jobs/jobs/investment-analyst-specialist-875608,CIMA/ACCA/CA Qualified,"['Excel', 'Equity Research', 'Financial Modeling', 'Valuation', 'Bloomberg', 'Risk Management']"
Investment Analyst,Investment Analyst Executive,Cargills,https://rooster.jobs/jobs/investment-analyst-specialist-757150,BSc in Finance,"['Valuation', 'Bloomberg', 'Financial Modeling', 'Excel', 'Risk Management', 'Data Analysis']"
Investment Analyst,Associate Investment Analyst,Brandix,https://rooster.jobs/jobs/investment-analyst-specialist-914222,BSc in Finance,"['Valuation', 'Excel', 'Equity Research', 'Financial Modeling']"
Investment Analyst,Associate Investment Analyst,WSO2,https://rooster.jobs/jobs/investment-analyst-specialist-708125,Not Specified / Equivalent Experience,"['Excel', 'Valuation', 'Financial Modeling', 'Risk Management', 'Equity Research', 'Data Analysis', 'Bloomberg']"
Investment Analyst,Principal Investment Analyst Developer,Commercial Bank,https://rooster.jobs/jobs/investment-analyst-specialist-294452,BSc in Finance,"['Risk Management', 'Valuation', 'Data Analysis', 'Bloomberg']"
Investment Analyst,Investment Analyst Consultant,Pearson Lanka,https://rooster.jobs/jobs/investment-analyst-specialist-149043,CIMA/ACCA/CA Qualified,"['Financial Modeling', 'Risk Management', 'Equity Research', 'Bloomberg', 'Excel']"
Investment Analyst,Investment Analyst Executive,HCL Tech Sri Lanka,https://rooster.jobs/jobs/investment-analyst-specialist-368315,CFA Charterholder,"['Data Analysis', 'Risk Management', 'Excel', 'Valuation', 'Equity Research', 'Financial Modeling', 'Bloomberg']"
Financial Controller,Enterprise Financial Controller Architect,MAS Holdings,https://rooster.jobs/jobs/financial-controller-specialist-673003,Not Specified / Equivalent Experience,"['Taxation', 'Budgeting', 'Auditing', 'Leadership', 'Financial Reporting', 'ERP', 'Compliance']"
Financial Controller,Junior Financial Controller Associate,Hemas,https://rooster.jobs/jobs/financial-controller-specialist-933982,CIMA/ACCA/CA Qualified,"['ERP', 'Auditing', 'Taxation', 'Financial Reporting', 'Compliance', 'Leadership']"
Financial Controller,Enterprise Financial Controller Architect,John Keells IT,https://rooster.jobs/jobs/financial-controller-specialist-281989,BSc in Finance,"['Budgeting', 'Financial Reporting', 'Leadership', 'Taxation', 'Auditing', 'ERP']"
Financial Controller,Financial Controller Executive,Sampath Bank,https://rooster.jobs/jobs/financial-controller-specialist-809325,CIMA/ACCA/CA Qualified,"['Taxation', 'Compliance', 'Leadership', 'Auditing', 'ERP', 'Financial Reporting']"
Financial Controller,Financial Controller Consultant,Pearson Lanka,https://rooster.jobs/jobs/financial-controller-specialist-410188,CIMA/ACCA/CA Qualified,"['ERP', 'Financial Reporting', 'Auditing', 'Compliance', 'Taxation', 'Budgeting', 'Leadership']"
Financial Controller,Lead Financial Controller Engineer,Cargills,https://rooster.jobs/jobs/financial-controller-specialist-927048,Not Specified / Equivalent Experience,"['Financial Reporting', 'Compliance', 'ERP', 'Auditing', 'Budgeting', 'Leadership']"
Financial Controller,Junior Financial Controller Associate,Sysco LABS,https://rooster.jobs/jobs/financial-controller-specialist-970721,BSc in Finance,"['Taxation', 'Budgeting', 'Leadership', 'Financial Reporting']"
Financial Controller,Associate Financial Controller,Zone24x7,https://rooster.jobs/jobs/financial-controller-specialist-204114,CIMA/ACCA/CA Qualified,"['Leadership', 'Auditing', 'Budgeting', 'Compliance', 'Taxation', 'ERP']"
Financial Controller,Junior Financial Controller Associate,LSEG,https://rooster.jobs/jobs/financial-controller-specialist-325538,CIMA/ACCA/CA Qualified,"['ERP', 'Auditing', 'Taxation', 'Budgeting', 'Compliance', 'Financial Reporting']"
Financial Controller,Junior Financial Controller Associate,Commercial Bank,https://rooster.jobs/jobs/financial-controller-specialist-721840,Not Specified / Equivalent Experience,"['Financial Reporting', 'Compliance', 'Leadership', 'Auditing', 'ERP']"
Financial Controller,Financial Controller Executive,MillenniumIT ESP,https://rooster.jobs/jobs/financial-controller-specialist-667259,BSc in Finance,"['Taxation', 'Financial Reporting', 'Auditing', 'Leadership', 'ERP', 'Compliance', 'Budgeting']"
Financial Controller,Junior Financial Controller Associate,MillenniumIT ESP,https://rooster.jobs/jobs/financial-controller-specialist-400122,Not Specified / Equivalent Experience,"['Compliance', 'Budgeting', 'Financial Reporting', 'ERP', 'Taxation', 'Leadership', 'Auditing']"
Financial Controller,Senior Financial Controller Specialist,Commercial Bank,https://rooster.jobs/jobs/financial-controller-specialist-724202,Master's in Business Administration (MBA),"['ERP', 'Auditing', 'Budgeting', 'Taxation', 'Financial Reporting', 'Leadership']"
Financial Controller,Financial Controller Executive,Mitra Innovation,https://rooster.jobs/jobs/financial-controller-specialist-314244,Master's in Business Administration (MBA),"['Auditing', 'Compliance', 'Budgeting', 'Financial Reporting']"
Financial Controller,Senior Financial Controller Specialist,99x,https://rooster.jobs/jobs/financial-controller-specialist-175189,Not Specified / Equivalent Experience,"['Financial Reporting', 'Auditing', 'Budgeting', 'ERP', 'Taxation']"
Financial Controller,Financial Controller Executive,Brandix,https://rooster.jobs/jobs/financial-controller-specialist-732744,BSc in Finance,"['Compliance', 'Leadership', 'Taxation', 'ERP', 'Financial Reporting', 'Auditing']"
Financial Controller,Enterprise Financial Controller Architect,Virtusa,https://rooster.jobs/jobs/financial-controller-specialist-215080,Master's in Business Administration (MBA),"['ERP', 'Leadership', 'Financial Reporting', 'Compliance', 'Budgeting']"
Financial Controller,Lead Financial Controller Engineer,Hayleys,https://rooster.jobs/jobs/financial-controller-specialist-620477,CIMA/ACCA/CA Qualified,"['Financial Reporting', 'Leadership', 'Taxation', 'Compliance', 'Auditing', 'ERP']"
Financial Controller,Financial Controller Consultant,Zone24x7,https://rooster.jobs/jobs/financial-controller-specialist-873315,Not Specified / Equivalent Experience,"['Taxation', 'Leadership', 'Compliance', 'Budgeting', 'Auditing']"
Financial Controller,Junior Financial Controller Associate,Mitra Innovation,https://rooster.jobs/jobs/financial-controller-specialist-491166,CIMA/ACCA/CA Qualified,"['Auditing', 'ERP', 'Leadership', 'Compliance', 'Financial Reporting', 'Taxation']"
Financial Controller,Financial Controller Executive,Zone24x7,https://rooster.jobs/jobs/financial-controller-specialist-737769,Master's in Business Administration (MBA),"['Budgeting', 'Leadership', 'Taxation', 'Auditing']"
Financial Controller,Lead Financial Controller Engineer,Pearson Lanka,https://rooster.jobs/jobs/financial-controller-specialist-855193,BSc in Finance,"['ERP', 'Compliance', 'Financial Reporting', 'Budgeting', 'Leadership']"
Financial Controller,Senior Financial Controller Specialist,IFS,https://rooster.jobs/jobs/financial-controller-specialist-926688,Master's in Business Administration (MBA),"['Auditing', 'ERP', 'Financial Reporting', 'Compliance', 'Leadership', 'Taxation', 'Budgeting']"
Financial Controller,Financial Controller Executive,John Keells IT,https://rooster.jobs/jobs/financial-controller-specialist-229126,CIMA/ACCA/CA Qualified,"['Taxation', 'Budgeting', 'ERP', 'Leadership', 'Financial Reporting']"
Financial Controller,Senior Financial Controller Specialist,Hemas,https://rooster.jobs/jobs/financial-controller-specialist-775965,CIMA/ACCA/CA Qualified,"['Budgeting', 'Auditing', 'Financial Reporting', 'Compliance', 'Taxation', 'Leadership']"
Financial Controller,Financial Controller Consultant,99x,https://rooster.jobs/jobs/financial-controller-specialist-619050,Not Specified / Equivalent Experience,"['Auditing', 'Compliance', 'Budgeting', 'Leadership', 'Financial Reporting']"
Financial Controller,Lead Financial Controller Engineer,Creative Software,https://rooster.jobs/jobs/financial-controller-specialist-266364,Master's in Business Administration (MBA),"['Budgeting', 'Financial Reporting', 'ERP', 'Taxation']"
Financial Controller,Financial Controller Executive,Cargills,https://rooster.jobs/jobs/financial-controller-specialist-694493,Master's in Business Administration (MBA),"['Budgeting', 'Leadership', 'Compliance', 'Taxation', 'ERP', 'Auditing', 'Financial Reporting']"
Financial Controller,Lead Financial Controller Engineer,Creative Software,https://rooster.jobs/jobs/financial-controller-specialist-866601,Master's in Business Administration (MBA),"['Leadership', 'Financial Reporting', 'Budgeting', 'ERP', 'Taxation', 'Compliance']"
Financial Controller,Financial Controller Executive,IFS,https://rooster.jobs/jobs/financial-controller-specialist-671243,Master's in Business Administration (MBA),"['Leadership', 'Auditing', 'Budgeting', 'Compliance', 'ERP', 'Financial Reporting']"
Financial Controller,Financial Controller Analyst,Pearson Lanka,https://rooster.jobs/jobs/financial-controller-specialist-401774,Master's in Business Administration (MBA),"['Auditing', 'Leadership', 'Taxation', 'Financial Reporting']"
Financial Controller,Senior Financial Controller Specialist,IFS,https://rooster.jobs/jobs/financial-controller-specialist-680028,CIMA/ACCA/CA Qualified,"['Leadership', 'Taxation', 'Budgeting', 'ERP']"
Financial Controller,Principal Financial Controller Developer,99x,https://rooster.jobs/jobs/financial-controller-specialist-511764,Master's in Business Administration (MBA),"['Leadership', 'Auditing', 'Compliance', 'ERP', 'Budgeting', 'Financial Reporting']"
Financial Controller,Senior Financial Controller Specialist,99x,https://rooster.jobs/jobs/financial-controller-specialist-518693,CIMA/ACCA/CA Qualified,"['Compliance', 'Auditing', 'Taxation', 'Budgeting', 'Leadership']"
Financial Controller,Enterprise Financial Controller Architect,HNB,https://rooster.jobs/jobs/financial-controller-specialist-220314,Master's in Business Administration (MBA),"['Taxation', 'Financial Reporting', 'Budgeting', 'Compliance', 'Leadership', 'ERP', 'Auditing']"
Financial Controller,Principal Financial Controller Developer,Hemas,https://rooster.jobs/jobs/financial-controller-specialist-714060,BSc in Finance,"['Budgeting', 'Compliance', 'Financial Reporting', 'Auditing']"
Financial Controller,Enterprise Financial Controller Architect,HCL Tech Sri Lanka,https://rooster.jobs/jobs/financial-controller-specialist-874017,BSc in Finance,"['ERP', 'Auditing', 'Budgeting', 'Taxation']"
Financial Controller,Lead Financial Controller Engineer,Zone24x7,https://rooster.jobs/jobs/financial-controller-specialist-218909,Not Specified / Equivalent Experience,"['Budgeting', 'Compliance', 'Taxation', 'ERP', 'Leadership']"
Financial Controller,Associate Financial Controller,Creative Software,https://rooster.jobs/jobs/financial-controller-specialist-763713,Not Specified / Equivalent Experience,"['Compliance', 'Auditing', 'ERP', 'Leadership', 'Financial Reporting', 'Taxation']"
Financial Controller,Senior Financial Controller Specialist,Pearson Lanka,https://rooster.jobs/jobs/financial-controller-specialist-520643,Master's in Business Administration (MBA),"['ERP', 'Compliance', 'Leadership', 'Taxation', 'Budgeting']"
Financial Controller,Senior Financial Controller Specialist,HNB,https://rooster.jobs/jobs/financial-controller-specialist-427777,BSc in Finance,"['Taxation', 'Financial Reporting', 'Leadership', 'Budgeting']"
Financial Controller,Financial Controller Analyst,Creative Software,https://rooster.jobs/jobs/financial-controller-specialist-185190,BSc in Finance,"['Compliance', 'Taxation', 'Auditing', 'Financial Reporting']"
Financial Controller,Principal Financial Controller Developer,Sampath Bank,https://rooster.jobs/jobs/financial-controller-specialist-696098,CIMA/ACCA/CA Qualified,"['Taxation', 'Compliance', 'Auditing', 'ERP', 'Financial Reporting']"
Financial Controller,Senior Financial Controller Specialist,John Keells IT,https://rooster.jobs/jobs/financial-controller-specialist-392737,BSc in Finance,"['Financial Reporting', 'Budgeting', 'Compliance', 'ERP', 'Taxation', 'Leadership']"
Financial Controller,Financial Controller Consultant,Hemas,https://rooster.jobs/jobs/financial-controller-specialist-955867,CIMA/ACCA/CA Qualified,"['Budgeting', 'Leadership', 'Compliance', 'Taxation', 'Auditing']"
Financial Controller,Junior Financial Controller Associate,Hemas,https://rooster.jobs/jobs/financial-controller-specialist-731595,CIMA/ACCA/CA Qualified,"['ERP', 'Financial Reporting', 'Compliance', 'Leadership', 'Taxation', 'Budgeting']"
Financial Controller,Enterprise Financial Controller Architect,John Keells IT,https://rooster.jobs/jobs/financial-controller-specialist-402877,Master's in Business Administration (MBA),"['ERP', 'Auditing', 'Leadership', 'Budgeting', 'Compliance', 'Financial Reporting', 'Taxation']"
Financial Controller,Financial Controller Consultant,Virtusa,https://rooster.jobs/jobs/financial-controller-specialist-795322,Not Specified / Equivalent Experience,"['Leadership', 'ERP', 'Financial Reporting', 'Auditing']"
Financial Controller,Junior Financial Controller Associate,Creative Software,https://rooster.jobs/jobs/financial-controller-specialist-970956,BSc in Finance,"['Taxation', 'Auditing', 'Compliance', 'Budgeting']"
Financial Controller,Enterprise Financial Controller Architect,HNB,https://rooster.jobs/jobs/financial-controller-specialist-544316,Master's in Business Administration (MBA),"['Taxation', 'Compliance', 'Auditing', 'Budgeting', 'Leadership']"
Operations Manager,Operations Manager Analyst,Sampath Bank,https://rooster.jobs/jobs/operations-manager-specialist-298319,BSc in Operations Management,"['Lean Six Sigma', 'Budgeting', 'Leadership', 'Process Improvement', 'Operations Management']"
Operations Manager,Junior Operations Manager Associate,Hayleys,https://rooster.jobs/jobs/operations-manager-specialist-175205,Not Specified / Equivalent Experience,"['Budgeting', 'Supply Chain Management', 'Leadership', 'Process Improvement', 'Operations Management', 'Lean Six Sigma']"
Operations Manager,Junior Operations Manager Associate,Pearson Lanka,https://rooster.jobs/jobs/operations-manager-specialist-782949,Master's in Business Administration (MBA),"['Budgeting', 'Leadership', 'Process Improvement', 'Lean Six Sigma', 'Supply Chain Management', 'Stakeholder Management']"
Operations Manager,Senior Operations Manager Specialist,LSEG,https://rooster.jobs/jobs/operations-manager-specialist-258545,Master's in Business Administration (MBA),"['Lean Six Sigma', 'Process Improvement', 'Supply Chain Management', 'Operations Management', 'Leadership', 'Stakeholder Management']"
Operations Manager,Principal Operations Manager Developer,Cargills,https://rooster.jobs/jobs/operations-manager-specialist-138361,Master's in Business Administration (MBA),"['Leadership', 'Budgeting', 'Supply Chain Management', 'Operations Management', 'Process Improvement']"
Operations Manager,Operations Manager Consultant,WSO2,https://rooster.jobs/jobs/operations-manager-specialist-516797,BSc in Business Administration,"['Stakeholder Management', 'Process Improvement', 'Supply Chain Management', 'Operations Management', 'Leadership', 'Lean Six Sigma']"
Operations Manager,Operations Manager Consultant,Virtusa,https://rooster.jobs/jobs/operations-manager-specialist-290150,BSc in Operations Management,"['Lean Six Sigma', 'Process Improvement', 'Supply Chain Management', 'Stakeholder Management']"
Operations Manager,Lead Operations Manager Engineer,CodeGen,https://rooster.jobs/jobs/operations-manager-specialist-151029,BSc in Operations Management,"['Leadership', 'Lean Six Sigma', 'Process Improvement', 'Budgeting']"
Operations Manager,Enterprise Operations Manager Architect,Brandix,https://rooster.jobs/jobs/operations-manager-specialist-352533,Not Specified / Equivalent Experience,"['Stakeholder Management', 'Operations Management', 'Supply Chain Management', 'Lean Six Sigma', 'Budgeting', 'Process Improvement']"
Operations Manager,Operations Manager Executive,MillenniumIT ESP,https://rooster.jobs/jobs/operations-manager-specialist-793598,Master's in Business Administration (MBA),"['Lean Six Sigma', 'Process Improvement', 'Leadership', 'Supply Chain Management', 'Stakeholder Management', 'Budgeting']"
Operations Manager,Principal Operations Manager Developer,Pearson Lanka,https://rooster.jobs/jobs/operations-manager-specialist-410249,Master's in Business Administration (MBA),"['Process Improvement', 'Stakeholder Management', 'Leadership', 'Budgeting', 'Operations Management', 'Lean Six Sigma']"
Operations Manager,Senior Operations Manager Specialist,MillenniumIT ESP,https://rooster.jobs/jobs/operations-manager-specialist-299371,BSc in Operations Management,"['Stakeholder Management', 'Process Improvement', 'Operations Management', 'Leadership', 'Budgeting']"
Operations Manager,Junior Operations Manager Associate,WSO2,https://rooster.jobs/jobs/operations-manager-specialist-368571,BSc in Operations Management,"['Stakeholder Management', 'Leadership', 'Supply Chain Management', 'Budgeting', 'Lean Six Sigma']"
Operations Manager,Associate Operations Manager,John Keells IT,https://rooster.jobs/jobs/operations-manager-specialist-692804,BSc in Business Administration,"['Operations Management', 'Stakeholder Management', 'Lean Six Sigma', 'Budgeting', 'Leadership']"
Operations Manager,Principal Operations Manager Developer,HNB,https://rooster.jobs/jobs/operations-manager-specialist-599968,BSc in Business Administration,"['Supply Chain Management', 'Operations Management', 'Budgeting', 'Process Improvement', 'Leadership', 'Lean Six Sigma']"
Operations Manager,Associate Operations Manager,Hemas,https://rooster.jobs/jobs/operations-manager-specialist-500749,BSc in Business Administration,"['Operations Management', 'Leadership', 'Stakeholder Management', 'Process Improvement', 'Lean Six Sigma', 'Budgeting']"
Operations Manager,Operations Manager Executive,Creative Software,https://rooster.jobs/jobs/operations-manager-specialist-375026,BSc in Operations Management,"['Operations Management', 'Lean Six Sigma', 'Process Improvement', 'Stakeholder Management']"
Operations Manager,Principal Operations Manager Developer,CodeGen,https://rooster.jobs/jobs/operations-manager-specialist-778388,Master's in Business Administration (MBA),"['Budgeting', 'Stakeholder Management', 'Process Improvement', 'Leadership', 'Lean Six Sigma', 'Supply Chain Management', 'Operations Management']"
Operations Manager,Junior Operations Manager Associate,Zone24x7,https://rooster.jobs/jobs/operations-manager-specialist-316363,Master's in Business Administration (MBA),"['Budgeting', 'Operations Management', 'Lean Six Sigma', 'Leadership', 'Supply Chain Management']"
Operations Manager,Senior Operations Manager Specialist,John Keells IT,https://rooster.jobs/jobs/operations-manager-specialist-578254,BSc in Operations Management,"['Lean Six Sigma', 'Leadership', 'Stakeholder Management', 'Process Improvement', 'Budgeting']"
Operations Manager,Associate Operations Manager,John Keells IT,https://rooster.jobs/jobs/operations-manager-specialist-906499,BSc in Business Administration,"['Leadership', 'Process Improvement', 'Budgeting', 'Supply Chain Management', 'Stakeholder Management']"
Operations Manager,Operations Manager Consultant,Creative Software,https://rooster.jobs/jobs/operations-manager-specialist-452382,Master's in Business Administration (MBA),"['Leadership', 'Budgeting', 'Stakeholder Management', 'Supply Chain Management', 'Lean Six Sigma', 'Process Improvement']"
Operations Manager,Lead Operations Manager Engineer,Hemas,https://rooster.jobs/jobs/operations-manager-specialist-411220,BSc in Operations Management,"['Stakeholder Management', 'Lean Six Sigma', 'Supply Chain Management', 'Budgeting']"
Operations Manager,Principal Operations Manager Developer,CodeGen,https://rooster.jobs/jobs/operations-manager-specialist-110884,Master's in Business Administration (MBA),"['Stakeholder Management', 'Lean Six Sigma', 'Supply Chain Management', 'Leadership', 'Operations Management', 'Process Improvement']"
Operations Manager,Junior Operations Manager Associate,Pearson Lanka,https://rooster.jobs/jobs/operations-manager-specialist-734911,BSc in Operations Management,"['Lean Six Sigma', 'Supply Chain Management', 'Budgeting', 'Leadership', 'Process Improvement', 'Stakeholder Management', 'Operations Management']"
Operations Manager,Lead Operations Manager Engineer,Dialog Axiata,https://rooster.jobs/jobs/operations-manager-specialist-940598,Not Specified / Equivalent Experience,"['Supply Chain Management', 'Operations Management', 'Budgeting', 'Leadership']"
Operations Manager,Operations Manager Consultant,Commercial Bank,https://rooster.jobs/jobs/operations-manager-specialist-795540,Master's in Business Administration (MBA),"['Stakeholder Management', 'Leadership', 'Budgeting', 'Process Improvement', 'Operations Management']"
Operations Manager,Enterprise Operations Manager Architect,Hayleys,https://rooster.jobs/jobs/operations-manager-specialist-344693,Not Specified / Equivalent Experience,"['Lean Six Sigma', 'Process Improvement', 'Budgeting', 'Operations Management', 'Supply Chain Management', 'Leadership']"
Operations Manager,Operations Manager Executive,LSEG,https://rooster.jobs/jobs/operations-manager-specialist-765483,Master's in Business Administration (MBA),"['Stakeholder Management', 'Budgeting', 'Process Improvement', 'Supply Chain Management', 'Operations Management', 'Lean Six Sigma']"
Operations Manager,Junior Operations Manager Associate,HNB,https://rooster.jobs/jobs/operations-manager-specialist-124172,BSc in Business Administration,"['Stakeholder Management', 'Budgeting', 'Leadership', 'Lean Six Sigma', 'Process Improvement', 'Operations Management']"
Operations Manager,Operations Manager Consultant,MAS Holdings,https://rooster.jobs/jobs/operations-manager-specialist-278006,Not Specified / Equivalent Experience,"['Operations Management', 'Budgeting', 'Lean Six Sigma', 'Stakeholder Management']"
Operations Manager,Operations Manager Analyst,MillenniumIT ESP,https://rooster.jobs/jobs/operations-manager-specialist-294497,BSc in Operations Management,"['Stakeholder Management', 'Budgeting', 'Supply Chain Management', 'Operations Management']"
Operations Manager,Operations Manager Consultant,MAS Holdings,https://rooster.jobs/jobs/operations-manager-specialist-195179,BSc in Operations Management,"['Process Improvement', 'Lean Six Sigma', 'Supply Chain Management', 'Stakeholder Management']"
Operations Manager,Senior Operations Manager Specialist,Brandix,https://rooster.jobs/jobs/operations-manager-specialist-592621,BSc in Business Administration,"['Stakeholder Management', 'Budgeting', 'Process Improvement', 'Supply Chain Management', 'Operations Management']"
Operations Manager,Enterprise Operations Manager Architect,Virtusa,https://rooster.jobs/jobs/operations-manager-specialist-201948,BSc in Operations Management,"['Budgeting', 'Supply Chain Management', 'Process Improvement', 'Lean Six Sigma', 'Stakeholder Management']"
Operations Manager,Operations Manager Executive,LSEG,https://rooster.jobs/jobs/operations-manager-specialist-478765,BSc in Business Administration,"['Operations Management', 'Leadership', 'Supply Chain Management', 'Lean Six Sigma', 'Stakeholder Management', 'Budgeting']"
Operations Manager,Operations Manager Analyst,Virtusa,https://rooster.jobs/jobs/operations-manager-specialist-239776,BSc in Business Administration,"['Supply Chain Management', 'Lean Six Sigma', 'Budgeting', 'Leadership', 'Stakeholder Management']"
Operations Manager,Junior Operations Manager Associate,CodeGen,https://rooster.jobs/jobs/operations-manager-specialist-210487,BSc in Business Administration,"['Leadership', 'Budgeting', 'Stakeholder Management', 'Operations Management', 'Lean Six Sigma']"
Operations Manager,Senior Operations Manager Specialist,Creative Software,https://rooster.jobs/jobs/operations-manager-specialist-835307,BSc in Operations Management,"['Operations Management', 'Supply Chain Management', 'Stakeholder Management', 'Leadership', 'Lean Six Sigma']"
Operations Manager,Associate Operations Manager,MAS Holdings,https://rooster.jobs/jobs/operations-manager-specialist-989505,Master's in Business Administration (MBA),"['Budgeting', 'Supply Chain Management', 'Leadership', 'Lean Six Sigma']"
Operations Manager,Operations Manager Analyst,Zone24x7,https://rooster.jobs/jobs/operations-manager-specialist-345687,Master's in Business Administration (MBA),"['Operations Management', 'Stakeholder Management', 'Lean Six Sigma', 'Supply Chain Management']"
Operations Manager,Senior Operations Manager Specialist,Cargills,https://rooster.jobs/jobs/operations-manager-specialist-549474,Master's in Business Administration (MBA),"['Stakeholder Management', 'Process Improvement', 'Operations Management', 'Leadership']"
Operations Manager,Operations Manager Analyst,Hayleys,https://rooster.jobs/jobs/operations-manager-specialist-439062,Master's in Business Administration (MBA),"['Operations Management', 'Stakeholder Management', 'Lean Six Sigma', 'Leadership']"
Operations Manager,Lead Operations Manager Engineer,Brandix,https://rooster.jobs/jobs/operations-manager-specialist-812019,BSc in Operations Management,"['Budgeting', 'Leadership', 'Supply Chain Management', 'Stakeholder Management', 'Process Improvement', 'Lean Six Sigma', 'Operations Management']"
Operations Manager,Principal Operations Manager Developer,LSEG,https://rooster.jobs/jobs/operations-manager-specialist-124012,BSc in Business Administration,"['Operations Management', 'Budgeting', 'Stakeholder Management', 'Supply Chain Management']"
Operations Manager,Operations Manager Analyst,CodeGen,https://rooster.jobs/jobs/operations-manager-specialist-634895,Master's in Business Administration (MBA),"['Lean Six Sigma', 'Supply Chain Management', 'Budgeting', 'Operations Management', 'Process Improvement', 'Leadership']"
Operations Manager,Lead Operations Manager Engineer,WSO2,https://rooster.jobs/jobs/operations-manager-specialist-577486,BSc in Operations Management,"['Lean Six Sigma', 'Budgeting', 'Leadership', 'Process Improvement']"
Operations Manager,Enterprise Operations Manager Architect,Zone24x7,https://rooster.jobs/jobs/operations-manager-specialist-153264,Master's in Business Administration (MBA),"['Lean Six Sigma', 'Operations Management', 'Leadership', 'Stakeholder Management', 'Budgeting', 'Supply Chain Management', 'Process Improvement']"
Operations Manager,Principal Operations Manager Developer,Sampath Bank,https://rooster.jobs/jobs/operations-manager-specialist-297132,BSc in Business Administration,"['Lean Six Sigma', 'Leadership', 'Stakeholder Management', 'Operations Management']"
Operations Manager,Senior Operations Manager Specialist,IFS,https://rooster.jobs/jobs/operations-manager-specialist-986583,BSc in Operations Management,"['Operations Management', 'Stakeholder Management', 'Supply Chain Management', 'Process Improvement', 'Budgeting', 'Leadership']"
Brand Manager,Brand Manager Executive,HCL Tech Sri Lanka,https://rooster.jobs/jobs/brand-manager-specialist-948396,CIM / SLIM Qualified,"['Product Launch', 'Market Research', 'Campaign Management', 'Advertising', 'Public Relations']"
Brand Manager,Lead Brand Manager Engineer,Hayleys,https://rooster.jobs/jobs/brand-manager-specialist-674125,BSc in Marketing,"['Campaign Management', 'Digital Marketing', 'Market Research', 'Advertising', 'Public Relations']"
Brand Manager,Brand Manager Consultant,Softlogic,https://rooster.jobs/jobs/brand-manager-specialist-530498,CIM / SLIM Qualified,"['Digital Marketing', 'Public Relations', 'Product Launch', 'Market Research', 'Brand Strategy']"
Brand Manager,Brand Manager Consultant,Sysco LABS,https://rooster.jobs/jobs/brand-manager-specialist-608324,CIM / SLIM Qualified,"['Public Relations', 'Product Launch', 'Campaign Management', 'Digital Marketing', 'Brand Strategy']"
Brand Manager,Brand Manager Executive,Zone24x7,https://rooster.jobs/jobs/brand-manager-specialist-770261,BSc in Marketing,"['Campaign Management', 'Public Relations', 'Product Launch', 'Market Research', 'Brand Strategy']"
Brand Manager,Junior Brand Manager Associate,Sampath Bank,https://rooster.jobs/jobs/brand-manager-specialist-140516,Not Specified / Equivalent Experience,"['Campaign Management', 'Advertising', 'Product Launch', 'Brand Strategy']"
Brand Manager,Junior Brand Manager Associate,Mitra Innovation,https://rooster.jobs/jobs/brand-manager-specialist-418584,Not Specified / Equivalent Experience,"['Brand Strategy', 'Campaign Management', 'Product Launch', 'Public Relations']"
Brand Manager,Brand Manager Analyst,Hayleys,https://rooster.jobs/jobs/brand-manager-specialist-205855,CIM / SLIM Qualified,"['Campaign Management', 'Brand Strategy', 'Market Research', 'Advertising', 'Digital Marketing']"
Brand Manager,Brand Manager Analyst,99x,https://rooster.jobs/jobs/brand-manager-specialist-996683,BSc in Marketing,"['Public Relations', 'Product Launch', 'Brand Strategy', 'Campaign Management', 'Advertising', 'Market Research']"
Brand Manager,Principal Brand Manager Developer,Dialog Axiata,https://rooster.jobs/jobs/brand-manager-specialist-634878,Not Specified / Equivalent Experience,"['Digital Marketing', 'Market Research', 'Product Launch', 'Public Relations', 'Campaign Management', 'Brand Strategy']"
Brand Manager,Junior Brand Manager Associate,CodeGen,https://rooster.jobs/jobs/brand-manager-specialist-636494,Master's in Business Administration (MBA),"['Digital Marketing', 'Advertising', 'Brand Strategy', 'Campaign Management', 'Market Research', 'Public Relations']"
Brand Manager,Associate Brand Manager,Hemas,https://rooster.jobs/jobs/brand-manager-specialist-653590,Master's in Business Administration (MBA),"['Market Research', 'Digital Marketing', 'Brand Strategy', 'Product Launch', 'Campaign Management', 'Advertising']"
Brand Manager,Associate Brand Manager,HNB,https://rooster.jobs/jobs/brand-manager-specialist-445932,BSc in Marketing,"['Public Relations', 'Digital Marketing', 'Campaign Management', 'Advertising', 'Brand Strategy', 'Product Launch']"
Brand Manager,Senior Brand Manager Specialist,Sampath Bank,https://rooster.jobs/jobs/brand-manager-specialist-765949,Master's in Business Administration (MBA),"['Campaign Management', 'Digital Marketing', 'Advertising', 'Brand Strategy', 'Public Relations', 'Product Launch']"
Brand Manager,Brand Manager Analyst,Commercial Bank,https://rooster.jobs/jobs/brand-manager-specialist-303659,Master's in Business Administration (MBA),"['Advertising', 'Market Research', 'Campaign Management', 'Brand Strategy', 'Digital Marketing', 'Public Relations', 'Product Launch']"
Brand Manager,Brand Manager Analyst,Hayleys,https://rooster.jobs/jobs/brand-manager-specialist-596172,BSc in Marketing,"['Campaign Management', 'Advertising', 'Product Launch', 'Market Research']"
Brand Manager,Brand Manager Executive,Axiata Digital Labs,https://rooster.jobs/jobs/brand-manager-specialist-583558,CIM / SLIM Qualified,"['Product Launch', 'Brand Strategy', 'Market Research', 'Digital Marketing', 'Public Relations', 'Advertising', 'Campaign Management']"
Brand Manager,Senior Brand Manager Specialist,Hayleys,https://rooster.jobs/jobs/brand-manager-specialist-519759,CIM / SLIM Qualified,"['Digital Marketing', 'Brand Strategy', 'Public Relations', 'Product Launch', 'Advertising', 'Campaign Management', 'Market Research']"
Brand Manager,Brand Manager Executive,CodeGen,https://rooster.jobs/jobs/brand-manager-specialist-477520,BSc in Marketing,"['Advertising', 'Market Research', 'Public Relations', 'Digital Marketing', 'Campaign Management']"
Brand Manager,Junior Brand Manager Associate,MAS Holdings,https://rooster.jobs/jobs/brand-manager-specialist-447640,Master's in Business Administration (MBA),"['Campaign Management', 'Brand Strategy', 'Product Launch', 'Advertising', 'Digital Marketing']"
Brand Manager,Brand Manager Executive,99x,https://rooster.jobs/jobs/brand-manager-specialist-335540,BSc in Marketing,"['Advertising', 'Product Launch', 'Public Relations', 'Brand Strategy', 'Campaign Management', 'Market Research', 'Digital Marketing']"
Brand Manager,Associate Brand Manager,Zone24x7,https://rooster.jobs/jobs/brand-manager-specialist-287879,CIM / SLIM Qualified,"['Advertising', 'Product Launch', 'Brand Strategy', 'Campaign Management', 'Public Relations', 'Digital Marketing', 'Market Research']"
Brand Manager,Enterprise Brand Manager Architect,Zone24x7,https://rooster.jobs/jobs/brand-manager-specialist-620932,BSc in Marketing,"['Campaign Management', 'Brand Strategy', 'Advertising', 'Product Launch']"
Brand Manager,Senior Brand Manager Specialist,Softlogic,https://rooster.jobs/jobs/brand-manager-specialist-985188,BSc in Marketing,"['Market Research', 'Brand Strategy', 'Campaign Management', 'Public Relations', 'Product Launch', 'Digital Marketing']"
Brand Manager,Senior Brand Manager Specialist,Mitra Innovation,https://rooster.jobs/jobs/brand-manager-specialist-801955,BSc in Marketing,"['Market Research', 'Advertising', 'Digital Marketing', 'Campaign Management', 'Brand Strategy']"
Brand Manager,Principal Brand Manager Developer,99x,https://rooster.jobs/jobs/brand-manager-specialist-854298,Master's in Business Administration (MBA),"['Product Launch', 'Advertising', 'Public Relations', 'Brand Strategy', 'Market Research']"
Brand Manager,Associate Brand Manager,Sampath Bank,https://rooster.jobs/jobs/brand-manager-specialist-713858,Not Specified / Equivalent Experience,"['Brand Strategy', 'Advertising', 'Digital Marketing', 'Public Relations', 'Campaign Management']"
Brand Manager,Junior Brand Manager Associate,MAS Holdings,https://rooster.jobs/jobs/brand-manager-specialist-714745,Master's in Business Administration (MBA),"['Digital Marketing', 'Public Relations', 'Campaign Management', 'Advertising']"
Brand Manager,Brand Manager Consultant,CodeGen,https://rooster.jobs/jobs/brand-manager-specialist-424585,Master's in Business Administration (MBA),"['Advertising', 'Campaign Management', 'Digital Marketing', 'Product Launch', 'Public Relations', 'Brand Strategy']"
Brand Manager,Brand Manager Analyst,LSEG,https://rooster.jobs/jobs/brand-manager-specialist-434543,BSc in Marketing,"['Digital Marketing', 'Public Relations', 'Market Research', 'Brand Strategy']"
Brand Manager,Enterprise Brand Manager Architect,Brandix,https://rooster.jobs/jobs/brand-manager-specialist-855745,BSc in Marketing,"['Campaign Management', 'Digital Marketing', 'Advertising', 'Market Research', 'Public Relations', 'Brand Strategy']"
Brand Manager,Brand Manager Consultant,IFS,https://rooster.jobs/jobs/brand-manager-specialist-956719,Master's in Business Administration (MBA),"['Brand Strategy', 'Public Relations', 'Campaign Management', 'Product Launch', 'Digital Marketing', 'Market Research', 'Advertising']"
Brand Manager,Senior Brand Manager Specialist,Hemas,https://rooster.jobs/jobs/brand-manager-specialist-194500,BSc in Marketing,"['Market Research', 'Advertising', 'Campaign Management', 'Public Relations', 'Brand Strategy']"
Brand Manager,Principal Brand Manager Developer,Pearson Lanka,https://rooster.jobs/jobs/brand-manager-specialist-355677,CIM / SLIM Qualified,"['Campaign Management', 'Brand Strategy', 'Advertising', 'Digital Marketing']"
Brand Manager,Lead Brand Manager Engineer,LSEG,https://rooster.jobs/jobs/brand-manager-specialist-823255,CIM / SLIM Qualified,"['Digital Marketing', 'Campaign Management', 'Public Relations', 'Market Research', 'Advertising']"
Brand Manager,Junior Brand Manager Associate,Softlogic,https://rooster.jobs/jobs/brand-manager-specialist-916105,Not Specified / Equivalent Experience,"['Campaign Management', 'Product Launch', 'Market Research', 'Digital Marketing', 'Brand Strategy']"
Brand Manager,Brand Manager Executive,Zone24x7,https://rooster.jobs/jobs/brand-manager-specialist-759951,BSc in Marketing,"['Brand Strategy', 'Campaign Management', 'Product Launch', 'Digital Marketing', 'Advertising', 'Public Relations', 'Market Research']"
Brand Manager,Associate Brand Manager,Sampath Bank,https://rooster.jobs/jobs/brand-manager-specialist-409602,Master's in Business Administration (MBA),"['Brand Strategy', 'Product Launch', 'Advertising', 'Digital Marketing', 'Market Research']"
Brand Manager,Principal Brand Manager Developer,MAS Holdings,https://rooster.jobs/jobs/brand-manager-specialist-603320,BSc in Marketing,"['Campaign Management', 'Digital Marketing', 'Product Launch', 'Public Relations', 'Advertising']"
Brand Manager,Brand Manager Analyst,LSEG,https://rooster.jobs/jobs/brand-manager-specialist-792295,Not Specified / Equivalent Experience,"['Public Relations', 'Digital Marketing', 'Campaign Management', 'Product Launch', 'Advertising', 'Brand Strategy', 'Market Research']"
Brand Manager,Principal Brand Manager Developer,Creative Software,https://rooster.jobs/jobs/brand-manager-specialist-720350,BSc in Marketing,"['Public Relations', 'Product Launch', 'Advertising', 'Market Research', 'Brand Strategy', 'Digital Marketing']"
Brand Manager,Associate Brand Manager,Sampath Bank,https://rooster.jobs/jobs/brand-manager-specialist-707211,Master's in Business Administration (MBA),"['Public Relations', 'Market Research', 'Brand Strategy', 'Digital Marketing']"
Brand Manager,Associate Brand Manager,WSO2,https://rooster.jobs/jobs/brand-manager-specialist-157090,Master's in Business Administration (MBA),"['Digital Marketing', 'Market Research', 'Product Launch', 'Advertising', 'Brand Strategy']"
Brand Manager,Brand Manager Consultant,Hemas,https://rooster.jobs/jobs/brand-manager-specialist-734426,Master's in Business Administration (MBA),"['Digital Marketing', 'Public Relations', 'Market Research', 'Campaign Management', 'Brand Strategy', 'Product Launch']"
Brand Manager,Associate Brand Manager,IFS,https://rooster.jobs/jobs/brand-manager-specialist-780974,BSc in Marketing,"['Digital Marketing', 'Brand Strategy', 'Advertising', 'Market Research', 'Public Relations']"
Brand Manager,Brand Manager Analyst,Mitra Innovation,https://rooster.jobs/jobs/brand-manager-specialist-174849,Not Specified / Equivalent Experience,"['Brand Strategy', 'Market Research', 'Digital Marketing', 'Campaign Management', 'Product Launch', 'Public Relations', 'Advertising']"
Brand Manager,Associate Brand Manager,Softlogic,https://rooster.jobs/jobs/brand-manager-specialist-536360,Not Specified / Equivalent Experience,"['Product Launch', 'Public Relations', 'Brand Strategy', 'Advertising']"
Brand Manager,Associate Brand Manager,Axiata Digital Labs,https://rooster.jobs/jobs/brand-manager-specialist-478020,CIM / SLIM Qualified,"['Public Relations', 'Advertising', 'Market Research', 'Campaign Management']"
Brand Manager,Junior Brand Manager Associate,Pearson Lanka,https://rooster.jobs/jobs/brand-manager-specialist-116878,Master's in Business Administration (MBA),"['Market Research', 'Advertising', 'Brand Strategy', 'Product Launch', 'Digital Marketing']"
Brand Manager,Brand Manager Executive,HCL Tech Sri Lanka,https://rooster.jobs/jobs/brand-manager-specialist-416663,CIM / SLIM Qualified,"['Brand Strategy', 'Public Relations', 'Product Launch', 'Campaign Management', 'Digital Marketing', 'Market Research']"
Talent Acquisition Specialist,Talent Acquisition Specialist Analyst,MAS Holdings,https://rooster.jobs/jobs/talent-acquisition-specialist-specialist-843533,Not Specified / Equivalent Experience,"['LinkedIn Recruiter', 'Employer Branding', 'Negotiation', 'ATS', 'HR', 'Interviewing', 'Sourcing']"
Talent Acquisition Specialist,Senior Talent Acquisition Specialist Specialist,LSEG,https://rooster.jobs/jobs/talent-acquisition-specialist-specialist-391020,BSc in Human Resources,"['Sourcing', 'HR', 'Interviewing', 'Employer Branding', 'Negotiation', 'LinkedIn Recruiter', 'ATS']"
Talent Acquisition Specialist,Enterprise Talent Acquisition Specialist Architect,Sysco LABS,https://rooster.jobs/jobs/talent-acquisition-specialist-specialist-387800,BSc in Business Administration,"['Interviewing', 'Negotiation', 'Sourcing', 'Employer Branding', 'ATS', 'LinkedIn Recruiter']"
Talent Acquisition Specialist,Talent Acquisition Specialist Analyst,Zone24x7,https://rooster.jobs/jobs/talent-acquisition-specialist-specialist-528627,BSc in Human Resources,"['LinkedIn Recruiter', 'ATS', 'HR', 'Interviewing', 'Sourcing', 'Negotiation']"
Talent Acquisition Specialist,Talent Acquisition Specialist Executive,MAS Holdings,https://rooster.jobs/jobs/talent-acquisition-specialist-specialist-339697,BSc in Business Administration,"['LinkedIn Recruiter', 'Negotiation', 'Interviewing', 'HR', 'Sourcing', 'Employer Branding']"
Talent Acquisition Specialist,Talent Acquisition Specialist Consultant,Cargills,https://rooster.jobs/jobs/talent-acquisition-specialist-specialist-841063,Not Specified / Equivalent Experience,"['Negotiation', 'LinkedIn Recruiter', 'Employer Branding', 'HR', 'Sourcing', 'Interviewing']"
Talent Acquisition Specialist,Enterprise Talent Acquisition Specialist Architect,Cargills,https://rooster.jobs/jobs/talent-acquisition-specialist-specialist-613555,Not Specified / Equivalent Experience,"['Sourcing', 'Employer Branding', 'HR', 'LinkedIn Recruiter', 'Negotiation', 'ATS']"
Talent Acquisition Specialist,Senior Talent Acquisition Specialist Specialist,Sampath Bank,https://rooster.jobs/jobs/talent-acquisition-specialist-specialist-742063,BSc in Human Resources,"['Negotiation', 'HR', 'Employer Branding', 'ATS']"
Talent Acquisition Specialist,Senior Talent Acquisition Specialist Specialist,Hayleys,https://rooster.jobs/jobs/talent-acquisition-specialist-specialist-716719,Not Specified / Equivalent Experience,"['Employer Branding', 'ATS', 'Negotiation', 'Sourcing', 'Interviewing', 'LinkedIn Recruiter']"
Talent Acquisition Specialist,Enterprise Talent Acquisition Specialist Architect,HNB,https://rooster.jobs/jobs/talent-acquisition-specialist-specialist-133776,Not Specified / Equivalent Experience,"['Negotiation', 'Interviewing', 'LinkedIn Recruiter', 'HR', 'Employer Branding', 'ATS']"
Talent Acquisition Specialist,Talent Acquisition Specialist Executive,Virtusa,https://rooster.jobs/jobs/talent-acquisition-specialist-specialist-665286,Not Specified / Equivalent Experience,"['ATS', 'Interviewing', 'Employer Branding', 'HR', 'LinkedIn Recruiter', 'Sourcing', 'Negotiation']"
Talent Acquisition Specialist,Talent Acquisition Specialist Analyst,John Keells IT,https://rooster.jobs/jobs/talent-acquisition-specialist-specialist-655855,BSc in Business Administration,"['Negotiation', 'LinkedIn Recruiter', 'Interviewing', 'ATS']"
Talent Acquisition Specialist,Talent Acquisition Specialist Consultant,LSEG,https://rooster.jobs/jobs/talent-acquisition-specialist-specialist-764018,Not Specified / Equivalent Experience,"['HR', 'Interviewing', 'Sourcing', 'Employer Branding', 'ATS']"
Talent Acquisition Specialist,Enterprise Talent Acquisition Specialist Architect,CodeGen,https://rooster.jobs/jobs/talent-acquisition-specialist-specialist-321350,BSc in Human Resources,"['Negotiation', 'ATS', 'Interviewing', 'LinkedIn Recruiter', 'HR', 'Employer Branding']"
Talent Acquisition Specialist,Talent Acquisition Specialist Consultant,Sysco LABS,https://rooster.jobs/jobs/talent-acquisition-specialist-specialist-529662,BSc in Business Administration,"['Interviewing', 'Employer Branding', 'Negotiation', 'LinkedIn Recruiter', 'Sourcing']"
Talent Acquisition Specialist,Junior Talent Acquisition Specialist Associate,John Keells IT,https://rooster.jobs/jobs/talent-acquisition-specialist-specialist-349049,BSc in Business Administration,"['Negotiation', 'LinkedIn Recruiter', 'Interviewing', 'Sourcing', 'ATS', 'Employer Branding', 'HR']"
Talent Acquisition Specialist,Junior Talent Acquisition Specialist Associate,MAS Holdings,https://rooster.jobs/jobs/talent-acquisition-specialist-specialist-188664,BSc in Human Resources,"['Interviewing', 'Sourcing', 'ATS', 'HR']"
Talent Acquisition Specialist,Senior Talent Acquisition Specialist Specialist,Creative Software,https://rooster.jobs/jobs/talent-acquisition-specialist-specialist-447862,BSc in Human Resources,"['Sourcing', 'Negotiation', 'HR', 'ATS', 'Interviewing', 'Employer Branding', 'LinkedIn Recruiter']"
Talent Acquisition Specialist,Enterprise Talent Acquisition Specialist Architect,Creative Software,https://rooster.jobs/jobs/talent-acquisition-specialist-specialist-296328,BSc in Human Resources,"['Negotiation', 'ATS', 'Employer Branding', 'Sourcing', 'Interviewing']"
Talent Acquisition Specialist,Talent Acquisition Specialist Consultant,LSEG,https://rooster.jobs/jobs/talent-acquisition-specialist-specialist-777096,BSc in Human Resources,"['LinkedIn Recruiter', 'Interviewing', 'Employer Branding', 'ATS', 'Negotiation']"
Talent Acquisition Specialist,Talent Acquisition Specialist Executive,CodeGen,https://rooster.jobs/jobs/talent-acquisition-specialist-specialist-407918,Not Specified / Equivalent Experience,"['LinkedIn Recruiter', 'Sourcing', 'Employer Branding', 'ATS']"
Talent Acquisition Specialist,Talent Acquisition Specialist Analyst,Commercial Bank,https://rooster.jobs/jobs/talent-acquisition-specialist-specialist-125707,Not Specified / Equivalent Experience,"['LinkedIn Recruiter', 'ATS', 'Negotiation', 'Sourcing', 'Interviewing']"
Talent Acquisition Specialist,Junior Talent Acquisition Specialist Associate,Cargills,https://rooster.jobs/jobs/talent-acquisition-specialist-specialist-867544,Not Specified / Equivalent Experience,"['Interviewing', 'Employer Branding', 'Negotiation', 'LinkedIn Recruiter', 'Sourcing', 'HR']"
Talent Acquisition Specialist,Enterprise Talent Acquisition Specialist Architect,Brandix,https://rooster.jobs/jobs/talent-acquisition-specialist-specialist-346670,BSc in Human Resources,"['Negotiation', 'ATS', 'HR', 'Employer Branding']"
Talent Acquisition Specialist,Lead Talent Acquisition Specialist Engineer,IFS,https://rooster.jobs/jobs/talent-acquisition-specialist-specialist-244252,Not Specified / Equivalent Experience,"['Employer Branding', 'Interviewing', 'Negotiation', 'LinkedIn Recruiter']"
Talent Acquisition Specialist,Enterprise Talent Acquisition Specialist Architect,Hemas,https://rooster.jobs/jobs/talent-acquisition-specialist-specialist-119377,BSc in Human Resources,"['Negotiation', 'ATS', 'HR', 'LinkedIn Recruiter']"
Talent Acquisition Specialist,Talent Acquisition Specialist Executive,Pearson Lanka,https://rooster.jobs/jobs/talent-acquisition-specialist-specialist-989534,Not Specified / Equivalent Experience,"['Employer Branding', 'ATS', 'HR', 'Negotiation', 'Sourcing', 'LinkedIn Recruiter', 'Interviewing']"
Talent Acquisition Specialist,Lead Talent Acquisition Specialist Engineer,HCL Tech Sri Lanka,https://rooster.jobs/jobs/talent-acquisition-specialist-specialist-229123,Not Specified / Equivalent Experience,"['LinkedIn Recruiter', 'Employer Branding', 'ATS', 'Negotiation', 'Sourcing', 'Interviewing']"
Talent Acquisition Specialist,Principal Talent Acquisition Specialist Developer,Brandix,https://rooster.jobs/jobs/talent-acquisition-specialist-specialist-553354,BSc in Human Resources,"['Sourcing', 'ATS', 'Negotiation', 'Interviewing', 'LinkedIn Recruiter', 'HR', 'Employer Branding']"
Talent Acquisition Specialist,Talent Acquisition Specialist Consultant,Hemas,https://rooster.jobs/jobs/talent-acquisition-specialist-specialist-815740,BSc in Human Resources,"['LinkedIn Recruiter', 'Negotiation', 'Interviewing', 'Sourcing', 'HR', 'Employer Branding']"
Talent Acquisition Specialist,Talent Acquisition Specialist Analyst,Softlogic,https://rooster.jobs/jobs/talent-acquisition-specialist-specialist-925929,BSc in Human Resources,"['Sourcing', 'ATS', 'Employer Branding', 'HR', 'Interviewing', 'LinkedIn Recruiter', 'Negotiation']"
Talent Acquisition Specialist,Talent Acquisition Specialist Analyst,Hayleys,https://rooster.jobs/jobs/talent-acquisition-specialist-specialist-695931,BSc in Human Resources,"['Sourcing', 'Employer Branding', 'Interviewing', 'LinkedIn Recruiter']"
Talent Acquisition Specialist,Lead Talent Acquisition Specialist Engineer,Zone24x7,https://rooster.jobs/jobs/talent-acquisition-specialist-specialist-505423,BSc in Business Administration,"['ATS', 'Sourcing', 'Negotiation', 'Employer Branding', 'LinkedIn Recruiter']"
Talent Acquisition Specialist,Talent Acquisition Specialist Analyst,John Keells IT,https://rooster.jobs/jobs/talent-acquisition-specialist-specialist-752772,Not Specified / Equivalent Experience,"['ATS', 'Negotiation', 'Employer Branding', 'Interviewing', 'LinkedIn Recruiter', 'Sourcing', 'HR']"
Talent Acquisition Specialist,Associate Talent Acquisition Specialist,Hayleys,https://rooster.jobs/jobs/talent-acquisition-specialist-specialist-154116,Not Specified / Equivalent Experience,"['Negotiation', 'Sourcing', 'Employer Branding', 'HR', 'Interviewing', 'ATS']"
Talent Acquisition Specialist,Talent Acquisition Specialist Consultant,Hayleys,https://rooster.jobs/jobs/talent-acquisition-specialist-specialist-770212,Not Specified / Equivalent Experience,"['HR', 'LinkedIn Recruiter', 'ATS', 'Employer Branding', 'Interviewing', 'Negotiation', 'Sourcing']"
Talent Acquisition Specialist,Principal Talent Acquisition Specialist Developer,Axiata Digital Labs,https://rooster.jobs/jobs/talent-acquisition-specialist-specialist-102336,BSc in Human Resources,"['ATS', 'Sourcing', 'Interviewing', 'HR', 'LinkedIn Recruiter', 'Employer Branding']"
Talent Acquisition Specialist,Talent Acquisition Specialist Consultant,Zone24x7,https://rooster.jobs/jobs/talent-acquisition-specialist-specialist-461432,BSc in Human Resources,"['HR', 'Employer Branding', 'Negotiation', 'Interviewing', 'ATS']"
Talent Acquisition Specialist,Associate Talent Acquisition Specialist,Hemas,https://rooster.jobs/jobs/talent-acquisition-specialist-specialist-466219,BSc in Business Administration,"['ATS', 'LinkedIn Recruiter', 'Negotiation', 'HR']"
Talent Acquisition Specialist,Junior Talent Acquisition Specialist Associate,WSO2,https://rooster.jobs/jobs/talent-acquisition-specialist-specialist-379881,BSc in Human Resources,"['LinkedIn Recruiter', 'ATS', 'Employer Branding', 'Interviewing', 'Negotiation', 'HR']"
Talent Acquisition Specialist,Talent Acquisition Specialist Consultant,Dialog Axiata,https://rooster.jobs/jobs/talent-acquisition-specialist-specialist-324715,Not Specified / Equivalent Experience,"['Negotiation', 'HR', 'Sourcing', 'ATS', 'Interviewing']"
Talent Acquisition Specialist,Associate Talent Acquisition Specialist,Cargills,https://rooster.jobs/jobs/talent-acquisition-specialist-specialist-348917,BSc in Business Administration,"['Employer Branding', 'LinkedIn Recruiter', 'ATS', 'Negotiation']"
Talent Acquisition Specialist,Talent Acquisition Specialist Analyst,Virtusa,https://rooster.jobs/jobs/talent-acquisition-specialist-specialist-110061,BSc in Business Administration,"['ATS', 'LinkedIn Recruiter', 'Employer Branding', 'Negotiation', 'Interviewing', 'Sourcing']"
Talent Acquisition Specialist,Associate Talent Acquisition Specialist,HNB,https://rooster.jobs/jobs/talent-acquisition-specialist-specialist-897577,BSc in Human Resources,"['Negotiation', 'Sourcing', 'LinkedIn Recruiter', 'ATS', 'Employer Branding', 'Interviewing']"
Talent Acquisition Specialist,Associate Talent Acquisition Specialist,Creative Software,https://rooster.jobs/jobs/talent-acquisition-specialist-specialist-932377,Not Specified / Equivalent Experience,"['Interviewing', 'Negotiation', 'ATS', 'HR', 'Sourcing', 'Employer Branding']"
Talent Acquisition Specialist,Senior Talent Acquisition Specialist Specialist,Hayleys,https://rooster.jobs/jobs/talent-acquisition-specialist-specialist-898656,Not Specified / Equivalent Experience,"['HR', 'Negotiation', 'Sourcing', 'ATS', 'LinkedIn Recruiter', 'Interviewing']"
Talent Acquisition Specialist,Talent Acquisition Specialist Executive,John Keells IT,https://rooster.jobs/jobs/talent-acquisition-specialist-specialist-252665,BSc in Business Administration,"['ATS', 'HR', 'Interviewing', 'Employer Branding']"
Talent Acquisition Specialist,Talent Acquisition Specialist Consultant,WSO2,https://rooster.jobs/jobs/talent-acquisition-specialist-specialist-272961,BSc in Business Administration,"['ATS', 'Sourcing', 'Interviewing', 'HR']"
Talent Acquisition Specialist,Lead Talent Acquisition Specialist Engineer,Cargills,https://rooster.jobs/jobs/talent-acquisition-specialist-specialist-181133,BSc in Human Resources,"['LinkedIn Recruiter', 'Sourcing', 'Negotiation', 'ATS', 'Employer Branding', 'Interviewing']"
Talent Acquisition Specialist,Junior Talent Acquisition Specialist Associate,Hayleys,https://rooster.jobs/jobs/talent-acquisition-specialist-specialist-594022,BSc in Human Resources,"['Negotiation', 'Employer Branding', 'LinkedIn Recruiter', 'Sourcing', 'Interviewing', 'HR']"
