student_id,name,gender,university,degree_program,year_of_study,interests,career_goal,skill_level,location,email,gpa,preferred_mentor_location,learning_preference,mentorship_goals,preferred_communication_style,languages,available_hours
S0,Student_0,Male,University of Colombo,Cybersecurity,1,Software Engineering,Lecturer,Beginner,Galle,student_0@student.edu,3.96,same_university,visual,research_guidance,flexible,"English,Tamil",7
S1,Student_1,Female,University of Moratuwa,Data Science,2,AI/ML,Data Scientist,Advanced,Kurunegala,student_1@student.edu,2.71,same_city,reading,job_search,flexible,English,3
S2,Student_2,Male,University of Colombo,SE,1,Software Engineering,Data Scientist,Intermediate,Kandy,student_2@student.edu,3.98,any,auditory,career_guidance,flexible,English,6
S3,Student_3,Female,IIT Sri Lanka,Cybersecurity,1,Networking,Software Engineer,Intermediate,Kurunegala,student_3@student.edu,3.71,same_university,reading,research_guidance,formal,"English,Tamil",9
S4,Student_4,Female,University of Colombo,SE,2,AI/ML,Lecturer,Advanced,Colombo,student_4@student.edu,3.9,any,visual,networking,casual,"English,Tamil",4
S5,Student_5,Male,University of Colombo,SE,4,Data Science,Security Analyst,Intermediate,Gampaha,student_5@student.edu,3.16,any,visual,skill_development,structured,English,8
S6,Student_6,Female,University of Peradeniya,Data Science,2,Networking,Data Scientist,Beginner,Colombo,student_6@student.edu,3.78,same_city,visual,job_search,structured,English,2
S7,Student_7,Male,University of Kelaniya,IT,4,Data Science,Software Engineer,Advanced,Kandy,student_7@student.edu,3.29,same_university,auditory,skill_development,formal,"English,Sinhala",1
S8,Student_8,Male,University of Peradeniya,Data Science,3,Data Science,Lecturer,Intermediate,Colombo,student_8@student.edu,2.98,same_university,reading,skill_development,formal,"English,Tamil",8
S9,Student_9,Male,University of Peradeniya,Cybersecurity,3,Data Science,Lecturer,Advanced,Gampaha,student_9@student.edu,3.94,any,visual,job_search,casual,"English,Sinhala",3
S10,Student_10,Male,University of Moratuwa,IT,2,Networking,Lecturer,Intermediate,Kurunegala,student_10@student.edu,3.85,same_university,reading,skill_development,structured,English,1
S11,Student_11,Female,SLIIT,Data Science,4,AI/ML,Security Analyst,Intermediate,Kandy,student_11@student.edu,2.75,remote_only,reading,career_guidance,structured,"English,Tamil",3
S12,Student_12,Male,University of Moratuwa,Data Science,2,Software Engineering,Software Engineer,Intermediate,Galle,student_12@student.edu,3.34,any,kinesthetic,networking,casual,"English,Tamil",8
S13,Student_13,Female,NSBM,Cybersecurity,3,Business IT,Software Engineer,Advanced,Kandy,student_13@student.edu,3.06,same_city,visual,research_guidance,casual,English,4
S14,Student_14,Male,University of Peradeniya,CS,4,Data Science,Data Scientist,Intermediate,Gampaha,student_14@student.edu,3.04,remote_only,auditory,career_guidance,formal,English,2
S15,Student_15,Male,University of Moratuwa,Data Science,2,Data Science,Software Engineer,Intermediate,Kandy,student_15@student.edu,2.53,same_university,kinesthetic,career_guidance,casual,"English,Tamil",5
S16,Student_16,Male,University of Peradeniya,Data Science,2,Networking,Data Scientist,Advanced,Colombo,student_16@student.edu,3.99,any,auditory,career_guidance,flexible,English,3
S17,Student_17,Female,University of Kelaniya,CS,2,Cybersecurity,Data Scientist,Beginner,Colombo,student_17@student.edu,3.72,same_city,reading,research_guidance,formal,"English,Sinhala",9
S18,Student_18,Female,IIT Sri Lanka,IT,2,AI/ML,Software Engineer,Beginner,Galle,student_18@student.edu,2.7,remote_only,visual,research_guidance,structured,"English,Sinhala",4
S19,Student_19,Male,University of Peradeniya,IT,4,Software Engineering,Security Analyst,Intermediate,Kandy,student_19@student.edu,2.98,any,reading,research_guidance,formal,"English,Sinhala",6
S20,Student_20,Male,SLIIT,CS,4,Software Engineering,Data Scientist,Advanced,Kandy,student_20@student.edu,3.55,remote_only,reading,job_search,flexible,"English,Tamil",7
S21,Student_21,Male,NSBM,Cybersecurity,1,Software Engineering,Software Engineer,Beginner,Galle,student_21@student.edu,3.48,remote_only,visual,networking,structured,English,6
S22,Student_22,Male,University of Moratuwa,CS,2,Business IT,Data Scientist,Advanced,Gampaha,student_22@student.edu,3.49,same_city,reading,networking,casual,"English,Tamil",4
S23,Student_23,Female,SLIIT,CS,3,Cybersecurity,Data Scientist,Intermediate,Colombo,student_23@student.edu,2.79,any,visual,skill_development,flexible,"English,Sinhala",7
S24,Student_24,Female,SLIIT,IT,4,Cybersecurity,Lecturer,Advanced,Kandy,student_24@student.edu,2.51,any,reading,skill_development,casual,"English,Sinhala",8
S25,Student_25,Female,University of Moratuwa,IT,2,Networking,Data Scientist,Beginner,Kandy,student_25@student.edu,3.26,same_university,kinesthetic,job_search,structured,"English,Tamil",2
S26,Student_26,Male,University of Colombo,SE,4,Software Engineering,Software Engineer,Advanced,Colombo,student_26@student.edu,3.58,same_university,reading,networking,flexible,"English,Sinhala",5
S27,Student_27,Female,NSBM,IT,1,Cybersecurity,Security Analyst,Advanced,Kandy,student_27@student.edu,3.26,same_city,kinesthetic,career_guidance,casual,English,1
S28,Student_28,Male,University of Peradeniya,CS,2,AI/ML,Security Analyst,Advanced,Colombo,student_28@student.edu,2.76,remote_only,visual,skill_development,casual,"English,Sinhala",8
S29,Student_29,Male,University of Peradeniya,SE,2,AI/ML,Software Engineer,Beginner,Colombo,student_29@student.edu,2.76,same_city,kinesthetic,job_search,casual,"English,Sinhala",7
S30,Student_30,Male,University of Kelaniya,IT,2,Business IT,Security Analyst,Beginner,Kurunegala,student_30@student.edu,2.98,same_city,auditory,networking,casual,English,2
S31,Student_31,Male,University of Kelaniya,CS,1,Software Engineering,Security Analyst,Advanced,Gampaha,student_31@student.edu,3.59,remote_only,reading,skill_development,formal,English,9
S32,Student_32,Male,University of Kelaniya,SE,3,Cybersecurity,Lecturer,Beginner,Kurunegala,student_32@student.edu,3.59,same_university,auditory,career_guidance,formal,English,2
S33,Student_33,Female,University of Moratuwa,Cybersecurity,3,Data Science,Data Scientist,Advanced,Galle,student_33@student.edu,3.89,any,auditory,skill_development,flexible,"English,Sinhala",8
S34,Student_34,Male,University of Kelaniya,IT,1,AI/ML,Software Engineer,Advanced,Kandy,student_34@student.edu,2.66,same_university,reading,research_guidance,structured,"English,Tamil",7
S35,Student_35,Male,SLIIT,SE,3,Data Science,Data Scientist,Beginner,Gampaha,student_35@student.edu,2.66,same_university,reading,skill_development,structured,English,7
S36,Student_36,Male,University of Peradeniya,Cybersecurity,1,AI/ML,Lecturer,Advanced,Galle,student_36@student.edu,3.25,same_city,kinesthetic,job_search,flexible,"English,Sinhala",2
S37,Student_37,Male,University of Colombo,Cybersecurity,4,Cybersecurity,Lecturer,Advanced,Gampaha,student_37@student.edu,3.23,same_university,auditory,networking,structured,English,5
S38,Student_38,Female,University of Kelaniya,SE,1,Business IT,Lecturer,Beginner,Kandy,student_38@student.edu,3.23,same_city,reading,skill_development,structured,"English,Sinhala",1
S39,Student_39,Male,University of Peradeniya,Data Science,2,Software Engineering,Data Scientist,Advanced,Colombo,student_39@student.edu,3.25,any,kinesthetic,job_search,structured,"English,Tamil",9
S40,Student_40,Male,University of Kelaniya,SE,3,Cybersecurity,Lecturer,Beginner,Galle,student_40@student.edu,3.5,remote_only,auditory,networking,formal,English,5
S41,Student_41,Female,University of Colombo,IT,1,Software Engineering,Software Engineer,Beginner,Colombo,student_41@student.edu,2.97,same_university,auditory,research_guidance,flexible,"English,Tamil",4
S42,Student_42,Male,University of Colombo,IT,4,Data Science,Lecturer,Intermediate,Galle,student_42@student.edu,3.97,same_city,kinesthetic,research_guidance,casual,English,6
S43,Student_43,Male,IIT Sri Lanka,IT,1,AI/ML,Data Scientist,Advanced,Kurunegala,student_43@student.edu,3.21,any,reading,job_search,structured,"English,Sinhala",1
S44,Student_44,Female,University of Kelaniya,CS,3,AI/ML,Data Scientist,Beginner,Kurunegala,student_44@student.edu,2.57,any,auditory,career_guidance,structured,"English,Sinhala",6
S45,Student_45,Female,IIT Sri Lanka,IT,2,Software Engineering,Software Engineer,Beginner,Colombo,student_45@student.edu,2.68,same_city,visual,job_search,formal,"English,Tamil",3
S46,Student_46,Female,University of Moratuwa,Cybersecurity,3,Networking,Data Scientist,Advanced,Gampaha,student_46@student.edu,2.73,any,visual,networking,flexible,"English,Sinhala",4
S47,Student_47,Female,SLIIT,Cybersecurity,4,Business IT,Lecturer,Advanced,Kandy,student_47@student.edu,3.44,remote_only,visual,job_search,structured,English,4
S48,Student_48,Female,IIT Sri Lanka,Data Science,2,Business IT,Lecturer,Intermediate,Gampaha,student_48@student.edu,3.04,same_city,auditory,career_guidance,structured,"English,Tamil",1
S49,Student_49,Male,IIT Sri Lanka,IT,2,Business IT,Data Scientist,Beginner,Kurunegala,student_49@student.edu,2.92,same_university,auditory,career_guidance,casual,"English,Sinhala",9
S50,Student_50,Male,University of Colombo,Data Science,3,Networking,Lecturer,Intermediate,Colombo,student_50@student.edu,2.89,any,reading,career_guidance,formal,English,3
S51,Student_51,Female,University of Moratuwa,CS,4,Business IT,Security Analyst,Beginner,Galle,student_51@student.edu,3.99,remote_only,kinesthetic,research_guidance,flexible,English,9
S52,Student_52,Female,NSBM,IT,1,Business IT,Security Analyst,Beginner,Colombo,student_52@student.edu,2.83,same_university,reading,networking,formal,"English,Sinhala",2
S53,Student_53,Male,University of Moratuwa,Cybersecurity,3,Business IT,Data Scientist,Intermediate,Galle,student_53@student.edu,2.79,remote_only,visual,research_guidance,structured,"English,Tamil",5
S54,Student_54,Female,University of Kelaniya,SE,2,Data Science,Software Engineer,Beginner,Kurunegala,student_54@student.edu,2.56,same_city,visual,skill_development,formal,English,2
S55,Student_55,Female,NSBM,Cybersecurity,3,Data Science,Security Analyst,Beginner,Kurunegala,student_55@student.edu,3.89,same_university,reading,networking,flexible,English,2
S56,Student_56,Male,SLIIT,SE,3,Cybersecurity,Data Scientist,Advanced,Galle,student_56@student.edu,3.07,any,auditory,job_search,flexible,English,4
S57,Student_57,Male,University of Peradeniya,CS,4,Cybersecurity,Software Engineer,Beginner,Gampaha,student_57@student.edu,3.94,any,kinesthetic,career_guidance,flexible,"English,Sinhala",3
S58,Student_58,Male,IIT Sri Lanka,IT,3,Data Science,Lecturer,Beginner,Kurunegala,student_58@student.edu,2.52,same_city,reading,skill_development,structured,"English,Tamil",5
S59,Student_59,Female,University of Kelaniya,IT,3,Cybersecurity,Security Analyst,Intermediate,Kurunegala,student_59@student.edu,2.55,same_university,reading,career_guidance,flexible,"English,Sinhala",4
S60,Student_60,Female,University of Peradeniya,IT,3,Data Science,Data Scientist,Advanced,Kandy,student_60@student.edu,2.69,same_city,kinesthetic,research_guidance,flexible,English,7
S61,Student_61,Female,NSBM,CS,3,AI/ML,Security Analyst,Advanced,Galle,student_61@student.edu,3.2,remote_only,kinesthetic,networking,flexible,"English,Tamil",9
S62,Student_62,Male,University of Moratuwa,SE,3,Software Engineering,Data Scientist,Intermediate,Gampaha,student_62@student.edu,3.57,same_university,auditory,skill_development,casual,English,6
S63,Student_63,Female,University of Kelaniya,Cybersecurity,1,AI/ML,Software Engineer,Beginner,Galle,student_63@student.edu,2.57,same_university,kinesthetic,job_search,structured,English,3
S64,Student_64,Female,NSBM,IT,4,Networking,Security Analyst,Intermediate,Kandy,student_64@student.edu,3.28,same_city,reading,job_search,casual,"English,Tamil",1
S65,Student_65,Male,University of Kelaniya,CS,2,Business IT,Software Engineer,Beginner,Galle,student_65@student.edu,2.84,same_city,kinesthetic,research_guidance,formal,"English,Tamil",6
S66,Student_66,Male,IIT Sri Lanka,CS,2,Software Engineering,Software Engineer,Advanced,Colombo,student_66@student.edu,4.0,same_university,visual,career_guidance,casual,"English,Sinhala",7
S67,Student_67,Male,University of Kelaniya,CS,3,Business IT,Lecturer,Advanced,Gampaha,student_67@student.edu,3.34,remote_only,auditory,job_search,flexible,English,3
S68,Student_68,Female,IIT Sri Lanka,Cybersecurity,2,Software Engineering,Data Scientist,Advanced,Galle,student_68@student.edu,3.26,same_university,reading,skill_development,casual,English,5
S69,Student_69,Male,University of Colombo,Cybersecurity,1,Software Engineering,Data Scientist,Intermediate,Kandy,student_69@student.edu,2.87,any,reading,job_search,flexible,"English,Tamil",3
S70,Student_70,Male,NSBM,Data Science,2,Data Science,Data Scientist,Advanced,Gampaha,student_70@student.edu,3.07,same_university,auditory,job_search,formal,"English,Tamil",3
S71,Student_71,Male,IIT Sri Lanka,CS,1,Networking,Software Engineer,Advanced,Kurunegala,student_71@student.edu,2.95,remote_only,visual,research_guidance,flexible,English,6
S72,Student_72,Female,NSBM,Data Science,3,Networking,Lecturer,Beginner,Colombo,student_72@student.edu,3.77,same_university,auditory,career_guidance,casual,English,4
S73,Student_73,Male,University of Peradeniya,CS,3,Networking,Software Engineer,Intermediate,Gampaha,student_73@student.edu,3.18,any,visual,career_guidance,flexible,"English,Tamil",5
S74,Student_74,Male,NSBM,Data Science,2,Data Science,Software Engineer,Beginner,Kandy,student_74@student.edu,3.51,any,kinesthetic,skill_development,structured,English,4
S75,Student_75,Female,NSBM,Cybersecurity,4,Networking,Lecturer,Advanced,Galle,student_75@student.edu,3.15,same_university,auditory,networking,structured,English,1
S76,Student_76,Male,University of Kelaniya,Data Science,3,Software Engineering,Software Engineer,Beginner,Kurunegala,student_76@student.edu,2.72,same_university,visual,skill_development,casual,English,6
S77,Student_77,Female,NSBM,Data Science,3,AI/ML,Data Scientist,Beginner,Kandy,student_77@student.edu,3.61,remote_only,visual,job_search,structured,English,1
S78,Student_78,Female,SLIIT,Data Science,4,Software Engineering,Software Engineer,Beginner,Gampaha,student_78@student.edu,2.89,same_university,visual,job_search,formal,"English,Sinhala",5
S79,Student_79,Female,University of Peradeniya,CS,4,Data Science,Security Analyst,Advanced,Colombo,student_79@student.edu,3.41,same_city,visual,career_guidance,structured,English,8
S80,Student_80,Female,NSBM,Cybersecurity,1,Data Science,Data Scientist,Advanced,Kurunegala,student_80@student.edu,3.03,remote_only,reading,job_search,formal,"English,Sinhala",3
S81,Student_81,Female,University of Colombo,SE,4,Networking,Lecturer,Intermediate,Gampaha,student_81@student.edu,2.88,any,reading,skill_development,casual,"English,Tamil",7
S82,Student_82,Female,University of Moratuwa,IT,4,Data Science,Software Engineer,Beginner,Galle,student_82@student.edu,3.82,any,auditory,skill_development,formal,"English,Tamil",1
S83,Student_83,Female,University of Peradeniya,Cybersecurity,4,AI/ML,Software Engineer,Advanced,Kandy,student_83@student.edu,3.28,same_city,visual,networking,structured,"English,Tamil",7
S84,Student_84,Female,NSBM,Cybersecurity,4,Data Science,Data Scientist,Advanced,Colombo,student_84@student.edu,3.98,same_city,kinesthetic,networking,structured,"English,Sinhala",2
S85,Student_85,Male,SLIIT,SE,3,Cybersecurity,Software Engineer,Advanced,Colombo,student_85@student.edu,2.62,remote_only,auditory,career_guidance,casual,"English,Sinhala",4
S86,Student_86,Male,NSBM,SE,2,Data Science,Software Engineer,Beginner,Colombo,student_86@student.edu,3.22,any,auditory,networking,structured,"English,Tamil",7
S87,Student_87,Female,University of Colombo,Cybersecurity,4,Software Engineering,Security Analyst,Beginner,Gampaha,student_87@student.edu,3.83,remote_only,visual,job_search,formal,English,9
S88,Student_88,Male,University of Peradeniya,SE,4,Business IT,Software Engineer,Advanced,Kurunegala,student_88@student.edu,2.98,any,auditory,career_guidance,flexible,English,3
S89,Student_89,Male,University of Colombo,SE,3,Software Engineering,Data Scientist,Advanced,Gampaha,student_89@student.edu,2.57,remote_only,kinesthetic,job_search,casual,"English,Tamil",3
S90,Student_90,Male,University of Kelaniya,CS,3,Software Engineering,Lecturer,Beginner,Kandy,student_90@student.edu,3.98,remote_only,visual,job_search,formal,"English,Tamil",4
S91,Student_91,Male,University of Kelaniya,Cybersecurity,1,Software Engineering,Security Analyst,Beginner,Galle,student_91@student.edu,2.96,same_city,reading,job_search,formal,English,7
S92,Student_92,Female,University of Peradeniya,IT,2,AI/ML,Lecturer,Advanced,Colombo,student_92@student.edu,2.8,same_city,visual,skill_development,formal,"English,Tamil",6
S93,Student_93,Female,IIT Sri Lanka,Cybersecurity,1,Networking,Lecturer,Advanced,Kandy,student_93@student.edu,2.94,same_city,visual,skill_development,structured,English,9
S94,Student_94,Female,University of Colombo,Cybersecurity,4,AI/ML,Data Scientist,Beginner,Gampaha,student_94@student.edu,3.52,same_university,auditory,job_search,flexible,"English,Tamil",6
S95,Student_95,Male,IIT Sri Lanka,Data Science,1,Business IT,Security Analyst,Advanced,Colombo,student_95@student.edu,3.37,same_city,auditory,job_search,formal,English,8
S96,Student_96,Male,NSBM,Data Science,2,AI/ML,Software Engineer,Advanced,Colombo,student_96@student.edu,3.6,any,visual,research_guidance,structured,"English,Sinhala",1
S97,Student_97,Male,SLIIT,SE,1,AI/ML,Software Engineer,Intermediate,Colombo,student_97@student.edu,3.81,remote_only,reading,skill_development,structured,"English,Tamil",2
S98,Student_98,Female,University of Moratuwa,CS,1,AI/ML,Lecturer,Intermediate,Galle,student_98@student.edu,3.4,remote_only,visual,networking,flexible,"English,Tamil",7
S99,Student_99,Female,NSBM,Data Science,3,Software Engineering,Security Analyst,Intermediate,Colombo,student_99@student.edu,3.31,same_city,visual,skill_development,casual,"English,Tamil",8
S100,Student_100,Female,University of Moratuwa,CS,4,Business IT,Data Scientist,Intermediate,Kurunegala,student_100@student.edu,3.09,same_university,auditory,skill_development,casual,"English,Tamil",7
S101,Student_101,Female,University of Peradeniya,SE,1,Business IT,Data Scientist,Intermediate,Gampaha,student_101@student.edu,3.83,any,visual,career_guidance,casual,"English,Tamil",6
S102,Student_102,Female,NSBM,Data Science,3,Business IT,Lecturer,Beginner,Galle,student_102@student.edu,3.6,any,reading,research_guidance,structured,"English,Sinhala",3
S103,Student_103,Male,University of Kelaniya,Data Science,4,Business IT,Data Scientist,Beginner,Kurunegala,student_103@student.edu,2.7,same_university,reading,networking,structured,"English,Sinhala",3
S104,Student_104,Female,University of Moratuwa,Data Science,3,Networking,Lecturer,Beginner,Kurunegala,student_104@student.edu,2.94,same_city,auditory,networking,casual,"English,Sinhala",8
S105,Student_105,Male,NSBM,CS,3,Data Science,Data Scientist,Advanced,Gampaha,student_105@student.edu,2.94,remote_only,visual,networking,casual,English,6
S106,Student_106,Male,University of Moratuwa,IT,4,Cybersecurity,Data Scientist,Advanced,Gampaha,student_106@student.edu,2.78,same_city,auditory,networking,structured,"English,Tamil",3
S107,Student_107,Female,IIT Sri Lanka,IT,3,Networking,Lecturer,Advanced,Gampaha,student_107@student.edu,3.3,remote_only,kinesthetic,skill_development,casual,English,2
S108,Student_108,Male,University of Peradeniya,IT,1,Cybersecurity,Security Analyst,Intermediate,Galle,student_108@student.edu,3.97,remote_only,reading,career_guidance,flexible,English,4
S109,Student_109,Male,University of Colombo,Cybersecurity,1,AI/ML,Lecturer,Advanced,Colombo,student_109@student.edu,3.4,remote_only,reading,skill_development,formal,"English,Tamil",3
S110,Student_110,Male,IIT Sri Lanka,Cybersecurity,4,Data Science,Lecturer,Intermediate,Kandy,student_110@student.edu,3.1,any,auditory,skill_development,casual,"English,Sinhala",7
S111,Student_111,Male,SLIIT,SE,2,Data Science,Security Analyst,Beginner,Colombo,student_111@student.edu,2.57,same_city,visual,job_search,formal,English,9
S112,Student_112,Male,University of Kelaniya,Cybersecurity,4,Networking,Lecturer,Beginner,Galle,student_112@student.edu,3.48,same_university,reading,research_guidance,formal,English,7
S113,Student_113,Male,SLIIT,IT,4,Cybersecurity,Security Analyst,Beginner,Galle,student_113@student.edu,2.59,remote_only,auditory,research_guidance,flexible,English,9
S114,Student_114,Female,SLIIT,Cybersecurity,4,AI/ML,Data Scientist,Advanced,Gampaha,student_114@student.edu,3.9,any,visual,networking,formal,"English,Tamil",1
S115,Student_115,Female,NSBM,IT,3,AI/ML,Software Engineer,Intermediate,Kurunegala,student_115@student.edu,3.78,same_city,kinesthetic,research_guidance,flexible,"English,Tamil",6
S116,Student_116,Female,NSBM,Cybersecurity,4,Software Engineering,Software Engineer,Beginner,Kurunegala,student_116@student.edu,3.57,remote_only,visual,skill_development,formal,English,9
S117,Student_117,Female,SLIIT,SE,1,Data Science,Software Engineer,Advanced,Colombo,student_117@student.edu,2.8,same_city,reading,skill_development,casual,"English,Tamil",1
S118,Student_118,Male,University of Colombo,SE,2,Data Science,Software Engineer,Intermediate,Colombo,student_118@student.edu,2.75,same_university,kinesthetic,research_guidance,formal,English,4
S119,Student_119,Male,University of Kelaniya,Data Science,1,Networking,Security Analyst,Intermediate,Kurunegala,student_119@student.edu,2.8,any,auditory,job_search,casual,"English,Tamil",6
S120,Student_120,Female,University of Peradeniya,Cybersecurity,4,Data Science,Data Scientist,Beginner,Colombo,student_120@student.edu,2.72,remote_only,kinesthetic,research_guidance,flexible,English,6
S121,Student_121,Female,SLIIT,CS,3,Data Science,Security Analyst,Intermediate,Kurunegala,student_121@student.edu,2.92,same_university,visual,skill_development,casual,"English,Tamil",3
S122,Student_122,Female,SLIIT,SE,4,Software Engineering,Data Scientist,Intermediate,Kandy,student_122@student.edu,3.87,same_university,auditory,job_search,formal,"English,Sinhala",7
S123,Student_123,Male,NSBM,IT,2,Data Science,Security Analyst,Advanced,Colombo,student_123@student.edu,3.61,any,kinesthetic,job_search,casual,English,5
S124,Student_124,Male,NSBM,CS,3,Networking,Lecturer,Beginner,Kandy,student_124@student.edu,3.07,any,reading,networking,casual,"English,Tamil",7
S125,Student_125,Male,University of Moratuwa,IT,2,Data Science,Software Engineer,Beginner,Colombo,student_125@student.edu,2.98,same_city,visual,skill_development,flexible,English,4
S126,Student_126,Female,University of Peradeniya,CS,3,AI/ML,Data Scientist,Intermediate,Gampaha,student_126@student.edu,3.69,any,kinesthetic,skill_development,structured,"English,Tamil",5
S127,Student_127,Female,SLIIT,SE,3,Cybersecurity,Data Scientist,Advanced,Gampaha,student_127@student.edu,3.46,same_city,reading,career_guidance,casual,"English,Sinhala",3
S128,Student_128,Male,NSBM,Data Science,4,Cybersecurity,Lecturer,Intermediate,Gampaha,student_128@student.edu,3.08,remote_only,visual,job_search,casual,English,9
S129,Student_129,Female,University of Kelaniya,Data Science,4,AI/ML,Security Analyst,Beginner,Galle,student_129@student.edu,3.67,same_university,visual,job_search,formal,"English,Sinhala",1
S130,Student_130,Female,University of Colombo,CS,1,Cybersecurity,Software Engineer,Beginner,Kandy,student_130@student.edu,2.97,same_city,visual,research_guidance,formal,"English,Sinhala",5
S131,Student_131,Female,University of Colombo,Cybersecurity,3,Data Science,Data Scientist,Intermediate,Kandy,student_131@student.edu,3.61,any,kinesthetic,job_search,flexible,English,7
S132,Student_132,Male,NSBM,IT,1,Software Engineering,Lecturer,Intermediate,Gampaha,student_132@student.edu,3.44,same_university,kinesthetic,research_guidance,formal,"English,Sinhala",4
S133,Student_133,Female,SLIIT,SE,2,Networking,Data Scientist,Advanced,Galle,student_133@student.edu,2.78,same_city,visual,research_guidance,formal,"English,Sinhala",3
S134,Student_134,Female,University of Moratuwa,Data Science,1,AI/ML,Security Analyst,Advanced,Galle,student_134@student.edu,2.83,same_university,visual,job_search,casual,"English,Sinhala",4
S135,Student_135,Female,University of Peradeniya,IT,1,Cybersecurity,Lecturer,Advanced,Colombo,student_135@student.edu,3.74,any,visual,networking,casual,English,1
S136,Student_136,Female,IIT Sri Lanka,Cybersecurity,4,Business IT,Security Analyst,Beginner,Kandy,student_136@student.edu,3.87,any,reading,skill_development,structured,English,1
S137,Student_137,Female,University of Peradeniya,Data Science,3,Business IT,Security Analyst,Beginner,Gampaha,student_137@student.edu,2.63,same_university,auditory,job_search,structured,"English,Sinhala",3
S138,Student_138,Male,University of Colombo,Data Science,2,Business IT,Data Scientist,Beginner,Gampaha,student_138@student.edu,3.11,same_city,reading,job_search,formal,"English,Tamil",8
S139,Student_139,Female,University of Peradeniya,IT,2,Cybersecurity,Lecturer,Intermediate,Galle,student_139@student.edu,3.59,same_city,visual,networking,formal,"English,Tamil",3
S140,Student_140,Male,IIT Sri Lanka,Cybersecurity,1,Cybersecurity,Lecturer,Intermediate,Gampaha,student_140@student.edu,2.99,same_city,kinesthetic,career_guidance,flexible,"English,Sinhala",3
S141,Student_141,Male,SLIIT,IT,4,Software Engineering,Software Engineer,Beginner,Kandy,student_141@student.edu,3.73,same_university,reading,skill_development,flexible,"English,Tamil",6
S142,Student_142,Male,IIT Sri Lanka,SE,2,Networking,Lecturer,Beginner,Galle,student_142@student.edu,3.92,remote_only,reading,career_guidance,flexible,"English,Tamil",7
S143,Student_143,Female,SLIIT,IT,1,Cybersecurity,Lecturer,Intermediate,Kandy,student_143@student.edu,3.81,same_university,reading,research_guidance,structured,"English,Tamil",2
S144,Student_144,Male,NSBM,SE,2,Networking,Security Analyst,Beginner,Kurunegala,student_144@student.edu,2.58,same_university,auditory,research_guidance,flexible,"English,Tamil",5
S145,Student_145,Male,University of Colombo,Data Science,4,Software Engineering,Software Engineer,Advanced,Gampaha,student_145@student.edu,3.8,any,kinesthetic,skill_development,casual,English,4
S146,Student_146,Male,NSBM,SE,4,AI/ML,Security Analyst,Intermediate,Colombo,student_146@student.edu,3.44,any,auditory,job_search,structured,"English,Tamil",5
S147,Student_147,Female,University of Kelaniya,Data Science,3,Data Science,Lecturer,Intermediate,Gampaha,student_147@student.edu,2.54,same_city,visual,networking,structured,"English,Tamil",8
S148,Student_148,Female,University of Peradeniya,Cybersecurity,1,AI/ML,Software Engineer,Beginner,Kurunegala,student_148@student.edu,3.47,same_university,visual,research_guidance,casual,"English,Sinhala",8
S149,Student_149,Male,University of Colombo,IT,2,AI/ML,Security Analyst,Advanced,Kurunegala,student_149@student.edu,3.17,any,reading,networking,casual,"English,Sinhala",8
S150,Student_150,Male,University of Peradeniya,Cybersecurity,4,Data Science,Software Engineer,Intermediate,Kurunegala,student_150@student.edu,3.48,remote_only,auditory,research_guidance,formal,English,4
S151,Student_151,Male,University of Moratuwa,CS,3,AI/ML,Software Engineer,Intermediate,Gampaha,student_151@student.edu,3.21,any,visual,networking,structured,English,1
S152,Student_152,Female,University of Moratuwa,Data Science,1,Business IT,Lecturer,Intermediate,Gampaha,student_152@student.edu,2.96,same_university,visual,career_guidance,structured,English,4
S153,Student_153,Male,University of Peradeniya,CS,4,Networking,Security Analyst,Beginner,Kurunegala,student_153@student.edu,2.61,any,auditory,skill_development,flexible,"English,Sinhala",9
S154,Student_154,Male,SLIIT,CS,3,Networking,Software Engineer,Intermediate,Colombo,student_154@student.edu,2.83,remote_only,auditory,job_search,flexible,"English,Sinhala",6
S155,Student_155,Female,IIT Sri Lanka,SE,3,Software Engineering,Data Scientist,Beginner,Galle,student_155@student.edu,2.54,same_city,kinesthetic,job_search,flexible,"English,Tamil",6
S156,Student_156,Male,University of Moratuwa,IT,4,Software Engineering,Data Scientist,Advanced,Gampaha,student_156@student.edu,3.73,any,visual,research_guidance,structured,"English,Tamil",1
S157,Student_157,Male,NSBM,Cybersecurity,1,AI/ML,Software Engineer,Intermediate,Kurunegala,student_157@student.edu,3.03,same_city,auditory,networking,formal,"English,Tamil",7
S158,Student_158,Female,NSBM,CS,2,Software Engineering,Software Engineer,Advanced,Kurunegala,student_158@student.edu,3.7,remote_only,visual,job_search,formal,"English,Sinhala",2
S159,Student_159,Male,NSBM,Data Science,2,Cybersecurity,Lecturer,Intermediate,Kurunegala,student_159@student.edu,3.84,same_city,visual,career_guidance,casual,"English,Tamil",5
S160,Student_160,Female,University of Moratuwa,IT,3,Data Science,Data Scientist,Advanced,Galle,student_160@student.edu,2.6,same_university,reading,networking,structured,"English,Sinhala",3
S161,Student_161,Male,SLIIT,Cybersecurity,1,Networking,Software Engineer,Intermediate,Gampaha,student_161@student.edu,2.78,any,reading,career_guidance,formal,"English,Sinhala",6
S162,Student_162,Female,University of Colombo,Data Science,2,Networking,Software Engineer,Intermediate,Colombo,student_162@student.edu,3.46,remote_only,kinesthetic,research_guidance,structured,English,9
S163,Student_163,Male,IIT Sri Lanka,Cybersecurity,4,Networking,Data Scientist,Beginner,Gampaha,student_163@student.edu,3.89,remote_only,reading,job_search,casual,"English,Tamil",3
S164,Student_164,Male,University of Colombo,IT,1,Data Science,Software Engineer,Intermediate,Gampaha,student_164@student.edu,3.69,any,reading,networking,formal,English,7
S165,Student_165,Female,NSBM,SE,2,Business IT,Lecturer,Intermediate,Gampaha,student_165@student.edu,2.76,same_city,kinesthetic,research_guidance,formal,"English,Tamil",1
S166,Student_166,Male,University of Peradeniya,Cybersecurity,4,Software Engineering,Data Scientist,Intermediate,Gampaha,student_166@student.edu,3.03,same_university,reading,career_guidance,casual,English,5
S167,Student_167,Male,NSBM,IT,3,Software Engineering,Data Scientist,Beginner,Galle,student_167@student.edu,2.53,any,auditory,career_guidance,structured,English,4
S168,Student_168,Female,NSBM,SE,3,AI/ML,Data Scientist,Beginner,Galle,student_168@student.edu,2.62,remote_only,visual,networking,structured,"English,Tamil",6
S169,Student_169,Male,University of Peradeniya,Data Science,3,Business IT,Security Analyst,Intermediate,Kandy,student_169@student.edu,3.62,same_university,visual,research_guidance,flexible,"English,Sinhala",5
S170,Student_170,Male,IIT Sri Lanka,Data Science,2,Data Science,Data Scientist,Beginner,Kandy,student_170@student.edu,3.11,remote_only,kinesthetic,research_guidance,formal,"English,Tamil",8
S171,Student_171,Female,IIT Sri Lanka,Cybersecurity,4,Business IT,Software Engineer,Intermediate,Kandy,student_171@student.edu,3.37,remote_only,reading,networking,casual,"English,Sinhala",2
S172,Student_172,Female,SLIIT,Cybersecurity,3,Business IT,Software Engineer,Advanced,Kurunegala,student_172@student.edu,3.35,remote_only,auditory,networking,structured,English,9
S173,Student_173,Male,University of Kelaniya,SE,4,Software Engineering,Security Analyst,Intermediate,Galle,student_173@student.edu,3.79,same_university,kinesthetic,career_guidance,flexible,"English,Sinhala",9
S174,Student_174,Male,University of Peradeniya,SE,1,Business IT,Software Engineer,Beginner,Gampaha,student_174@student.edu,3.08,same_university,reading,career_guidance,flexible,"English,Sinhala",5
S175,Student_175,Male,University of Kelaniya,SE,2,Software Engineering,Software Engineer,Advanced,Kandy,student_175@student.edu,2.81,same_university,visual,networking,flexible,"English,Sinhala",4
S176,Student_176,Male,University of Moratuwa,CS,2,Networking,Security Analyst,Beginner,Kandy,student_176@student.edu,3.62,any,reading,networking,flexible,English,7
S177,Student_177,Male,University of Moratuwa,Data Science,1,Software Engineering,Data Scientist,Advanced,Kurunegala,student_177@student.edu,2.91,any,visual,research_guidance,flexible,"English,Tamil",6
S178,Student_178,Male,University of Moratuwa,Cybersecurity,4,Data Science,Data Scientist,Intermediate,Kandy,student_178@student.edu,3.05,same_university,visual,career_guidance,structured,English,4
S179,Student_179,Female,NSBM,Data Science,3,Cybersecurity,Security Analyst,Intermediate,Kurunegala,student_179@student.edu,3.72,same_university,kinesthetic,networking,structured,"English,Sinhala",4
S180,Student_180,Male,IIT Sri Lanka,CS,3,Software Engineering,Security Analyst,Advanced,Kandy,student_180@student.edu,2.64,same_university,auditory,job_search,formal,"English,Sinhala",8
S181,Student_181,Male,SLIIT,CS,4,AI/ML,Data Scientist,Advanced,Gampaha,student_181@student.edu,2.89,same_city,auditory,job_search,casual,"English,Sinhala",3
S182,Student_182,Female,IIT Sri Lanka,Data Science,1,Networking,Data Scientist,Intermediate,Kandy,student_182@student.edu,3.69,same_university,visual,career_guidance,casual,"English,Sinhala",9
S183,Student_183,Female,University of Peradeniya,CS,4,Cybersecurity,Lecturer,Beginner,Gampaha,student_183@student.edu,2.75,same_city,visual,research_guidance,casual,English,7
S184,Student_184,Male,IIT Sri Lanka,CS,3,AI/ML,Security Analyst,Beginner,Kandy,student_184@student.edu,2.7,remote_only,kinesthetic,career_guidance,structured,English,3
S185,Student_185,Male,University of Moratuwa,Data Science,2,Software Engineering,Software Engineer,Intermediate,Kurunegala,student_185@student.edu,3.51,same_city,visual,research_guidance,formal,English,3
S186,Student_186,Male,University of Moratuwa,Cybersecurity,3,Networking,Lecturer,Intermediate,Kurunegala,student_186@student.edu,3.79,same_city,kinesthetic,career_guidance,flexible,"English,Tamil",6
S187,Student_187,Male,University of Peradeniya,Cybersecurity,1,Networking,Data Scientist,Intermediate,Gampaha,student_187@student.edu,3.91,same_city,visual,career_guidance,structured,"English,Tamil",7
S188,Student_188,Female,NSBM,IT,4,Cybersecurity,Data Scientist,Intermediate,Gampaha,student_188@student.edu,3.24,same_city,visual,career_guidance,formal,"English,Tamil",9
S189,Student_189,Female,University of Colombo,IT,1,Cybersecurity,Software Engineer,Beginner,Kurunegala,student_189@student.edu,2.96,same_city,reading,job_search,flexible,English,2
S190,Student_190,Male,University of Colombo,Data Science,1,Software Engineering,Lecturer,Advanced,Kurunegala,student_190@student.edu,2.95,remote_only,visual,job_search,casual,"English,Sinhala",8
S191,Student_191,Female,University of Moratuwa,CS,4,Business IT,Lecturer,Beginner,Gampaha,student_191@student.edu,3.77,same_city,visual,research_guidance,structured,"English,Sinhala",2
S192,Student_192,Male,University of Peradeniya,Cybersecurity,1,Software Engineering,Security Analyst,Advanced,Gampaha,student_192@student.edu,3.86,same_university,visual,job_search,structured,"English,Tamil",8
S193,Student_193,Male,University of Kelaniya,IT,1,Business IT,Security Analyst,Advanced,Gampaha,student_193@student.edu,2.8,same_city,auditory,research_guidance,casual,"English,Sinhala",9
S194,Student_194,Female,University of Kelaniya,SE,4,Software Engineering,Data Scientist,Advanced,Kandy,student_194@student.edu,2.67,remote_only,auditory,networking,flexible,"English,Sinhala",6
S195,Student_195,Male,SLIIT,CS,1,Networking,Lecturer,Advanced,Gampaha,student_195@student.edu,3.75,remote_only,reading,research_guidance,flexible,"English,Tamil",2
S196,Student_196,Male,University of Moratuwa,IT,1,Cybersecurity,Lecturer,Intermediate,Kandy,student_196@student.edu,3.48,same_university,kinesthetic,skill_development,formal,English,9
S197,Student_197,Female,University of Kelaniya,Data Science,1,Cybersecurity,Security Analyst,Intermediate,Galle,student_197@student.edu,2.96,same_city,auditory,research_guidance,formal,"English,Sinhala",5
S198,Student_198,Female,University of Peradeniya,Cybersecurity,4,Business IT,Lecturer,Beginner,Gampaha,student_198@student.edu,2.83,any,kinesthetic,career_guidance,casual,"English,Tamil",5
S199,Student_199,Female,IIT Sri Lanka,SE,4,Data Science,Security Analyst,Intermediate,Gampaha,student_199@student.edu,3.08,same_university,kinesthetic,skill_development,structured,"English,Sinhala",3
S200,Student_200,Male,University of Kelaniya,IT,3,AI/ML,Software Engineer,Beginner,Gampaha,student_200@student.edu,3.18,same_university,visual,skill_development,flexible,English,2
S201,Student_201,Female,NSBM,SE,1,Software Engineering,Security Analyst,Intermediate,Colombo,student_201@student.edu,3.55,any,visual,job_search,casual,"English,Tamil",3
S202,Student_202,Female,University of Peradeniya,IT,2,Business IT,Software Engineer,Intermediate,Galle,student_202@student.edu,2.54,any,reading,job_search,casual,English,8
S203,Student_203,Male,SLIIT,SE,4,Cybersecurity,Security Analyst,Advanced,Gampaha,student_203@student.edu,3.19,any,visual,networking,structured,"English,Sinhala",5
S204,Student_204,Male,University of Peradeniya,IT,3,Software Engineering,Data Scientist,Beginner,Kurunegala,student_204@student.edu,3.07,same_city,auditory,skill_development,casual,"English,Tamil",2
S205,Student_205,Male,University of Peradeniya,Data Science,4,Cybersecurity,Data Scientist,Beginner,Kandy,student_205@student.edu,2.88,any,reading,job_search,structured,"English,Sinhala",9
S206,Student_206,Female,SLIIT,Data Science,3,AI/ML,Security Analyst,Intermediate,Kandy,student_206@student.edu,2.81,any,visual,career_guidance,formal,"English,Sinhala",9
S207,Student_207,Male,University of Peradeniya,IT,4,Networking,Security Analyst,Intermediate,Colombo,student_207@student.edu,3.47,same_university,kinesthetic,networking,flexible,"English,Tamil",8
S208,Student_208,Female,University of Kelaniya,SE,3,Business IT,Security Analyst,Beginner,Gampaha,student_208@student.edu,3.45,any,auditory,job_search,formal,"English,Sinhala",9
S209,Student_209,Female,University of Kelaniya,IT,3,AI/ML,Security Analyst,Intermediate,Galle,student_209@student.edu,3.71,remote_only,visual,skill_development,flexible,English,9
S210,Student_210,Male,NSBM,Data Science,3,Business IT,Lecturer,Advanced,Galle,student_210@student.edu,2.65,remote_only,visual,networking,formal,English,2
S211,Student_211,Female,University of Kelaniya,Cybersecurity,1,Business IT,Lecturer,Intermediate,Colombo,student_211@student.edu,3.79,any,auditory,skill_development,formal,"English,Tamil",9
S212,Student_212,Male,University of Peradeniya,SE,2,Networking,Security Analyst,Advanced,Gampaha,student_212@student.edu,3.25,remote_only,visual,career_guidance,flexible,"English,Sinhala",3
S213,Student_213,Male,IIT Sri Lanka,IT,2,Cybersecurity,Security Analyst,Advanced,Kurunegala,student_213@student.edu,3.44,same_city,auditory,research_guidance,flexible,"English,Sinhala",3
S214,Student_214,Male,University of Kelaniya,CS,3,Business IT,Data Scientist,Advanced,Gampaha,student_214@student.edu,3.88,same_university,auditory,career_guidance,formal,"English,Sinhala",9
S215,Student_215,Female,University of Colombo,SE,3,Business IT,Data Scientist,Advanced,Galle,student_215@student.edu,3.64,any,kinesthetic,skill_development,casual,English,1
S216,Student_216,Male,NSBM,IT,4,Cybersecurity,Data Scientist,Intermediate,Gampaha,student_216@student.edu,2.69,same_city,auditory,research_guidance,casual,"English,Tamil",1
S217,Student_217,Female,University of Kelaniya,IT,3,Networking,Data Scientist,Advanced,Kandy,student_217@student.edu,3.29,same_city,reading,networking,structured,"English,Sinhala",3
S218,Student_218,Male,IIT Sri Lanka,Data Science,2,Cybersecurity,Security Analyst,Beginner,Galle,student_218@student.edu,3.68,any,kinesthetic,career_guidance,flexible,English,9
S219,Student_219,Female,IIT Sri Lanka,CS,2,Software Engineering,Security Analyst,Advanced,Kandy,student_219@student.edu,3.12,any,auditory,networking,formal,"English,Tamil",3
S220,Student_220,Male,University of Kelaniya,SE,3,Data Science,Lecturer,Beginner,Kandy,student_220@student.edu,2.78,any,auditory,skill_development,formal,"English,Tamil",9
S221,Student_221,Male,University of Moratuwa,Cybersecurity,4,Data Science,Security Analyst,Advanced,Kandy,student_221@student.edu,3.94,same_university,kinesthetic,networking,casual,English,2
S222,Student_222,Female,University of Colombo,IT,4,Software Engineering,Lecturer,Advanced,Galle,student_222@student.edu,3.0,same_university,kinesthetic,skill_development,structured,"English,Sinhala",1
S223,Student_223,Female,SLIIT,CS,2,Cybersecurity,Software Engineer,Advanced,Kandy,student_223@student.edu,3.49,remote_only,visual,skill_development,flexible,"English,Tamil",3
S224,Student_224,Male,SLIIT,CS,4,Data Science,Software Engineer,Advanced,Colombo,student_224@student.edu,3.41,same_city,auditory,job_search,flexible,"English,Tamil",9
S225,Student_225,Female,University of Colombo,Cybersecurity,2,Software Engineering,Data Scientist,Advanced,Kurunegala,student_225@student.edu,2.61,remote_only,auditory,skill_development,casual,"English,Tamil",8
S226,Student_226,Female,IIT Sri Lanka,SE,1,Data Science,Security Analyst,Intermediate,Colombo,student_226@student.edu,3.75,any,kinesthetic,networking,structured,English,7
S227,Student_227,Male,University of Moratuwa,Data Science,1,AI/ML,Security Analyst,Beginner,Gampaha,student_227@student.edu,3.57,same_university,visual,job_search,structured,English,6
S228,Student_228,Male,University of Kelaniya,IT,2,Business IT,Lecturer,Intermediate,Kurunegala,student_228@student.edu,3.13,same_city,auditory,skill_development,flexible,"English,Tamil",9
S229,Student_229,Female,NSBM,IT,2,Networking,Security Analyst,Advanced,Colombo,student_229@student.edu,2.84,same_city,reading,career_guidance,casual,"English,Sinhala",7
S230,Student_230,Male,University of Moratuwa,SE,2,Data Science,Data Scientist,Intermediate,Kurunegala,student_230@student.edu,3.94,any,visual,networking,formal,"English,Tamil",9
S231,Student_231,Female,University of Moratuwa,Cybersecurity,1,Software Engineering,Software Engineer,Advanced,Kurunegala,student_231@student.edu,2.98,any,kinesthetic,skill_development,structured,"English,Sinhala",4
S232,Student_232,Female,University of Colombo,Data Science,1,Software Engineering,Lecturer,Beginner,Kurunegala,student_232@student.edu,2.68,remote_only,reading,job_search,casual,"English,Tamil",2
S233,Student_233,Male,University of Kelaniya,SE,3,Data Science,Software Engineer,Intermediate,Kurunegala,student_233@student.edu,3.82,remote_only,visual,career_guidance,flexible,"English,Sinhala",4
S234,Student_234,Female,SLIIT,SE,2,Business IT,Security Analyst,Beginner,Colombo,student_234@student.edu,3.68,remote_only,reading,career_guidance,formal,English,6
S235,Student_235,Male,University of Kelaniya,IT,1,Cybersecurity,Data Scientist,Beginner,Galle,student_235@student.edu,3.6,same_university,reading,job_search,casual,"English,Sinhala",3
S236,Student_236,Female,IIT Sri Lanka,Cybersecurity,2,Networking,Security Analyst,Intermediate,Gampaha,student_236@student.edu,3.06,same_university,visual,skill_development,structured,English,3
S237,Student_237,Male,University of Colombo,Data Science,1,Cybersecurity,Software Engineer,Beginner,Galle,student_237@student.edu,3.82,same_university,kinesthetic,skill_development,formal,"English,Tamil",3
S238,Student_238,Male,University of Colombo,Data Science,3,Cybersecurity,Security Analyst,Advanced,Gampaha,student_238@student.edu,3.88,remote_only,kinesthetic,networking,structured,English,9
S239,Student_239,Female,NSBM,SE,4,Business IT,Data Scientist,Beginner,Kandy,student_239@student.edu,3.52,remote_only,kinesthetic,job_search,casual,"English,Sinhala",4
S240,Student_240,Male,SLIIT,Cybersecurity,3,Networking,Data Scientist,Intermediate,Colombo,student_240@student.edu,2.98,same_city,kinesthetic,networking,flexible,English,7
S241,Student_241,Female,SLIIT,SE,3,Business IT,Security Analyst,Beginner,Colombo,student_241@student.edu,3.7,remote_only,reading,networking,structured,English,6
S242,Student_242,Male,University of Kelaniya,Data Science,3,Data Science,Software Engineer,Advanced,Galle,student_242@student.edu,2.73,same_city,visual,career_guidance,structured,"English,Sinhala",8
S243,Student_243,Male,University of Moratuwa,SE,1,Software Engineering,Software Engineer,Advanced,Kurunegala,student_243@student.edu,2.8,same_university,auditory,networking,flexible,English,4
S244,Student_244,Female,University of Kelaniya,Data Science,4,Cybersecurity,Data Scientist,Advanced,Colombo,student_244@student.edu,3.31,same_city,kinesthetic,networking,structured,"English,Sinhala",5
S245,Student_245,Female,SLIIT,Data Science,4,Networking,Software Engineer,Advanced,Gampaha,student_245@student.edu,3.2,remote_only,kinesthetic,research_guidance,structured,"English,Sinhala",4
S246,Student_246,Female,NSBM,Cybersecurity,2,AI/ML,Software Engineer,Beginner,Gampaha,student_246@student.edu,3.53,remote_only,visual,research_guidance,formal,"English,Sinhala",5
S247,Student_247,Female,University of Colombo,IT,3,Software Engineering,Software Engineer,Intermediate,Gampaha,student_247@student.edu,3.46,remote_only,auditory,skill_development,casual,"English,Sinhala",3
S248,Student_248,Female,IIT Sri Lanka,Cybersecurity,4,Networking,Security Analyst,Intermediate,Kurunegala,student_248@student.edu,3.63,remote_only,reading,job_search,formal,"English,Sinhala",2
S249,Student_249,Female,IIT Sri Lanka,Cybersecurity,4,Software Engineering,Data Scientist,Intermediate,Colombo,student_249@student.edu,3.97,same_university,visual,research_guidance,formal,"English,Sinhala",2
S250,Student_250,Male,University of Colombo,SE,3,Cybersecurity,Security Analyst,Intermediate,Kandy,student_250@student.edu,3.84,remote_only,reading,career_guidance,casual,"English,Tamil",3
S251,Student_251,Female,University of Colombo,SE,3,AI/ML,Data Scientist,Intermediate,Colombo,student_251@student.edu,3.35,same_university,visual,job_search,formal,English,8
S252,Student_252,Male,University of Colombo,SE,4,Networking,Security Analyst,Intermediate,Galle,student_252@student.edu,3.85,same_city,visual,career_guidance,structured,"English,Sinhala",5
S253,Student_253,Female,IIT Sri Lanka,Data Science,1,Data Science,Lecturer,Beginner,Kandy,student_253@student.edu,2.92,same_city,visual,career_guidance,structured,"English,Tamil",8
S254,Student_254,Female,University of Moratuwa,IT,1,Cybersecurity,Data Scientist,Beginner,Kurunegala,student_254@student.edu,3.73,remote_only,auditory,networking,flexible,English,4
S255,Student_255,Female,University of Moratuwa,Cybersecurity,1,Software Engineering,Lecturer,Advanced,Kandy,student_255@student.edu,3.23,any,visual,skill_development,formal,"English,Tamil",1
S256,Student_256,Female,IIT Sri Lanka,SE,2,Business IT,Lecturer,Beginner,Galle,student_256@student.edu,3.85,same_university,kinesthetic,networking,flexible,"English,Sinhala",3
S257,Student_257,Male,University of Colombo,CS,3,Data Science,Security Analyst,Advanced,Kandy,student_257@student.edu,3.57,any,auditory,networking,formal,English,9
S258,Student_258,Female,IIT Sri Lanka,IT,4,Business IT,Security Analyst,Intermediate,Kandy,student_258@student.edu,3.05,same_university,visual,job_search,casual,"English,Sinhala",9
S259,Student_259,Male,University of Colombo,Cybersecurity,3,Networking,Software Engineer,Beginner,Colombo,student_259@student.edu,3.63,same_city,auditory,networking,structured,"English,Sinhala",7
S260,Student_260,Male,University of Peradeniya,Cybersecurity,3,Cybersecurity,Security Analyst,Beginner,Kandy,student_260@student.edu,3.26,same_university,visual,networking,structured,English,8
S261,Student_261,Male,NSBM,IT,4,AI/ML,Software Engineer,Advanced,Kandy,student_261@student.edu,3.21,any,reading,research_guidance,casual,"English,Sinhala",3
S262,Student_262,Female,NSBM,Data Science,3,Data Science,Lecturer,Advanced,Kandy,student_262@student.edu,3.21,any,auditory,networking,flexible,"English,Sinhala",1
S263,Student_263,Male,IIT Sri Lanka,SE,2,AI/ML,Data Scientist,Beginner,Colombo,student_263@student.edu,3.39,same_city,kinesthetic,career_guidance,formal,English,8
S264,Student_264,Male,University of Peradeniya,CS,3,AI/ML,Software Engineer,Beginner,Kurunegala,student_264@student.edu,2.67,same_city,auditory,networking,casual,English,5
S265,Student_265,Female,University of Kelaniya,SE,1,Business IT,Security Analyst,Intermediate,Galle,student_265@student.edu,2.71,same_city,auditory,skill_development,casual,"English,Tamil",5
S266,Student_266,Female,IIT Sri Lanka,SE,1,Networking,Software Engineer,Intermediate,Gampaha,student_266@student.edu,3.15,same_university,reading,skill_development,casual,"English,Tamil",5
S267,Student_267,Female,SLIIT,Data Science,1,AI/ML,Security Analyst,Beginner,Colombo,student_267@student.edu,3.12,any,kinesthetic,skill_development,flexible,English,9
S268,Student_268,Female,University of Colombo,Data Science,4,AI/ML,Security Analyst,Beginner,Galle,student_268@student.edu,2.92,same_city,reading,research_guidance,flexible,"English,Tamil",4
S269,Student_269,Female,NSBM,SE,2,Software Engineering,Data Scientist,Beginner,Gampaha,student_269@student.edu,2.75,remote_only,visual,job_search,flexible,"English,Tamil",8
S270,Student_270,Female,University of Colombo,CS,4,Networking,Data Scientist,Advanced,Colombo,student_270@student.edu,3.33,same_university,reading,job_search,casual,English,8
S271,Student_271,Female,University of Peradeniya,Cybersecurity,3,Cybersecurity,Software Engineer,Advanced,Gampaha,student_271@student.edu,2.75,same_city,auditory,skill_development,casual,English,1
S272,Student_272,Female,University of Moratuwa,Cybersecurity,1,Data Science,Security Analyst,Advanced,Colombo,student_272@student.edu,3.08,same_university,visual,career_guidance,structured,English,4
S273,Student_273,Female,University of Peradeniya,IT,4,Software Engineering,Data Scientist,Advanced,Kurunegala,student_273@student.edu,3.87,same_city,visual,research_guidance,structured,"English,Tamil",1
S274,Student_274,Male,University of Kelaniya,Data Science,1,AI/ML,Security Analyst,Beginner,Kurunegala,student_274@student.edu,3.2,remote_only,reading,job_search,formal,English,3
S275,Student_275,Female,IIT Sri Lanka,IT,4,AI/ML,Lecturer,Intermediate,Galle,student_275@student.edu,3.66,any,auditory,career_guidance,casual,English,5
S276,Student_276,Male,SLIIT,Cybersecurity,3,Data Science,Security Analyst,Intermediate,Gampaha,student_276@student.edu,3.46,same_city,kinesthetic,career_guidance,casual,English,8
S277,Student_277,Male,University of Peradeniya,SE,2,Networking,Data Scientist,Beginner,Kandy,student_277@student.edu,3.31,same_university,visual,skill_development,structured,"English,Sinhala",6
S278,Student_278,Male,University of Peradeniya,Data Science,2,Software Engineering,Security Analyst,Intermediate,Gampaha,student_278@student.edu,2.75,any,visual,job_search,structured,"English,Tamil",8
S279,Student_279,Male,NSBM,CS,3,Software Engineering,Data Scientist,Advanced,Colombo,student_279@student.edu,2.63,same_university,visual,career_guidance,casual,English,1
S280,Student_280,Male,SLIIT,Data Science,4,AI/ML,Data Scientist,Advanced,Kandy,student_280@student.edu,3.76,remote_only,kinesthetic,job_search,formal,"English,Sinhala",1
S281,Student_281,Male,University of Colombo,Data Science,4,Networking,Lecturer,Advanced,Kurunegala,student_281@student.edu,3.38,same_university,visual,job_search,formal,English,9
S282,Student_282,Male,University of Peradeniya,IT,3,Cybersecurity,Security Analyst,Intermediate,Gampaha,student_282@student.edu,3.56,same_city,auditory,job_search,structured,English,6
S283,Student_283,Female,University of Moratuwa,IT,3,Software Engineering,Security Analyst,Beginner,Kurunegala,student_283@student.edu,2.5,same_university,auditory,career_guidance,flexible,English,1
S284,Student_284,Female,IIT Sri Lanka,IT,2,Cybersecurity,Lecturer,Intermediate,Colombo,student_284@student.edu,2.52,any,visual,skill_development,structured,"English,Tamil",2
S285,Student_285,Female,University of Kelaniya,SE,2,AI/ML,Security Analyst,Intermediate,Gampaha,student_285@student.edu,2.77,same_university,auditory,networking,flexible,"English,Tamil",4
S286,Student_286,Female,SLIIT,CS,4,Cybersecurity,Lecturer,Intermediate,Colombo,student_286@student.edu,3.76,same_city,auditory,career_guidance,casual,English,3
S287,Student_287,Male,University of Colombo,SE,3,AI/ML,Software Engineer,Beginner,Kandy,student_287@student.edu,3.15,same_city,auditory,research_guidance,formal,"English,Sinhala",7
S288,Student_288,Female,University of Kelaniya,SE,2,Cybersecurity,Software Engineer,Intermediate,Gampaha,student_288@student.edu,3.6,remote_only,visual,skill_development,formal,English,5
S289,Student_289,Female,University of Colombo,Cybersecurity,4,Software Engineering,Software Engineer,Beginner,Colombo,student_289@student.edu,3.29,same_university,auditory,research_guidance,flexible,English,9
S290,Student_290,Male,SLIIT,Cybersecurity,2,Business IT,Data Scientist,Beginner,Colombo,student_290@student.edu,3.25,remote_only,auditory,job_search,casual,English,9
S291,Student_291,Male,University of Kelaniya,IT,3,AI/ML,Data Scientist,Intermediate,Colombo,student_291@student.edu,2.91,any,reading,job_search,flexible,English,3
S292,Student_292,Female,IIT Sri Lanka,SE,1,Software Engineering,Data Scientist,Beginner,Gampaha,student_292@student.edu,3.15,remote_only,reading,skill_development,formal,"English,Sinhala",9
S293,Student_293,Female,University of Kelaniya,CS,4,Business IT,Data Scientist,Beginner,Galle,student_293@student.edu,3.92,same_city,kinesthetic,career_guidance,formal,"English,Tamil",2
S294,Student_294,Female,University of Kelaniya,SE,3,Cybersecurity,Data Scientist,Advanced,Kurunegala,student_294@student.edu,3.23,same_city,reading,skill_development,casual,"English,Sinhala",9
S295,Student_295,Male,NSBM,Cybersecurity,2,Cybersecurity,Data Scientist,Advanced,Colombo,student_295@student.edu,3.86,same_university,visual,skill_development,flexible,"English,Tamil",4
S296,Student_296,Male,IIT Sri Lanka,Cybersecurity,2,Business IT,Software Engineer,Intermediate,Colombo,student_296@student.edu,3.99,same_university,auditory,job_search,formal,"English,Sinhala",8
S297,Student_297,Male,University of Kelaniya,SE,2,Networking,Software Engineer,Intermediate,Galle,student_297@student.edu,2.98,any,kinesthetic,career_guidance,formal,"English,Tamil",9
S298,Student_298,Female,University of Moratuwa,Cybersecurity,3,AI/ML,Software Engineer,Beginner,Galle,student_298@student.edu,2.92,any,kinesthetic,job_search,casual,"English,Tamil",1
S299,Student_299,Male,University of Moratuwa,IT,3,AI/ML,Software Engineer,Intermediate,Gampaha,student_299@student.edu,3.8,same_university,kinesthetic,research_guidance,flexible,"English,Tamil",5
S300,Student_300,Male,University of Colombo,SE,4,Cybersecurity,Security Analyst,Intermediate,Colombo,student_300@student.edu,2.75,same_city,kinesthetic,research_guidance,flexible,"English,Sinhala",2
S301,Student_301,Male,IIT Sri Lanka,Data Science,4,Data Science,Lecturer,Intermediate,Gampaha,student_301@student.edu,3.51,same_city,visual,career_guidance,structured,"English,Sinhala",5
S302,Student_302,Female,University of Moratuwa,IT,4,Cybersecurity,Software Engineer,Advanced,Colombo,student_302@student.edu,3.89,same_city,reading,career_guidance,casual,"English,Tamil",3
S303,Student_303,Male,SLIIT,Cybersecurity,3,Software Engineering,Data Scientist,Intermediate,Gampaha,student_303@student.edu,3.01,same_university,auditory,job_search,casual,"English,Sinhala",6
S304,Student_304,Female,University of Kelaniya,SE,4,AI/ML,Security Analyst,Beginner,Galle,student_304@student.edu,3.22,same_university,auditory,networking,casual,"English,Tamil",1
S305,Student_305,Female,NSBM,Data Science,3,Networking,Security Analyst,Intermediate,Kurunegala,student_305@student.edu,2.89,same_city,auditory,skill_development,casual,"English,Sinhala",1
S306,Student_306,Male,University of Moratuwa,CS,3,Data Science,Lecturer,Intermediate,Kandy,student_306@student.edu,2.75,any,kinesthetic,skill_development,structured,"English,Sinhala",4
S307,Student_307,Female,IIT Sri Lanka,SE,1,Software Engineering,Security Analyst,Beginner,Gampaha,student_307@student.edu,3.74,same_university,auditory,career_guidance,structured,"English,Tamil",5
S308,Student_308,Male,University of Colombo,Cybersecurity,2,Data Science,Lecturer,Advanced,Kurunegala,student_308@student.edu,2.68,remote_only,kinesthetic,research_guidance,structured,"English,Tamil",2
S309,Student_309,Female,University of Moratuwa,IT,2,Networking,Lecturer,Beginner,Kandy,student_309@student.edu,3.74,remote_only,auditory,networking,formal,"English,Tamil",6
S310,Student_310,Male,University of Peradeniya,IT,1,AI/ML,Data Scientist,Intermediate,Galle,student_310@student.edu,2.74,same_university,kinesthetic,career_guidance,formal,English,7
S311,Student_311,Male,SLIIT,IT,4,Data Science,Security Analyst,Advanced,Kurunegala,student_311@student.edu,3.33,remote_only,visual,skill_development,structured,"English,Sinhala",5
S312,Student_312,Male,University of Colombo,IT,2,Cybersecurity,Lecturer,Beginner,Colombo,student_312@student.edu,3.32,any,visual,networking,structured,"English,Tamil",6
S313,Student_313,Female,University of Kelaniya,Data Science,2,Data Science,Security Analyst,Beginner,Galle,student_313@student.edu,2.6,any,reading,skill_development,formal,"English,Sinhala",7
S314,Student_314,Female,University of Peradeniya,Data Science,2,Data Science,Lecturer,Advanced,Kurunegala,student_314@student.edu,2.76,same_city,auditory,career_guidance,formal,"English,Sinhala",4
S315,Student_315,Female,University of Kelaniya,IT,1,AI/ML,Software Engineer,Advanced,Colombo,student_315@student.edu,3.6,any,kinesthetic,networking,flexible,"English,Tamil",5
S316,Student_316,Female,University of Colombo,IT,3,Data Science,Data Scientist,Advanced,Galle,student_316@student.edu,3.36,remote_only,reading,networking,formal,"English,Sinhala",2
S317,Student_317,Male,SLIIT,Cybersecurity,1,Networking,Lecturer,Intermediate,Kurunegala,student_317@student.edu,3.22,same_city,kinesthetic,networking,formal,"English,Sinhala",2
S318,Student_318,Male,IIT Sri Lanka,IT,3,Cybersecurity,Security Analyst,Beginner,Kandy,student_318@student.edu,2.87,same_city,reading,job_search,flexible,English,4
S319,Student_319,Male,NSBM,IT,3,Cybersecurity,Security Analyst,Intermediate,Kandy,student_319@student.edu,3.26,same_city,reading,job_search,casual,"English,Tamil",8
S320,Student_320,Female,University of Moratuwa,Data Science,2,Networking,Lecturer,Beginner,Kandy,student_320@student.edu,3.93,same_city,auditory,skill_development,casual,"English,Tamil",1
S321,Student_321,Female,University of Peradeniya,CS,4,Business IT,Lecturer,Beginner,Gampaha,student_321@student.edu,3.14,same_university,kinesthetic,networking,formal,"English,Sinhala",1
S322,Student_322,Female,University of Kelaniya,IT,1,Networking,Lecturer,Advanced,Gampaha,student_322@student.edu,2.78,any,visual,skill_development,formal,English,5
S323,Student_323,Male,University of Moratuwa,CS,4,Cybersecurity,Software Engineer,Advanced,Kurunegala,student_323@student.edu,2.9,same_university,reading,job_search,formal,"English,Sinhala",6
S324,Student_324,Female,SLIIT,CS,3,Software Engineering,Lecturer,Intermediate,Colombo,student_324@student.edu,3.95,same_university,auditory,research_guidance,flexible,"English,Sinhala",2
S325,Student_325,Male,IIT Sri Lanka,IT,4,Business IT,Security Analyst,Advanced,Galle,student_325@student.edu,2.51,remote_only,auditory,networking,flexible,"English,Tamil",1
S326,Student_326,Male,University of Kelaniya,Data Science,2,Software Engineering,Data Scientist,Beginner,Kandy,student_326@student.edu,3.2,same_university,reading,job_search,flexible,"English,Sinhala",3
S327,Student_327,Female,IIT Sri Lanka,IT,1,AI/ML,Software Engineer,Advanced,Kurunegala,student_327@student.edu,3.54,any,kinesthetic,skill_development,casual,"English,Sinhala",2
S328,Student_328,Female,University of Kelaniya,SE,3,Data Science,Security Analyst,Beginner,Kurunegala,student_328@student.edu,2.99,remote_only,reading,job_search,formal,"English,Tamil",7
S329,Student_329,Male,University of Colombo,Cybersecurity,2,AI/ML,Data Scientist,Beginner,Colombo,student_329@student.edu,3.18,any,reading,skill_development,casual,English,2
S330,Student_330,Male,University of Colombo,Data Science,1,Networking,Security Analyst,Advanced,Kurunegala,student_330@student.edu,3.89,remote_only,auditory,networking,flexible,"English,Tamil",3
S331,Student_331,Male,University of Colombo,CS,4,Networking,Data Scientist,Intermediate,Colombo,student_331@student.edu,3.75,same_city,kinesthetic,research_guidance,structured,"English,Tamil",8
S332,Student_332,Female,University of Peradeniya,IT,4,Data Science,Software Engineer,Beginner,Galle,student_332@student.edu,3.14,same_university,reading,career_guidance,flexible,"English,Sinhala",6
S333,Student_333,Female,SLIIT,IT,3,Cybersecurity,Security Analyst,Beginner,Gampaha,student_333@student.edu,3.15,remote_only,kinesthetic,skill_development,structured,English,1
S334,Student_334,Male,University of Peradeniya,SE,4,Business IT,Software Engineer,Beginner,Kurunegala,student_334@student.edu,2.66,any,kinesthetic,research_guidance,flexible,English,2
S335,Student_335,Female,University of Peradeniya,IT,4,AI/ML,Security Analyst,Advanced,Colombo,student_335@student.edu,3.57,same_city,reading,skill_development,flexible,"English,Sinhala",2
S336,Student_336,Female,NSBM,Cybersecurity,4,Business IT,Lecturer,Beginner,Gampaha,student_336@student.edu,3.78,same_university,auditory,career_guidance,casual,English,1
S337,Student_337,Female,NSBM,IT,1,Software Engineering,Lecturer,Beginner,Kandy,student_337@student.edu,3.46,same_city,auditory,job_search,structured,English,8
S338,Student_338,Male,NSBM,SE,4,Business IT,Security Analyst,Intermediate,Kurunegala,student_338@student.edu,3.72,same_city,visual,job_search,casual,English,6
S339,Student_339,Male,University of Peradeniya,SE,3,Business IT,Security Analyst,Intermediate,Kurunegala,student_339@student.edu,3.56,same_university,kinesthetic,job_search,casual,"English,Sinhala",1
S340,Student_340,Female,NSBM,IT,2,Data Science,Software Engineer,Intermediate,Kurunegala,student_340@student.edu,3.12,same_city,reading,skill_development,flexible,"English,Tamil",5
S341,Student_341,Female,SLIIT,IT,3,Networking,Data Scientist,Advanced,Colombo,student_341@student.edu,3.29,same_university,auditory,job_search,casual,"English,Sinhala",9
S342,Student_342,Male,University of Kelaniya,Data Science,1,AI/ML,Software Engineer,Advanced,Kandy,student_342@student.edu,3.67,any,auditory,networking,casual,"English,Sinhala",9
S343,Student_343,Female,University of Kelaniya,Data Science,2,Cybersecurity,Software Engineer,Intermediate,Colombo,student_343@student.edu,2.77,remote_only,reading,networking,formal,"English,Tamil",3
S344,Student_344,Male,IIT Sri Lanka,IT,1,Cybersecurity,Software Engineer,Intermediate,Kandy,student_344@student.edu,3.02,same_city,kinesthetic,career_guidance,structured,English,1
S345,Student_345,Male,University of Peradeniya,IT,1,AI/ML,Data Scientist,Advanced,Colombo,student_345@student.edu,2.58,remote_only,reading,networking,casual,"English,Tamil",1
S346,Student_346,Female,IIT Sri Lanka,Data Science,4,Networking,Data Scientist,Advanced,Gampaha,student_346@student.edu,3.98,remote_only,reading,research_guidance,formal,"English,Tamil",4
S347,Student_347,Male,University of Colombo,CS,2,Software Engineering,Software Engineer,Advanced,Kandy,student_347@student.edu,3.28,same_university,reading,job_search,structured,English,2
S348,Student_348,Male,University of Peradeniya,SE,3,Cybersecurity,Lecturer,Advanced,Galle,student_348@student.edu,2.62,remote_only,reading,skill_development,structured,"English,Tamil",8
S349,Student_349,Male,University of Colombo,CS,1,Software Engineering,Lecturer,Advanced,Galle,student_349@student.edu,2.93,any,kinesthetic,job_search,structured,English,6
S350,Student_350,Male,University of Moratuwa,Cybersecurity,1,Data Science,Data Scientist,Beginner,Colombo,student_350@student.edu,3.69,remote_only,kinesthetic,job_search,flexible,"English,Tamil",9
S351,Student_351,Male,University of Colombo,Cybersecurity,2,Networking,Software Engineer,Intermediate,Gampaha,student_351@student.edu,2.62,remote_only,visual,skill_development,flexible,"English,Tamil",6
S352,Student_352,Female,University of Kelaniya,IT,4,Business IT,Data Scientist,Intermediate,Kandy,student_352@student.edu,3.1,any,kinesthetic,job_search,flexible,"English,Tamil",7
S353,Student_353,Female,University of Kelaniya,Data Science,4,Software Engineering,Software Engineer,Advanced,Kurunegala,student_353@student.edu,2.8,same_city,visual,research_guidance,structured,English,4
S354,Student_354,Female,NSBM,Cybersecurity,4,Business IT,Lecturer,Advanced,Galle,student_354@student.edu,3.03,same_university,visual,career_guidance,formal,"English,Sinhala",9
S355,Student_355,Female,University of Peradeniya,SE,2,Networking,Software Engineer,Beginner,Galle,student_355@student.edu,3.14,same_university,kinesthetic,skill_development,structured,"English,Tamil",5
S356,Student_356,Male,University of Colombo,SE,1,Data Science,Security Analyst,Beginner,Gampaha,student_356@student.edu,2.62,same_university,reading,job_search,flexible,"English,Sinhala",6
S357,Student_357,Male,University of Moratuwa,CS,2,Networking,Data Scientist,Advanced,Gampaha,student_357@student.edu,2.97,any,visual,skill_development,structured,"English,Sinhala",6
S358,Student_358,Female,University of Colombo,CS,4,Business IT,Software Engineer,Beginner,Kandy,student_358@student.edu,3.65,same_university,kinesthetic,networking,casual,"English,Sinhala",1
S359,Student_359,Male,NSBM,CS,1,Cybersecurity,Software Engineer,Advanced,Colombo,student_359@student.edu,3.43,same_university,reading,research_guidance,formal,"English,Tamil",5
S360,Student_360,Male,University of Moratuwa,Data Science,4,Cybersecurity,Security Analyst,Advanced,Kandy,student_360@student.edu,3.86,remote_only,kinesthetic,career_guidance,casual,"English,Tamil",6
S361,Student_361,Female,University of Moratuwa,Cybersecurity,2,Business IT,Security Analyst,Intermediate,Kurunegala,student_361@student.edu,3.63,same_city,kinesthetic,networking,flexible,English,6
S362,Student_362,Female,University of Peradeniya,SE,1,Data Science,Lecturer,Advanced,Colombo,student_362@student.edu,3.09,same_city,reading,skill_development,flexible,"English,Sinhala",1
S363,Student_363,Male,University of Moratuwa,SE,3,Business IT,Security Analyst,Advanced,Gampaha,student_363@student.edu,3.56,same_city,visual,networking,casual,"English,Sinhala",1
S364,Student_364,Male,University of Moratuwa,Data Science,4,Software Engineering,Data Scientist,Advanced,Gampaha,student_364@student.edu,3.45,remote_only,kinesthetic,research_guidance,flexible,"English,Tamil",2
S365,Student_365,Male,SLIIT,CS,1,Software Engineering,Data Scientist,Intermediate,Kurunegala,student_365@student.edu,3.36,remote_only,reading,research_guidance,casual,"English,Tamil",2
S366,Student_366,Female,IIT Sri Lanka,IT,2,Software Engineering,Security Analyst,Advanced,Gampaha,student_366@student.edu,3.72,any,visual,job_search,formal,"English,Sinhala",9
S367,Student_367,Male,University of Moratuwa,Data Science,4,Software Engineering,Security Analyst,Advanced,Colombo,student_367@student.edu,2.51,same_university,auditory,research_guidance,formal,"English,Sinhala",7
S368,Student_368,Female,University of Colombo,Cybersecurity,2,AI/ML,Data Scientist,Intermediate,Galle,student_368@student.edu,2.66,same_university,auditory,skill_development,casual,English,6
S369,Student_369,Male,NSBM,IT,1,Software Engineering,Data Scientist,Beginner,Gampaha,student_369@student.edu,3.92,remote_only,kinesthetic,skill_development,structured,English,8
S370,Student_370,Male,University of Peradeniya,IT,1,Networking,Lecturer,Intermediate,Colombo,student_370@student.edu,2.55,any,reading,research_guidance,casual,"English,Tamil",7
S371,Student_371,Female,University of Moratuwa,SE,1,Networking,Data Scientist,Beginner,Galle,student_371@student.edu,3.45,any,reading,skill_development,structured,English,1
S372,Student_372,Female,University of Kelaniya,SE,4,Business IT,Data Scientist,Intermediate,Kurunegala,student_372@student.edu,3.24,remote_only,auditory,skill_development,casual,"English,Sinhala",5
S373,Student_373,Female,NSBM,IT,4,Software Engineering,Data Scientist,Advanced,Colombo,student_373@student.edu,2.79,same_city,reading,networking,casual,English,5
S374,Student_374,Male,IIT Sri Lanka,CS,3,Business IT,Security Analyst,Beginner,Colombo,student_374@student.edu,3.54,remote_only,auditory,skill_development,structured,"English,Sinhala",3
S375,Student_375,Male,University of Peradeniya,Cybersecurity,3,Cybersecurity,Software Engineer,Beginner,Kurunegala,student_375@student.edu,3.16,any,kinesthetic,skill_development,structured,"English,Sinhala",7
S376,Student_376,Female,SLIIT,IT,3,AI/ML,Security Analyst,Advanced,Gampaha,student_376@student.edu,2.89,remote_only,reading,career_guidance,structured,"English,Tamil",6
S377,Student_377,Male,SLIIT,Data Science,1,Cybersecurity,Lecturer,Intermediate,Kurunegala,student_377@student.edu,2.82,same_city,reading,skill_development,formal,English,5
S378,Student_378,Female,SLIIT,CS,1,Business IT,Data Scientist,Beginner,Kandy,student_378@student.edu,2.66,any,visual,career_guidance,formal,English,8
S379,Student_379,Female,IIT Sri Lanka,SE,1,Networking,Data Scientist,Intermediate,Kandy,student_379@student.edu,3.39,same_city,reading,job_search,casual,"English,Tamil",1
S380,Student_380,Female,University of Kelaniya,Data Science,4,AI/ML,Software Engineer,Advanced,Galle,student_380@student.edu,3.66,remote_only,reading,research_guidance,formal,"English,Sinhala",5
S381,Student_381,Male,NSBM,CS,1,Software Engineering,Lecturer,Intermediate,Galle,student_381@student.edu,2.54,same_university,visual,career_guidance,formal,"English,Sinhala",1
S382,Student_382,Male,IIT Sri Lanka,SE,1,Software Engineering,Lecturer,Advanced,Kandy,student_382@student.edu,3.29,remote_only,kinesthetic,job_search,casual,"English,Tamil",8
S383,Student_383,Female,IIT Sri Lanka,Cybersecurity,1,Cybersecurity,Security Analyst,Advanced,Galle,student_383@student.edu,3.6,same_university,auditory,networking,formal,English,8
S384,Student_384,Male,SLIIT,SE,1,AI/ML,Software Engineer,Intermediate,Kurunegala,student_384@student.edu,3.7,same_city,reading,job_search,casual,English,7
S385,Student_385,Female,University of Colombo,CS,1,AI/ML,Software Engineer,Intermediate,Galle,student_385@student.edu,3.82,remote_only,kinesthetic,career_guidance,casual,"English,Tamil",3
S386,Student_386,Female,SLIIT,CS,1,Business IT,Lecturer,Intermediate,Kandy,student_386@student.edu,2.95,remote_only,reading,job_search,casual,English,3
S387,Student_387,Male,University of Moratuwa,SE,2,Business IT,Lecturer,Intermediate,Kurunegala,student_387@student.edu,3.75,remote_only,reading,job_search,flexible,English,3
S388,Student_388,Male,University of Kelaniya,Data Science,4,Data Science,Security Analyst,Advanced,Galle,student_388@student.edu,3.08,same_university,auditory,networking,casual,"English,Sinhala",1
S389,Student_389,Female,University of Peradeniya,IT,4,AI/ML,Data Scientist,Beginner,Galle,student_389@student.edu,3.86,remote_only,kinesthetic,networking,structured,English,2
S390,Student_390,Male,IIT Sri Lanka,SE,4,AI/ML,Data Scientist,Advanced,Colombo,student_390@student.edu,3.6,same_city,visual,networking,structured,English,2
S391,Student_391,Male,NSBM,Cybersecurity,1,Software Engineering,Data Scientist,Intermediate,Kurunegala,student_391@student.edu,2.52,same_city,kinesthetic,research_guidance,formal,"English,Tamil",9
S392,Student_392,Female,University of Colombo,Cybersecurity,2,Software Engineering,Software Engineer,Beginner,Colombo,student_392@student.edu,2.93,remote_only,auditory,skill_development,flexible,"English,Tamil",9
S393,Student_393,Female,University of Kelaniya,Cybersecurity,1,Software Engineering,Lecturer,Beginner,Kandy,student_393@student.edu,2.61,remote_only,auditory,job_search,flexible,English,8
S394,Student_394,Female,University of Kelaniya,IT,3,Networking,Security Analyst,Intermediate,Colombo,student_394@student.edu,2.97,same_university,visual,job_search,casual,"English,Sinhala",8
S395,Student_395,Female,University of Colombo,CS,4,Business IT,Security Analyst,Intermediate,Colombo,student_395@student.edu,2.89,any,reading,skill_development,flexible,"English,Tamil",2
S396,Student_396,Male,University of Moratuwa,CS,2,AI/ML,Security Analyst,Beginner,Kandy,student_396@student.edu,2.85,any,visual,networking,structured,English,5
S397,Student_397,Female,IIT Sri Lanka,Data Science,2,Software Engineering,Lecturer,Advanced,Colombo,student_397@student.edu,3.02,any,reading,skill_development,structured,English,1
S398,Student_398,Male,IIT Sri Lanka,SE,4,Networking,Security Analyst,Advanced,Kurunegala,student_398@student.edu,3.17,remote_only,auditory,research_guidance,flexible,English,8
S399,Student_399,Female,University of Moratuwa,CS,3,Networking,Data Scientist,Beginner,Galle,student_399@student.edu,2.96,remote_only,visual,career_guidance,structured,"English,Sinhala",9
S400,Student_400,Male,University of Kelaniya,Cybersecurity,1,Cybersecurity,Security Analyst,Beginner,Kandy,student_400@student.edu,3.62,same_city,visual,skill_development,casual,"English,Tamil",7
S401,Student_401,Female,University of Peradeniya,Data Science,3,Data Science,Data Scientist,Intermediate,Kandy,student_401@student.edu,3.03,same_university,reading,career_guidance,structured,"English,Tamil",6
S402,Student_402,Male,SLIIT,CS,3,AI/ML,Data Scientist,Intermediate,Kurunegala,student_402@student.edu,3.78,same_university,auditory,job_search,flexible,"English,Sinhala",8
S403,Student_403,Male,University of Peradeniya,Cybersecurity,1,Cybersecurity,Data Scientist,Intermediate,Galle,student_403@student.edu,3.75,remote_only,visual,career_guidance,flexible,"English,Tamil",8
S404,Student_404,Male,University of Moratuwa,IT,3,AI/ML,Security Analyst,Intermediate,Kandy,student_404@student.edu,2.73,any,visual,research_guidance,structured,"English,Tamil",3
S405,Student_405,Male,NSBM,CS,2,Data Science,Lecturer,Intermediate,Colombo,student_405@student.edu,2.62,any,kinesthetic,job_search,casual,"English,Sinhala",2
S406,Student_406,Male,University of Peradeniya,CS,3,AI/ML,Lecturer,Intermediate,Kandy,student_406@student.edu,3.18,same_university,auditory,research_guidance,structured,"English,Sinhala",1
S407,Student_407,Male,University of Moratuwa,CS,2,Data Science,Data Scientist,Advanced,Colombo,student_407@student.edu,3.59,any,reading,career_guidance,casual,"English,Sinhala",7
S408,Student_408,Female,University of Peradeniya,SE,3,Software Engineering,Lecturer,Beginner,Kurunegala,student_408@student.edu,2.99,same_university,visual,skill_development,structured,"English,Tamil",3
S409,Student_409,Male,University of Kelaniya,CS,2,Networking,Security Analyst,Intermediate,Gampaha,student_409@student.edu,3.17,remote_only,visual,networking,formal,"English,Sinhala",9
S410,Student_410,Female,NSBM,Data Science,3,Cybersecurity,Lecturer,Intermediate,Gampaha,student_410@student.edu,3.89,same_city,auditory,skill_development,flexible,"English,Tamil",3
S411,Student_411,Male,University of Peradeniya,SE,1,Data Science,Lecturer,Intermediate,Gampaha,student_411@student.edu,3.82,any,auditory,job_search,flexible,English,1
S412,Student_412,Female,SLIIT,IT,3,Cybersecurity,Data Scientist,Intermediate,Galle,student_412@student.edu,2.55,any,auditory,research_guidance,casual,"English,Sinhala",3
S413,Student_413,Male,University of Peradeniya,CS,4,AI/ML,Software Engineer,Beginner,Colombo,student_413@student.edu,3.56,remote_only,visual,skill_development,flexible,"English,Sinhala",7
S414,Student_414,Female,University of Kelaniya,Data Science,3,Data Science,Data Scientist,Advanced,Kurunegala,student_414@student.edu,3.57,same_university,reading,skill_development,flexible,"English,Sinhala",7
S415,Student_415,Male,University of Peradeniya,Cybersecurity,3,Software Engineering,Software Engineer,Advanced,Kurunegala,student_415@student.edu,3.14,same_city,reading,job_search,structured,English,6
S416,Student_416,Female,University of Kelaniya,SE,3,Business IT,Software Engineer,Intermediate,Colombo,student_416@student.edu,3.07,same_city,kinesthetic,skill_development,casual,English,6
S417,Student_417,Male,University of Peradeniya,CS,1,Business IT,Data Scientist,Advanced,Kandy,student_417@student.edu,3.13,same_city,kinesthetic,job_search,structured,"English,Sinhala",6
S418,Student_418,Female,SLIIT,Data Science,3,Networking,Security Analyst,Intermediate,Gampaha,student_418@student.edu,2.53,any,auditory,skill_development,structured,English,1
S419,Student_419,Male,IIT Sri Lanka,SE,3,AI/ML,Lecturer,Beginner,Colombo,student_419@student.edu,2.84,any,kinesthetic,skill_development,structured,"English,Tamil",5
S420,Student_420,Male,University of Kelaniya,Data Science,4,Cybersecurity,Security Analyst,Advanced,Gampaha,student_420@student.edu,2.65,any,reading,job_search,structured,"English,Sinhala",6
S421,Student_421,Female,University of Moratuwa,CS,2,Business IT,Lecturer,Advanced,Gampaha,student_421@student.edu,3.58,same_city,reading,networking,formal,"English,Tamil",3
S422,Student_422,Female,University of Colombo,SE,3,Networking,Data Scientist,Intermediate,Kandy,student_422@student.edu,3.37,same_university,reading,job_search,structured,English,8
S423,Student_423,Male,University of Kelaniya,CS,4,Business IT,Software Engineer,Intermediate,Kurunegala,student_423@student.edu,3.68,any,visual,research_guidance,formal,"English,Tamil",1
S424,Student_424,Male,University of Peradeniya,CS,1,AI/ML,Security Analyst,Advanced,Kandy,student_424@student.edu,3.67,same_city,auditory,career_guidance,casual,English,4
S425,Student_425,Male,University of Colombo,Cybersecurity,3,AI/ML,Data Scientist,Beginner,Kandy,student_425@student.edu,3.9,same_university,reading,skill_development,flexible,"English,Sinhala",7
S426,Student_426,Male,SLIIT,SE,2,AI/ML,Security Analyst,Intermediate,Galle,student_426@student.edu,3.5,any,auditory,job_search,structured,English,9
S427,Student_427,Male,University of Peradeniya,Cybersecurity,1,Cybersecurity,Security Analyst,Beginner,Galle,student_427@student.edu,3.61,same_university,visual,skill_development,flexible,English,3
S428,Student_428,Female,IIT Sri Lanka,CS,2,Networking,Data Scientist,Beginner,Galle,student_428@student.edu,2.52,same_university,kinesthetic,job_search,flexible,"English,Tamil",1
S429,Student_429,Female,University of Colombo,Cybersecurity,1,Networking,Lecturer,Intermediate,Gampaha,student_429@student.edu,3.23,same_university,visual,career_guidance,formal,"English,Sinhala",4
S430,Student_430,Female,University of Colombo,SE,1,Business IT,Software Engineer,Beginner,Galle,student_430@student.edu,3.44,any,auditory,skill_development,formal,"English,Tamil",6
S431,Student_431,Male,University of Colombo,SE,2,Data Science,Software Engineer,Advanced,Kandy,student_431@student.edu,2.91,same_university,auditory,career_guidance,casual,"English,Tamil",5
S432,Student_432,Female,IIT Sri Lanka,IT,2,Software Engineering,Software Engineer,Beginner,Gampaha,student_432@student.edu,3.2,remote_only,kinesthetic,research_guidance,flexible,English,6
S433,Student_433,Female,SLIIT,Cybersecurity,3,Business IT,Software Engineer,Beginner,Kandy,student_433@student.edu,2.64,same_city,visual,networking,casual,English,2
S434,Student_434,Female,IIT Sri Lanka,Data Science,1,Cybersecurity,Software Engineer,Intermediate,Galle,student_434@student.edu,3.5,any,kinesthetic,skill_development,casual,"English,Sinhala",7
S435,Student_435,Male,IIT Sri Lanka,Data Science,1,Software Engineering,Software Engineer,Intermediate,Galle,student_435@student.edu,3.28,any,reading,career_guidance,formal,English,7
S436,Student_436,Female,IIT Sri Lanka,Data Science,2,Networking,Software Engineer,Beginner,Gampaha,student_436@student.edu,2.55,same_city,kinesthetic,skill_development,structured,"English,Tamil",3
S437,Student_437,Female,University of Kelaniya,CS,3,Cybersecurity,Security Analyst,Beginner,Kandy,student_437@student.edu,3.96,same_city,kinesthetic,skill_development,structured,"English,Tamil",3
S438,Student_438,Male,University of Moratuwa,Data Science,4,Networking,Security Analyst,Advanced,Kurunegala,student_438@student.edu,3.85,remote_only,kinesthetic,job_search,formal,"English,Sinhala",1
S439,Student_439,Male,University of Colombo,Data Science,1,Data Science,Security Analyst,Beginner,Colombo,student_439@student.edu,3.3,same_university,visual,career_guidance,structured,English,5
S440,Student_440,Male,IIT Sri Lanka,SE,4,Cybersecurity,Lecturer,Advanced,Galle,student_440@student.edu,2.74,remote_only,visual,job_search,flexible,"English,Sinhala",1
S441,Student_441,Female,SLIIT,Data Science,4,AI/ML,Data Scientist,Beginner,Kandy,student_441@student.edu,3.8,remote_only,reading,skill_development,flexible,"English,Tamil",8
S442,Student_442,Male,University of Peradeniya,Cybersecurity,3,AI/ML,Lecturer,Advanced,Kurunegala,student_442@student.edu,2.92,any,kinesthetic,skill_development,structured,English,9
S443,Student_443,Female,University of Peradeniya,IT,2,Business IT,Data Scientist,Beginner,Kandy,student_443@student.edu,2.52,remote_only,reading,skill_development,formal,English,8
S444,Student_444,Male,IIT Sri Lanka,IT,3,Data Science,Data Scientist,Intermediate,Colombo,student_444@student.edu,3.8,same_city,reading,networking,flexible,"English,Tamil",8
S445,Student_445,Female,University of Kelaniya,CS,4,Networking,Security Analyst,Intermediate,Kurunegala,student_445@student.edu,3.06,remote_only,reading,career_guidance,flexible,"English,Sinhala",4
S446,Student_446,Female,IIT Sri Lanka,SE,4,AI/ML,Data Scientist,Beginner,Galle,student_446@student.edu,3.51,remote_only,kinesthetic,skill_development,structured,"English,Tamil",8
S447,Student_447,Female,University of Peradeniya,CS,2,Software Engineering,Security Analyst,Intermediate,Kurunegala,student_447@student.edu,3.85,any,reading,research_guidance,structured,"English,Tamil",9
S448,Student_448,Female,University of Moratuwa,CS,4,Business IT,Lecturer,Beginner,Gampaha,student_448@student.edu,3.16,same_university,reading,career_guidance,structured,"English,Tamil",1
S449,Student_449,Male,NSBM,Cybersecurity,1,Data Science,Security Analyst,Beginner,Kurunegala,student_449@student.edu,3.57,same_university,reading,networking,formal,"English,Tamil",7
S450,Student_450,Female,NSBM,IT,2,AI/ML,Software Engineer,Advanced,Colombo,student_450@student.edu,3.62,any,visual,career_guidance,structured,"English,Sinhala",3
S451,Student_451,Male,University of Colombo,SE,2,Software Engineering,Data Scientist,Intermediate,Gampaha,student_451@student.edu,2.94,remote_only,kinesthetic,job_search,flexible,"English,Tamil",6
S452,Student_452,Female,NSBM,SE,3,Software Engineering,Security Analyst,Advanced,Gampaha,student_452@student.edu,3.36,any,auditory,networking,formal,"English,Sinhala",6
S453,Student_453,Male,SLIIT,Data Science,3,Data Science,Software Engineer,Beginner,Kandy,student_453@student.edu,3.28,same_city,visual,networking,structured,"English,Sinhala",4
S454,Student_454,Male,University of Kelaniya,CS,4,AI/ML,Data Scientist,Intermediate,Gampaha,student_454@student.edu,2.55,remote_only,visual,networking,flexible,"English,Sinhala",5
S455,Student_455,Female,SLIIT,CS,1,Software Engineering,Data Scientist,Advanced,Galle,student_455@student.edu,3.85,same_city,auditory,career_guidance,flexible,"English,Tamil",4
S456,Student_456,Male,IIT Sri Lanka,CS,1,AI/ML,Security Analyst,Advanced,Kurunegala,student_456@student.edu,2.82,any,auditory,networking,structured,"English,Sinhala",5
S457,Student_457,Female,University of Colombo,IT,1,AI/ML,Data Scientist,Beginner,Kurunegala,student_457@student.edu,3.83,remote_only,visual,job_search,structured,"English,Tamil",1
S458,Student_458,Female,NSBM,CS,2,Business IT,Software Engineer,Advanced,Kurunegala,student_458@student.edu,2.76,same_university,reading,skill_development,structured,English,9
S459,Student_459,Female,University of Colombo,SE,3,Cybersecurity,Security Analyst,Advanced,Gampaha,student_459@student.edu,2.9,same_city,visual,networking,formal,"English,Tamil",8
S460,Student_460,Male,University of Colombo,Data Science,3,Software Engineering,Security Analyst,Intermediate,Kandy,student_460@student.edu,3.47,any,reading,research_guidance,structured,English,7
S461,Student_461,Female,SLIIT,SE,1,Software Engineering,Software Engineer,Advanced,Kandy,student_461@student.edu,3.41,remote_only,reading,research_guidance,casual,English,1
S462,Student_462,Female,University of Colombo,SE,1,Cybersecurity,Software Engineer,Beginner,Galle,student_462@student.edu,2.54,same_university,reading,networking,casual,English,4
S463,Student_463,Female,University of Colombo,CS,4,AI/ML,Security Analyst,Intermediate,Kandy,student_463@student.edu,3.08,same_city,auditory,skill_development,flexible,English,5
S464,Student_464,Female,IIT Sri Lanka,Data Science,4,Networking,Lecturer,Beginner,Colombo,student_464@student.edu,2.77,remote_only,visual,career_guidance,casual,"English,Tamil",1
S465,Student_465,Female,University of Colombo,SE,2,AI/ML,Security Analyst,Advanced,Kandy,student_465@student.edu,3.53,remote_only,auditory,networking,formal,English,5
S466,Student_466,Male,IIT Sri Lanka,Data Science,1,Business IT,Data Scientist,Intermediate,Galle,student_466@student.edu,3.69,same_city,visual,research_guidance,formal,"English,Tamil",3
S467,Student_467,Male,IIT Sri Lanka,IT,2,Business IT,Lecturer,Advanced,Kandy,student_467@student.edu,3.27,same_city,visual,career_guidance,casual,English,9
S468,Student_468,Female,SLIIT,CS,4,Networking,Lecturer,Advanced,Colombo,student_468@student.edu,2.69,any,visual,research_guidance,formal,"English,Sinhala",2
S469,Student_469,Male,University of Kelaniya,Data Science,3,Business IT,Security Analyst,Beginner,Kandy,student_469@student.edu,3.31,remote_only,reading,career_guidance,structured,English,9
S470,Student_470,Female,SLIIT,IT,1,Software Engineering,Software Engineer,Beginner,Colombo,student_470@student.edu,3.05,any,auditory,research_guidance,flexible,"English,Sinhala",8
S471,Student_471,Female,NSBM,Data Science,1,Software Engineering,Data Scientist,Intermediate,Kandy,student_471@student.edu,3.22,same_university,kinesthetic,career_guidance,formal,"English,Tamil",9
S472,Student_472,Female,NSBM,SE,1,Data Science,Lecturer,Beginner,Colombo,student_472@student.edu,3.67,same_university,reading,career_guidance,casual,English,6
S473,Student_473,Female,University of Moratuwa,CS,1,Networking,Lecturer,Intermediate,Colombo,student_473@student.edu,3.51,any,visual,career_guidance,flexible,English,5
S474,Student_474,Male,NSBM,SE,1,Cybersecurity,Lecturer,Beginner,Kurunegala,student_474@student.edu,3.66,same_city,auditory,career_guidance,flexible,"English,Tamil",1
S475,Student_475,Female,University of Kelaniya,Data Science,2,Business IT,Lecturer,Intermediate,Kurunegala,student_475@student.edu,2.75,any,visual,career_guidance,structured,English,6
S476,Student_476,Female,IIT Sri Lanka,Data Science,2,Cybersecurity,Lecturer,Intermediate,Kandy,student_476@student.edu,3.73,same_university,kinesthetic,research_guidance,structured,English,8
S477,Student_477,Female,University of Kelaniya,CS,1,Data Science,Data Scientist,Advanced,Kurunegala,student_477@student.edu,3.99,any,auditory,networking,structured,"English,Sinhala",4
S478,Student_478,Male,University of Moratuwa,CS,2,Cybersecurity,Software Engineer,Intermediate,Gampaha,student_478@student.edu,2.85,same_city,reading,skill_development,structured,English,5
S479,Student_479,Male,University of Peradeniya,IT,3,Networking,Security Analyst,Beginner,Kurunegala,student_479@student.edu,3.12,same_city,visual,networking,structured,"English,Sinhala",9
S480,Student_480,Male,IIT Sri Lanka,SE,2,Data Science,Security Analyst,Beginner,Kandy,student_480@student.edu,3.67,remote_only,reading,research_guidance,casual,English,4
S481,Student_481,Female,University of Kelaniya,Cybersecurity,2,Data Science,Security Analyst,Beginner,Colombo,student_481@student.edu,2.99,any,kinesthetic,job_search,formal,English,5
S482,Student_482,Female,University of Moratuwa,Data Science,4,Business IT,Lecturer,Intermediate,Gampaha,student_482@student.edu,3.95,same_city,kinesthetic,job_search,formal,"English,Sinhala",7
S483,Student_483,Female,University of Moratuwa,IT,2,Cybersecurity,Software Engineer,Advanced,Gampaha,student_483@student.edu,3.39,remote_only,visual,skill_development,formal,English,3
S484,Student_484,Female,SLIIT,IT,1,Software Engineering,Data Scientist,Intermediate,Kurunegala,student_484@student.edu,3.06,same_city,kinesthetic,job_search,casual,"English,Tamil",5
S485,Student_485,Female,University of Colombo,SE,1,Data Science,Lecturer,Beginner,Colombo,student_485@student.edu,3.54,remote_only,auditory,job_search,formal,English,9
S486,Student_486,Male,University of Moratuwa,CS,4,Data Science,Lecturer,Advanced,Kurunegala,student_486@student.edu,2.98,remote_only,reading,job_search,flexible,"English,Sinhala",8
S487,Student_487,Female,University of Peradeniya,Cybersecurity,3,Cybersecurity,Lecturer,Beginner,Kurunegala,student_487@student.edu,3.19,same_city,visual,research_guidance,casual,English,9
S488,Student_488,Female,University of Colombo,IT,2,Data Science,Software Engineer,Beginner,Gampaha,student_488@student.edu,2.71,same_university,kinesthetic,networking,formal,"English,Sinhala",4
S489,Student_489,Female,SLIIT,CS,1,Business IT,Security Analyst,Advanced,Colombo,student_489@student.edu,3.86,remote_only,visual,research_guidance,formal,"English,Tamil",5
S490,Student_490,Female,University of Kelaniya,SE,4,Cybersecurity,Lecturer,Intermediate,Gampaha,student_490@student.edu,2.76,any,visual,career_guidance,structured,English,7
S491,Student_491,Female,University of Moratuwa,SE,1,Business IT,Software Engineer,Beginner,Kandy,student_491@student.edu,2.91,any,kinesthetic,career_guidance,structured,"English,Tamil",5
S492,Student_492,Male,University of Kelaniya,CS,2,Cybersecurity,Software Engineer,Beginner,Gampaha,student_492@student.edu,3.84,remote_only,reading,job_search,formal,"English,Sinhala",7
S493,Student_493,Male,NSBM,CS,3,Data Science,Lecturer,Beginner,Colombo,student_493@student.edu,3.49,same_university,auditory,networking,structured,"English,Tamil",6
S494,Student_494,Male,IIT Sri Lanka,CS,1,AI/ML,Data Scientist,Advanced,Colombo,student_494@student.edu,3.3,same_city,visual,skill_development,casual,"English,Tamil",4
S495,Student_495,Female,SLIIT,SE,4,Software Engineering,Data Scientist,Advanced,Gampaha,student_495@student.edu,2.7,any,auditory,career_guidance,formal,"English,Tamil",2
S496,Student_496,Male,NSBM,SE,2,Networking,Lecturer,Advanced,Kurunegala,student_496@student.edu,2.64,remote_only,visual,research_guidance,formal,English,9
S497,Student_497,Male,IIT Sri Lanka,CS,3,Cybersecurity,Lecturer,Intermediate,Kandy,student_497@student.edu,3.04,any,kinesthetic,networking,structured,English,2
S498,Student_498,Male,University of Colombo,Data Science,4,Software Engineering,Lecturer,Beginner,Kurunegala,student_498@student.edu,3.31,same_university,auditory,research_guidance,flexible,"English,Sinhala",5
S499,Student_499,Female,NSBM,SE,1,Business IT,Lecturer,Intermediate,Galle,student_499@student.edu,3.51,remote_only,auditory,job_search,flexible,"English,Tamil",6
S500,Student_500,Male,University of Peradeniya,Cybersecurity,3,Cybersecurity,Lecturer,Advanced,Kurunegala,student_500@student.edu,3.09,any,visual,career_guidance,structured,"English,Tamil",1
S501,Student_501,Male,IIT Sri Lanka,IT,3,Data Science,Software Engineer,Advanced,Galle,student_501@student.edu,2.83,same_university,visual,networking,flexible,"English,Sinhala",7
S502,Student_502,Male,University of Colombo,CS,1,Data Science,Security Analyst,Beginner,Galle,student_502@student.edu,3.3,same_university,auditory,job_search,structured,"English,Sinhala",9
S503,Student_503,Male,University of Moratuwa,Data Science,1,AI/ML,Lecturer,Intermediate,Kandy,student_503@student.edu,3.17,any,reading,research_guidance,structured,"English,Tamil",4
S504,Student_504,Male,University of Peradeniya,IT,2,Software Engineering,Security Analyst,Intermediate,Kurunegala,student_504@student.edu,3.87,any,kinesthetic,research_guidance,flexible,"English,Tamil",9
S505,Student_505,Male,NSBM,SE,4,Software Engineering,Data Scientist,Intermediate,Gampaha,student_505@student.edu,3.45,remote_only,kinesthetic,networking,structured,"English,Sinhala",7
S506,Student_506,Female,University of Peradeniya,Cybersecurity,2,Data Science,Security Analyst,Advanced,Kandy,student_506@student.edu,2.61,same_university,reading,research_guidance,flexible,English,2
S507,Student_507,Male,IIT Sri Lanka,Cybersecurity,1,Data Science,Lecturer,Beginner,Galle,student_507@student.edu,3.97,any,kinesthetic,networking,formal,English,7
S508,Student_508,Male,University of Peradeniya,SE,3,Data Science,Data Scientist,Intermediate,Colombo,student_508@student.edu,3.89,any,reading,research_guidance,structured,English,3
S509,Student_509,Female,NSBM,Cybersecurity,3,Data Science,Security Analyst,Intermediate,Galle,student_509@student.edu,2.79,same_city,visual,career_guidance,structured,"English,Tamil",1
S510,Student_510,Female,University of Moratuwa,Data Science,1,Data Science,Lecturer,Intermediate,Kurunegala,student_510@student.edu,3.92,remote_only,kinesthetic,networking,casual,"English,Sinhala",3
S511,Student_511,Male,IIT Sri Lanka,CS,3,Data Science,Data Scientist,Intermediate,Galle,student_511@student.edu,2.74,any,reading,research_guidance,structured,"English,Sinhala",5
S512,Student_512,Male,University of Peradeniya,Data Science,2,Networking,Software Engineer,Intermediate,Kandy,student_512@student.edu,3.78,any,auditory,networking,structured,"English,Sinhala",3
S513,Student_513,Male,University of Moratuwa,CS,1,Networking,Software Engineer,Intermediate,Kandy,student_513@student.edu,2.65,any,reading,networking,flexible,"English,Sinhala",9
S514,Student_514,Female,University of Kelaniya,Data Science,4,Business IT,Lecturer,Advanced,Kurunegala,student_514@student.edu,3.35,any,auditory,skill_development,formal,"English,Tamil",4
S515,Student_515,Male,SLIIT,Cybersecurity,4,Software Engineering,Data Scientist,Advanced,Kandy,student_515@student.edu,3.43,same_university,kinesthetic,networking,formal,English,5
S516,Student_516,Female,University of Moratuwa,Cybersecurity,1,Cybersecurity,Software Engineer,Intermediate,Gampaha,student_516@student.edu,3.79,same_city,reading,networking,flexible,"English,Tamil",4
S517,Student_517,Male,University of Moratuwa,SE,1,AI/ML,Security Analyst,Advanced,Galle,student_517@student.edu,3.63,remote_only,auditory,networking,structured,"English,Sinhala",1
S518,Student_518,Male,NSBM,Cybersecurity,4,Business IT,Lecturer,Intermediate,Kurunegala,student_518@student.edu,3.93,any,visual,career_guidance,structured,English,1
S519,Student_519,Female,University of Kelaniya,Cybersecurity,4,Business IT,Software Engineer,Beginner,Colombo,student_519@student.edu,3.31,remote_only,kinesthetic,networking,flexible,"English,Tamil",8
S520,Student_520,Male,SLIIT,Cybersecurity,1,Networking,Security Analyst,Beginner,Colombo,student_520@student.edu,3.35,same_city,kinesthetic,networking,flexible,"English,Tamil",6
S521,Student_521,Male,IIT Sri Lanka,SE,1,Business IT,Software Engineer,Intermediate,Kandy,student_521@student.edu,2.6,same_city,visual,career_guidance,casual,"English,Tamil",4
S522,Student_522,Female,University of Kelaniya,Data Science,4,Data Science,Software Engineer,Advanced,Galle,student_522@student.edu,3.45,any,kinesthetic,job_search,structured,"English,Tamil",5
S523,Student_523,Female,NSBM,Data Science,2,Business IT,Lecturer,Beginner,Kandy,student_523@student.edu,2.77,same_university,kinesthetic,skill_development,flexible,"English,Tamil",5
S524,Student_524,Female,University of Colombo,SE,1,Business IT,Lecturer,Intermediate,Gampaha,student_524@student.edu,2.59,same_city,visual,job_search,structured,"English,Sinhala",5
S525,Student_525,Male,SLIIT,Data Science,2,Data Science,Data Scientist,Advanced,Galle,student_525@student.edu,2.53,remote_only,reading,job_search,casual,"English,Tamil",3
S526,Student_526,Male,University of Kelaniya,CS,3,AI/ML,Security Analyst,Beginner,Colombo,student_526@student.edu,3.29,remote_only,kinesthetic,career_guidance,casual,"English,Sinhala",1
S527,Student_527,Female,University of Peradeniya,Cybersecurity,2,Cybersecurity,Security Analyst,Beginner,Kurunegala,student_527@student.edu,3.44,same_city,visual,research_guidance,formal,English,7
S528,Student_528,Male,NSBM,IT,1,Business IT,Software Engineer,Advanced,Gampaha,student_528@student.edu,3.01,remote_only,visual,job_search,formal,"English,Sinhala",4
S529,Student_529,Female,SLIIT,Data Science,1,AI/ML,Software Engineer,Intermediate,Galle,student_529@student.edu,3.87,any,reading,networking,structured,English,2
S530,Student_530,Female,NSBM,CS,4,Data Science,Security Analyst,Advanced,Galle,student_530@student.edu,3.74,same_university,reading,skill_development,structured,"English,Tamil",2
S531,Student_531,Male,University of Colombo,Data Science,1,Software Engineering,Data Scientist,Intermediate,Kandy,student_531@student.edu,3.57,same_city,reading,job_search,casual,"English,Tamil",8
S532,Student_532,Male,University of Moratuwa,Data Science,4,Networking,Software Engineer,Beginner,Kurunegala,student_532@student.edu,3.29,any,auditory,job_search,flexible,English,6
S533,Student_533,Male,University of Colombo,SE,1,Data Science,Data Scientist,Beginner,Galle,student_533@student.edu,3.38,any,reading,job_search,casual,English,4
S534,Student_534,Female,IIT Sri Lanka,Data Science,1,Networking,Data Scientist,Beginner,Galle,student_534@student.edu,3.52,same_city,kinesthetic,skill_development,casual,"English,Tamil",8
S535,Student_535,Female,University of Peradeniya,Cybersecurity,3,Networking,Security Analyst,Intermediate,Kurunegala,student_535@student.edu,3.18,remote_only,kinesthetic,job_search,flexible,"English,Sinhala",4
S536,Student_536,Male,NSBM,Cybersecurity,4,Software Engineering,Lecturer,Advanced,Galle,student_536@student.edu,3.14,same_city,reading,research_guidance,casual,English,6
S537,Student_537,Female,University of Peradeniya,Data Science,4,Software Engineering,Data Scientist,Intermediate,Kurunegala,student_537@student.edu,2.56,remote_only,kinesthetic,job_search,flexible,English,8
S538,Student_538,Female,University of Colombo,Data Science,1,Data Science,Security Analyst,Advanced,Kandy,student_538@student.edu,3.34,same_city,kinesthetic,career_guidance,formal,"English,Sinhala",8
S539,Student_539,Female,University of Moratuwa,Cybersecurity,3,Networking,Software Engineer,Intermediate,Galle,student_539@student.edu,3.74,same_university,auditory,research_guidance,casual,English,4
S540,Student_540,Female,University of Colombo,SE,2,Data Science,Security Analyst,Intermediate,Colombo,student_540@student.edu,3.69,same_university,visual,skill_development,flexible,English,7
S541,Student_541,Female,IIT Sri Lanka,SE,2,Business IT,Data Scientist,Advanced,Kurunegala,student_541@student.edu,2.68,same_university,reading,job_search,flexible,"English,Tamil",3
S542,Student_542,Male,University of Colombo,Cybersecurity,4,Business IT,Software Engineer,Advanced,Colombo,student_542@student.edu,3.08,remote_only,visual,job_search,casual,"English,Sinhala",9
S543,Student_543,Female,SLIIT,Cybersecurity,4,Cybersecurity,Lecturer,Intermediate,Kurunegala,student_543@student.edu,3.45,any,kinesthetic,networking,formal,"English,Tamil",3
S544,Student_544,Male,SLIIT,IT,3,AI/ML,Lecturer,Intermediate,Galle,student_544@student.edu,3.11,same_city,reading,networking,casual,"English,Tamil",4
S545,Student_545,Male,University of Kelaniya,Cybersecurity,3,Networking,Software Engineer,Beginner,Galle,student_545@student.edu,2.75,remote_only,visual,career_guidance,structured,"English,Tamil",6
S546,Student_546,Female,University of Peradeniya,IT,3,Networking,Software Engineer,Intermediate,Gampaha,student_546@student.edu,3.83,same_university,auditory,job_search,casual,"English,Tamil",8
S547,Student_547,Male,University of Kelaniya,Cybersecurity,3,Networking,Security Analyst,Advanced,Colombo,student_547@student.edu,3.42,remote_only,visual,networking,formal,English,6
S548,Student_548,Male,NSBM,SE,1,Software Engineering,Data Scientist,Intermediate,Kandy,student_548@student.edu,3.05,remote_only,auditory,skill_development,flexible,English,4
S549,Student_549,Male,SLIIT,Cybersecurity,1,Software Engineering,Data Scientist,Advanced,Gampaha,student_549@student.edu,2.79,same_university,kinesthetic,research_guidance,casual,"English,Tamil",4
S550,Student_550,Male,University of Moratuwa,CS,1,Cybersecurity,Security Analyst,Advanced,Colombo,student_550@student.edu,3.82,any,kinesthetic,career_guidance,structured,English,4
S551,Student_551,Female,University of Moratuwa,Data Science,3,Business IT,Security Analyst,Beginner,Gampaha,student_551@student.edu,3.59,remote_only,reading,skill_development,casual,"English,Tamil",9
S552,Student_552,Male,University of Peradeniya,SE,2,Business IT,Data Scientist,Advanced,Galle,student_552@student.edu,3.38,same_university,auditory,skill_development,flexible,"English,Sinhala",9
S553,Student_553,Female,University of Peradeniya,IT,1,AI/ML,Software Engineer,Beginner,Galle,student_553@student.edu,2.96,remote_only,visual,job_search,structured,"English,Sinhala",2
S554,Student_554,Male,SLIIT,IT,1,AI/ML,Lecturer,Beginner,Colombo,student_554@student.edu,3.41,same_city,kinesthetic,networking,flexible,English,3
S555,Student_555,Male,University of Peradeniya,Data Science,2,AI/ML,Lecturer,Intermediate,Gampaha,student_555@student.edu,2.51,remote_only,visual,skill_development,flexible,English,9
S556,Student_556,Male,University of Peradeniya,CS,2,AI/ML,Data Scientist,Beginner,Kurunegala,student_556@student.edu,2.79,any,reading,skill_development,casual,English,5
S557,Student_557,Male,University of Colombo,CS,4,Data Science,Software Engineer,Beginner,Kandy,student_557@student.edu,3.47,same_university,visual,research_guidance,structured,"English,Tamil",3
S558,Student_558,Female,SLIIT,IT,1,Software Engineering,Lecturer,Intermediate,Galle,student_558@student.edu,3.73,same_city,auditory,career_guidance,flexible,"English,Sinhala",3
S559,Student_559,Female,University of Kelaniya,Data Science,2,Cybersecurity,Security Analyst,Beginner,Gampaha,student_559@student.edu,2.76,same_university,auditory,research_guidance,formal,English,1
S560,Student_560,Female,University of Kelaniya,CS,1,Software Engineering,Software Engineer,Advanced,Kurunegala,student_560@student.edu,3.22,same_university,kinesthetic,career_guidance,formal,"English,Sinhala",9
S561,Student_561,Male,SLIIT,Cybersecurity,2,Cybersecurity,Software Engineer,Advanced,Kandy,student_561@student.edu,2.52,any,visual,networking,structured,"English,Sinhala",8
S562,Student_562,Female,University of Kelaniya,IT,1,Data Science,Software Engineer,Intermediate,Gampaha,student_562@student.edu,3.35,remote_only,auditory,skill_development,casual,English,3
S563,Student_563,Male,SLIIT,Cybersecurity,1,Business IT,Software Engineer,Advanced,Colombo,student_563@student.edu,3.96,same_city,reading,research_guidance,structured,"English,Tamil",7
S564,Student_564,Male,University of Kelaniya,Data Science,4,Business IT,Lecturer,Advanced,Kandy,student_564@student.edu,2.56,same_university,kinesthetic,career_guidance,formal,"English,Sinhala",2
S565,Student_565,Male,University of Peradeniya,Cybersecurity,3,Cybersecurity,Security Analyst,Advanced,Kurunegala,student_565@student.edu,3.7,same_university,reading,job_search,casual,"English,Tamil",2
S566,Student_566,Female,University of Moratuwa,Data Science,3,Business IT,Software Engineer,Beginner,Kurunegala,student_566@student.edu,3.2,same_university,reading,career_guidance,casual,English,5
S567,Student_567,Female,NSBM,IT,4,Software Engineering,Security Analyst,Beginner,Colombo,student_567@student.edu,3.37,same_city,visual,networking,structured,English,1
S568,Student_568,Female,University of Moratuwa,Data Science,2,Software Engineering,Data Scientist,Beginner,Colombo,student_568@student.edu,2.65,remote_only,auditory,career_guidance,casual,"English,Sinhala",7
S569,Student_569,Male,IIT Sri Lanka,IT,1,AI/ML,Data Scientist,Advanced,Galle,student_569@student.edu,3.15,same_university,visual,career_guidance,formal,"English,Sinhala",5
S570,Student_570,Female,University of Kelaniya,IT,2,Data Science,Lecturer,Beginner,Gampaha,student_570@student.edu,3.07,remote_only,auditory,job_search,casual,"English,Tamil",1
S571,Student_571,Male,University of Kelaniya,IT,1,Software Engineering,Data Scientist,Advanced,Gampaha,student_571@student.edu,2.94,same_university,auditory,skill_development,flexible,"English,Sinhala",2
S572,Student_572,Male,University of Moratuwa,CS,4,Cybersecurity,Data Scientist,Beginner,Colombo,student_572@student.edu,3.54,remote_only,visual,networking,formal,"English,Tamil",5
S573,Student_573,Male,University of Moratuwa,SE,4,Business IT,Software Engineer,Beginner,Colombo,student_573@student.edu,2.65,same_university,visual,research_guidance,structured,"English,Tamil",5
S574,Student_574,Male,University of Kelaniya,SE,2,Data Science,Data Scientist,Advanced,Galle,student_574@student.edu,3.06,same_city,kinesthetic,networking,flexible,English,4
S575,Student_575,Male,SLIIT,CS,2,Data Science,Software Engineer,Beginner,Kandy,student_575@student.edu,2.8,same_university,auditory,career_guidance,casual,"English,Sinhala",7
S576,Student_576,Female,SLIIT,Cybersecurity,2,Software Engineering,Lecturer,Beginner,Colombo,student_576@student.edu,2.77,same_university,visual,networking,structured,"English,Sinhala",9
S577,Student_577,Female,IIT Sri Lanka,Data Science,3,Cybersecurity,Data Scientist,Beginner,Kandy,student_577@student.edu,3.36,any,kinesthetic,research_guidance,formal,"English,Sinhala",2
S578,Student_578,Female,NSBM,IT,3,Software Engineering,Data Scientist,Advanced,Colombo,student_578@student.edu,3.76,remote_only,auditory,skill_development,formal,"English,Tamil",3
S579,Student_579,Female,University of Kelaniya,CS,3,Networking,Security Analyst,Advanced,Gampaha,student_579@student.edu,2.63,same_university,auditory,research_guidance,flexible,English,5
S580,Student_580,Male,SLIIT,Data Science,3,Software Engineering,Data Scientist,Beginner,Galle,student_580@student.edu,3.08,same_city,reading,research_guidance,casual,"English,Tamil",5
S581,Student_581,Female,University of Peradeniya,Cybersecurity,1,Business IT,Lecturer,Beginner,Kandy,student_581@student.edu,3.03,same_city,auditory,networking,formal,"English,Tamil",3
S582,Student_582,Female,University of Colombo,Cybersecurity,3,Software Engineering,Lecturer,Intermediate,Kandy,student_582@student.edu,3.15,same_university,reading,research_guidance,structured,English,4
S583,Student_583,Male,NSBM,Data Science,1,Business IT,Data Scientist,Advanced,Kurunegala,student_583@student.edu,3.18,same_city,reading,research_guidance,casual,"English,Sinhala",9
S584,Student_584,Male,SLIIT,Cybersecurity,3,Data Science,Data Scientist,Intermediate,Kandy,student_584@student.edu,2.56,remote_only,visual,career_guidance,casual,English,9
S585,Student_585,Male,IIT Sri Lanka,Data Science,4,Cybersecurity,Data Scientist,Advanced,Colombo,student_585@student.edu,2.94,same_university,kinesthetic,career_guidance,formal,"English,Sinhala",5
S586,Student_586,Male,NSBM,IT,2,AI/ML,Security Analyst,Beginner,Colombo,student_586@student.edu,3.25,remote_only,visual,research_guidance,formal,English,3
S587,Student_587,Female,University of Colombo,Cybersecurity,4,Business IT,Software Engineer,Beginner,Kandy,student_587@student.edu,2.9,remote_only,kinesthetic,career_guidance,formal,English,2
S588,Student_588,Female,University of Kelaniya,SE,3,Software Engineering,Lecturer,Intermediate,Kandy,student_588@student.edu,3.77,any,visual,networking,casual,"English,Sinhala",7
S589,Student_589,Male,IIT Sri Lanka,SE,4,Software Engineering,Security Analyst,Advanced,Galle,student_589@student.edu,3.22,same_university,kinesthetic,networking,flexible,"English,Sinhala",6
S590,Student_590,Male,NSBM,IT,4,Cybersecurity,Security Analyst,Beginner,Colombo,student_590@student.edu,2.63,same_university,reading,skill_development,flexible,"English,Sinhala",3
S591,Student_591,Female,University of Peradeniya,IT,2,Networking,Data Scientist,Advanced,Colombo,student_591@student.edu,2.83,same_city,auditory,career_guidance,flexible,English,3
S592,Student_592,Male,University of Kelaniya,IT,1,Cybersecurity,Lecturer,Intermediate,Kandy,student_592@student.edu,2.9,any,auditory,job_search,flexible,"English,Tamil",2
S593,Student_593,Female,University of Kelaniya,Data Science,4,Software Engineering,Software Engineer,Advanced,Kurunegala,student_593@student.edu,3.09,remote_only,reading,networking,structured,"English,Tamil",6
S594,Student_594,Male,University of Moratuwa,Data Science,1,Data Science,Security Analyst,Beginner,Colombo,student_594@student.edu,2.85,same_university,reading,skill_development,structured,"English,Sinhala",8
S595,Student_595,Male,University of Moratuwa,IT,4,Cybersecurity,Software Engineer,Beginner,Kandy,student_595@student.edu,2.82,same_city,auditory,job_search,formal,"English,Tamil",2
S596,Student_596,Male,University of Kelaniya,Data Science,2,Networking,Lecturer,Intermediate,Colombo,student_596@student.edu,3.75,same_university,visual,skill_development,formal,English,4
S597,Student_597,Female,IIT Sri Lanka,Data Science,3,AI/ML,Software Engineer,Advanced,Gampaha,student_597@student.edu,3.8,same_city,visual,research_guidance,structured,"English,Tamil",2
S598,Student_598,Male,University of Colombo,Data Science,3,Networking,Security Analyst,Intermediate,Colombo,student_598@student.edu,3.87,same_university,visual,skill_development,formal,"English,Tamil",9
S599,Student_599,Female,NSBM,CS,4,Software Engineering,Software Engineer,Beginner,Kurunegala,student_599@student.edu,3.0,remote_only,visual,research_guidance,structured,English,4
S600,Student_600,Female,University of Kelaniya,IT,3,Data Science,Lecturer,Beginner,Kurunegala,student_600@student.edu,2.98,remote_only,reading,research_guidance,flexible,English,6
S601,Student_601,Male,University of Kelaniya,SE,3,AI/ML,Security Analyst,Beginner,Galle,student_601@student.edu,3.97,any,auditory,job_search,flexible,"English,Tamil",8
S602,Student_602,Female,NSBM,CS,1,Networking,Lecturer,Advanced,Galle,student_602@student.edu,3.57,any,auditory,skill_development,casual,"English,Tamil",4
S603,Student_603,Male,University of Colombo,Cybersecurity,4,Data Science,Lecturer,Advanced,Kandy,student_603@student.edu,3.85,same_city,reading,networking,flexible,English,5
S604,Student_604,Male,University of Colombo,SE,2,Cybersecurity,Software Engineer,Beginner,Kurunegala,student_604@student.edu,3.64,remote_only,kinesthetic,skill_development,formal,"English,Tamil",9
S605,Student_605,Male,SLIIT,SE,3,AI/ML,Software Engineer,Beginner,Kandy,student_605@student.edu,3.2,any,reading,research_guidance,formal,"English,Sinhala",3
S606,Student_606,Female,SLIIT,IT,4,Data Science,Security Analyst,Advanced,Galle,student_606@student.edu,2.88,same_city,reading,skill_development,structured,English,2
S607,Student_607,Female,University of Kelaniya,SE,1,Business IT,Lecturer,Beginner,Kandy,student_607@student.edu,3.49,same_city,auditory,skill_development,casual,"English,Sinhala",6
S608,Student_608,Male,University of Moratuwa,Cybersecurity,4,Data Science,Software Engineer,Advanced,Kandy,student_608@student.edu,2.97,any,reading,skill_development,casual,"English,Sinhala",3
S609,Student_609,Male,University of Peradeniya,IT,2,Business IT,Security Analyst,Intermediate,Galle,student_609@student.edu,3.44,any,auditory,skill_development,casual,English,1
S610,Student_610,Male,University of Moratuwa,SE,3,Networking,Data Scientist,Intermediate,Gampaha,student_610@student.edu,3.51,same_university,reading,networking,casual,"English,Tamil",2
S611,Student_611,Female,University of Colombo,SE,1,AI/ML,Security Analyst,Beginner,Kurunegala,student_611@student.edu,3.23,any,kinesthetic,networking,formal,"English,Tamil",1
S612,Student_612,Female,University of Colombo,SE,3,Data Science,Security Analyst,Beginner,Kurunegala,student_612@student.edu,3.62,same_university,kinesthetic,job_search,casual,"English,Tamil",6
S613,Student_613,Male,NSBM,SE,4,Software Engineering,Lecturer,Intermediate,Galle,student_613@student.edu,3.12,remote_only,auditory,research_guidance,formal,English,4
S614,Student_614,Male,University of Peradeniya,SE,3,Data Science,Security Analyst,Beginner,Kandy,student_614@student.edu,3.41,any,visual,career_guidance,flexible,"English,Tamil",7
S615,Student_615,Female,University of Moratuwa,Data Science,1,Networking,Security Analyst,Beginner,Kurunegala,student_615@student.edu,3.15,same_university,reading,skill_development,flexible,English,9
S616,Student_616,Male,University of Colombo,SE,2,Networking,Lecturer,Beginner,Kandy,student_616@student.edu,2.86,any,auditory,career_guidance,flexible,"English,Sinhala",6
S617,Student_617,Female,University of Peradeniya,Data Science,4,Data Science,Software Engineer,Beginner,Kurunegala,student_617@student.edu,3.92,remote_only,auditory,networking,formal,English,2
S618,Student_618,Male,NSBM,Data Science,3,Cybersecurity,Security Analyst,Intermediate,Kandy,student_618@student.edu,2.73,any,auditory,networking,formal,"English,Sinhala",2
S619,Student_619,Male,University of Peradeniya,Cybersecurity,3,Cybersecurity,Security Analyst,Intermediate,Colombo,student_619@student.edu,3.63,any,reading,research_guidance,structured,English,5
S620,Student_620,Male,University of Peradeniya,Cybersecurity,1,Data Science,Software Engineer,Advanced,Galle,student_620@student.edu,3.75,same_city,visual,networking,casual,English,1
S621,Student_621,Female,SLIIT,CS,2,AI/ML,Data Scientist,Advanced,Galle,student_621@student.edu,3.83,same_university,reading,networking,casual,"English,Sinhala",4
S622,Student_622,Female,SLIIT,Data Science,3,Business IT,Lecturer,Intermediate,Kandy,student_622@student.edu,3.4,any,reading,networking,flexible,"English,Sinhala",8
S623,Student_623,Female,University of Kelaniya,CS,3,Business IT,Software Engineer,Beginner,Gampaha,student_623@student.edu,3.9,same_university,reading,research_guidance,formal,English,6
S624,Student_624,Male,NSBM,SE,4,Cybersecurity,Security Analyst,Beginner,Kurunegala,student_624@student.edu,3.48,same_university,visual,job_search,casual,"English,Sinhala",8
S625,Student_625,Female,University of Moratuwa,IT,4,Data Science,Data Scientist,Advanced,Kurunegala,student_625@student.edu,3.25,same_university,auditory,research_guidance,structured,English,6
S626,Student_626,Female,SLIIT,SE,1,Software Engineering,Data Scientist,Beginner,Kurunegala,student_626@student.edu,3.26,same_university,reading,career_guidance,casual,"English,Tamil",3
S627,Student_627,Female,SLIIT,IT,4,Cybersecurity,Lecturer,Intermediate,Kurunegala,student_627@student.edu,3.71,remote_only,visual,career_guidance,formal,English,9
S628,Student_628,Male,NSBM,IT,2,Business IT,Software Engineer,Beginner,Colombo,student_628@student.edu,3.04,same_university,auditory,networking,structured,English,7
S629,Student_629,Male,IIT Sri Lanka,Cybersecurity,2,AI/ML,Lecturer,Intermediate,Kandy,student_629@student.edu,3.82,same_city,kinesthetic,networking,flexible,"English,Tamil",4
S630,Student_630,Male,University of Peradeniya,SE,1,Software Engineering,Lecturer,Beginner,Colombo,student_630@student.edu,3.2,same_university,kinesthetic,career_guidance,casual,"English,Tamil",6
S631,Student_631,Female,NSBM,SE,2,Cybersecurity,Data Scientist,Advanced,Kandy,student_631@student.edu,2.95,remote_only,auditory,networking,casual,English,8
S632,Student_632,Male,NSBM,Data Science,4,Data Science,Lecturer,Advanced,Gampaha,student_632@student.edu,3.24,remote_only,reading,career_guidance,flexible,"English,Sinhala",7
S633,Student_633,Female,SLIIT,SE,3,Networking,Security Analyst,Advanced,Kandy,student_633@student.edu,3.06,same_university,visual,job_search,casual,English,7
S634,Student_634,Male,University of Moratuwa,IT,4,Data Science,Software Engineer,Beginner,Gampaha,student_634@student.edu,2.75,same_city,auditory,skill_development,flexible,"English,Sinhala",9
S635,Student_635,Male,University of Kelaniya,IT,4,Business IT,Lecturer,Advanced,Kandy,student_635@student.edu,3.8,remote_only,visual,career_guidance,flexible,"English,Sinhala",2
S636,Student_636,Female,IIT Sri Lanka,Data Science,3,Business IT,Software Engineer,Advanced,Kandy,student_636@student.edu,4.0,same_city,reading,networking,structured,English,4
S637,Student_637,Female,IIT Sri Lanka,Cybersecurity,1,Business IT,Data Scientist,Advanced,Gampaha,student_637@student.edu,3.99,same_university,auditory,skill_development,structured,"English,Tamil",7
S638,Student_638,Male,University of Peradeniya,IT,2,Data Science,Software Engineer,Beginner,Colombo,student_638@student.edu,2.89,same_city,reading,research_guidance,structured,English,6
S639,Student_639,Female,University of Moratuwa,SE,3,Networking,Security Analyst,Beginner,Kurunegala,student_639@student.edu,2.62,any,auditory,career_guidance,flexible,"English,Sinhala",2
S640,Student_640,Female,University of Moratuwa,IT,1,Business IT,Data Scientist,Advanced,Kandy,student_640@student.edu,3.41,same_city,visual,job_search,structured,"English,Sinhala",2
S641,Student_641,Male,University of Kelaniya,Cybersecurity,2,AI/ML,Software Engineer,Beginner,Colombo,student_641@student.edu,3.32,remote_only,auditory,skill_development,formal,English,5
S642,Student_642,Female,University of Kelaniya,IT,2,Software Engineering,Data Scientist,Advanced,Gampaha,student_642@student.edu,3.79,any,visual,research_guidance,structured,English,5
S643,Student_643,Female,University of Moratuwa,Cybersecurity,2,Data Science,Security Analyst,Beginner,Colombo,student_643@student.edu,3.27,same_university,kinesthetic,research_guidance,flexible,"English,Sinhala",6
S644,Student_644,Male,IIT Sri Lanka,Data Science,1,Business IT,Data Scientist,Advanced,Kandy,student_644@student.edu,2.71,any,auditory,skill_development,casual,"English,Tamil",6
S645,Student_645,Female,University of Kelaniya,IT,1,AI/ML,Software Engineer,Advanced,Kurunegala,student_645@student.edu,3.41,same_city,auditory,research_guidance,casual,English,3
S646,Student_646,Male,University of Peradeniya,SE,2,Software Engineering,Data Scientist,Beginner,Gampaha,student_646@student.edu,3.52,same_university,kinesthetic,skill_development,flexible,"English,Sinhala",8
S647,Student_647,Female,IIT Sri Lanka,Cybersecurity,2,Data Science,Lecturer,Beginner,Colombo,student_647@student.edu,2.92,remote_only,visual,networking,structured,English,9
S648,Student_648,Female,University of Peradeniya,Data Science,4,AI/ML,Software Engineer,Beginner,Kurunegala,student_648@student.edu,3.5,same_university,visual,job_search,casual,"English,Sinhala",7
S649,Student_649,Female,NSBM,IT,1,Software Engineering,Software Engineer,Beginner,Colombo,student_649@student.edu,3.29,same_city,kinesthetic,networking,flexible,"English,Tamil",2
S650,Student_650,Male,University of Colombo,Cybersecurity,4,Software Engineering,Data Scientist,Advanced,Kandy,student_650@student.edu,3.18,same_university,visual,career_guidance,casual,"English,Tamil",3
S651,Student_651,Male,University of Moratuwa,IT,3,AI/ML,Security Analyst,Beginner,Kurunegala,student_651@student.edu,3.04,any,kinesthetic,skill_development,casual,"English,Sinhala",7
S652,Student_652,Female,University of Kelaniya,Cybersecurity,2,AI/ML,Security Analyst,Beginner,Gampaha,student_652@student.edu,3.85,same_university,kinesthetic,skill_development,flexible,"English,Sinhala",8
S653,Student_653,Female,IIT Sri Lanka,CS,2,Cybersecurity,Security Analyst,Beginner,Kurunegala,student_653@student.edu,3.71,remote_only,visual,job_search,structured,"English,Tamil",4
S654,Student_654,Male,University of Peradeniya,Cybersecurity,4,Business IT,Software Engineer,Advanced,Gampaha,student_654@student.edu,3.36,any,kinesthetic,career_guidance,casual,"English,Sinhala",2
S655,Student_655,Male,University of Kelaniya,Data Science,4,AI/ML,Lecturer,Advanced,Kandy,student_655@student.edu,2.6,same_city,kinesthetic,networking,casual,"English,Sinhala",8
S656,Student_656,Male,SLIIT,IT,1,Cybersecurity,Data Scientist,Beginner,Gampaha,student_656@student.edu,2.65,remote_only,kinesthetic,research_guidance,formal,English,4
S657,Student_657,Male,IIT Sri Lanka,CS,1,AI/ML,Lecturer,Intermediate,Colombo,student_657@student.edu,2.92,same_university,visual,job_search,formal,"English,Tamil",9
S658,Student_658,Male,NSBM,IT,1,AI/ML,Software Engineer,Intermediate,Kurunegala,student_658@student.edu,3.88,same_city,reading,career_guidance,structured,"English,Sinhala",7
S659,Student_659,Male,University of Moratuwa,Cybersecurity,3,Networking,Software Engineer,Beginner,Kurunegala,student_659@student.edu,3.3,any,visual,networking,casual,English,7
S660,Student_660,Female,IIT Sri Lanka,CS,1,Business IT,Lecturer,Advanced,Kandy,student_660@student.edu,2.54,any,reading,networking,structured,"English,Tamil",9
S661,Student_661,Female,University of Peradeniya,IT,1,Cybersecurity,Security Analyst,Advanced,Kurunegala,student_661@student.edu,3.44,same_university,visual,job_search,flexible,"English,Tamil",8
S662,Student_662,Female,NSBM,CS,4,Data Science,Security Analyst,Intermediate,Gampaha,student_662@student.edu,2.61,any,reading,skill_development,flexible,"English,Sinhala",2
S663,Student_663,Female,University of Colombo,Cybersecurity,2,Data Science,Lecturer,Beginner,Kandy,student_663@student.edu,3.2,same_university,kinesthetic,job_search,structured,"English,Tamil",7
S664,Student_664,Male,University of Peradeniya,Data Science,4,Networking,Security Analyst,Advanced,Kandy,student_664@student.edu,2.8,any,visual,career_guidance,structured,"English,Sinhala",9
S665,Student_665,Female,University of Peradeniya,Cybersecurity,2,Business IT,Software Engineer,Intermediate,Galle,student_665@student.edu,2.59,remote_only,auditory,career_guidance,casual,"English,Sinhala",5
S666,Student_666,Female,University of Kelaniya,Cybersecurity,3,Networking,Lecturer,Advanced,Galle,student_666@student.edu,3.79,remote_only,kinesthetic,research_guidance,formal,"English,Sinhala",7
S667,Student_667,Male,SLIIT,IT,3,Software Engineering,Data Scientist,Intermediate,Colombo,student_667@student.edu,3.87,remote_only,auditory,skill_development,formal,"English,Sinhala",5
S668,Student_668,Male,University of Moratuwa,SE,2,Data Science,Lecturer,Intermediate,Kandy,student_668@student.edu,3.89,same_city,kinesthetic,skill_development,flexible,"English,Sinhala",2
S669,Student_669,Female,University of Colombo,CS,2,Data Science,Software Engineer,Intermediate,Galle,student_669@student.edu,2.8,any,kinesthetic,job_search,structured,"English,Sinhala",4
S670,Student_670,Male,University of Kelaniya,IT,1,Data Science,Software Engineer,Advanced,Colombo,student_670@student.edu,2.56,same_university,kinesthetic,career_guidance,structured,"English,Sinhala",1
S671,Student_671,Female,University of Peradeniya,CS,3,Cybersecurity,Security Analyst,Advanced,Kandy,student_671@student.edu,3.5,any,kinesthetic,research_guidance,casual,"English,Tamil",5
S672,Student_672,Male,University of Colombo,Data Science,4,Software Engineering,Data Scientist,Intermediate,Colombo,student_672@student.edu,3.47,any,visual,research_guidance,casual,English,1
S673,Student_673,Female,NSBM,SE,4,Software Engineering,Data Scientist,Intermediate,Kandy,student_673@student.edu,3.42,same_university,auditory,networking,formal,English,9
S674,Student_674,Female,SLIIT,Data Science,4,Cybersecurity,Software Engineer,Intermediate,Kandy,student_674@student.edu,2.77,same_university,kinesthetic,skill_development,structured,"English,Sinhala",1
S675,Student_675,Female,University of Kelaniya,Data Science,1,Networking,Security Analyst,Intermediate,Galle,student_675@student.edu,2.91,same_city,kinesthetic,job_search,flexible,"English,Tamil",8
S676,Student_676,Male,University of Colombo,CS,4,Software Engineering,Software Engineer,Intermediate,Colombo,student_676@student.edu,3.42,same_city,auditory,job_search,flexible,English,2
S677,Student_677,Female,IIT Sri Lanka,Data Science,1,Cybersecurity,Software Engineer,Intermediate,Colombo,student_677@student.edu,3.29,remote_only,visual,networking,structured,English,9
S678,Student_678,Male,University of Kelaniya,CS,4,Data Science,Security Analyst,Beginner,Kurunegala,student_678@student.edu,3.92,any,visual,job_search,formal,English,9
S679,Student_679,Male,University of Peradeniya,SE,4,Business IT,Data Scientist,Intermediate,Kandy,student_679@student.edu,2.66,same_city,visual,research_guidance,structured,"English,Sinhala",2
S680,Student_680,Male,University of Kelaniya,Data Science,4,Cybersecurity,Software Engineer,Advanced,Gampaha,student_680@student.edu,3.74,same_university,kinesthetic,networking,structured,"English,Tamil",9
S681,Student_681,Male,University of Kelaniya,CS,4,Data Science,Lecturer,Beginner,Colombo,student_681@student.edu,3.5,same_city,auditory,networking,flexible,English,2
S682,Student_682,Female,University of Moratuwa,IT,2,Data Science,Lecturer,Advanced,Kurunegala,student_682@student.edu,2.92,same_university,visual,networking,casual,"English,Sinhala",9
S683,Student_683,Male,University of Moratuwa,Data Science,2,Cybersecurity,Security Analyst,Beginner,Kurunegala,student_683@student.edu,3.87,same_city,auditory,skill_development,formal,"English,Tamil",2
S684,Student_684,Female,University of Colombo,Cybersecurity,3,Cybersecurity,Lecturer,Intermediate,Gampaha,student_684@student.edu,3.27,same_university,reading,job_search,flexible,"English,Tamil",7
S685,Student_685,Female,IIT Sri Lanka,Cybersecurity,4,Data Science,Data Scientist,Intermediate,Kandy,student_685@student.edu,3.79,any,auditory,networking,casual,"English,Tamil",6
S686,Student_686,Male,NSBM,Data Science,2,Networking,Lecturer,Intermediate,Gampaha,student_686@student.edu,3.04,same_university,reading,job_search,flexible,English,3
S687,Student_687,Male,IIT Sri Lanka,SE,3,Networking,Software Engineer,Intermediate,Kurunegala,student_687@student.edu,3.13,remote_only,auditory,career_guidance,casual,English,9
S688,Student_688,Female,University of Colombo,CS,1,Data Science,Lecturer,Intermediate,Gampaha,student_688@student.edu,2.93,same_university,kinesthetic,career_guidance,flexible,English,8
S689,Student_689,Female,University of Moratuwa,Data Science,1,Business IT,Data Scientist,Advanced,Gampaha,student_689@student.edu,3.23,any,kinesthetic,networking,formal,"English,Tamil",1
S690,Student_690,Female,IIT Sri Lanka,IT,1,Business IT,Lecturer,Intermediate,Colombo,student_690@student.edu,3.84,remote_only,reading,networking,structured,English,2
S691,Student_691,Female,NSBM,CS,1,Cybersecurity,Data Scientist,Beginner,Galle,student_691@student.edu,3.84,same_city,auditory,networking,flexible,"English,Sinhala",8
S692,Student_692,Male,University of Kelaniya,CS,2,Data Science,Software Engineer,Beginner,Colombo,student_692@student.edu,3.88,same_city,visual,skill_development,flexible,English,6
S693,Student_693,Male,IIT Sri Lanka,Cybersecurity,4,AI/ML,Software Engineer,Intermediate,Gampaha,student_693@student.edu,3.57,same_city,kinesthetic,networking,structured,"English,Sinhala",3
S694,Student_694,Female,University of Moratuwa,CS,2,Business IT,Software Engineer,Advanced,Kurunegala,student_694@student.edu,3.42,remote_only,auditory,skill_development,flexible,"English,Sinhala",5
S695,Student_695,Female,IIT Sri Lanka,SE,3,Networking,Software Engineer,Intermediate,Galle,student_695@student.edu,3.06,same_university,visual,skill_development,flexible,"English,Sinhala",5
S696,Student_696,Female,SLIIT,IT,4,Cybersecurity,Security Analyst,Intermediate,Gampaha,student_696@student.edu,3.12,same_university,kinesthetic,research_guidance,formal,"English,Tamil",5
S697,Student_697,Female,SLIIT,IT,3,Networking,Lecturer,Advanced,Galle,student_697@student.edu,3.78,any,visual,job_search,flexible,"English,Sinhala",8
S698,Student_698,Female,University of Kelaniya,Cybersecurity,2,Data Science,Lecturer,Advanced,Colombo,student_698@student.edu,3.96,same_city,kinesthetic,job_search,formal,"English,Sinhala",9
S699,Student_699,Female,University of Kelaniya,CS,3,Data Science,Lecturer,Beginner,Gampaha,student_699@student.edu,3.2,any,kinesthetic,skill_development,formal,"English,Tamil",6
S700,Student_700,Male,University of Moratuwa,Data Science,1,Software Engineering,Lecturer,Beginner,Kurunegala,student_700@student.edu,3.45,same_university,visual,research_guidance,casual,"English,Tamil",5
S701,Student_701,Female,University of Kelaniya,Data Science,4,AI/ML,Lecturer,Intermediate,Galle,student_701@student.edu,3.01,same_city,kinesthetic,networking,structured,"English,Sinhala",2
S702,Student_702,Male,NSBM,IT,2,AI/ML,Software Engineer,Intermediate,Colombo,student_702@student.edu,2.8,any,visual,skill_development,casual,"English,Sinhala",8
S703,Student_703,Male,University of Moratuwa,Cybersecurity,2,Business IT,Security Analyst,Intermediate,Kurunegala,student_703@student.edu,2.68,remote_only,reading,career_guidance,casual,"English,Tamil",6
S704,Student_704,Female,IIT Sri Lanka,Cybersecurity,3,Data Science,Software Engineer,Intermediate,Colombo,student_704@student.edu,3.46,any,kinesthetic,research_guidance,flexible,English,3
S705,Student_705,Male,IIT Sri Lanka,Data Science,3,Business IT,Software Engineer,Intermediate,Kurunegala,student_705@student.edu,2.78,remote_only,reading,job_search,flexible,"English,Tamil",1
S706,Student_706,Male,University of Peradeniya,Cybersecurity,3,Networking,Lecturer,Advanced,Kandy,student_706@student.edu,2.77,same_university,reading,skill_development,formal,English,9
S707,Student_707,Female,University of Kelaniya,Cybersecurity,4,Software Engineering,Security Analyst,Beginner,Kurunegala,student_707@student.edu,2.86,any,kinesthetic,networking,casual,"English,Sinhala",7
S708,Student_708,Female,University of Kelaniya,Cybersecurity,3,Cybersecurity,Software Engineer,Advanced,Galle,student_708@student.edu,3.25,same_city,visual,skill_development,structured,English,3
S709,Student_709,Female,University of Peradeniya,Data Science,1,Data Science,Lecturer,Beginner,Colombo,student_709@student.edu,2.74,same_university,reading,research_guidance,flexible,"English,Sinhala",2
S710,Student_710,Female,University of Peradeniya,SE,2,Cybersecurity,Data Scientist,Advanced,Gampaha,student_710@student.edu,3.36,same_university,visual,job_search,structured,"English,Sinhala",1
S711,Student_711,Female,University of Peradeniya,SE,4,Software Engineering,Data Scientist,Intermediate,Kandy,student_711@student.edu,2.53,same_university,kinesthetic,research_guidance,casual,"English,Sinhala",4
S712,Student_712,Female,University of Kelaniya,SE,4,Data Science,Security Analyst,Beginner,Colombo,student_712@student.edu,3.58,remote_only,kinesthetic,job_search,casual,English,1
S713,Student_713,Male,SLIIT,IT,3,AI/ML,Software Engineer,Advanced,Gampaha,student_713@student.edu,2.63,same_university,auditory,job_search,casual,"English,Sinhala",7
S714,Student_714,Male,NSBM,SE,3,AI/ML,Security Analyst,Intermediate,Galle,student_714@student.edu,3.27,same_city,reading,networking,formal,"English,Sinhala",3
S715,Student_715,Female,University of Moratuwa,CS,2,Cybersecurity,Security Analyst,Beginner,Gampaha,student_715@student.edu,3.59,same_city,reading,research_guidance,formal,English,7
S716,Student_716,Male,University of Kelaniya,Data Science,4,Software Engineering,Data Scientist,Beginner,Galle,student_716@student.edu,3.74,same_university,kinesthetic,job_search,structured,English,8
S717,Student_717,Male,University of Moratuwa,SE,2,Business IT,Software Engineer,Intermediate,Kurunegala,student_717@student.edu,2.78,same_university,reading,job_search,flexible,"English,Sinhala",5
S718,Student_718,Female,University of Moratuwa,CS,2,AI/ML,Lecturer,Intermediate,Kurunegala,student_718@student.edu,3.3,same_university,reading,research_guidance,formal,English,1
S719,Student_719,Female,University of Colombo,IT,4,Business IT,Lecturer,Beginner,Colombo,student_719@student.edu,3.5,same_university,kinesthetic,career_guidance,flexible,English,3
S720,Student_720,Female,University of Kelaniya,Data Science,3,AI/ML,Security Analyst,Intermediate,Galle,student_720@student.edu,3.96,any,reading,networking,casual,"English,Tamil",6
S721,Student_721,Male,SLIIT,IT,4,Data Science,Software Engineer,Advanced,Gampaha,student_721@student.edu,3.17,same_university,reading,networking,casual,"English,Tamil",7
S722,Student_722,Female,IIT Sri Lanka,Data Science,4,AI/ML,Software Engineer,Intermediate,Gampaha,student_722@student.edu,3.36,same_university,reading,networking,casual,"English,Sinhala",4
S723,Student_723,Male,University of Moratuwa,SE,4,Data Science,Data Scientist,Intermediate,Gampaha,student_723@student.edu,3.27,remote_only,kinesthetic,career_guidance,formal,"English,Tamil",6
S724,Student_724,Female,University of Colombo,Cybersecurity,4,Data Science,Security Analyst,Intermediate,Kurunegala,student_724@student.edu,3.64,any,reading,research_guidance,structured,"English,Tamil",6
S725,Student_725,Male,University of Moratuwa,CS,1,AI/ML,Security Analyst,Beginner,Kurunegala,student_725@student.edu,2.83,any,reading,research_guidance,flexible,"English,Sinhala",1
S726,Student_726,Female,SLIIT,Data Science,4,Networking,Security Analyst,Advanced,Colombo,student_726@student.edu,2.53,same_city,auditory,research_guidance,casual,"English,Sinhala",5
S727,Student_727,Male,IIT Sri Lanka,IT,1,Cybersecurity,Security Analyst,Beginner,Kurunegala,student_727@student.edu,3.59,remote_only,auditory,job_search,structured,English,2
S728,Student_728,Female,University of Colombo,IT,4,AI/ML,Security Analyst,Advanced,Gampaha,student_728@student.edu,3.72,same_university,kinesthetic,skill_development,flexible,English,3
S729,Student_729,Female,University of Moratuwa,SE,2,AI/ML,Security Analyst,Advanced,Gampaha,student_729@student.edu,3.08,same_university,kinesthetic,career_guidance,casual,English,4
S730,Student_730,Female,University of Colombo,SE,4,Cybersecurity,Lecturer,Beginner,Colombo,student_730@student.edu,3.11,same_city,kinesthetic,skill_development,structured,"English,Tamil",6
S731,Student_731,Female,IIT Sri Lanka,Cybersecurity,1,Networking,Software Engineer,Intermediate,Kurunegala,student_731@student.edu,2.66,remote_only,kinesthetic,career_guidance,structured,"English,Tamil",9
S732,Student_732,Male,NSBM,CS,4,Networking,Lecturer,Intermediate,Colombo,student_732@student.edu,3.28,any,reading,career_guidance,structured,English,2
S733,Student_733,Female,SLIIT,Cybersecurity,3,Networking,Security Analyst,Advanced,Galle,student_733@student.edu,2.8,same_university,reading,networking,formal,English,3
S734,Student_734,Male,University of Kelaniya,SE,3,Cybersecurity,Software Engineer,Beginner,Kandy,student_734@student.edu,3.25,same_university,kinesthetic,networking,casual,"English,Sinhala",5
S735,Student_735,Female,SLIIT,Data Science,4,Software Engineering,Security Analyst,Intermediate,Gampaha,student_735@student.edu,2.89,remote_only,reading,research_guidance,casual,"English,Tamil",2
S736,Student_736,Female,University of Peradeniya,Cybersecurity,1,Networking,Data Scientist,Intermediate,Galle,student_736@student.edu,2.93,same_university,reading,job_search,flexible,"English,Sinhala",3
S737,Student_737,Female,University of Kelaniya,CS,2,Software Engineering,Software Engineer,Advanced,Gampaha,student_737@student.edu,3.93,same_city,visual,skill_development,casual,"English,Tamil",3
S738,Student_738,Male,NSBM,IT,3,Software Engineering,Lecturer,Advanced,Kandy,student_738@student.edu,2.9,remote_only,auditory,career_guidance,formal,"English,Tamil",6
S739,Student_739,Female,NSBM,SE,1,Networking,Data Scientist,Beginner,Galle,student_739@student.edu,3.19,any,kinesthetic,career_guidance,structured,English,9
S740,Student_740,Male,University of Colombo,Data Science,1,AI/ML,Security Analyst,Beginner,Kurunegala,student_740@student.edu,2.83,same_city,kinesthetic,job_search,structured,English,4
S741,Student_741,Female,IIT Sri Lanka,IT,2,Cybersecurity,Security Analyst,Intermediate,Gampaha,student_741@student.edu,2.94,any,visual,career_guidance,casual,"English,Sinhala",5
S742,Student_742,Male,NSBM,CS,1,Data Science,Lecturer,Intermediate,Kandy,student_742@student.edu,3.24,same_city,reading,networking,casual,English,8
S743,Student_743,Female,University of Moratuwa,Cybersecurity,1,Networking,Lecturer,Beginner,Kandy,student_743@student.edu,2.52,same_university,kinesthetic,career_guidance,structured,"English,Sinhala",1
S744,Student_744,Female,IIT Sri Lanka,Cybersecurity,3,Software Engineering,Lecturer,Beginner,Galle,student_744@student.edu,2.78,same_university,visual,career_guidance,flexible,English,4
S745,Student_745,Female,University of Kelaniya,SE,2,Software Engineering,Software Engineer,Intermediate,Kandy,student_745@student.edu,3.64,remote_only,reading,networking,structured,"English,Tamil",3
S746,Student_746,Female,University of Kelaniya,Data Science,1,Data Science,Data Scientist,Advanced,Colombo,student_746@student.edu,2.79,same_city,auditory,networking,structured,"English,Sinhala",4
S747,Student_747,Male,University of Moratuwa,IT,2,Networking,Lecturer,Beginner,Kandy,student_747@student.edu,2.84,same_city,kinesthetic,skill_development,formal,"English,Tamil",3
S748,Student_748,Male,SLIIT,SE,2,Data Science,Lecturer,Beginner,Kurunegala,student_748@student.edu,3.29,any,reading,career_guidance,formal,English,1
S749,Student_749,Male,IIT Sri Lanka,CS,1,Business IT,Security Analyst,Advanced,Galle,student_749@student.edu,3.8,remote_only,kinesthetic,career_guidance,formal,"English,Sinhala",4
S750,Student_750,Female,University of Moratuwa,Data Science,2,Data Science,Security Analyst,Beginner,Kurunegala,student_750@student.edu,2.67,any,reading,networking,structured,English,2
S751,Student_751,Female,IIT Sri Lanka,CS,3,Networking,Security Analyst,Beginner,Kurunegala,student_751@student.edu,3.94,same_city,reading,research_guidance,structured,"English,Tamil",5
S752,Student_752,Male,University of Kelaniya,SE,3,Software Engineering,Lecturer,Beginner,Colombo,student_752@student.edu,3.71,same_university,auditory,skill_development,structured,English,9
S753,Student_753,Female,IIT Sri Lanka,IT,4,Business IT,Software Engineer,Intermediate,Gampaha,student_753@student.edu,3.36,remote_only,reading,skill_development,flexible,English,3
S754,Student_754,Male,University of Kelaniya,Data Science,2,Networking,Lecturer,Intermediate,Galle,student_754@student.edu,2.67,remote_only,visual,job_search,structured,English,4
S755,Student_755,Female,University of Kelaniya,Cybersecurity,2,AI/ML,Software Engineer,Intermediate,Gampaha,student_755@student.edu,3.34,remote_only,auditory,job_search,flexible,"English,Tamil",6
S756,Student_756,Female,SLIIT,Data Science,3,Data Science,Software Engineer,Advanced,Colombo,student_756@student.edu,3.46,same_university,kinesthetic,networking,flexible,"English,Tamil",5
S757,Student_757,Female,University of Kelaniya,CS,1,Software Engineering,Lecturer,Beginner,Kandy,student_757@student.edu,3.96,same_university,kinesthetic,skill_development,structured,"English,Tamil",7
S758,Student_758,Male,University of Kelaniya,CS,3,Software Engineering,Data Scientist,Beginner,Kurunegala,student_758@student.edu,3.99,any,visual,skill_development,casual,English,1
S759,Student_759,Male,SLIIT,Data Science,1,Software Engineering,Security Analyst,Advanced,Colombo,student_759@student.edu,2.99,any,kinesthetic,skill_development,formal,"English,Sinhala",8
S760,Student_760,Female,University of Colombo,CS,4,Data Science,Software Engineer,Beginner,Gampaha,student_760@student.edu,3.54,any,reading,career_guidance,flexible,"English,Sinhala",6
S761,Student_761,Male,University of Peradeniya,Data Science,2,Data Science,Data Scientist,Intermediate,Kurunegala,student_761@student.edu,2.86,any,kinesthetic,skill_development,casual,English,8
S762,Student_762,Female,NSBM,SE,4,Cybersecurity,Security Analyst,Intermediate,Kurunegala,student_762@student.edu,3.06,any,kinesthetic,skill_development,flexible,"English,Sinhala",2
S763,Student_763,Male,NSBM,IT,1,Networking,Security Analyst,Beginner,Kandy,student_763@student.edu,3.34,remote_only,auditory,job_search,formal,"English,Sinhala",9
S764,Student_764,Female,University of Kelaniya,IT,2,Cybersecurity,Software Engineer,Advanced,Galle,student_764@student.edu,3.46,same_university,visual,research_guidance,formal,English,5
S765,Student_765,Female,University of Colombo,Cybersecurity,4,Data Science,Security Analyst,Beginner,Kandy,student_765@student.edu,3.29,any,visual,skill_development,flexible,"English,Sinhala",7
S766,Student_766,Female,SLIIT,Cybersecurity,4,Networking,Lecturer,Intermediate,Kurunegala,student_766@student.edu,2.75,same_university,reading,career_guidance,formal,English,7
S767,Student_767,Female,SLIIT,IT,1,Networking,Lecturer,Intermediate,Kurunegala,student_767@student.edu,2.71,remote_only,visual,networking,formal,English,2
S768,Student_768,Female,NSBM,Cybersecurity,3,Cybersecurity,Software Engineer,Intermediate,Gampaha,student_768@student.edu,3.77,remote_only,visual,job_search,flexible,"English,Tamil",9
S769,Student_769,Male,SLIIT,Cybersecurity,1,Networking,Security Analyst,Beginner,Kandy,student_769@student.edu,2.65,same_university,visual,networking,formal,"English,Tamil",4
S770,Student_770,Female,NSBM,IT,1,Networking,Software Engineer,Advanced,Kurunegala,student_770@student.edu,2.97,same_city,kinesthetic,skill_development,structured,"English,Sinhala",4
S771,Student_771,Male,University of Moratuwa,IT,3,Data Science,Security Analyst,Beginner,Gampaha,student_771@student.edu,2.53,same_city,kinesthetic,job_search,casual,"English,Tamil",3
S772,Student_772,Male,SLIIT,CS,2,Business IT,Lecturer,Beginner,Galle,student_772@student.edu,3.93,remote_only,kinesthetic,networking,formal,"English,Sinhala",5
S773,Student_773,Female,University of Kelaniya,Data Science,4,Cybersecurity,Lecturer,Advanced,Kandy,student_773@student.edu,3.68,any,visual,career_guidance,formal,"English,Tamil",7
S774,Student_774,Female,University of Peradeniya,Data Science,1,Networking,Software Engineer,Advanced,Kandy,student_774@student.edu,3.1,any,visual,research_guidance,formal,"English,Sinhala",5
S775,Student_775,Female,University of Kelaniya,CS,1,Software Engineering,Software Engineer,Intermediate,Galle,student_775@student.edu,3.11,any,auditory,research_guidance,formal,"English,Tamil",3
S776,Student_776,Female,University of Kelaniya,Data Science,3,Cybersecurity,Software Engineer,Beginner,Gampaha,student_776@student.edu,3.93,remote_only,kinesthetic,research_guidance,flexible,"English,Tamil",5
S777,Student_777,Male,University of Peradeniya,Data Science,3,Cybersecurity,Lecturer,Intermediate,Gampaha,student_777@student.edu,3.95,same_city,auditory,career_guidance,casual,"English,Sinhala",5
S778,Student_778,Male,University of Moratuwa,Data Science,3,Cybersecurity,Security Analyst,Advanced,Gampaha,student_778@student.edu,2.88,remote_only,visual,skill_development,formal,English,7
S779,Student_779,Female,SLIIT,Cybersecurity,1,Business IT,Lecturer,Beginner,Kurunegala,student_779@student.edu,2.84,same_city,reading,job_search,formal,English,6
S780,Student_780,Female,University of Kelaniya,IT,1,Cybersecurity,Software Engineer,Advanced,Colombo,student_780@student.edu,3.7,any,kinesthetic,skill_development,casual,"English,Sinhala",3
S781,Student_781,Male,IIT Sri Lanka,CS,4,Data Science,Data Scientist,Intermediate,Gampaha,student_781@student.edu,3.23,remote_only,visual,job_search,formal,English,4
S782,Student_782,Male,IIT Sri Lanka,CS,3,Software Engineering,Data Scientist,Beginner,Kandy,student_782@student.edu,3.97,remote_only,reading,networking,flexible,English,5
S783,Student_783,Female,University of Moratuwa,IT,2,Cybersecurity,Software Engineer,Beginner,Kandy,student_783@student.edu,3.0,any,visual,career_guidance,formal,"English,Tamil",6
S784,Student_784,Female,University of Colombo,Cybersecurity,2,Software Engineering,Software Engineer,Advanced,Galle,student_784@student.edu,2.74,same_city,auditory,research_guidance,structured,"English,Tamil",5
S785,Student_785,Female,SLIIT,IT,2,Data Science,Software Engineer,Advanced,Gampaha,student_785@student.edu,2.74,remote_only,kinesthetic,research_guidance,formal,"English,Tamil",2
S786,Student_786,Male,University of Moratuwa,Cybersecurity,4,Business IT,Lecturer,Intermediate,Gampaha,student_786@student.edu,3.8,same_university,kinesthetic,skill_development,casual,"English,Tamil",6
S787,Student_787,Male,IIT Sri Lanka,Data Science,4,Business IT,Data Scientist,Advanced,Kurunegala,student_787@student.edu,3.51,same_city,auditory,career_guidance,formal,"English,Sinhala",7
S788,Student_788,Female,NSBM,IT,3,Business IT,Security Analyst,Intermediate,Gampaha,student_788@student.edu,3.57,any,reading,career_guidance,flexible,"English,Sinhala",2
S789,Student_789,Male,University of Colombo,Data Science,3,Cybersecurity,Security Analyst,Advanced,Galle,student_789@student.edu,2.89,same_city,visual,research_guidance,structured,"English,Tamil",4
S790,Student_790,Male,University of Kelaniya,Data Science,2,Software Engineering,Software Engineer,Advanced,Galle,student_790@student.edu,2.53,any,reading,job_search,flexible,English,4
S791,Student_791,Male,University of Peradeniya,CS,4,Cybersecurity,Data Scientist,Beginner,Kandy,student_791@student.edu,3.91,remote_only,auditory,skill_development,formal,"English,Tamil",8
S792,Student_792,Male,University of Peradeniya,IT,3,Networking,Lecturer,Advanced,Kandy,student_792@student.edu,2.98,same_city,visual,networking,formal,"English,Tamil",3
S793,Student_793,Male,University of Kelaniya,Data Science,3,Business IT,Software Engineer,Beginner,Kandy,student_793@student.edu,3.12,any,auditory,job_search,flexible,"English,Tamil",5
S794,Student_794,Male,University of Moratuwa,Cybersecurity,3,Software Engineering,Lecturer,Intermediate,Gampaha,student_794@student.edu,3.65,any,kinesthetic,networking,casual,English,6
S795,Student_795,Female,NSBM,IT,4,AI/ML,Software Engineer,Advanced,Kandy,student_795@student.edu,2.76,any,visual,job_search,formal,"English,Sinhala",1
S796,Student_796,Female,University of Peradeniya,IT,4,Data Science,Lecturer,Beginner,Kandy,student_796@student.edu,2.84,remote_only,auditory,job_search,formal,"English,Tamil",8
S797,Student_797,Male,University of Peradeniya,SE,2,Cybersecurity,Security Analyst,Beginner,Kandy,student_797@student.edu,2.89,same_city,kinesthetic,career_guidance,structured,"English,Tamil",7
S798,Student_798,Female,University of Kelaniya,SE,4,Networking,Lecturer,Intermediate,Galle,student_798@student.edu,3.89,remote_only,auditory,networking,structured,"English,Tamil",2
S799,Student_799,Female,IIT Sri Lanka,SE,4,Software Engineering,Software Engineer,Advanced,Kandy,student_799@student.edu,3.26,same_university,auditory,career_guidance,structured,"English,Sinhala",4
S800,Student_800,Male,University of Colombo,SE,3,Business IT,Security Analyst,Advanced,Colombo,student_800@student.edu,2.98,same_city,visual,networking,casual,"English,Tamil",9
S801,Student_801,Male,University of Moratuwa,Cybersecurity,3,Software Engineering,Security Analyst,Beginner,Galle,student_801@student.edu,2.63,any,kinesthetic,career_guidance,structured,"English,Tamil",2
S802,Student_802,Male,University of Colombo,SE,4,AI/ML,Software Engineer,Beginner,Kandy,student_802@student.edu,2.57,remote_only,reading,career_guidance,casual,"English,Tamil",9
S803,Student_803,Male,University of Peradeniya,CS,1,Cybersecurity,Lecturer,Intermediate,Kurunegala,student_803@student.edu,3.4,remote_only,reading,research_guidance,structured,English,1
S804,Student_804,Male,SLIIT,CS,4,Business IT,Security Analyst,Advanced,Gampaha,student_804@student.edu,2.51,remote_only,visual,career_guidance,formal,"English,Tamil",6
S805,Student_805,Female,NSBM,SE,2,Business IT,Data Scientist,Advanced,Colombo,student_805@student.edu,3.78,same_university,kinesthetic,skill_development,structured,English,6
S806,Student_806,Female,University of Moratuwa,SE,3,Business IT,Software Engineer,Beginner,Colombo,student_806@student.edu,2.68,any,reading,skill_development,formal,"English,Tamil",5
S807,Student_807,Female,University of Colombo,IT,3,AI/ML,Software Engineer,Advanced,Kurunegala,student_807@student.edu,3.09,same_city,kinesthetic,research_guidance,flexible,English,7
S808,Student_808,Female,University of Colombo,IT,3,Business IT,Data Scientist,Intermediate,Kurunegala,student_808@student.edu,2.9,remote_only,auditory,career_guidance,structured,"English,Tamil",9
S809,Student_809,Male,University of Colombo,Data Science,4,Cybersecurity,Software Engineer,Advanced,Galle,student_809@student.edu,3.67,same_city,reading,networking,structured,"English,Tamil",7
S810,Student_810,Male,University of Kelaniya,Data Science,3,Software Engineering,Data Scientist,Advanced,Colombo,student_810@student.edu,3.36,same_university,visual,job_search,formal,English,2
S811,Student_811,Female,IIT Sri Lanka,Data Science,2,Cybersecurity,Data Scientist,Advanced,Galle,student_811@student.edu,3.27,same_university,reading,research_guidance,flexible,"English,Sinhala",4
S812,Student_812,Male,NSBM,SE,2,Business IT,Software Engineer,Beginner,Kandy,student_812@student.edu,3.16,any,reading,networking,casual,"English,Sinhala",9
S813,Student_813,Male,University of Kelaniya,Data Science,2,Data Science,Data Scientist,Beginner,Gampaha,student_813@student.edu,3.8,same_city,reading,networking,structured,"English,Sinhala",9
S814,Student_814,Female,University of Peradeniya,CS,3,Networking,Security Analyst,Advanced,Kandy,student_814@student.edu,3.37,remote_only,kinesthetic,research_guidance,casual,English,7
S815,Student_815,Female,University of Kelaniya,CS,1,Business IT,Data Scientist,Intermediate,Galle,student_815@student.edu,3.64,any,visual,networking,flexible,"English,Tamil",3
S816,Student_816,Male,University of Colombo,CS,4,Cybersecurity,Data Scientist,Beginner,Kandy,student_816@student.edu,2.72,remote_only,visual,job_search,formal,English,2
S817,Student_817,Female,NSBM,SE,4,Software Engineering,Security Analyst,Intermediate,Kurunegala,student_817@student.edu,3.64,same_city,visual,career_guidance,casual,English,6
S818,Student_818,Female,SLIIT,Cybersecurity,3,Software Engineering,Software Engineer,Intermediate,Colombo,student_818@student.edu,3.14,same_university,kinesthetic,career_guidance,casual,"English,Tamil",7
S819,Student_819,Male,SLIIT,Cybersecurity,2,Data Science,Security Analyst,Beginner,Kandy,student_819@student.edu,3.97,same_city,reading,skill_development,structured,"English,Tamil",4
S820,Student_820,Male,SLIIT,Cybersecurity,3,AI/ML,Security Analyst,Advanced,Gampaha,student_820@student.edu,3.4,remote_only,kinesthetic,research_guidance,formal,"English,Tamil",8
S821,Student_821,Male,University of Kelaniya,Cybersecurity,3,Software Engineering,Security Analyst,Advanced,Galle,student_821@student.edu,3.66,any,auditory,skill_development,structured,"English,Tamil",3
S822,Student_822,Female,University of Kelaniya,Cybersecurity,2,AI/ML,Security Analyst,Beginner,Galle,student_822@student.edu,3.05,remote_only,visual,skill_development,flexible,"English,Sinhala",3
S823,Student_823,Female,University of Kelaniya,Data Science,4,Data Science,Software Engineer,Advanced,Kandy,student_823@student.edu,3.02,remote_only,reading,networking,flexible,English,8
S824,Student_824,Male,IIT Sri Lanka,Cybersecurity,4,Networking,Security Analyst,Advanced,Galle,student_824@student.edu,2.7,remote_only,kinesthetic,research_guidance,flexible,English,4
S825,Student_825,Female,NSBM,Cybersecurity,3,Software Engineering,Security Analyst,Beginner,Kandy,student_825@student.edu,3.96,remote_only,visual,career_guidance,casual,"English,Tamil",5
S826,Student_826,Male,University of Moratuwa,CS,1,Business IT,Security Analyst,Beginner,Kurunegala,student_826@student.edu,3.84,same_university,visual,research_guidance,structured,"English,Tamil",1
S827,Student_827,Male,University of Peradeniya,Cybersecurity,4,Software Engineering,Software Engineer,Advanced,Galle,student_827@student.edu,3.14,same_city,auditory,research_guidance,casual,English,6
S828,Student_828,Male,SLIIT,IT,2,Cybersecurity,Lecturer,Beginner,Colombo,student_828@student.edu,2.75,remote_only,auditory,skill_development,casual,"English,Tamil",1
S829,Student_829,Male,IIT Sri Lanka,Cybersecurity,3,AI/ML,Data Scientist,Intermediate,Galle,student_829@student.edu,3.18,any,auditory,career_guidance,casual,"English,Sinhala",5
S830,Student_830,Female,University of Peradeniya,IT,4,AI/ML,Lecturer,Beginner,Colombo,student_830@student.edu,3.45,any,auditory,research_guidance,flexible,"English,Sinhala",8
S831,Student_831,Male,SLIIT,SE,2,AI/ML,Lecturer,Advanced,Gampaha,student_831@student.edu,3.84,same_city,kinesthetic,job_search,flexible,English,7
S832,Student_832,Female,University of Colombo,Data Science,2,Cybersecurity,Lecturer,Intermediate,Colombo,student_832@student.edu,2.61,any,visual,skill_development,flexible,"English,Tamil",4
S833,Student_833,Male,University of Colombo,IT,1,Software Engineering,Software Engineer,Beginner,Kandy,student_833@student.edu,2.9,same_university,kinesthetic,skill_development,structured,English,1
S834,Student_834,Female,University of Kelaniya,Data Science,2,Software Engineering,Software Engineer,Beginner,Colombo,student_834@student.edu,3.57,same_city,reading,research_guidance,casual,"English,Sinhala",7
S835,Student_835,Male,University of Moratuwa,CS,2,Cybersecurity,Security Analyst,Advanced,Kandy,student_835@student.edu,3.89,same_university,kinesthetic,research_guidance,casual,"English,Tamil",6
S836,Student_836,Male,University of Moratuwa,SE,4,Business IT,Security Analyst,Intermediate,Gampaha,student_836@student.edu,3.04,same_university,auditory,career_guidance,casual,"English,Tamil",9
S837,Student_837,Male,University of Kelaniya,Cybersecurity,3,Software Engineering,Security Analyst,Advanced,Kurunegala,student_837@student.edu,3.72,any,reading,career_guidance,casual,English,6
S838,Student_838,Female,NSBM,CS,3,Data Science,Lecturer,Intermediate,Gampaha,student_838@student.edu,2.53,remote_only,visual,skill_development,formal,"English,Sinhala",2
S839,Student_839,Female,IIT Sri Lanka,IT,2,Networking,Data Scientist,Beginner,Colombo,student_839@student.edu,2.94,same_city,reading,career_guidance,structured,English,7
S840,Student_840,Female,University of Moratuwa,Cybersecurity,4,AI/ML,Security Analyst,Intermediate,Gampaha,student_840@student.edu,3.7,any,auditory,research_guidance,formal,English,4
S841,Student_841,Female,IIT Sri Lanka,SE,4,Business IT,Software Engineer,Advanced,Kandy,student_841@student.edu,3.79,same_university,kinesthetic,research_guidance,flexible,"English,Tamil",3
S842,Student_842,Male,NSBM,Cybersecurity,3,Data Science,Data Scientist,Intermediate,Galle,student_842@student.edu,2.77,same_city,reading,research_guidance,structured,"English,Tamil",9
S843,Student_843,Male,IIT Sri Lanka,Data Science,2,Business IT,Lecturer,Beginner,Gampaha,student_843@student.edu,2.54,same_city,reading,career_guidance,structured,"English,Tamil",1
S844,Student_844,Female,University of Moratuwa,IT,1,Cybersecurity,Software Engineer,Intermediate,Colombo,student_844@student.edu,3.1,remote_only,reading,skill_development,flexible,"English,Tamil",5
S845,Student_845,Female,University of Colombo,IT,2,Data Science,Security Analyst,Beginner,Galle,student_845@student.edu,2.78,same_city,auditory,career_guidance,flexible,English,3
S846,Student_846,Male,University of Kelaniya,SE,2,Software Engineering,Software Engineer,Advanced,Kandy,student_846@student.edu,2.57,remote_only,auditory,networking,casual,"English,Tamil",1
S847,Student_847,Female,University of Kelaniya,Data Science,1,Cybersecurity,Lecturer,Intermediate,Galle,student_847@student.edu,3.43,remote_only,visual,career_guidance,flexible,"English,Sinhala",9
S848,Student_848,Female,University of Moratuwa,CS,2,Networking,Data Scientist,Advanced,Colombo,student_848@student.edu,3.7,any,auditory,research_guidance,flexible,English,1
S849,Student_849,Male,University of Moratuwa,IT,4,Networking,Data Scientist,Advanced,Gampaha,student_849@student.edu,3.76,remote_only,kinesthetic,networking,casual,English,3
S850,Student_850,Female,University of Colombo,IT,1,Software Engineering,Lecturer,Advanced,Galle,student_850@student.edu,3.43,remote_only,auditory,career_guidance,casual,"English,Tamil",7
S851,Student_851,Male,IIT Sri Lanka,SE,3,Software Engineering,Software Engineer,Advanced,Gampaha,student_851@student.edu,2.66,remote_only,visual,skill_development,formal,"English,Sinhala",5
S852,Student_852,Female,IIT Sri Lanka,Cybersecurity,4,Data Science,Data Scientist,Advanced,Kurunegala,student_852@student.edu,2.83,remote_only,visual,career_guidance,formal,English,5
S853,Student_853,Male,IIT Sri Lanka,Cybersecurity,1,Networking,Data Scientist,Intermediate,Colombo,student_853@student.edu,3.23,remote_only,kinesthetic,networking,structured,"English,Sinhala",2
S854,Student_854,Male,University of Colombo,SE,4,Business IT,Software Engineer,Intermediate,Colombo,student_854@student.edu,3.79,remote_only,visual,skill_development,casual,"English,Sinhala",6
S855,Student_855,Female,University of Kelaniya,IT,1,Software Engineering,Lecturer,Intermediate,Kurunegala,student_855@student.edu,3.51,remote_only,visual,job_search,flexible,"English,Sinhala",8
S856,Student_856,Female,NSBM,Data Science,2,Software Engineering,Lecturer,Intermediate,Gampaha,student_856@student.edu,2.54,same_university,kinesthetic,networking,structured,"English,Tamil",1
S857,Student_857,Female,IIT Sri Lanka,CS,3,Cybersecurity,Data Scientist,Intermediate,Kurunegala,student_857@student.edu,3.15,any,visual,networking,structured,"English,Sinhala",3
S858,Student_858,Male,University of Peradeniya,Cybersecurity,1,Networking,Data Scientist,Beginner,Gampaha,student_858@student.edu,2.95,same_city,reading,job_search,casual,English,3
S859,Student_859,Female,University of Moratuwa,Data Science,3,Networking,Security Analyst,Intermediate,Galle,student_859@student.edu,2.64,same_city,kinesthetic,skill_development,formal,"English,Sinhala",3
S860,Student_860,Female,University of Moratuwa,Data Science,1,AI/ML,Data Scientist,Advanced,Gampaha,student_860@student.edu,3.06,any,visual,networking,structured,English,9
S861,Student_861,Male,SLIIT,Data Science,4,Business IT,Security Analyst,Beginner,Galle,student_861@student.edu,3.52,any,auditory,skill_development,structured,"English,Sinhala",1
S862,Student_862,Female,University of Kelaniya,CS,1,Business IT,Software Engineer,Beginner,Kandy,student_862@student.edu,3.49,same_city,kinesthetic,job_search,casual,English,7
S863,Student_863,Male,SLIIT,IT,3,Data Science,Software Engineer,Intermediate,Galle,student_863@student.edu,2.69,same_city,visual,research_guidance,flexible,"English,Sinhala",2
S864,Student_864,Female,NSBM,IT,2,Data Science,Data Scientist,Beginner,Galle,student_864@student.edu,2.63,any,kinesthetic,networking,flexible,English,9
S865,Student_865,Female,SLIIT,Cybersecurity,2,Software Engineering,Lecturer,Advanced,Gampaha,student_865@student.edu,3.3,remote_only,kinesthetic,research_guidance,casual,English,2
S866,Student_866,Male,NSBM,CS,1,Software Engineering,Security Analyst,Beginner,Kandy,student_866@student.edu,3.2,remote_only,kinesthetic,job_search,flexible,English,8
S867,Student_867,Male,University of Peradeniya,Cybersecurity,3,Business IT,Lecturer,Beginner,Kandy,student_867@student.edu,2.51,same_university,visual,research_guidance,formal,"English,Sinhala",9
S868,Student_868,Male,University of Colombo,CS,4,Networking,Security Analyst,Advanced,Gampaha,student_868@student.edu,3.03,any,kinesthetic,skill_development,casual,"English,Tamil",7
S869,Student_869,Female,University of Kelaniya,IT,3,Networking,Data Scientist,Beginner,Gampaha,student_869@student.edu,3.51,any,visual,skill_development,formal,"English,Tamil",8
S870,Student_870,Female,University of Peradeniya,Data Science,1,Networking,Security Analyst,Advanced,Colombo,student_870@student.edu,2.87,any,auditory,networking,casual,English,6
S871,Student_871,Male,NSBM,IT,1,Software Engineering,Lecturer,Beginner,Kandy,student_871@student.edu,2.85,remote_only,visual,research_guidance,casual,"English,Sinhala",5
S872,Student_872,Female,IIT Sri Lanka,Cybersecurity,1,Cybersecurity,Lecturer,Advanced,Colombo,student_872@student.edu,3.43,remote_only,kinesthetic,networking,casual,English,2
S873,Student_873,Female,NSBM,SE,4,Data Science,Software Engineer,Intermediate,Kandy,student_873@student.edu,2.69,same_university,auditory,job_search,casual,"English,Tamil",7
S874,Student_874,Male,University of Kelaniya,Data Science,1,Business IT,Data Scientist,Advanced,Kurunegala,student_874@student.edu,3.37,remote_only,kinesthetic,skill_development,formal,English,1
S875,Student_875,Male,IIT Sri Lanka,IT,3,Data Science,Security Analyst,Advanced,Gampaha,student_875@student.edu,2.59,remote_only,reading,skill_development,structured,"English,Sinhala",8
S876,Student_876,Female,University of Moratuwa,IT,4,Business IT,Software Engineer,Beginner,Colombo,student_876@student.edu,3.65,same_university,kinesthetic,career_guidance,structured,"English,Sinhala",8
S877,Student_877,Female,University of Colombo,Cybersecurity,1,Business IT,Lecturer,Advanced,Gampaha,student_877@student.edu,3.87,any,kinesthetic,career_guidance,formal,"English,Tamil",4
S878,Student_878,Female,NSBM,Data Science,3,Data Science,Data Scientist,Beginner,Galle,student_878@student.edu,3.99,same_city,reading,skill_development,flexible,English,5
S879,Student_879,Male,IIT Sri Lanka,SE,1,Data Science,Lecturer,Beginner,Galle,student_879@student.edu,2.85,any,kinesthetic,career_guidance,structured,"English,Tamil",9
S880,Student_880,Male,IIT Sri Lanka,Data Science,1,Data Science,Data Scientist,Beginner,Kurunegala,student_880@student.edu,3.6,remote_only,visual,career_guidance,flexible,English,3
S881,Student_881,Female,University of Peradeniya,Cybersecurity,4,AI/ML,Lecturer,Intermediate,Kurunegala,student_881@student.edu,3.03,same_university,reading,career_guidance,flexible,English,8
S882,Student_882,Female,University of Kelaniya,CS,2,Business IT,Lecturer,Advanced,Kandy,student_882@student.edu,3.11,same_university,auditory,career_guidance,casual,"English,Tamil",6
S883,Student_883,Female,SLIIT,CS,3,Business IT,Lecturer,Beginner,Gampaha,student_883@student.edu,2.74,same_city,reading,skill_development,structured,English,3
S884,Student_884,Male,NSBM,IT,1,Cybersecurity,Software Engineer,Beginner,Kandy,student_884@student.edu,2.73,same_city,kinesthetic,skill_development,flexible,English,3
S885,Student_885,Female,University of Moratuwa,Data Science,3,Networking,Software Engineer,Intermediate,Kurunegala,student_885@student.edu,2.57,remote_only,kinesthetic,career_guidance,structured,English,2
S886,Student_886,Female,University of Kelaniya,Cybersecurity,4,Software Engineering,Lecturer,Beginner,Galle,student_886@student.edu,3.01,remote_only,visual,networking,flexible,"English,Sinhala",5
S887,Student_887,Male,NSBM,CS,3,AI/ML,Software Engineer,Intermediate,Kurunegala,student_887@student.edu,3.51,same_city,visual,research_guidance,formal,"English,Tamil",4
S888,Student_888,Female,University of Peradeniya,CS,2,Data Science,Lecturer,Intermediate,Gampaha,student_888@student.edu,2.64,same_city,kinesthetic,career_guidance,formal,English,6
S889,Student_889,Male,University of Moratuwa,SE,3,Data Science,Software Engineer,Advanced,Gampaha,student_889@student.edu,2.68,any,visual,skill_development,structured,English,3
S890,Student_890,Female,IIT Sri Lanka,Cybersecurity,3,Networking,Software Engineer,Advanced,Kurunegala,student_890@student.edu,2.76,same_city,auditory,job_search,structured,English,6
S891,Student_891,Female,University of Peradeniya,IT,3,Cybersecurity,Lecturer,Beginner,Kurunegala,student_891@student.edu,2.7,remote_only,visual,networking,formal,English,2
S892,Student_892,Male,University of Moratuwa,Cybersecurity,2,Networking,Software Engineer,Intermediate,Colombo,student_892@student.edu,3.66,same_city,auditory,research_guidance,formal,"English,Tamil",6
S893,Student_893,Male,NSBM,Cybersecurity,4,Business IT,Lecturer,Advanced,Kurunegala,student_893@student.edu,3.78,same_university,visual,career_guidance,formal,"English,Tamil",4
S894,Student_894,Female,University of Colombo,IT,1,Software Engineering,Lecturer,Intermediate,Gampaha,student_894@student.edu,3.18,remote_only,visual,networking,casual,English,7
S895,Student_895,Male,University of Kelaniya,Data Science,2,Networking,Security Analyst,Advanced,Kurunegala,student_895@student.edu,3.63,same_university,visual,career_guidance,structured,"English,Sinhala",1
S896,Student_896,Male,University of Colombo,SE,2,Networking,Lecturer,Advanced,Colombo,student_896@student.edu,3.18,any,kinesthetic,job_search,structured,English,1
S897,Student_897,Female,University of Colombo,CS,1,AI/ML,Security Analyst,Beginner,Colombo,student_897@student.edu,3.68,remote_only,auditory,skill_development,formal,"English,Tamil",8
S898,Student_898,Male,University of Peradeniya,CS,1,Software Engineering,Lecturer,Intermediate,Kandy,student_898@student.edu,2.75,remote_only,reading,job_search,structured,"English,Tamil",4
S899,Student_899,Male,University of Kelaniya,Cybersecurity,1,AI/ML,Software Engineer,Beginner,Kurunegala,student_899@student.edu,2.9,remote_only,kinesthetic,research_guidance,flexible,"English,Sinhala",6
S900,Student_900,Female,NSBM,SE,3,Cybersecurity,Software Engineer,Intermediate,Colombo,student_900@student.edu,3.7,remote_only,reading,research_guidance,casual,"English,Sinhala",9
S901,Student_901,Male,University of Peradeniya,CS,2,Business IT,Software Engineer,Intermediate,Colombo,student_901@student.edu,2.58,remote_only,reading,research_guidance,structured,"English,Sinhala",3
S902,Student_902,Female,University of Peradeniya,IT,4,Cybersecurity,Security Analyst,Intermediate,Galle,student_902@student.edu,3.18,same_university,auditory,career_guidance,flexible,"English,Sinhala",8
S903,Student_903,Male,University of Colombo,CS,4,Data Science,Data Scientist,Advanced,Kandy,student_903@student.edu,3.63,same_city,kinesthetic,networking,casual,English,2
S904,Student_904,Female,IIT Sri Lanka,Cybersecurity,1,AI/ML,Data Scientist,Beginner,Kurunegala,student_904@student.edu,2.96,same_university,kinesthetic,research_guidance,formal,"English,Tamil",4
S905,Student_905,Male,University of Kelaniya,Cybersecurity,3,Cybersecurity,Data Scientist,Advanced,Gampaha,student_905@student.edu,2.87,same_city,kinesthetic,networking,structured,"English,Tamil",6
S906,Student_906,Male,University of Peradeniya,SE,3,AI/ML,Software Engineer,Beginner,Galle,student_906@student.edu,2.55,any,visual,career_guidance,structured,"English,Sinhala",7
S907,Student_907,Male,IIT Sri Lanka,Cybersecurity,1,Software Engineering,Data Scientist,Intermediate,Kurunegala,student_907@student.edu,2.63,any,auditory,research_guidance,flexible,"English,Sinhala",6
S908,Student_908,Female,University of Peradeniya,Data Science,3,Business IT,Data Scientist,Beginner,Kandy,student_908@student.edu,2.5,any,reading,job_search,formal,"English,Sinhala",5
S909,Student_909,Male,SLIIT,IT,2,Business IT,Software Engineer,Advanced,Gampaha,student_909@student.edu,3.09,any,auditory,career_guidance,structured,"English,Sinhala",2
S910,Student_910,Female,NSBM,SE,3,Data Science,Security Analyst,Intermediate,Galle,student_910@student.edu,2.86,same_city,reading,networking,formal,"English,Tamil",1
S911,Student_911,Female,University of Peradeniya,IT,1,Software Engineering,Security Analyst,Advanced,Kandy,student_911@student.edu,2.62,same_city,reading,job_search,flexible,English,6
S912,Student_912,Male,University of Moratuwa,Data Science,2,Networking,Security Analyst,Intermediate,Colombo,student_912@student.edu,3.92,remote_only,auditory,job_search,formal,English,5
S913,Student_913,Female,SLIIT,IT,2,AI/ML,Security Analyst,Advanced,Kandy,student_913@student.edu,2.86,remote_only,visual,research_guidance,casual,"English,Sinhala",1
S914,Student_914,Female,IIT Sri Lanka,SE,4,Data Science,Security Analyst,Advanced,Colombo,student_914@student.edu,3.09,any,auditory,skill_development,casual,"English,Tamil",4
S915,Student_915,Female,IIT Sri Lanka,SE,1,Cybersecurity,Security Analyst,Intermediate,Kandy,student_915@student.edu,2.78,remote_only,auditory,research_guidance,flexible,"English,Tamil",2
S916,Student_916,Female,IIT Sri Lanka,Cybersecurity,4,Business IT,Software Engineer,Beginner,Kurunegala,student_916@student.edu,3.94,same_city,visual,research_guidance,formal,"English,Tamil",2
S917,Student_917,Male,University of Peradeniya,IT,4,Networking,Data Scientist,Intermediate,Kurunegala,student_917@student.edu,2.97,any,visual,research_guidance,casual,English,2
S918,Student_918,Female,University of Kelaniya,IT,4,AI/ML,Data Scientist,Beginner,Galle,student_918@student.edu,2.58,same_city,auditory,skill_development,formal,English,7
S919,Student_919,Female,NSBM,Cybersecurity,1,Software Engineering,Security Analyst,Beginner,Colombo,student_919@student.edu,3.71,any,kinesthetic,skill_development,formal,"English,Sinhala",5
S920,Student_920,Female,NSBM,CS,1,Data Science,Security Analyst,Beginner,Kandy,student_920@student.edu,2.8,same_city,kinesthetic,networking,structured,"English,Sinhala",5
S921,Student_921,Male,IIT Sri Lanka,IT,4,Data Science,Data Scientist,Beginner,Gampaha,student_921@student.edu,2.67,same_university,kinesthetic,career_guidance,flexible,"English,Sinhala",1
S922,Student_922,Male,University of Kelaniya,IT,4,Data Science,Software Engineer,Advanced,Galle,student_922@student.edu,2.64,any,visual,research_guidance,formal,English,6
S923,Student_923,Male,SLIIT,IT,2,Business IT,Software Engineer,Advanced,Galle,student_923@student.edu,3.71,remote_only,visual,career_guidance,formal,"English,Tamil",4
S924,Student_924,Female,NSBM,IT,1,Business IT,Lecturer,Beginner,Kandy,student_924@student.edu,3.81,same_city,visual,job_search,formal,English,5
S925,Student_925,Female,NSBM,Data Science,1,Cybersecurity,Data Scientist,Beginner,Kandy,student_925@student.edu,2.8,remote_only,kinesthetic,career_guidance,casual,English,8
S926,Student_926,Female,University of Peradeniya,Data Science,4,Data Science,Data Scientist,Advanced,Kandy,student_926@student.edu,3.74,same_university,kinesthetic,job_search,flexible,"English,Sinhala",2
S927,Student_927,Male,University of Kelaniya,Cybersecurity,2,Software Engineering,Security Analyst,Intermediate,Gampaha,student_927@student.edu,3.82,remote_only,auditory,networking,casual,"English,Sinhala",6
S928,Student_928,Male,University of Peradeniya,IT,4,Business IT,Software Engineer,Beginner,Galle,student_928@student.edu,3.78,same_city,auditory,job_search,structured,English,9
S929,Student_929,Female,SLIIT,SE,3,Software Engineering,Data Scientist,Intermediate,Gampaha,student_929@student.edu,2.72,any,visual,job_search,formal,English,2
S930,Student_930,Female,University of Kelaniya,Data Science,3,Software Engineering,Software Engineer,Intermediate,Gampaha,student_930@student.edu,3.14,any,kinesthetic,research_guidance,formal,"English,Tamil",6
S931,Student_931,Female,University of Moratuwa,IT,2,Cybersecurity,Lecturer,Intermediate,Gampaha,student_931@student.edu,3.69,any,reading,career_guidance,formal,"English,Tamil",2
S932,Student_932,Female,NSBM,Cybersecurity,4,Software Engineering,Security Analyst,Beginner,Kurunegala,student_932@student.edu,3.15,any,visual,job_search,structured,"English,Tamil",3
S933,Student_933,Male,University of Moratuwa,SE,1,Software Engineering,Security Analyst,Advanced,Gampaha,student_933@student.edu,3.26,any,reading,research_guidance,formal,English,3
S934,Student_934,Female,NSBM,SE,2,AI/ML,Lecturer,Intermediate,Colombo,student_934@student.edu,3.67,any,visual,job_search,formal,"English,Sinhala",1
S935,Student_935,Male,University of Peradeniya,SE,2,Software Engineering,Security Analyst,Beginner,Gampaha,student_935@student.edu,3.97,remote_only,auditory,career_guidance,structured,"English,Tamil",8
S936,Student_936,Male,NSBM,Data Science,3,Networking,Lecturer,Advanced,Kurunegala,student_936@student.edu,3.99,remote_only,reading,research_guidance,flexible,"English,Tamil",9
S937,Student_937,Male,NSBM,SE,4,AI/ML,Software Engineer,Advanced,Galle,student_937@student.edu,2.84,any,visual,job_search,casual,English,7
S938,Student_938,Male,University of Colombo,IT,4,Cybersecurity,Security Analyst,Intermediate,Kandy,student_938@student.edu,3.0,remote_only,kinesthetic,networking,casual,"English,Sinhala",8
S939,Student_939,Male,IIT Sri Lanka,CS,2,Networking,Lecturer,Beginner,Colombo,student_939@student.edu,3.75,same_city,reading,skill_development,structured,English,2
S940,Student_940,Female,University of Moratuwa,IT,3,Software Engineering,Data Scientist,Beginner,Kurunegala,student_940@student.edu,3.94,any,auditory,job_search,structured,"English,Tamil",2
S941,Student_941,Female,University of Moratuwa,Data Science,3,Networking,Security Analyst,Beginner,Colombo,student_941@student.edu,2.6,any,auditory,networking,casual,"English,Tamil",6
S942,Student_942,Female,University of Moratuwa,IT,4,Data Science,Security Analyst,Advanced,Gampaha,student_942@student.edu,3.4,same_city,kinesthetic,networking,structured,"English,Sinhala",9
S943,Student_943,Female,University of Peradeniya,SE,2,Business IT,Lecturer,Advanced,Galle,student_943@student.edu,3.66,same_university,visual,career_guidance,flexible,"English,Tamil",2
S944,Student_944,Female,University of Moratuwa,IT,4,Networking,Software Engineer,Beginner,Kandy,student_944@student.edu,3.31,same_university,visual,research_guidance,structured,English,4
S945,Student_945,Male,University of Colombo,Data Science,4,Networking,Software Engineer,Advanced,Colombo,student_945@student.edu,2.66,remote_only,visual,job_search,structured,English,3
S946,Student_946,Female,University of Peradeniya,SE,3,AI/ML,Lecturer,Intermediate,Kurunegala,student_946@student.edu,3.68,same_university,reading,networking,formal,"English,Sinhala",2
S947,Student_947,Female,University of Peradeniya,Data Science,4,Data Science,Security Analyst,Intermediate,Colombo,student_947@student.edu,3.92,remote_only,auditory,job_search,flexible,English,6
S948,Student_948,Female,IIT Sri Lanka,SE,1,Cybersecurity,Data Scientist,Beginner,Colombo,student_948@student.edu,2.75,same_city,auditory,networking,formal,"English,Sinhala",1
S949,Student_949,Male,SLIIT,Data Science,4,Networking,Data Scientist,Intermediate,Kandy,student_949@student.edu,3.74,same_university,visual,research_guidance,formal,English,1
S950,Student_950,Female,SLIIT,SE,1,Data Science,Security Analyst,Intermediate,Galle,student_950@student.edu,3.8,same_university,reading,skill_development,structured,English,8
S951,Student_951,Female,University of Moratuwa,IT,3,Software Engineering,Security Analyst,Beginner,Colombo,student_951@student.edu,3.77,any,auditory,research_guidance,flexible,"English,Sinhala",3
S952,Student_952,Female,IIT Sri Lanka,Data Science,3,AI/ML,Software Engineer,Beginner,Kandy,student_952@student.edu,2.66,same_university,kinesthetic,career_guidance,flexible,"English,Tamil",1
S953,Student_953,Female,University of Colombo,Data Science,4,Data Science,Lecturer,Advanced,Gampaha,student_953@student.edu,3.97,any,reading,job_search,structured,English,9
S954,Student_954,Female,University of Moratuwa,Cybersecurity,1,Networking,Security Analyst,Intermediate,Kurunegala,student_954@student.edu,3.75,remote_only,kinesthetic,skill_development,flexible,"English,Tamil",6
S955,Student_955,Male,University of Kelaniya,Data Science,2,Business IT,Lecturer,Advanced,Galle,student_955@student.edu,3.4,same_university,visual,networking,formal,English,3
S956,Student_956,Male,University of Moratuwa,Data Science,1,Data Science,Security Analyst,Advanced,Kurunegala,student_956@student.edu,2.8,same_city,visual,networking,structured,English,2
S957,Student_957,Female,University of Colombo,IT,4,Cybersecurity,Lecturer,Beginner,Kurunegala,student_957@student.edu,3.31,remote_only,reading,job_search,structured,"English,Tamil",8
S958,Student_958,Female,University of Peradeniya,IT,4,Business IT,Security Analyst,Advanced,Colombo,student_958@student.edu,3.81,any,visual,job_search,formal,"English,Tamil",5
S959,Student_959,Male,SLIIT,Cybersecurity,3,Business IT,Lecturer,Intermediate,Kurunegala,student_959@student.edu,2.55,same_university,reading,career_guidance,casual,"English,Tamil",5
S960,Student_960,Male,University of Kelaniya,IT,2,Cybersecurity,Lecturer,Beginner,Kurunegala,student_960@student.edu,3.4,same_university,reading,research_guidance,structured,English,1
S961,Student_961,Male,University of Peradeniya,IT,1,Data Science,Security Analyst,Beginner,Galle,student_961@student.edu,2.73,any,reading,networking,structured,"English,Tamil",8
S962,Student_962,Female,University of Kelaniya,SE,3,Networking,Data Scientist,Intermediate,Kurunegala,student_962@student.edu,2.67,same_city,visual,skill_development,formal,"English,Tamil",7
S963,Student_963,Female,University of Colombo,Data Science,4,Cybersecurity,Data Scientist,Advanced,Kandy,student_963@student.edu,3.78,same_city,auditory,networking,structured,"English,Sinhala",6
S964,Student_964,Male,IIT Sri Lanka,IT,4,Networking,Security Analyst,Advanced,Kandy,student_964@student.edu,3.28,remote_only,visual,research_guidance,casual,English,3
S965,Student_965,Male,University of Peradeniya,CS,4,Software Engineering,Data Scientist,Beginner,Colombo,student_965@student.edu,3.35,any,visual,research_guidance,casual,"English,Tamil",9
S966,Student_966,Female,SLIIT,SE,2,Networking,Lecturer,Intermediate,Gampaha,student_966@student.edu,3.52,same_city,auditory,skill_development,flexible,"English,Sinhala",8
S967,Student_967,Male,IIT Sri Lanka,Cybersecurity,2,AI/ML,Lecturer,Beginner,Kurunegala,student_967@student.edu,3.25,same_university,reading,networking,structured,"English,Tamil",9
S968,Student_968,Male,NSBM,IT,4,Data Science,Lecturer,Intermediate,Kandy,student_968@student.edu,3.92,remote_only,auditory,job_search,formal,"English,Tamil",5
S969,Student_969,Male,IIT Sri Lanka,Cybersecurity,4,Business IT,Data Scientist,Beginner,Kurunegala,student_969@student.edu,3.77,same_city,kinesthetic,job_search,casual,"English,Sinhala",8
S970,Student_970,Male,University of Colombo,Data Science,2,Networking,Security Analyst,Advanced,Kurunegala,student_970@student.edu,3.42,any,reading,job_search,flexible,English,8
S971,Student_971,Female,University of Peradeniya,IT,2,Software Engineering,Lecturer,Beginner,Gampaha,student_971@student.edu,3.74,same_city,visual,research_guidance,flexible,"English,Sinhala",4
S972,Student_972,Female,University of Kelaniya,IT,4,Cybersecurity,Software Engineer,Intermediate,Colombo,student_972@student.edu,3.1,remote_only,auditory,career_guidance,casual,English,5
S973,Student_973,Male,University of Peradeniya,IT,4,AI/ML,Data Scientist,Intermediate,Galle,student_973@student.edu,3.4,remote_only,reading,skill_development,casual,"English,Sinhala",6
S974,Student_974,Male,NSBM,Cybersecurity,1,Data Science,Security Analyst,Intermediate,Kandy,student_974@student.edu,3.69,same_city,auditory,research_guidance,structured,"English,Sinhala",6
S975,Student_975,Female,University of Peradeniya,IT,3,Business IT,Data Scientist,Intermediate,Galle,student_975@student.edu,2.63,any,visual,job_search,formal,English,4
S976,Student_976,Female,University of Moratuwa,Cybersecurity,1,Business IT,Lecturer,Intermediate,Gampaha,student_976@student.edu,2.99,any,visual,career_guidance,flexible,"English,Sinhala",1
S977,Student_977,Male,University of Colombo,CS,4,Cybersecurity,Lecturer,Intermediate,Gampaha,student_977@student.edu,3.04,same_university,auditory,skill_development,formal,"English,Sinhala",6
S978,Student_978,Male,SLIIT,SE,2,Data Science,Data Scientist,Intermediate,Galle,student_978@student.edu,3.5,same_city,auditory,networking,casual,"English,Sinhala",5
S979,Student_979,Female,University of Peradeniya,IT,2,Software Engineering,Lecturer,Advanced,Galle,student_979@student.edu,2.76,same_university,kinesthetic,job_search,structured,"English,Tamil",4
S980,Student_980,Female,University of Colombo,Cybersecurity,3,AI/ML,Lecturer,Advanced,Kandy,student_980@student.edu,3.97,same_city,kinesthetic,research_guidance,flexible,"English,Tamil",9
S981,Student_981,Male,SLIIT,SE,3,Cybersecurity,Data Scientist,Intermediate,Colombo,student_981@student.edu,3.64,remote_only,reading,skill_development,flexible,"English,Tamil",9
S982,Student_982,Male,SLIIT,Data Science,4,Software Engineering,Data Scientist,Beginner,Colombo,student_982@student.edu,3.39,remote_only,auditory,career_guidance,flexible,"English,Sinhala",2
S983,Student_983,Male,University of Peradeniya,SE,4,Data Science,Security Analyst,Advanced,Kandy,student_983@student.edu,2.84,same_city,visual,job_search,structured,English,3
S984,Student_984,Male,University of Kelaniya,IT,1,AI/ML,Software Engineer,Intermediate,Kurunegala,student_984@student.edu,3.05,remote_only,visual,research_guidance,flexible,"English,Tamil",3
S985,Student_985,Male,NSBM,IT,1,Business IT,Lecturer,Intermediate,Colombo,student_985@student.edu,3.41,any,kinesthetic,skill_development,formal,"English,Tamil",8
S986,Student_986,Male,University of Colombo,SE,2,Data Science,Software Engineer,Advanced,Kandy,student_986@student.edu,3.6,same_city,auditory,career_guidance,casual,"English,Tamil",1
S987,Student_987,Male,University of Kelaniya,Data Science,2,AI/ML,Software Engineer,Beginner,Colombo,student_987@student.edu,3.13,same_city,kinesthetic,job_search,casual,"English,Sinhala",8
S988,Student_988,Male,IIT Sri Lanka,SE,3,Software Engineering,Data Scientist,Beginner,Kandy,student_988@student.edu,3.49,same_city,visual,job_search,flexible,"English,Sinhala",1
S989,Student_989,Female,University of Kelaniya,Data Science,2,Networking,Security Analyst,Advanced,Galle,student_989@student.edu,3.31,same_university,reading,research_guidance,formal,"English,Tamil",6
S990,Student_990,Female,University of Kelaniya,Cybersecurity,1,Business IT,Software Engineer,Beginner,Colombo,student_990@student.edu,2.87,same_city,reading,skill_development,flexible,English,9
S991,Student_991,Female,IIT Sri Lanka,IT,1,AI/ML,Software Engineer,Advanced,Kurunegala,student_991@student.edu,2.96,remote_only,kinesthetic,career_guidance,flexible,English,3
S992,Student_992,Male,NSBM,SE,3,Cybersecurity,Security Analyst,Beginner,Galle,student_992@student.edu,3.67,same_university,visual,career_guidance,casual,English,6
S993,Student_993,Female,University of Moratuwa,IT,2,Software Engineering,Lecturer,Intermediate,Galle,student_993@student.edu,3.0,same_university,visual,networking,structured,"English,Tamil",1
S994,Student_994,Male,SLIIT,CS,2,Software Engineering,Software Engineer,Intermediate,Gampaha,student_994@student.edu,3.33,remote_only,auditory,skill_development,structured,English,6
S995,Student_995,Male,University of Peradeniya,Data Science,2,Software Engineering,Software Engineer,Intermediate,Kandy,student_995@student.edu,2.52,remote_only,kinesthetic,research_guidance,casual,English,4
S996,Student_996,Female,University of Colombo,CS,4,Data Science,Software Engineer,Intermediate,Colombo,student_996@student.edu,2.92,any,reading,career_guidance,casual,English,6
S997,Student_997,Male,University of Peradeniya,Cybersecurity,4,Software Engineering,Data Scientist,Beginner,Galle,student_997@student.edu,3.8,same_university,kinesthetic,job_search,structured,"English,Sinhala",7
S998,Student_998,Male,University of Peradeniya,SE,1,AI/ML,Data Scientist,Beginner,Kurunegala,student_998@student.edu,3.81,any,visual,job_search,casual,English,2
S999,Student_999,Female,University of Kelaniya,Cybersecurity,1,AI/ML,Security Analyst,Intermediate,Colombo,student_999@student.edu,2.7,same_city,auditory,skill_development,casual,English,1
S1000,Student_1000,Female,University of Moratuwa,Data Science,3,Cybersecurity,Lecturer,Advanced,Kurunegala,student_1000@student.edu,2.99,same_university,reading,networking,casual,"English,Tamil",7
S1001,Student_1001,Male,University of Colombo,CS,4,Networking,Lecturer,Beginner,Kandy,student_1001@student.edu,2.65,any,kinesthetic,career_guidance,flexible,English,9
S1002,Student_1002,Female,SLIIT,SE,4,AI/ML,Security Analyst,Beginner,Kurunegala,student_1002@student.edu,3.47,any,visual,job_search,formal,English,2
S1003,Student_1003,Female,University of Moratuwa,SE,4,AI/ML,Software Engineer,Advanced,Colombo,student_1003@student.edu,3.39,same_city,visual,research_guidance,structured,"English,Tamil",5
S1004,Student_1004,Male,IIT Sri Lanka,CS,1,Networking,Data Scientist,Intermediate,Galle,student_1004@student.edu,2.51,same_city,reading,skill_development,flexible,"English,Sinhala",2
S1005,Student_1005,Male,University of Colombo,Cybersecurity,3,Networking,Lecturer,Intermediate,Kurunegala,student_1005@student.edu,2.75,same_city,visual,networking,formal,"English,Sinhala",7
S1006,Student_1006,Male,University of Kelaniya,IT,3,Software Engineering,Data Scientist,Advanced,Kurunegala,student_1006@student.edu,3.28,same_city,reading,career_guidance,flexible,"English,Sinhala",2
S1007,Student_1007,Female,University of Colombo,IT,3,Business IT,Lecturer,Beginner,Kurunegala,student_1007@student.edu,3.06,remote_only,auditory,skill_development,casual,"English,Tamil",2
S1008,Student_1008,Male,University of Kelaniya,CS,3,AI/ML,Lecturer,Advanced,Gampaha,student_1008@student.edu,3.01,same_university,reading,networking,formal,"English,Sinhala",8
S1009,Student_1009,Male,NSBM,Cybersecurity,2,Business IT,Security Analyst,Beginner,Galle,student_1009@student.edu,2.71,same_city,reading,networking,flexible,"English,Sinhala",6
S1010,Student_1010,Male,SLIIT,Data Science,3,Software Engineering,Data Scientist,Intermediate,Galle,student_1010@student.edu,2.66,same_city,auditory,networking,casual,English,6
S1011,Student_1011,Female,University of Kelaniya,IT,1,Cybersecurity,Data Scientist,Intermediate,Kandy,student_1011@student.edu,3.86,any,kinesthetic,research_guidance,structured,"English,Sinhala",4
S1012,Student_1012,Male,University of Colombo,Cybersecurity,2,Software Engineering,Data Scientist,Advanced,Colombo,student_1012@student.edu,2.74,same_university,reading,research_guidance,structured,"English,Sinhala",2
S1013,Student_1013,Female,University of Kelaniya,Cybersecurity,4,Data Science,Data Scientist,Beginner,Galle,student_1013@student.edu,2.52,same_university,kinesthetic,networking,formal,"English,Tamil",9
S1014,Student_1014,Male,University of Moratuwa,Cybersecurity,4,Networking,Security Analyst,Advanced,Galle,student_1014@student.edu,3.02,remote_only,reading,skill_development,formal,English,8
S1015,Student_1015,Male,University of Kelaniya,IT,1,Cybersecurity,Data Scientist,Beginner,Gampaha,student_1015@student.edu,2.97,remote_only,visual,research_guidance,formal,"English,Sinhala",5
S1016,Student_1016,Male,University of Peradeniya,IT,1,Business IT,Software Engineer,Beginner,Gampaha,student_1016@student.edu,3.49,any,auditory,research_guidance,casual,"English,Tamil",3
S1017,Student_1017,Male,NSBM,IT,4,AI/ML,Security Analyst,Beginner,Galle,student_1017@student.edu,3.06,any,visual,research_guidance,formal,"English,Tamil",3
S1018,Student_1018,Female,IIT Sri Lanka,CS,4,Data Science,Lecturer,Beginner,Galle,student_1018@student.edu,2.68,remote_only,auditory,research_guidance,structured,"English,Tamil",8
S1019,Student_1019,Male,University of Peradeniya,IT,2,Business IT,Security Analyst,Advanced,Galle,student_1019@student.edu,3.93,same_university,reading,career_guidance,structured,"English,Tamil",6
S1020,Student_1020,Male,University of Colombo,IT,4,Networking,Lecturer,Beginner,Kandy,student_1020@student.edu,2.86,any,visual,research_guidance,structured,English,6
S1021,Student_1021,Male,IIT Sri Lanka,SE,4,Cybersecurity,Data Scientist,Intermediate,Gampaha,student_1021@student.edu,2.86,same_city,reading,career_guidance,structured,"English,Sinhala",8
S1022,Student_1022,Male,SLIIT,Data Science,3,Business IT,Security Analyst,Advanced,Galle,student_1022@student.edu,3.61,same_university,reading,networking,casual,"English,Sinhala",6
S1023,Student_1023,Male,University of Moratuwa,IT,4,AI/ML,Data Scientist,Advanced,Kurunegala,student_1023@student.edu,3.78,remote_only,visual,job_search,flexible,"English,Tamil",8
S1024,Student_1024,Male,SLIIT,CS,1,Data Science,Software Engineer,Beginner,Galle,student_1024@student.edu,3.0,same_university,kinesthetic,career_guidance,formal,English,3
S1025,Student_1025,Male,NSBM,Data Science,2,Business IT,Security Analyst,Beginner,Gampaha,student_1025@student.edu,2.67,any,visual,networking,casual,"English,Sinhala",1
S1026,Student_1026,Female,University of Moratuwa,Cybersecurity,3,Networking,Security Analyst,Intermediate,Gampaha,student_1026@student.edu,3.39,same_university,auditory,research_guidance,structured,"English,Tamil",4
S1027,Student_1027,Female,University of Kelaniya,CS,3,AI/ML,Lecturer,Beginner,Colombo,student_1027@student.edu,3.5,same_university,reading,job_search,casual,"English,Tamil",1
S1028,Student_1028,Female,University of Kelaniya,IT,2,Software Engineering,Security Analyst,Advanced,Colombo,student_1028@student.edu,3.67,same_university,reading,career_guidance,flexible,"English,Sinhala",1
S1029,Student_1029,Female,University of Colombo,IT,3,Data Science,Lecturer,Beginner,Colombo,student_1029@student.edu,2.85,same_city,auditory,skill_development,flexible,"English,Sinhala",6
S1030,Student_1030,Female,University of Colombo,CS,1,Data Science,Security Analyst,Advanced,Kurunegala,student_1030@student.edu,3.59,remote_only,kinesthetic,research_guidance,structured,"English,Tamil",1
S1031,Student_1031,Male,NSBM,CS,4,Software Engineering,Lecturer,Beginner,Kurunegala,student_1031@student.edu,3.89,same_city,visual,research_guidance,casual,"English,Tamil",8
S1032,Student_1032,Male,University of Colombo,SE,3,Networking,Security Analyst,Advanced,Kurunegala,student_1032@student.edu,2.95,same_city,reading,skill_development,structured,"English,Tamil",8
S1033,Student_1033,Female,University of Moratuwa,SE,3,Business IT,Software Engineer,Intermediate,Kurunegala,student_1033@student.edu,3.77,remote_only,auditory,job_search,casual,English,2
S1034,Student_1034,Male,University of Kelaniya,SE,1,Cybersecurity,Security Analyst,Intermediate,Colombo,student_1034@student.edu,3.51,same_city,reading,skill_development,flexible,English,3
S1035,Student_1035,Male,NSBM,Data Science,1,AI/ML,Software Engineer,Beginner,Kandy,student_1035@student.edu,3.09,remote_only,kinesthetic,research_guidance,structured,English,7
S1036,Student_1036,Male,IIT Sri Lanka,SE,3,Software Engineering,Data Scientist,Advanced,Kandy,student_1036@student.edu,3.83,any,visual,career_guidance,flexible,"English,Tamil",8
S1037,Student_1037,Male,University of Kelaniya,SE,3,Networking,Software Engineer,Advanced,Kandy,student_1037@student.edu,2.58,any,kinesthetic,skill_development,casual,"English,Tamil",9
S1038,Student_1038,Male,IIT Sri Lanka,IT,2,Business IT,Data Scientist,Advanced,Kurunegala,student_1038@student.edu,2.56,remote_only,visual,career_guidance,casual,"English,Sinhala",9
S1039,Student_1039,Male,NSBM,IT,3,Business IT,Security Analyst,Advanced,Kurunegala,student_1039@student.edu,3.83,same_university,reading,job_search,casual,"English,Tamil",5
S1040,Student_1040,Male,NSBM,IT,3,Data Science,Security Analyst,Advanced,Galle,student_1040@student.edu,3.41,same_city,reading,networking,flexible,"English,Tamil",3
S1041,Student_1041,Male,University of Moratuwa,Cybersecurity,4,Software Engineering,Software Engineer,Intermediate,Galle,student_1041@student.edu,3.78,same_city,kinesthetic,job_search,flexible,English,8
S1042,Student_1042,Male,NSBM,IT,2,Software Engineering,Lecturer,Advanced,Gampaha,student_1042@student.edu,3.55,remote_only,auditory,research_guidance,casual,"English,Sinhala",2
S1043,Student_1043,Male,NSBM,SE,2,Networking,Lecturer,Intermediate,Kandy,student_1043@student.edu,3.49,remote_only,reading,networking,formal,"English,Tamil",6
S1044,Student_1044,Female,University of Peradeniya,CS,2,Business IT,Lecturer,Beginner,Kandy,student_1044@student.edu,3.35,any,reading,research_guidance,formal,"English,Sinhala",5
S1045,Student_1045,Male,University of Colombo,Cybersecurity,3,Networking,Software Engineer,Advanced,Kandy,student_1045@student.edu,3.52,same_city,reading,research_guidance,casual,"English,Sinhala",1
S1046,Student_1046,Female,SLIIT,Cybersecurity,4,Business IT,Software Engineer,Beginner,Colombo,student_1046@student.edu,2.91,remote_only,kinesthetic,research_guidance,flexible,"English,Tamil",9
S1047,Student_1047,Male,IIT Sri Lanka,Data Science,4,Software Engineering,Lecturer,Advanced,Kurunegala,student_1047@student.edu,3.2,same_city,auditory,job_search,flexible,English,3
S1048,Student_1048,Female,University of Moratuwa,SE,4,Networking,Security Analyst,Beginner,Kandy,student_1048@student.edu,3.84,same_university,kinesthetic,research_guidance,formal,"English,Sinhala",9
S1049,Student_1049,Female,University of Moratuwa,Data Science,1,Data Science,Security Analyst,Beginner,Colombo,student_1049@student.edu,3.89,same_university,visual,career_guidance,casual,"English,Tamil",3
S1050,Student_1050,Male,University of Colombo,Data Science,4,AI/ML,Data Scientist,Intermediate,Kurunegala,student_1050@student.edu,3.23,same_university,visual,career_guidance,formal,"English,Sinhala",2
S1051,Student_1051,Male,University of Colombo,Cybersecurity,3,Data Science,Data Scientist,Beginner,Kurunegala,student_1051@student.edu,3.12,any,visual,research_guidance,flexible,English,4
S1052,Student_1052,Female,University of Kelaniya,IT,3,Software Engineering,Data Scientist,Intermediate,Kurunegala,student_1052@student.edu,3.62,remote_only,kinesthetic,research_guidance,structured,"English,Tamil",2
S1053,Student_1053,Female,University of Peradeniya,Data Science,2,Business IT,Software Engineer,Intermediate,Kandy,student_1053@student.edu,2.94,same_university,auditory,career_guidance,structured,"English,Sinhala",6
S1054,Student_1054,Female,University of Moratuwa,Cybersecurity,4,Networking,Software Engineer,Beginner,Galle,student_1054@student.edu,3.32,any,auditory,skill_development,casual,English,8
S1055,Student_1055,Male,SLIIT,CS,3,AI/ML,Data Scientist,Advanced,Kandy,student_1055@student.edu,3.73,same_university,kinesthetic,research_guidance,casual,"English,Sinhala",7
S1056,Student_1056,Female,University of Moratuwa,SE,3,Data Science,Software Engineer,Advanced,Gampaha,student_1056@student.edu,3.48,same_city,kinesthetic,job_search,flexible,English,9
S1057,Student_1057,Female,University of Kelaniya,Cybersecurity,4,Cybersecurity,Security Analyst,Intermediate,Kurunegala,student_1057@student.edu,3.27,same_university,kinesthetic,skill_development,formal,English,8
S1058,Student_1058,Female,SLIIT,SE,3,Software Engineering,Data Scientist,Advanced,Kandy,student_1058@student.edu,3.41,same_university,auditory,skill_development,structured,English,2
S1059,Student_1059,Male,University of Kelaniya,SE,4,Networking,Data Scientist,Advanced,Colombo,student_1059@student.edu,3.4,any,auditory,skill_development,casual,English,2
S1060,Student_1060,Male,IIT Sri Lanka,IT,3,Software Engineering,Lecturer,Intermediate,Kurunegala,student_1060@student.edu,3.49,same_city,visual,career_guidance,casual,"English,Tamil",5
S1061,Student_1061,Male,University of Peradeniya,CS,3,AI/ML,Data Scientist,Beginner,Colombo,student_1061@student.edu,3.08,same_city,visual,career_guidance,structured,"English,Tamil",4
S1062,Student_1062,Male,NSBM,SE,2,AI/ML,Lecturer,Intermediate,Colombo,student_1062@student.edu,2.76,same_university,visual,career_guidance,casual,English,7
S1063,Student_1063,Female,University of Colombo,SE,1,Data Science,Data Scientist,Beginner,Kurunegala,student_1063@student.edu,3.15,same_university,visual,skill_development,flexible,"English,Sinhala",5
S1064,Student_1064,Male,University of Moratuwa,CS,3,Business IT,Lecturer,Advanced,Galle,student_1064@student.edu,3.43,same_city,auditory,skill_development,casual,English,6
S1065,Student_1065,Female,SLIIT,Data Science,3,Networking,Data Scientist,Beginner,Kandy,student_1065@student.edu,3.98,same_city,auditory,networking,casual,English,7
S1066,Student_1066,Female,NSBM,CS,3,Software Engineering,Security Analyst,Intermediate,Kurunegala,student_1066@student.edu,3.78,any,reading,career_guidance,structured,"English,Sinhala",1
S1067,Student_1067,Female,University of Moratuwa,SE,1,Software Engineering,Software Engineer,Beginner,Kandy,student_1067@student.edu,2.54,any,kinesthetic,skill_development,formal,English,4
S1068,Student_1068,Female,University of Peradeniya,IT,2,Cybersecurity,Data Scientist,Advanced,Kurunegala,student_1068@student.edu,3.18,any,kinesthetic,research_guidance,casual,English,1
S1069,Student_1069,Female,IIT Sri Lanka,Cybersecurity,3,Software Engineering,Lecturer,Intermediate,Gampaha,student_1069@student.edu,3.5,same_city,kinesthetic,job_search,structured,"English,Tamil",9
S1070,Student_1070,Male,University of Moratuwa,Data Science,1,Data Science,Data Scientist,Beginner,Galle,student_1070@student.edu,2.91,same_university,kinesthetic,job_search,formal,English,3
S1071,Student_1071,Female,NSBM,IT,1,AI/ML,Security Analyst,Beginner,Kandy,student_1071@student.edu,3.53,any,kinesthetic,skill_development,flexible,English,7
S1072,Student_1072,Male,NSBM,CS,3,Cybersecurity,Data Scientist,Advanced,Kandy,student_1072@student.edu,3.49,remote_only,kinesthetic,networking,structured,"English,Sinhala",1
S1073,Student_1073,Male,IIT Sri Lanka,IT,4,Business IT,Security Analyst,Intermediate,Gampaha,student_1073@student.edu,2.5,same_city,reading,job_search,structured,"English,Tamil",4
S1074,Student_1074,Female,University of Colombo,IT,4,Software Engineering,Data Scientist,Advanced,Colombo,student_1074@student.edu,2.51,remote_only,visual,networking,flexible,English,3
S1075,Student_1075,Male,University of Peradeniya,SE,4,Software Engineering,Software Engineer,Intermediate,Kurunegala,student_1075@student.edu,3.06,remote_only,reading,job_search,casual,"English,Tamil",8
S1076,Student_1076,Female,University of Kelaniya,SE,1,Business IT,Lecturer,Advanced,Kandy,student_1076@student.edu,3.86,any,auditory,job_search,formal,"English,Tamil",2
S1077,Student_1077,Female,University of Moratuwa,Cybersecurity,1,AI/ML,Security Analyst,Advanced,Colombo,student_1077@student.edu,3.21,same_city,visual,skill_development,flexible,English,5
S1078,Student_1078,Male,University of Kelaniya,Data Science,4,Cybersecurity,Data Scientist,Intermediate,Kandy,student_1078@student.edu,3.21,any,visual,research_guidance,formal,English,5
S1079,Student_1079,Female,University of Peradeniya,IT,4,Networking,Lecturer,Intermediate,Kurunegala,student_1079@student.edu,3.86,any,reading,research_guidance,formal,English,2
S1080,Student_1080,Female,IIT Sri Lanka,IT,2,Data Science,Security Analyst,Advanced,Galle,student_1080@student.edu,3.3,any,kinesthetic,skill_development,casual,English,2
S1081,Student_1081,Male,NSBM,IT,1,Software Engineering,Software Engineer,Advanced,Gampaha,student_1081@student.edu,3.72,same_city,kinesthetic,networking,structured,"English,Sinhala",9
S1082,Student_1082,Female,IIT Sri Lanka,Data Science,3,Software Engineering,Security Analyst,Beginner,Kurunegala,student_1082@student.edu,3.3,any,reading,skill_development,casual,English,6
S1083,Student_1083,Female,University of Moratuwa,SE,3,Data Science,Security Analyst,Beginner,Kurunegala,student_1083@student.edu,3.72,remote_only,kinesthetic,skill_development,flexible,"English,Tamil",5
S1084,Student_1084,Female,IIT Sri Lanka,CS,1,Business IT,Software Engineer,Advanced,Colombo,student_1084@student.edu,2.84,remote_only,visual,skill_development,structured,English,4
S1085,Student_1085,Female,University of Moratuwa,Data Science,2,AI/ML,Security Analyst,Beginner,Galle,student_1085@student.edu,3.72,same_university,auditory,networking,structured,English,4
S1086,Student_1086,Male,University of Colombo,SE,1,Data Science,Security Analyst,Advanced,Kurunegala,student_1086@student.edu,3.06,same_city,reading,job_search,structured,"English,Sinhala",7
S1087,Student_1087,Male,NSBM,IT,3,Business IT,Data Scientist,Advanced,Kurunegala,student_1087@student.edu,3.47,any,reading,networking,casual,English,9
S1088,Student_1088,Male,NSBM,CS,3,Business IT,Lecturer,Intermediate,Galle,student_1088@student.edu,3.92,remote_only,kinesthetic,job_search,flexible,"English,Tamil",2
S1089,Student_1089,Female,IIT Sri Lanka,IT,4,Cybersecurity,Data Scientist,Intermediate,Gampaha,student_1089@student.edu,3.11,any,auditory,career_guidance,flexible,"English,Sinhala",5
S1090,Student_1090,Female,SLIIT,Cybersecurity,1,AI/ML,Data Scientist,Advanced,Galle,student_1090@student.edu,3.21,same_city,auditory,job_search,structured,"English,Tamil",1
S1091,Student_1091,Male,University of Peradeniya,CS,3,Cybersecurity,Software Engineer,Intermediate,Gampaha,student_1091@student.edu,2.88,same_city,visual,job_search,formal,"English,Sinhala",6
S1092,Student_1092,Male,University of Kelaniya,CS,2,Networking,Lecturer,Beginner,Kurunegala,student_1092@student.edu,3.56,any,visual,career_guidance,formal,English,3
S1093,Student_1093,Female,University of Kelaniya,SE,3,Cybersecurity,Data Scientist,Intermediate,Kurunegala,student_1093@student.edu,3.34,remote_only,visual,career_guidance,casual,English,3
S1094,Student_1094,Female,IIT Sri Lanka,IT,2,Data Science,Software Engineer,Beginner,Kurunegala,student_1094@student.edu,3.05,remote_only,visual,career_guidance,formal,English,2
S1095,Student_1095,Female,University of Moratuwa,CS,1,AI/ML,Software Engineer,Advanced,Kurunegala,student_1095@student.edu,3.91,same_university,reading,research_guidance,casual,"English,Tamil",4
S1096,Student_1096,Female,University of Kelaniya,Cybersecurity,1,Data Science,Software Engineer,Intermediate,Galle,student_1096@student.edu,3.38,remote_only,reading,job_search,formal,English,6
S1097,Student_1097,Female,University of Kelaniya,CS,1,Cybersecurity,Lecturer,Advanced,Galle,student_1097@student.edu,3.09,remote_only,reading,skill_development,flexible,"English,Sinhala",6
S1098,Student_1098,Female,NSBM,IT,4,Software Engineering,Software Engineer,Advanced,Kurunegala,student_1098@student.edu,3.83,same_university,reading,skill_development,formal,English,6
S1099,Student_1099,Male,IIT Sri Lanka,SE,3,Networking,Software Engineer,Beginner,Kandy,student_1099@student.edu,3.43,same_university,reading,research_guidance,flexible,English,4
S1100,Student_1100,Male,IIT Sri Lanka,Data Science,2,Data Science,Lecturer,Advanced,Gampaha,student_1100@student.edu,3.59,remote_only,visual,job_search,casual,"English,Sinhala",9
S1101,Student_1101,Male,SLIIT,CS,4,Data Science,Data Scientist,Advanced,Gampaha,student_1101@student.edu,3.14,same_university,visual,skill_development,flexible,"English,Sinhala",9
S1102,Student_1102,Female,NSBM,SE,4,Software Engineering,Software Engineer,Advanced,Gampaha,student_1102@student.edu,2.7,remote_only,kinesthetic,job_search,flexible,"English,Sinhala",7
S1103,Student_1103,Female,University of Moratuwa,SE,3,Data Science,Software Engineer,Intermediate,Galle,student_1103@student.edu,3.76,any,kinesthetic,career_guidance,flexible,English,7
S1104,Student_1104,Female,University of Colombo,CS,3,Software Engineering,Lecturer,Advanced,Colombo,student_1104@student.edu,2.76,same_city,auditory,career_guidance,flexible,"English,Sinhala",3
S1105,Student_1105,Male,University of Colombo,Cybersecurity,4,Software Engineering,Lecturer,Beginner,Kurunegala,student_1105@student.edu,3.11,same_city,kinesthetic,career_guidance,flexible,English,8
S1106,Student_1106,Male,IIT Sri Lanka,Cybersecurity,2,Software Engineering,Data Scientist,Advanced,Colombo,student_1106@student.edu,3.46,remote_only,kinesthetic,career_guidance,structured,English,3
S1107,Student_1107,Female,University of Kelaniya,SE,4,Networking,Lecturer,Beginner,Colombo,student_1107@student.edu,3.79,any,auditory,networking,structured,English,2
S1108,Student_1108,Male,University of Peradeniya,Cybersecurity,2,Networking,Software Engineer,Advanced,Colombo,student_1108@student.edu,2.75,same_city,auditory,career_guidance,flexible,"English,Sinhala",6
S1109,Student_1109,Female,University of Peradeniya,Cybersecurity,4,Business IT,Lecturer,Beginner,Galle,student_1109@student.edu,2.82,same_city,visual,job_search,structured,"English,Sinhala",8
S1110,Student_1110,Female,IIT Sri Lanka,CS,3,Business IT,Lecturer,Intermediate,Kurunegala,student_1110@student.edu,3.29,same_university,kinesthetic,networking,formal,"English,Tamil",4
S1111,Student_1111,Female,University of Peradeniya,IT,2,AI/ML,Software Engineer,Beginner,Gampaha,student_1111@student.edu,2.76,same_university,visual,research_guidance,flexible,"English,Tamil",4
S1112,Student_1112,Female,IIT Sri Lanka,Cybersecurity,1,Software Engineering,Data Scientist,Advanced,Galle,student_1112@student.edu,3.23,any,visual,job_search,casual,English,1
S1113,Student_1113,Female,IIT Sri Lanka,Data Science,2,Data Science,Lecturer,Intermediate,Gampaha,student_1113@student.edu,3.41,remote_only,kinesthetic,research_guidance,flexible,English,5
S1114,Student_1114,Male,SLIIT,Data Science,2,Software Engineering,Security Analyst,Intermediate,Galle,student_1114@student.edu,3.7,same_city,reading,networking,casual,English,6
S1115,Student_1115,Female,NSBM,SE,1,AI/ML,Software Engineer,Beginner,Kurunegala,student_1115@student.edu,2.68,same_city,auditory,skill_development,flexible,"English,Sinhala",5
S1116,Student_1116,Female,University of Peradeniya,IT,4,Software Engineering,Software Engineer,Beginner,Gampaha,student_1116@student.edu,2.92,same_city,reading,networking,casual,"English,Sinhala",9
S1117,Student_1117,Female,NSBM,Cybersecurity,3,Networking,Data Scientist,Advanced,Kurunegala,student_1117@student.edu,3.54,same_city,kinesthetic,skill_development,flexible,"English,Sinhala",4
S1118,Student_1118,Female,University of Moratuwa,Data Science,2,Software Engineering,Software Engineer,Intermediate,Gampaha,student_1118@student.edu,3.48,same_city,visual,research_guidance,casual,"English,Tamil",9
S1119,Student_1119,Male,University of Moratuwa,SE,3,Networking,Software Engineer,Intermediate,Colombo,student_1119@student.edu,3.39,same_university,reading,networking,flexible,English,1
S1120,Student_1120,Male,University of Kelaniya,Data Science,3,Data Science,Lecturer,Advanced,Kurunegala,student_1120@student.edu,2.76,same_city,reading,networking,casual,English,4
S1121,Student_1121,Male,University of Colombo,IT,1,Data Science,Data Scientist,Intermediate,Galle,student_1121@student.edu,3.02,same_city,kinesthetic,research_guidance,casual,"English,Tamil",5
S1122,Student_1122,Female,IIT Sri Lanka,CS,1,Data Science,Software Engineer,Advanced,Galle,student_1122@student.edu,3.54,any,kinesthetic,job_search,formal,"English,Sinhala",2
S1123,Student_1123,Female,University of Colombo,Data Science,1,Networking,Data Scientist,Intermediate,Kandy,student_1123@student.edu,2.86,any,visual,research_guidance,flexible,"English,Sinhala",9
S1124,Student_1124,Male,University of Peradeniya,IT,1,Data Science,Data Scientist,Beginner,Gampaha,student_1124@student.edu,3.82,same_city,reading,job_search,formal,"English,Tamil",4
S1125,Student_1125,Female,NSBM,Cybersecurity,4,Data Science,Software Engineer,Beginner,Gampaha,student_1125@student.edu,3.2,any,auditory,research_guidance,structured,English,1
S1126,Student_1126,Male,University of Moratuwa,SE,3,Software Engineering,Lecturer,Advanced,Gampaha,student_1126@student.edu,3.7,same_city,auditory,job_search,formal,"English,Sinhala",1
S1127,Student_1127,Male,NSBM,SE,3,AI/ML,Lecturer,Advanced,Gampaha,student_1127@student.edu,3.57,same_university,kinesthetic,career_guidance,casual,English,9
S1128,Student_1128,Male,University of Colombo,Cybersecurity,1,Software Engineering,Data Scientist,Intermediate,Kandy,student_1128@student.edu,3.8,same_city,reading,research_guidance,structured,English,7
S1129,Student_1129,Male,SLIIT,CS,4,Cybersecurity,Security Analyst,Intermediate,Kurunegala,student_1129@student.edu,2.56,any,auditory,career_guidance,structured,"English,Sinhala",5
S1130,Student_1130,Male,SLIIT,Cybersecurity,3,Data Science,Lecturer,Beginner,Gampaha,student_1130@student.edu,2.83,any,visual,research_guidance,casual,English,4
S1131,Student_1131,Female,University of Peradeniya,Cybersecurity,1,Business IT,Data Scientist,Intermediate,Galle,student_1131@student.edu,3.2,remote_only,reading,job_search,formal,"English,Tamil",8
S1132,Student_1132,Female,University of Moratuwa,IT,3,Data Science,Data Scientist,Advanced,Galle,student_1132@student.edu,2.9,any,visual,skill_development,flexible,"English,Sinhala",2
S1133,Student_1133,Female,IIT Sri Lanka,Cybersecurity,4,Business IT,Lecturer,Beginner,Gampaha,student_1133@student.edu,3.18,any,kinesthetic,skill_development,casual,English,8
S1134,Student_1134,Female,IIT Sri Lanka,SE,4,Networking,Lecturer,Advanced,Gampaha,student_1134@student.edu,2.94,any,auditory,job_search,structured,"English,Tamil",5
S1135,Student_1135,Female,SLIIT,SE,3,AI/ML,Software Engineer,Beginner,Kandy,student_1135@student.edu,2.68,any,kinesthetic,skill_development,casual,"English,Tamil",2
S1136,Student_1136,Female,SLIIT,IT,2,Software Engineering,Lecturer,Beginner,Colombo,student_1136@student.edu,2.97,any,reading,career_guidance,structured,"English,Tamil",6
S1137,Student_1137,Male,University of Peradeniya,CS,4,Business IT,Lecturer,Advanced,Kurunegala,student_1137@student.edu,3.44,same_city,reading,career_guidance,formal,"English,Sinhala",6
S1138,Student_1138,Male,University of Peradeniya,Data Science,3,Business IT,Data Scientist,Beginner,Kandy,student_1138@student.edu,2.96,any,kinesthetic,networking,flexible,"English,Tamil",9
S1139,Student_1139,Female,SLIIT,SE,1,Networking,Security Analyst,Beginner,Galle,student_1139@student.edu,3.98,same_university,kinesthetic,research_guidance,structured,"English,Sinhala",6
S1140,Student_1140,Female,University of Peradeniya,CS,1,Business IT,Data Scientist,Beginner,Kurunegala,student_1140@student.edu,3.24,remote_only,visual,networking,casual,"English,Tamil",8
S1141,Student_1141,Male,University of Peradeniya,CS,4,Cybersecurity,Lecturer,Advanced,Galle,student_1141@student.edu,2.76,any,kinesthetic,networking,structured,"English,Sinhala",6
S1142,Student_1142,Female,IIT Sri Lanka,IT,3,Business IT,Security Analyst,Beginner,Colombo,student_1142@student.edu,3.67,same_university,visual,career_guidance,flexible,"English,Sinhala",5
S1143,Student_1143,Female,University of Peradeniya,IT,1,Cybersecurity,Lecturer,Advanced,Kandy,student_1143@student.edu,3.14,any,visual,skill_development,formal,English,4
S1144,Student_1144,Male,SLIIT,CS,4,Data Science,Lecturer,Advanced,Kandy,student_1144@student.edu,3.82,remote_only,kinesthetic,networking,casual,"English,Tamil",4
S1145,Student_1145,Male,SLIIT,CS,3,Software Engineering,Data Scientist,Intermediate,Kurunegala,student_1145@student.edu,3.01,remote_only,visual,research_guidance,flexible,"English,Sinhala",2
S1146,Student_1146,Male,SLIIT,IT,4,Data Science,Security Analyst,Beginner,Kandy,student_1146@student.edu,3.56,same_city,reading,career_guidance,structured,English,4
S1147,Student_1147,Female,University of Moratuwa,SE,2,Software Engineering,Security Analyst,Beginner,Kandy,student_1147@student.edu,3.04,same_city,auditory,networking,casual,"English,Sinhala",8
S1148,Student_1148,Female,University of Colombo,Data Science,3,Software Engineering,Data Scientist,Advanced,Colombo,student_1148@student.edu,2.69,remote_only,reading,skill_development,structured,English,4
S1149,Student_1149,Female,University of Kelaniya,Data Science,4,Networking,Data Scientist,Beginner,Kurunegala,student_1149@student.edu,3.67,same_university,reading,research_guidance,flexible,English,6
S1150,Student_1150,Female,IIT Sri Lanka,Cybersecurity,4,Software Engineering,Data Scientist,Advanced,Kurunegala,student_1150@student.edu,3.21,same_city,visual,research_guidance,formal,"English,Sinhala",8
S1151,Student_1151,Female,University of Peradeniya,SE,1,Software Engineering,Lecturer,Beginner,Kurunegala,student_1151@student.edu,3.83,same_city,visual,skill_development,casual,English,4
S1152,Student_1152,Male,NSBM,Data Science,3,Cybersecurity,Security Analyst,Beginner,Galle,student_1152@student.edu,3.17,any,visual,job_search,structured,English,6
S1153,Student_1153,Female,University of Colombo,Cybersecurity,4,Software Engineering,Software Engineer,Beginner,Gampaha,student_1153@student.edu,3.48,same_university,auditory,networking,flexible,English,6
S1154,Student_1154,Male,SLIIT,IT,1,AI/ML,Security Analyst,Intermediate,Kurunegala,student_1154@student.edu,3.86,same_university,auditory,research_guidance,flexible,"English,Tamil",3
S1155,Student_1155,Female,University of Moratuwa,IT,4,Software Engineering,Software Engineer,Advanced,Colombo,student_1155@student.edu,3.94,same_city,visual,career_guidance,formal,"English,Sinhala",3
S1156,Student_1156,Female,University of Kelaniya,IT,2,AI/ML,Security Analyst,Beginner,Colombo,student_1156@student.edu,2.78,any,visual,career_guidance,flexible,"English,Sinhala",4
S1157,Student_1157,Male,University of Peradeniya,IT,4,Business IT,Lecturer,Intermediate,Kandy,student_1157@student.edu,2.89,any,kinesthetic,career_guidance,formal,"English,Sinhala",4
S1158,Student_1158,Male,NSBM,CS,2,Networking,Data Scientist,Intermediate,Gampaha,student_1158@student.edu,3.02,remote_only,visual,networking,flexible,English,3
S1159,Student_1159,Male,NSBM,Data Science,4,Software Engineering,Lecturer,Intermediate,Galle,student_1159@student.edu,3.36,any,visual,career_guidance,casual,English,3
S1160,Student_1160,Female,University of Colombo,IT,3,Software Engineering,Data Scientist,Advanced,Gampaha,student_1160@student.edu,3.85,same_city,auditory,networking,casual,English,9
S1161,Student_1161,Female,University of Colombo,IT,2,Software Engineering,Security Analyst,Beginner,Colombo,student_1161@student.edu,2.85,remote_only,auditory,research_guidance,structured,"English,Sinhala",9
S1162,Student_1162,Female,SLIIT,Data Science,3,AI/ML,Data Scientist,Advanced,Gampaha,student_1162@student.edu,3.05,remote_only,visual,job_search,formal,"English,Sinhala",2
S1163,Student_1163,Female,University of Colombo,CS,2,Networking,Lecturer,Intermediate,Kurunegala,student_1163@student.edu,3.01,same_city,visual,career_guidance,structured,English,7
S1164,Student_1164,Female,SLIIT,IT,4,AI/ML,Software Engineer,Intermediate,Colombo,student_1164@student.edu,3.46,same_city,visual,networking,structured,"English,Sinhala",9
S1165,Student_1165,Female,NSBM,CS,4,Business IT,Data Scientist,Advanced,Kurunegala,student_1165@student.edu,3.62,same_city,reading,career_guidance,casual,English,6
S1166,Student_1166,Female,University of Moratuwa,Cybersecurity,2,Data Science,Data Scientist,Beginner,Kurunegala,student_1166@student.edu,2.89,same_university,auditory,career_guidance,formal,English,9
S1167,Student_1167,Male,University of Kelaniya,CS,3,AI/ML,Security Analyst,Advanced,Gampaha,student_1167@student.edu,3.4,remote_only,reading,job_search,formal,English,9
S1168,Student_1168,Female,University of Kelaniya,Data Science,1,Software Engineering,Software Engineer,Intermediate,Kurunegala,student_1168@student.edu,3.47,remote_only,kinesthetic,skill_development,flexible,"English,Tamil",6
S1169,Student_1169,Female,University of Kelaniya,Data Science,3,Business IT,Security Analyst,Intermediate,Kurunegala,student_1169@student.edu,3.79,same_university,visual,career_guidance,structured,English,9
S1170,Student_1170,Female,University of Peradeniya,Data Science,1,AI/ML,Lecturer,Beginner,Colombo,student_1170@student.edu,3.82,remote_only,kinesthetic,job_search,structured,English,9
S1171,Student_1171,Male,IIT Sri Lanka,SE,3,AI/ML,Data Scientist,Intermediate,Kandy,student_1171@student.edu,3.25,any,kinesthetic,research_guidance,structured,English,4
S1172,Student_1172,Male,University of Moratuwa,SE,2,AI/ML,Lecturer,Beginner,Colombo,student_1172@student.edu,3.73,same_city,visual,job_search,flexible,"English,Sinhala",4
S1173,Student_1173,Male,University of Moratuwa,Data Science,2,Data Science,Security Analyst,Advanced,Gampaha,student_1173@student.edu,2.59,same_university,kinesthetic,skill_development,flexible,"English,Sinhala",9
S1174,Student_1174,Male,University of Kelaniya,Data Science,1,Networking,Lecturer,Beginner,Kandy,student_1174@student.edu,3.58,same_city,kinesthetic,job_search,flexible,"English,Tamil",1
S1175,Student_1175,Female,University of Colombo,CS,4,Networking,Data Scientist,Intermediate,Gampaha,student_1175@student.edu,3.85,remote_only,visual,skill_development,flexible,"English,Tamil",4
S1176,Student_1176,Male,NSBM,Cybersecurity,1,AI/ML,Data Scientist,Intermediate,Kurunegala,student_1176@student.edu,3.26,any,kinesthetic,networking,casual,"English,Sinhala",3
S1177,Student_1177,Female,NSBM,SE,1,AI/ML,Lecturer,Advanced,Colombo,student_1177@student.edu,3.44,same_university,kinesthetic,job_search,structured,"English,Sinhala",3
S1178,Student_1178,Female,IIT Sri Lanka,CS,4,Data Science,Software Engineer,Advanced,Kandy,student_1178@student.edu,2.83,same_city,reading,skill_development,casual,"English,Tamil",9
S1179,Student_1179,Male,University of Moratuwa,Data Science,2,AI/ML,Security Analyst,Intermediate,Kandy,student_1179@student.edu,3.42,same_city,reading,job_search,casual,English,5
S1180,Student_1180,Male,University of Peradeniya,SE,2,Networking,Data Scientist,Intermediate,Kurunegala,student_1180@student.edu,3.0,remote_only,auditory,research_guidance,structured,"English,Tamil",1
S1181,Student_1181,Male,SLIIT,Cybersecurity,2,Networking,Security Analyst,Advanced,Colombo,student_1181@student.edu,2.6,same_university,auditory,career_guidance,casual,English,4
S1182,Student_1182,Male,IIT Sri Lanka,SE,2,Networking,Software Engineer,Beginner,Gampaha,student_1182@student.edu,2.79,same_city,visual,career_guidance,structured,English,1
S1183,Student_1183,Female,University of Colombo,Data Science,1,Networking,Lecturer,Intermediate,Kandy,student_1183@student.edu,3.81,same_university,auditory,skill_development,flexible,"English,Tamil",7
S1184,Student_1184,Female,IIT Sri Lanka,Cybersecurity,2,AI/ML,Security Analyst,Beginner,Kurunegala,student_1184@student.edu,3.21,same_university,reading,skill_development,casual,"English,Sinhala",1
S1185,Student_1185,Female,University of Peradeniya,Cybersecurity,4,Cybersecurity,Software Engineer,Beginner,Gampaha,student_1185@student.edu,3.74,same_city,reading,career_guidance,flexible,English,2
S1186,Student_1186,Male,University of Kelaniya,IT,3,Business IT,Lecturer,Beginner,Kandy,student_1186@student.edu,3.28,same_university,visual,career_guidance,formal,"English,Tamil",6
S1187,Student_1187,Female,NSBM,Data Science,2,AI/ML,Data Scientist,Beginner,Colombo,student_1187@student.edu,3.19,any,visual,career_guidance,flexible,"English,Tamil",3
S1188,Student_1188,Male,University of Peradeniya,Cybersecurity,2,Cybersecurity,Software Engineer,Beginner,Gampaha,student_1188@student.edu,2.93,same_city,visual,networking,flexible,"English,Sinhala",3
S1189,Student_1189,Female,SLIIT,Data Science,4,Networking,Security Analyst,Intermediate,Gampaha,student_1189@student.edu,3.27,same_university,kinesthetic,networking,flexible,English,2
S1190,Student_1190,Male,University of Colombo,IT,4,Software Engineering,Lecturer,Beginner,Kandy,student_1190@student.edu,2.85,any,kinesthetic,networking,formal,"English,Sinhala",1
S1191,Student_1191,Male,University of Kelaniya,IT,1,AI/ML,Data Scientist,Beginner,Kandy,student_1191@student.edu,3.48,same_city,visual,skill_development,formal,"English,Sinhala",1
S1192,Student_1192,Male,University of Moratuwa,CS,1,Networking,Security Analyst,Beginner,Colombo,student_1192@student.edu,3.64,same_city,auditory,skill_development,flexible,"English,Tamil",8
S1193,Student_1193,Male,IIT Sri Lanka,CS,2,Data Science,Software Engineer,Intermediate,Kandy,student_1193@student.edu,3.14,remote_only,kinesthetic,job_search,flexible,English,1
S1194,Student_1194,Female,University of Moratuwa,SE,1,AI/ML,Security Analyst,Beginner,Gampaha,student_1194@student.edu,3.19,any,visual,career_guidance,formal,"English,Tamil",8
S1195,Student_1195,Male,NSBM,IT,3,Networking,Lecturer,Beginner,Galle,student_1195@student.edu,3.04,same_university,auditory,job_search,casual,English,5
S1196,Student_1196,Male,IIT Sri Lanka,Data Science,1,Business IT,Security Analyst,Beginner,Colombo,student_1196@student.edu,3.63,any,auditory,networking,structured,English,5
S1197,Student_1197,Male,University of Moratuwa,Data Science,1,Cybersecurity,Data Scientist,Beginner,Gampaha,student_1197@student.edu,2.55,same_university,auditory,research_guidance,casual,English,4
S1198,Student_1198,Female,University of Moratuwa,SE,1,Software Engineering,Lecturer,Intermediate,Colombo,student_1198@student.edu,3.97,same_city,reading,job_search,structured,"English,Sinhala",9
S1199,Student_1199,Male,IIT Sri Lanka,CS,2,Networking,Software Engineer,Beginner,Gampaha,student_1199@student.edu,2.66,remote_only,reading,job_search,formal,English,9
S1200,Student_1200,Female,IIT Sri Lanka,Data Science,3,Software Engineering,Security Analyst,Advanced,Colombo,student_1200@student.edu,3.0,same_university,auditory,job_search,flexible,"English,Sinhala",1
S1201,Student_1201,Male,SLIIT,Cybersecurity,3,Business IT,Lecturer,Beginner,Kandy,student_1201@student.edu,3.44,remote_only,visual,research_guidance,flexible,"English,Sinhala",5
S1202,Student_1202,Female,University of Kelaniya,Cybersecurity,2,Networking,Software Engineer,Advanced,Gampaha,student_1202@student.edu,2.75,same_city,kinesthetic,job_search,structured,"English,Tamil",7
S1203,Student_1203,Female,University of Peradeniya,IT,3,Software Engineering,Security Analyst,Intermediate,Kandy,student_1203@student.edu,3.29,same_university,reading,networking,formal,"English,Sinhala",4
S1204,Student_1204,Male,University of Moratuwa,IT,3,AI/ML,Lecturer,Advanced,Colombo,student_1204@student.edu,3.86,any,visual,research_guidance,structured,"English,Tamil",7
S1205,Student_1205,Male,University of Moratuwa,Data Science,1,AI/ML,Data Scientist,Advanced,Kurunegala,student_1205@student.edu,2.59,remote_only,auditory,skill_development,casual,"English,Tamil",9
S1206,Student_1206,Female,University of Kelaniya,IT,2,Networking,Data Scientist,Advanced,Kurunegala,student_1206@student.edu,3.85,remote_only,kinesthetic,networking,formal,English,7
S1207,Student_1207,Female,University of Peradeniya,CS,3,AI/ML,Software Engineer,Beginner,Kandy,student_1207@student.edu,3.8,remote_only,reading,job_search,flexible,"English,Tamil",4
S1208,Student_1208,Female,University of Kelaniya,IT,1,Networking,Data Scientist,Beginner,Galle,student_1208@student.edu,2.68,same_city,reading,skill_development,structured,English,3
S1209,Student_1209,Female,University of Peradeniya,Cybersecurity,4,AI/ML,Software Engineer,Advanced,Kurunegala,student_1209@student.edu,3.36,same_city,auditory,career_guidance,formal,"English,Tamil",4
S1210,Student_1210,Male,University of Moratuwa,IT,3,Data Science,Data Scientist,Advanced,Kurunegala,student_1210@student.edu,2.86,remote_only,kinesthetic,research_guidance,structured,"English,Sinhala",3
S1211,Student_1211,Female,IIT Sri Lanka,SE,1,Networking,Software Engineer,Intermediate,Kandy,student_1211@student.edu,3.06,remote_only,kinesthetic,research_guidance,flexible,"English,Sinhala",2
S1212,Student_1212,Female,NSBM,CS,4,Software Engineering,Data Scientist,Beginner,Galle,student_1212@student.edu,3.56,any,visual,research_guidance,structured,"English,Tamil",8
S1213,Student_1213,Male,University of Kelaniya,IT,2,Software Engineering,Security Analyst,Beginner,Kurunegala,student_1213@student.edu,2.73,remote_only,auditory,career_guidance,casual,"English,Tamil",2
S1214,Student_1214,Female,University of Moratuwa,SE,2,Business IT,Data Scientist,Beginner,Kurunegala,student_1214@student.edu,3.93,same_city,reading,networking,flexible,English,4
S1215,Student_1215,Male,IIT Sri Lanka,Data Science,1,Business IT,Security Analyst,Beginner,Gampaha,student_1215@student.edu,3.5,any,auditory,job_search,casual,English,7
S1216,Student_1216,Female,University of Colombo,Data Science,1,Software Engineering,Security Analyst,Beginner,Gampaha,student_1216@student.edu,3.15,same_city,auditory,research_guidance,casual,English,4
S1217,Student_1217,Male,SLIIT,Data Science,3,Software Engineering,Lecturer,Beginner,Kandy,student_1217@student.edu,3.7,same_city,visual,networking,structured,"English,Tamil",8
S1218,Student_1218,Female,NSBM,CS,4,Data Science,Lecturer,Beginner,Kurunegala,student_1218@student.edu,3.62,same_city,reading,networking,casual,English,3
S1219,Student_1219,Female,University of Colombo,Cybersecurity,2,Networking,Software Engineer,Beginner,Kandy,student_1219@student.edu,2.58,same_university,visual,research_guidance,casual,"English,Sinhala",8
S1220,Student_1220,Female,NSBM,IT,2,Networking,Software Engineer,Advanced,Kurunegala,student_1220@student.edu,2.96,same_university,reading,career_guidance,casual,"English,Sinhala",5
S1221,Student_1221,Female,University of Moratuwa,IT,4,AI/ML,Data Scientist,Advanced,Gampaha,student_1221@student.edu,3.97,any,kinesthetic,career_guidance,structured,"English,Tamil",2
S1222,Student_1222,Female,University of Colombo,CS,1,Networking,Security Analyst,Beginner,Colombo,student_1222@student.edu,2.56,remote_only,auditory,skill_development,casual,"English,Sinhala",1
S1223,Student_1223,Male,NSBM,SE,1,Data Science,Security Analyst,Intermediate,Colombo,student_1223@student.edu,2.82,same_city,kinesthetic,skill_development,casual,English,4
S1224,Student_1224,Male,University of Colombo,Cybersecurity,3,Business IT,Lecturer,Intermediate,Galle,student_1224@student.edu,2.61,same_university,reading,career_guidance,structured,"English,Sinhala",9
S1225,Student_1225,Female,IIT Sri Lanka,SE,3,AI/ML,Security Analyst,Advanced,Kandy,student_1225@student.edu,3.17,same_city,kinesthetic,skill_development,structured,"English,Sinhala",4
S1226,Student_1226,Female,University of Kelaniya,SE,2,Cybersecurity,Security Analyst,Beginner,Colombo,student_1226@student.edu,3.15,same_university,auditory,networking,structured,"English,Sinhala",4
S1227,Student_1227,Male,SLIIT,CS,3,Cybersecurity,Security Analyst,Intermediate,Kurunegala,student_1227@student.edu,2.76,any,reading,research_guidance,flexible,"English,Tamil",6
S1228,Student_1228,Female,SLIIT,Cybersecurity,2,Networking,Lecturer,Intermediate,Gampaha,student_1228@student.edu,3.65,same_city,reading,skill_development,flexible,English,6
S1229,Student_1229,Male,IIT Sri Lanka,Cybersecurity,1,Data Science,Lecturer,Beginner,Gampaha,student_1229@student.edu,2.71,same_city,reading,research_guidance,flexible,English,6
S1230,Student_1230,Male,IIT Sri Lanka,Cybersecurity,1,Software Engineering,Software Engineer,Beginner,Colombo,student_1230@student.edu,3.95,remote_only,auditory,skill_development,flexible,English,3
S1231,Student_1231,Male,University of Colombo,Data Science,3,Software Engineering,Lecturer,Beginner,Colombo,student_1231@student.edu,3.14,same_university,auditory,skill_development,structured,"English,Sinhala",1
S1232,Student_1232,Female,IIT Sri Lanka,Data Science,3,AI/ML,Data Scientist,Intermediate,Kurunegala,student_1232@student.edu,3.58,any,auditory,skill_development,casual,"English,Tamil",5
S1233,Student_1233,Female,University of Peradeniya,Cybersecurity,1,Software Engineering,Data Scientist,Advanced,Galle,student_1233@student.edu,2.8,any,reading,networking,flexible,"English,Sinhala",3
S1234,Student_1234,Female,SLIIT,Cybersecurity,2,Cybersecurity,Data Scientist,Advanced,Galle,student_1234@student.edu,2.59,same_university,auditory,career_guidance,casual,"English,Tamil",2
S1235,Student_1235,Male,NSBM,Data Science,2,Business IT,Security Analyst,Beginner,Galle,student_1235@student.edu,2.96,same_city,auditory,research_guidance,casual,"English,Tamil",8
S1236,Student_1236,Female,NSBM,IT,3,Cybersecurity,Security Analyst,Beginner,Gampaha,student_1236@student.edu,3.39,same_university,auditory,research_guidance,structured,"English,Sinhala",5
S1237,Student_1237,Female,University of Kelaniya,IT,4,Data Science,Security Analyst,Beginner,Kurunegala,student_1237@student.edu,2.66,remote_only,kinesthetic,research_guidance,formal,English,3
S1238,Student_1238,Female,University of Colombo,SE,4,Software Engineering,Lecturer,Advanced,Kurunegala,student_1238@student.edu,2.9,same_city,visual,career_guidance,structured,English,9
S1239,Student_1239,Male,University of Kelaniya,Cybersecurity,3,Cybersecurity,Security Analyst,Beginner,Kurunegala,student_1239@student.edu,2.61,same_city,reading,career_guidance,structured,English,1
S1240,Student_1240,Male,University of Peradeniya,Data Science,1,Data Science,Software Engineer,Intermediate,Kurunegala,student_1240@student.edu,2.67,same_city,auditory,skill_development,structured,"English,Sinhala",2
S1241,Student_1241,Female,University of Peradeniya,CS,3,Cybersecurity,Software Engineer,Intermediate,Kandy,student_1241@student.edu,2.74,same_city,visual,job_search,formal,"English,Sinhala",9
S1242,Student_1242,Female,University of Moratuwa,Cybersecurity,3,AI/ML,Data Scientist,Beginner,Kurunegala,student_1242@student.edu,3.91,same_city,reading,research_guidance,formal,"English,Tamil",2
S1243,Student_1243,Female,University of Colombo,SE,4,Cybersecurity,Software Engineer,Intermediate,Gampaha,student_1243@student.edu,3.2,same_city,kinesthetic,skill_development,casual,"English,Sinhala",6
S1244,Student_1244,Male,University of Moratuwa,Data Science,2,Software Engineering,Software Engineer,Beginner,Galle,student_1244@student.edu,2.77,same_city,auditory,research_guidance,formal,English,8
S1245,Student_1245,Female,SLIIT,CS,4,Cybersecurity,Data Scientist,Advanced,Gampaha,student_1245@student.edu,2.6,any,reading,skill_development,structured,"English,Tamil",8
S1246,Student_1246,Female,University of Kelaniya,SE,4,Data Science,Lecturer,Beginner,Kurunegala,student_1246@student.edu,2.62,remote_only,auditory,networking,flexible,"English,Sinhala",2
S1247,Student_1247,Female,University of Kelaniya,SE,3,Networking,Data Scientist,Advanced,Kandy,student_1247@student.edu,2.56,remote_only,auditory,networking,casual,English,7
S1248,Student_1248,Male,SLIIT,Data Science,4,Software Engineering,Data Scientist,Advanced,Galle,student_1248@student.edu,2.64,same_city,visual,skill_development,structured,"English,Tamil",6
S1249,Student_1249,Female,University of Colombo,Cybersecurity,3,AI/ML,Software Engineer,Advanced,Gampaha,student_1249@student.edu,2.54,same_university,kinesthetic,career_guidance,formal,English,8
S1250,Student_1250,Male,IIT Sri Lanka,SE,3,AI/ML,Security Analyst,Intermediate,Colombo,student_1250@student.edu,3.59,remote_only,auditory,networking,structured,English,5
S1251,Student_1251,Female,University of Peradeniya,Cybersecurity,4,Networking,Lecturer,Beginner,Colombo,student_1251@student.edu,3.82,any,reading,networking,formal,"English,Tamil",3
S1252,Student_1252,Female,University of Colombo,Cybersecurity,3,Software Engineering,Software Engineer,Advanced,Kandy,student_1252@student.edu,3.1,remote_only,auditory,research_guidance,structured,"English,Tamil",1
S1253,Student_1253,Male,SLIIT,IT,1,Software Engineering,Software Engineer,Beginner,Kurunegala,student_1253@student.edu,3.8,remote_only,visual,skill_development,structured,"English,Sinhala",9
S1254,Student_1254,Male,University of Moratuwa,SE,3,Networking,Data Scientist,Advanced,Gampaha,student_1254@student.edu,3.5,any,visual,skill_development,casual,English,9
S1255,Student_1255,Female,NSBM,IT,4,Business IT,Software Engineer,Advanced,Galle,student_1255@student.edu,3.38,same_city,auditory,job_search,casual,English,6
S1256,Student_1256,Female,University of Kelaniya,Data Science,2,Networking,Lecturer,Intermediate,Kurunegala,student_1256@student.edu,3.87,same_city,auditory,skill_development,casual,English,3
S1257,Student_1257,Female,University of Colombo,Cybersecurity,2,Networking,Software Engineer,Beginner,Galle,student_1257@student.edu,3.61,remote_only,kinesthetic,skill_development,flexible,English,6
S1258,Student_1258,Female,University of Moratuwa,SE,4,Networking,Lecturer,Intermediate,Kandy,student_1258@student.edu,2.87,remote_only,auditory,networking,structured,English,2
S1259,Student_1259,Female,University of Kelaniya,CS,3,Data Science,Lecturer,Advanced,Kandy,student_1259@student.edu,3.5,same_university,visual,career_guidance,casual,"English,Tamil",9
S1260,Student_1260,Female,SLIIT,IT,4,Data Science,Security Analyst,Beginner,Kurunegala,student_1260@student.edu,3.28,any,auditory,career_guidance,formal,"English,Tamil",3
S1261,Student_1261,Male,University of Colombo,SE,2,Business IT,Lecturer,Advanced,Colombo,student_1261@student.edu,3.68,remote_only,visual,job_search,casual,"English,Tamil",3
S1262,Student_1262,Male,IIT Sri Lanka,IT,1,Data Science,Security Analyst,Beginner,Kandy,student_1262@student.edu,2.59,same_city,visual,job_search,casual,English,9
S1263,Student_1263,Male,University of Peradeniya,Data Science,3,Networking,Lecturer,Intermediate,Kurunegala,student_1263@student.edu,2.65,same_city,visual,networking,structured,English,8
S1264,Student_1264,Female,University of Colombo,CS,2,AI/ML,Lecturer,Advanced,Kurunegala,student_1264@student.edu,3.83,any,kinesthetic,research_guidance,casual,English,2
S1265,Student_1265,Male,SLIIT,Cybersecurity,2,Cybersecurity,Lecturer,Beginner,Kurunegala,student_1265@student.edu,3.91,same_university,visual,skill_development,casual,"English,Sinhala",2
S1266,Student_1266,Female,IIT Sri Lanka,CS,1,Business IT,Lecturer,Beginner,Kandy,student_1266@student.edu,2.88,any,reading,skill_development,casual,"English,Tamil",3
S1267,Student_1267,Female,University of Kelaniya,SE,2,Business IT,Software Engineer,Beginner,Kandy,student_1267@student.edu,3.92,same_city,auditory,skill_development,flexible,"English,Tamil",4
S1268,Student_1268,Female,SLIIT,SE,2,AI/ML,Data Scientist,Advanced,Gampaha,student_1268@student.edu,3.19,same_city,auditory,research_guidance,flexible,English,8
S1269,Student_1269,Male,NSBM,IT,1,AI/ML,Security Analyst,Advanced,Kurunegala,student_1269@student.edu,3.91,same_city,auditory,research_guidance,casual,English,6
S1270,Student_1270,Female,University of Colombo,IT,1,Software Engineering,Security Analyst,Advanced,Galle,student_1270@student.edu,2.96,any,visual,skill_development,structured,English,1
S1271,Student_1271,Female,University of Peradeniya,Data Science,2,Software Engineering,Data Scientist,Advanced,Kandy,student_1271@student.edu,3.9,same_city,kinesthetic,job_search,casual,English,4
S1272,Student_1272,Male,University of Moratuwa,SE,4,Software Engineering,Software Engineer,Intermediate,Galle,student_1272@student.edu,2.88,same_city,reading,job_search,formal,English,4
S1273,Student_1273,Female,IIT Sri Lanka,IT,4,Data Science,Security Analyst,Intermediate,Kurunegala,student_1273@student.edu,2.87,any,visual,networking,structured,"English,Tamil",3
S1274,Student_1274,Female,University of Peradeniya,Cybersecurity,1,Data Science,Security Analyst,Intermediate,Gampaha,student_1274@student.edu,3.37,same_university,auditory,research_guidance,flexible,"English,Tamil",3
S1275,Student_1275,Female,University of Peradeniya,SE,3,Software Engineering,Security Analyst,Beginner,Kandy,student_1275@student.edu,2.63,same_city,auditory,skill_development,flexible,"English,Sinhala",3
S1276,Student_1276,Female,NSBM,Data Science,2,Cybersecurity,Lecturer,Intermediate,Gampaha,student_1276@student.edu,2.61,same_university,reading,job_search,flexible,"English,Tamil",8
S1277,Student_1277,Female,IIT Sri Lanka,CS,1,Software Engineering,Security Analyst,Beginner,Galle,student_1277@student.edu,3.71,remote_only,reading,research_guidance,structured,"English,Sinhala",2
S1278,Student_1278,Female,University of Peradeniya,IT,3,Data Science,Software Engineer,Beginner,Kandy,student_1278@student.edu,2.86,remote_only,kinesthetic,skill_development,formal,"English,Sinhala",8
S1279,Student_1279,Female,NSBM,CS,4,Networking,Data Scientist,Beginner,Gampaha,student_1279@student.edu,3.34,any,auditory,skill_development,formal,English,5
S1280,Student_1280,Female,University of Colombo,SE,1,AI/ML,Data Scientist,Intermediate,Colombo,student_1280@student.edu,3.22,same_university,kinesthetic,career_guidance,formal,"English,Sinhala",1
S1281,Student_1281,Male,University of Colombo,Cybersecurity,4,AI/ML,Data Scientist,Beginner,Galle,student_1281@student.edu,3.54,same_university,kinesthetic,job_search,structured,"English,Sinhala",2
S1282,Student_1282,Female,University of Peradeniya,Data Science,1,Software Engineering,Lecturer,Intermediate,Galle,student_1282@student.edu,2.96,same_city,reading,skill_development,structured,"English,Sinhala",4
S1283,Student_1283,Female,SLIIT,IT,3,Data Science,Software Engineer,Intermediate,Gampaha,student_1283@student.edu,3.56,same_university,reading,job_search,casual,"English,Sinhala",9
S1284,Student_1284,Female,SLIIT,CS,3,Business IT,Lecturer,Advanced,Galle,student_1284@student.edu,3.8,any,kinesthetic,skill_development,formal,"English,Sinhala",3
S1285,Student_1285,Male,University of Moratuwa,SE,1,AI/ML,Software Engineer,Beginner,Kurunegala,student_1285@student.edu,2.9,remote_only,kinesthetic,research_guidance,casual,"English,Tamil",8
S1286,Student_1286,Female,IIT Sri Lanka,CS,1,Cybersecurity,Data Scientist,Intermediate,Kandy,student_1286@student.edu,3.08,same_city,visual,research_guidance,structured,"English,Tamil",1
S1287,Student_1287,Male,University of Colombo,CS,1,Networking,Security Analyst,Beginner,Kurunegala,student_1287@student.edu,2.56,same_city,kinesthetic,networking,formal,English,4
S1288,Student_1288,Male,University of Colombo,IT,3,Networking,Software Engineer,Intermediate,Gampaha,student_1288@student.edu,2.95,any,auditory,networking,casual,English,2
S1289,Student_1289,Female,NSBM,IT,3,Data Science,Data Scientist,Beginner,Galle,student_1289@student.edu,2.74,any,kinesthetic,skill_development,structured,English,1
S1290,Student_1290,Female,University of Moratuwa,IT,2,AI/ML,Security Analyst,Beginner,Gampaha,student_1290@student.edu,2.62,same_university,reading,job_search,formal,"English,Sinhala",6
S1291,Student_1291,Male,IIT Sri Lanka,Data Science,3,Data Science,Software Engineer,Beginner,Colombo,student_1291@student.edu,3.49,any,kinesthetic,research_guidance,structured,"English,Tamil",7
S1292,Student_1292,Male,University of Colombo,CS,4,Software Engineering,Software Engineer,Beginner,Galle,student_1292@student.edu,2.74,same_university,visual,networking,flexible,"English,Tamil",8
S1293,Student_1293,Male,University of Colombo,IT,4,Networking,Lecturer,Beginner,Kandy,student_1293@student.edu,3.42,same_city,kinesthetic,career_guidance,flexible,"English,Tamil",1
S1294,Student_1294,Female,University of Peradeniya,IT,3,Data Science,Software Engineer,Intermediate,Galle,student_1294@student.edu,2.97,remote_only,visual,career_guidance,formal,"English,Tamil",8
S1295,Student_1295,Male,University of Kelaniya,SE,4,AI/ML,Lecturer,Advanced,Gampaha,student_1295@student.edu,3.32,same_university,kinesthetic,career_guidance,formal,"English,Tamil",1
S1296,Student_1296,Female,SLIIT,SE,2,Networking,Data Scientist,Advanced,Colombo,student_1296@student.edu,3.06,same_city,kinesthetic,career_guidance,structured,"English,Tamil",5
S1297,Student_1297,Male,University of Peradeniya,IT,3,Software Engineering,Software Engineer,Advanced,Gampaha,student_1297@student.edu,3.14,same_university,reading,research_guidance,structured,English,4
S1298,Student_1298,Male,University of Kelaniya,Data Science,2,Networking,Security Analyst,Beginner,Kandy,student_1298@student.edu,3.89,same_city,reading,job_search,structured,"English,Tamil",6
S1299,Student_1299,Female,University of Moratuwa,Data Science,4,Cybersecurity,Data Scientist,Beginner,Galle,student_1299@student.edu,3.44,remote_only,reading,job_search,flexible,English,2
S1300,Student_1300,Female,University of Moratuwa,Data Science,4,Cybersecurity,Lecturer,Intermediate,Colombo,student_1300@student.edu,3.95,remote_only,visual,research_guidance,structured,"English,Sinhala",1
S1301,Student_1301,Female,University of Kelaniya,IT,3,AI/ML,Lecturer,Beginner,Galle,student_1301@student.edu,2.56,remote_only,auditory,networking,flexible,"English,Sinhala",5
S1302,Student_1302,Female,University of Colombo,CS,3,Cybersecurity,Lecturer,Intermediate,Galle,student_1302@student.edu,3.76,any,kinesthetic,research_guidance,structured,"English,Sinhala",4
S1303,Student_1303,Female,NSBM,CS,3,Networking,Security Analyst,Intermediate,Galle,student_1303@student.edu,3.09,any,visual,research_guidance,structured,English,9
S1304,Student_1304,Female,SLIIT,Cybersecurity,2,AI/ML,Lecturer,Beginner,Colombo,student_1304@student.edu,2.77,same_university,visual,career_guidance,casual,"English,Tamil",8
S1305,Student_1305,Female,University of Moratuwa,SE,3,Business IT,Security Analyst,Advanced,Kurunegala,student_1305@student.edu,2.73,remote_only,visual,research_guidance,casual,"English,Sinhala",5
S1306,Student_1306,Male,University of Moratuwa,CS,3,Cybersecurity,Security Analyst,Advanced,Kandy,student_1306@student.edu,3.32,same_university,reading,networking,structured,"English,Tamil",9
S1307,Student_1307,Female,University of Peradeniya,CS,4,AI/ML,Security Analyst,Intermediate,Galle,student_1307@student.edu,3.0,same_university,visual,research_guidance,formal,"English,Sinhala",3
S1308,Student_1308,Female,IIT Sri Lanka,IT,2,Cybersecurity,Data Scientist,Intermediate,Colombo,student_1308@student.edu,2.7,remote_only,reading,networking,structured,"English,Sinhala",5
S1309,Student_1309,Female,NSBM,IT,4,Data Science,Lecturer,Beginner,Gampaha,student_1309@student.edu,3.67,same_university,visual,skill_development,formal,English,1
S1310,Student_1310,Male,IIT Sri Lanka,IT,4,Cybersecurity,Software Engineer,Intermediate,Galle,student_1310@student.edu,3.04,same_city,visual,skill_development,flexible,"English,Tamil",7
S1311,Student_1311,Male,SLIIT,IT,3,Software Engineering,Software Engineer,Intermediate,Gampaha,student_1311@student.edu,3.66,any,reading,research_guidance,flexible,English,5
S1312,Student_1312,Female,University of Peradeniya,IT,1,Cybersecurity,Data Scientist,Beginner,Kandy,student_1312@student.edu,3.3,same_city,reading,networking,formal,"English,Tamil",1
S1313,Student_1313,Male,University of Colombo,CS,3,AI/ML,Data Scientist,Intermediate,Kurunegala,student_1313@student.edu,2.76,remote_only,kinesthetic,career_guidance,formal,"English,Sinhala",7
S1314,Student_1314,Male,University of Peradeniya,CS,2,Cybersecurity,Security Analyst,Advanced,Kandy,student_1314@student.edu,3.63,same_city,visual,job_search,casual,English,7
S1315,Student_1315,Female,University of Moratuwa,Cybersecurity,3,Cybersecurity,Security Analyst,Intermediate,Galle,student_1315@student.edu,2.68,same_university,kinesthetic,career_guidance,structured,English,4
S1316,Student_1316,Female,University of Colombo,CS,2,Business IT,Security Analyst,Intermediate,Kandy,student_1316@student.edu,3.14,remote_only,visual,networking,casual,"English,Tamil",7
S1317,Student_1317,Male,NSBM,IT,4,Networking,Data Scientist,Intermediate,Gampaha,student_1317@student.edu,3.46,any,visual,skill_development,structured,English,7
S1318,Student_1318,Male,SLIIT,Cybersecurity,4,AI/ML,Data Scientist,Advanced,Kandy,student_1318@student.edu,3.96,same_university,auditory,job_search,flexible,"English,Sinhala",9
S1319,Student_1319,Female,University of Peradeniya,Data Science,2,Software Engineering,Security Analyst,Intermediate,Gampaha,student_1319@student.edu,2.83,any,reading,career_guidance,flexible,"English,Sinhala",6
S1320,Student_1320,Female,University of Colombo,SE,1,Cybersecurity,Software Engineer,Beginner,Gampaha,student_1320@student.edu,2.63,same_university,auditory,skill_development,flexible,English,8
S1321,Student_1321,Female,IIT Sri Lanka,CS,3,Software Engineering,Lecturer,Intermediate,Colombo,student_1321@student.edu,3.74,any,auditory,career_guidance,casual,English,1
S1322,Student_1322,Female,University of Kelaniya,IT,1,Networking,Software Engineer,Beginner,Galle,student_1322@student.edu,3.11,same_city,visual,skill_development,flexible,English,8
S1323,Student_1323,Female,IIT Sri Lanka,CS,3,Networking,Software Engineer,Intermediate,Gampaha,student_1323@student.edu,2.86,same_city,visual,research_guidance,flexible,"English,Sinhala",7
S1324,Student_1324,Female,University of Colombo,CS,2,Software Engineering,Lecturer,Advanced,Galle,student_1324@student.edu,2.75,remote_only,reading,job_search,formal,"English,Sinhala",4
S1325,Student_1325,Male,IIT Sri Lanka,Cybersecurity,4,Data Science,Data Scientist,Advanced,Colombo,student_1325@student.edu,3.87,same_city,kinesthetic,job_search,structured,"English,Sinhala",6
S1326,Student_1326,Female,University of Colombo,IT,3,Cybersecurity,Lecturer,Advanced,Colombo,student_1326@student.edu,2.97,same_university,reading,research_guidance,formal,"English,Tamil",7
S1327,Student_1327,Male,NSBM,CS,1,Software Engineering,Data Scientist,Advanced,Kurunegala,student_1327@student.edu,2.95,same_city,reading,research_guidance,flexible,English,9
S1328,Student_1328,Female,University of Peradeniya,Cybersecurity,3,Business IT,Security Analyst,Intermediate,Colombo,student_1328@student.edu,3.31,same_university,reading,research_guidance,flexible,"English,Tamil",9
S1329,Student_1329,Female,NSBM,IT,4,AI/ML,Security Analyst,Advanced,Galle,student_1329@student.edu,3.18,any,reading,job_search,flexible,English,5
S1330,Student_1330,Female,IIT Sri Lanka,CS,4,Data Science,Security Analyst,Advanced,Kandy,student_1330@student.edu,3.36,remote_only,auditory,skill_development,formal,"English,Sinhala",2
S1331,Student_1331,Female,University of Moratuwa,SE,3,Business IT,Security Analyst,Advanced,Kandy,student_1331@student.edu,3.41,remote_only,visual,skill_development,structured,"English,Tamil",6
S1332,Student_1332,Female,University of Kelaniya,Cybersecurity,4,Cybersecurity,Security Analyst,Intermediate,Colombo,student_1332@student.edu,2.95,any,auditory,research_guidance,formal,"English,Sinhala",8
S1333,Student_1333,Female,University of Peradeniya,IT,3,AI/ML,Data Scientist,Beginner,Colombo,student_1333@student.edu,3.37,same_university,kinesthetic,research_guidance,casual,English,3
S1334,Student_1334,Female,SLIIT,SE,4,Cybersecurity,Data Scientist,Advanced,Colombo,student_1334@student.edu,2.91,same_university,reading,skill_development,casual,"English,Tamil",1
S1335,Student_1335,Female,University of Moratuwa,IT,3,Data Science,Data Scientist,Intermediate,Kurunegala,student_1335@student.edu,2.82,same_city,kinesthetic,skill_development,casual,English,9
S1336,Student_1336,Male,NSBM,CS,1,AI/ML,Lecturer,Beginner,Kurunegala,student_1336@student.edu,3.34,same_university,reading,skill_development,formal,"English,Tamil",7
S1337,Student_1337,Male,IIT Sri Lanka,Cybersecurity,3,Software Engineering,Security Analyst,Beginner,Colombo,student_1337@student.edu,3.89,remote_only,kinesthetic,job_search,formal,English,4
S1338,Student_1338,Male,University of Colombo,SE,3,Business IT,Software Engineer,Intermediate,Colombo,student_1338@student.edu,3.51,remote_only,visual,research_guidance,structured,"English,Tamil",5
S1339,Student_1339,Female,IIT Sri Lanka,Cybersecurity,3,Software Engineering,Lecturer,Advanced,Galle,student_1339@student.edu,3.86,same_university,reading,job_search,flexible,"English,Sinhala",8
S1340,Student_1340,Male,SLIIT,IT,3,Data Science,Data Scientist,Beginner,Colombo,student_1340@student.edu,3.2,any,visual,skill_development,structured,"English,Tamil",1
S1341,Student_1341,Female,University of Peradeniya,Cybersecurity,3,Networking,Security Analyst,Advanced,Colombo,student_1341@student.edu,2.6,remote_only,kinesthetic,skill_development,structured,English,5
S1342,Student_1342,Male,University of Kelaniya,SE,2,Networking,Software Engineer,Intermediate,Kurunegala,student_1342@student.edu,3.84,any,kinesthetic,career_guidance,structured,"English,Tamil",4
S1343,Student_1343,Male,IIT Sri Lanka,Cybersecurity,4,Cybersecurity,Security Analyst,Beginner,Kandy,student_1343@student.edu,2.84,same_city,auditory,research_guidance,casual,English,4
S1344,Student_1344,Male,University of Kelaniya,Data Science,4,Cybersecurity,Lecturer,Beginner,Kandy,student_1344@student.edu,2.93,remote_only,auditory,job_search,flexible,English,2
S1345,Student_1345,Male,University of Kelaniya,IT,3,Networking,Software Engineer,Beginner,Colombo,student_1345@student.edu,3.19,remote_only,auditory,research_guidance,casual,"English,Tamil",9
S1346,Student_1346,Male,IIT Sri Lanka,Data Science,4,Networking,Lecturer,Intermediate,Kurunegala,student_1346@student.edu,3.99,remote_only,kinesthetic,career_guidance,flexible,"English,Sinhala",4
S1347,Student_1347,Female,University of Moratuwa,IT,4,Cybersecurity,Software Engineer,Intermediate,Kandy,student_1347@student.edu,3.45,same_university,reading,networking,casual,"English,Sinhala",1
S1348,Student_1348,Male,University of Kelaniya,Cybersecurity,4,Software Engineering,Security Analyst,Beginner,Kandy,student_1348@student.edu,2.68,any,kinesthetic,networking,structured,English,2
S1349,Student_1349,Female,IIT Sri Lanka,SE,2,Software Engineering,Software Engineer,Intermediate,Kurunegala,student_1349@student.edu,3.62,same_university,reading,skill_development,flexible,"English,Sinhala",9
S1350,Student_1350,Female,University of Moratuwa,SE,3,AI/ML,Data Scientist,Beginner,Gampaha,student_1350@student.edu,3.62,remote_only,reading,job_search,casual,"English,Tamil",6
S1351,Student_1351,Male,SLIIT,SE,2,Business IT,Data Scientist,Intermediate,Galle,student_1351@student.edu,3.53,any,auditory,networking,flexible,"English,Sinhala",1
S1352,Student_1352,Male,NSBM,IT,3,Cybersecurity,Security Analyst,Advanced,Kurunegala,student_1352@student.edu,3.6,same_city,auditory,research_guidance,casual,"English,Sinhala",6
S1353,Student_1353,Female,University of Colombo,Cybersecurity,1,Business IT,Data Scientist,Intermediate,Kandy,student_1353@student.edu,3.27,same_university,visual,job_search,formal,English,4
S1354,Student_1354,Male,IIT Sri Lanka,CS,2,Networking,Software Engineer,Intermediate,Kandy,student_1354@student.edu,3.3,same_university,reading,job_search,formal,"English,Sinhala",8
S1355,Student_1355,Male,University of Kelaniya,Data Science,2,Data Science,Software Engineer,Beginner,Gampaha,student_1355@student.edu,3.24,same_city,auditory,skill_development,flexible,"English,Sinhala",1
S1356,Student_1356,Male,NSBM,Cybersecurity,4,Cybersecurity,Data Scientist,Beginner,Galle,student_1356@student.edu,3.93,remote_only,visual,career_guidance,structured,English,3
S1357,Student_1357,Male,University of Moratuwa,IT,3,Networking,Security Analyst,Intermediate,Kurunegala,student_1357@student.edu,3.42,same_university,kinesthetic,networking,structured,"English,Sinhala",2
S1358,Student_1358,Male,IIT Sri Lanka,Cybersecurity,2,Business IT,Software Engineer,Intermediate,Galle,student_1358@student.edu,2.56,same_city,kinesthetic,job_search,structured,English,5
S1359,Student_1359,Female,University of Colombo,SE,3,Networking,Data Scientist,Advanced,Colombo,student_1359@student.edu,2.94,same_city,reading,career_guidance,formal,"English,Sinhala",1
S1360,Student_1360,Male,IIT Sri Lanka,CS,3,Cybersecurity,Software Engineer,Intermediate,Kurunegala,student_1360@student.edu,3.97,same_city,reading,research_guidance,flexible,"English,Sinhala",7
S1361,Student_1361,Female,University of Moratuwa,SE,1,Business IT,Software Engineer,Advanced,Kandy,student_1361@student.edu,3.88,any,reading,career_guidance,structured,"English,Sinhala",5
S1362,Student_1362,Female,University of Colombo,Data Science,3,Software Engineering,Data Scientist,Intermediate,Gampaha,student_1362@student.edu,3.09,same_university,visual,skill_development,flexible,English,5
S1363,Student_1363,Female,University of Moratuwa,Cybersecurity,3,Software Engineering,Security Analyst,Advanced,Kandy,student_1363@student.edu,3.92,any,auditory,skill_development,flexible,"English,Sinhala",8
S1364,Student_1364,Male,University of Moratuwa,SE,4,Data Science,Data Scientist,Intermediate,Colombo,student_1364@student.edu,2.52,remote_only,auditory,skill_development,structured,"English,Sinhala",3
S1365,Student_1365,Female,NSBM,Cybersecurity,2,Data Science,Lecturer,Advanced,Kurunegala,student_1365@student.edu,3.12,any,reading,research_guidance,structured,"English,Sinhala",6
S1366,Student_1366,Female,University of Colombo,Cybersecurity,4,Networking,Data Scientist,Intermediate,Galle,student_1366@student.edu,2.75,remote_only,visual,networking,structured,"English,Tamil",7
S1367,Student_1367,Female,NSBM,IT,1,AI/ML,Software Engineer,Beginner,Galle,student_1367@student.edu,2.92,any,auditory,skill_development,formal,"English,Tamil",6
S1368,Student_1368,Male,University of Colombo,CS,1,AI/ML,Data Scientist,Intermediate,Kandy,student_1368@student.edu,3.39,remote_only,reading,career_guidance,formal,"English,Sinhala",9
S1369,Student_1369,Male,University of Kelaniya,Data Science,3,AI/ML,Lecturer,Beginner,Colombo,student_1369@student.edu,3.55,any,kinesthetic,research_guidance,flexible,"English,Sinhala",6
S1370,Student_1370,Male,NSBM,IT,1,AI/ML,Data Scientist,Intermediate,Galle,student_1370@student.edu,3.29,any,reading,career_guidance,casual,"English,Tamil",6
S1371,Student_1371,Male,IIT Sri Lanka,CS,1,Business IT,Lecturer,Intermediate,Colombo,student_1371@student.edu,3.43,same_city,reading,networking,flexible,English,1
S1372,Student_1372,Male,University of Moratuwa,SE,3,Data Science,Data Scientist,Intermediate,Gampaha,student_1372@student.edu,3.17,same_city,auditory,research_guidance,casual,"English,Tamil",8
S1373,Student_1373,Female,SLIIT,CS,2,AI/ML,Security Analyst,Intermediate,Kurunegala,student_1373@student.edu,3.96,any,reading,networking,structured,"English,Sinhala",3
S1374,Student_1374,Female,University of Colombo,CS,4,Software Engineering,Data Scientist,Beginner,Kurunegala,student_1374@student.edu,3.35,same_city,kinesthetic,skill_development,flexible,English,5
S1375,Student_1375,Female,NSBM,IT,3,Networking,Software Engineer,Advanced,Colombo,student_1375@student.edu,3.54,remote_only,visual,career_guidance,casual,"English,Tamil",6
S1376,Student_1376,Male,University of Moratuwa,Data Science,4,Business IT,Data Scientist,Advanced,Kandy,student_1376@student.edu,3.39,same_university,visual,job_search,casual,"English,Sinhala",4
S1377,Student_1377,Female,University of Moratuwa,SE,3,Business IT,Lecturer,Intermediate,Gampaha,student_1377@student.edu,3.52,same_city,auditory,networking,structured,"English,Tamil",2
S1378,Student_1378,Male,University of Kelaniya,IT,2,Cybersecurity,Software Engineer,Advanced,Kurunegala,student_1378@student.edu,3.11,any,auditory,research_guidance,flexible,"English,Tamil",3
S1379,Student_1379,Male,IIT Sri Lanka,Data Science,1,Software Engineering,Security Analyst,Beginner,Kandy,student_1379@student.edu,3.36,same_university,kinesthetic,networking,structured,English,4
S1380,Student_1380,Male,University of Colombo,Data Science,4,Data Science,Security Analyst,Beginner,Gampaha,student_1380@student.edu,3.92,remote_only,kinesthetic,skill_development,structured,"English,Tamil",4
S1381,Student_1381,Male,SLIIT,IT,1,AI/ML,Security Analyst,Advanced,Galle,student_1381@student.edu,3.71,same_city,visual,networking,flexible,"English,Tamil",4
S1382,Student_1382,Female,NSBM,Data Science,3,Cybersecurity,Lecturer,Advanced,Colombo,student_1382@student.edu,3.09,same_city,kinesthetic,skill_development,structured,"English,Sinhala",9
S1383,Student_1383,Female,University of Kelaniya,CS,1,Networking,Software Engineer,Advanced,Gampaha,student_1383@student.edu,2.92,same_city,reading,career_guidance,casual,English,5
S1384,Student_1384,Male,NSBM,Data Science,3,Networking,Security Analyst,Advanced,Kandy,student_1384@student.edu,3.66,remote_only,auditory,research_guidance,casual,"English,Tamil",2
S1385,Student_1385,Male,NSBM,Cybersecurity,3,Software Engineering,Security Analyst,Beginner,Gampaha,student_1385@student.edu,2.95,remote_only,reading,research_guidance,flexible,"English,Tamil",5
S1386,Student_1386,Female,University of Kelaniya,CS,1,Cybersecurity,Security Analyst,Advanced,Galle,student_1386@student.edu,3.51,remote_only,visual,skill_development,formal,English,5
S1387,Student_1387,Female,IIT Sri Lanka,Data Science,3,AI/ML,Data Scientist,Intermediate,Kurunegala,student_1387@student.edu,3.37,remote_only,auditory,job_search,casual,"English,Tamil",9
S1388,Student_1388,Female,NSBM,IT,3,Data Science,Software Engineer,Advanced,Kandy,student_1388@student.edu,3.16,remote_only,visual,career_guidance,casual,English,1
S1389,Student_1389,Female,University of Moratuwa,Cybersecurity,1,Software Engineering,Security Analyst,Beginner,Kandy,student_1389@student.edu,2.95,remote_only,auditory,research_guidance,flexible,"English,Tamil",6
S1390,Student_1390,Male,University of Moratuwa,SE,4,Data Science,Security Analyst,Intermediate,Galle,student_1390@student.edu,3.25,same_city,auditory,career_guidance,flexible,"English,Sinhala",6
S1391,Student_1391,Male,University of Colombo,Data Science,3,AI/ML,Security Analyst,Advanced,Galle,student_1391@student.edu,3.97,same_city,reading,skill_development,casual,"English,Tamil",2
S1392,Student_1392,Female,SLIIT,IT,2,Data Science,Data Scientist,Intermediate,Gampaha,student_1392@student.edu,3.68,same_city,kinesthetic,research_guidance,casual,"English,Sinhala",8
S1393,Student_1393,Male,University of Peradeniya,SE,3,Data Science,Security Analyst,Beginner,Colombo,student_1393@student.edu,3.49,remote_only,reading,career_guidance,casual,"English,Tamil",5
S1394,Student_1394,Female,SLIIT,CS,3,Data Science,Security Analyst,Beginner,Gampaha,student_1394@student.edu,3.87,remote_only,auditory,research_guidance,structured,"English,Sinhala",5
S1395,Student_1395,Female,IIT Sri Lanka,IT,4,AI/ML,Data Scientist,Beginner,Gampaha,student_1395@student.edu,3.87,same_city,kinesthetic,skill_development,casual,"English,Sinhala",5
S1396,Student_1396,Male,University of Peradeniya,IT,1,AI/ML,Data Scientist,Advanced,Gampaha,student_1396@student.edu,3.58,same_city,auditory,research_guidance,flexible,"English,Sinhala",8
S1397,Student_1397,Male,University of Kelaniya,Cybersecurity,2,Cybersecurity,Security Analyst,Intermediate,Kurunegala,student_1397@student.edu,3.7,any,reading,networking,flexible,English,4
S1398,Student_1398,Male,University of Moratuwa,IT,4,Business IT,Security Analyst,Advanced,Kurunegala,student_1398@student.edu,3.7,remote_only,kinesthetic,career_guidance,casual,"English,Tamil",5
S1399,Student_1399,Female,NSBM,CS,1,AI/ML,Software Engineer,Advanced,Kurunegala,student_1399@student.edu,3.44,remote_only,visual,job_search,casual,"English,Tamil",1
S1400,Student_1400,Male,University of Moratuwa,Data Science,4,Software Engineering,Data Scientist,Beginner,Kurunegala,student_1400@student.edu,3.59,remote_only,auditory,networking,formal,English,5
S1401,Student_1401,Female,NSBM,Cybersecurity,4,AI/ML,Security Analyst,Advanced,Colombo,student_1401@student.edu,3.67,remote_only,visual,networking,casual,"English,Sinhala",2
S1402,Student_1402,Female,University of Colombo,CS,1,Business IT,Lecturer,Advanced,Gampaha,student_1402@student.edu,3.31,any,reading,career_guidance,casual,English,8
S1403,Student_1403,Male,University of Moratuwa,CS,4,Software Engineering,Lecturer,Intermediate,Galle,student_1403@student.edu,3.82,same_city,visual,skill_development,formal,"English,Tamil",4
S1404,Student_1404,Male,NSBM,Cybersecurity,2,Data Science,Lecturer,Intermediate,Kandy,student_1404@student.edu,3.54,same_city,kinesthetic,career_guidance,formal,"English,Sinhala",6
S1405,Student_1405,Male,IIT Sri Lanka,Cybersecurity,3,Networking,Data Scientist,Beginner,Kurunegala,student_1405@student.edu,2.69,any,kinesthetic,career_guidance,casual,"English,Tamil",8
S1406,Student_1406,Male,University of Peradeniya,SE,2,Cybersecurity,Data Scientist,Beginner,Kandy,student_1406@student.edu,3.72,same_city,auditory,career_guidance,formal,"English,Sinhala",8
S1407,Student_1407,Female,NSBM,CS,3,Business IT,Lecturer,Beginner,Kandy,student_1407@student.edu,2.75,remote_only,reading,skill_development,structured,English,4
S1408,Student_1408,Male,University of Peradeniya,Data Science,3,Cybersecurity,Security Analyst,Intermediate,Galle,student_1408@student.edu,3.29,same_city,reading,career_guidance,structured,"English,Sinhala",3
S1409,Student_1409,Male,NSBM,Data Science,1,Networking,Lecturer,Advanced,Colombo,student_1409@student.edu,3.0,remote_only,reading,skill_development,formal,"English,Tamil",7
S1410,Student_1410,Female,University of Kelaniya,SE,4,Data Science,Software Engineer,Advanced,Kandy,student_1410@student.edu,2.73,remote_only,reading,skill_development,formal,"English,Tamil",7
S1411,Student_1411,Female,NSBM,SE,4,Cybersecurity,Data Scientist,Beginner,Galle,student_1411@student.edu,2.91,same_city,auditory,job_search,flexible,"English,Sinhala",1
S1412,Student_1412,Female,University of Moratuwa,Data Science,2,Data Science,Data Scientist,Advanced,Gampaha,student_1412@student.edu,3.71,same_city,visual,networking,formal,"English,Sinhala",9
S1413,Student_1413,Female,NSBM,SE,1,Cybersecurity,Lecturer,Advanced,Kurunegala,student_1413@student.edu,3.68,same_university,kinesthetic,job_search,casual,"English,Sinhala",7
S1414,Student_1414,Female,University of Moratuwa,CS,3,Networking,Software Engineer,Advanced,Colombo,student_1414@student.edu,3.16,any,kinesthetic,research_guidance,casual,"English,Tamil",3
S1415,Student_1415,Female,University of Kelaniya,IT,3,Data Science,Security Analyst,Intermediate,Colombo,student_1415@student.edu,3.61,same_university,reading,job_search,structured,"English,Sinhala",1
S1416,Student_1416,Male,IIT Sri Lanka,Cybersecurity,4,Data Science,Lecturer,Beginner,Colombo,student_1416@student.edu,3.76,same_university,reading,research_guidance,casual,"English,Tamil",9
S1417,Student_1417,Female,University of Moratuwa,CS,1,Data Science,Security Analyst,Beginner,Kurunegala,student_1417@student.edu,3.54,same_university,kinesthetic,job_search,flexible,"English,Sinhala",5
S1418,Student_1418,Male,IIT Sri Lanka,IT,2,AI/ML,Data Scientist,Beginner,Kandy,student_1418@student.edu,3.66,remote_only,reading,job_search,casual,"English,Sinhala",1
S1419,Student_1419,Male,University of Peradeniya,IT,1,Cybersecurity,Lecturer,Intermediate,Kandy,student_1419@student.edu,3.5,remote_only,visual,job_search,flexible,"English,Tamil",1
S1420,Student_1420,Female,SLIIT,CS,2,AI/ML,Security Analyst,Advanced,Colombo,student_1420@student.edu,3.46,same_city,auditory,job_search,structured,"English,Sinhala",6
S1421,Student_1421,Male,SLIIT,Cybersecurity,3,Software Engineering,Software Engineer,Beginner,Galle,student_1421@student.edu,2.87,same_university,visual,career_guidance,flexible,"English,Sinhala",9
S1422,Student_1422,Male,NSBM,SE,4,Cybersecurity,Data Scientist,Advanced,Kandy,student_1422@student.edu,3.8,same_city,reading,skill_development,formal,"English,Sinhala",7
S1423,Student_1423,Male,NSBM,CS,1,Business IT,Security Analyst,Beginner,Kandy,student_1423@student.edu,2.76,any,reading,networking,structured,English,7
S1424,Student_1424,Female,University of Colombo,SE,1,Cybersecurity,Lecturer,Advanced,Galle,student_1424@student.edu,3.25,same_city,auditory,job_search,flexible,"English,Tamil",1
S1425,Student_1425,Male,University of Moratuwa,Data Science,4,Cybersecurity,Security Analyst,Beginner,Gampaha,student_1425@student.edu,3.37,same_city,auditory,career_guidance,flexible,English,9
S1426,Student_1426,Male,University of Moratuwa,IT,3,Cybersecurity,Data Scientist,Advanced,Colombo,student_1426@student.edu,3.04,remote_only,auditory,skill_development,formal,English,1
S1427,Student_1427,Female,University of Colombo,IT,2,Business IT,Software Engineer,Intermediate,Kurunegala,student_1427@student.edu,3.61,same_city,reading,career_guidance,structured,"English,Sinhala",3
S1428,Student_1428,Male,University of Peradeniya,SE,2,AI/ML,Security Analyst,Beginner,Gampaha,student_1428@student.edu,3.54,remote_only,auditory,research_guidance,structured,"English,Tamil",3
S1429,Student_1429,Male,IIT Sri Lanka,Data Science,2,AI/ML,Lecturer,Advanced,Kandy,student_1429@student.edu,3.67,remote_only,kinesthetic,research_guidance,flexible,"English,Tamil",6
S1430,Student_1430,Male,University of Kelaniya,SE,3,Cybersecurity,Data Scientist,Intermediate,Colombo,student_1430@student.edu,2.72,same_university,reading,skill_development,casual,"English,Sinhala",1
S1431,Student_1431,Male,IIT Sri Lanka,Cybersecurity,2,Data Science,Software Engineer,Beginner,Galle,student_1431@student.edu,3.53,same_university,visual,job_search,casual,English,3
S1432,Student_1432,Female,University of Peradeniya,CS,3,Networking,Software Engineer,Beginner,Kandy,student_1432@student.edu,3.76,same_university,visual,research_guidance,structured,English,9
S1433,Student_1433,Male,University of Colombo,SE,2,Software Engineering,Lecturer,Intermediate,Gampaha,student_1433@student.edu,3.69,same_city,reading,skill_development,formal,"English,Tamil",1
S1434,Student_1434,Female,University of Colombo,Cybersecurity,4,Networking,Security Analyst,Beginner,Galle,student_1434@student.edu,3.47,same_university,visual,skill_development,flexible,"English,Tamil",1
S1435,Student_1435,Male,University of Kelaniya,SE,3,Networking,Security Analyst,Intermediate,Galle,student_1435@student.edu,2.59,same_city,kinesthetic,research_guidance,flexible,English,2
S1436,Student_1436,Female,University of Kelaniya,Data Science,1,Networking,Security Analyst,Beginner,Kandy,student_1436@student.edu,3.99,same_city,reading,research_guidance,flexible,English,6
S1437,Student_1437,Male,University of Moratuwa,Data Science,1,Networking,Data Scientist,Advanced,Gampaha,student_1437@student.edu,2.57,same_university,auditory,job_search,structured,English,8
S1438,Student_1438,Female,IIT Sri Lanka,CS,1,AI/ML,Lecturer,Intermediate,Galle,student_1438@student.edu,3.83,same_university,auditory,research_guidance,structured,English,9
S1439,Student_1439,Male,IIT Sri Lanka,IT,2,Data Science,Lecturer,Intermediate,Colombo,student_1439@student.edu,3.61,remote_only,kinesthetic,career_guidance,formal,"English,Sinhala",8
S1440,Student_1440,Male,University of Moratuwa,CS,2,AI/ML,Software Engineer,Advanced,Colombo,student_1440@student.edu,3.6,same_city,visual,career_guidance,formal,"English,Tamil",1
S1441,Student_1441,Female,SLIIT,Cybersecurity,4,AI/ML,Security Analyst,Advanced,Kandy,student_1441@student.edu,2.52,same_university,kinesthetic,job_search,structured,"English,Sinhala",7
S1442,Student_1442,Female,University of Moratuwa,IT,3,Software Engineering,Security Analyst,Advanced,Galle,student_1442@student.edu,2.89,any,kinesthetic,career_guidance,casual,English,2
S1443,Student_1443,Female,University of Peradeniya,Cybersecurity,3,Networking,Software Engineer,Advanced,Kandy,student_1443@student.edu,3.14,remote_only,visual,research_guidance,flexible,English,2
S1444,Student_1444,Male,University of Colombo,Data Science,3,Cybersecurity,Security Analyst,Intermediate,Galle,student_1444@student.edu,2.58,remote_only,reading,career_guidance,flexible,English,1
S1445,Student_1445,Female,SLIIT,IT,3,Networking,Software Engineer,Beginner,Kandy,student_1445@student.edu,2.58,remote_only,kinesthetic,skill_development,flexible,"English,Tamil",2
S1446,Student_1446,Male,SLIIT,SE,2,Networking,Lecturer,Intermediate,Colombo,student_1446@student.edu,3.9,any,reading,job_search,casual,English,4
S1447,Student_1447,Female,University of Kelaniya,SE,1,Software Engineering,Software Engineer,Intermediate,Colombo,student_1447@student.edu,2.95,same_city,kinesthetic,networking,flexible,English,2
S1448,Student_1448,Female,University of Kelaniya,IT,3,Business IT,Lecturer,Intermediate,Colombo,student_1448@student.edu,3.99,same_university,kinesthetic,career_guidance,casual,"English,Tamil",1
S1449,Student_1449,Female,University of Moratuwa,CS,2,AI/ML,Security Analyst,Intermediate,Gampaha,student_1449@student.edu,3.82,any,kinesthetic,career_guidance,casual,"English,Sinhala",9
S1450,Student_1450,Male,University of Colombo,Data Science,2,Networking,Software Engineer,Intermediate,Gampaha,student_1450@student.edu,3.23,remote_only,kinesthetic,networking,structured,English,9
S1451,Student_1451,Male,University of Peradeniya,SE,3,Data Science,Software Engineer,Beginner,Galle,student_1451@student.edu,2.56,same_university,visual,research_guidance,casual,"English,Tamil",9
S1452,Student_1452,Male,SLIIT,CS,1,AI/ML,Security Analyst,Advanced,Galle,student_1452@student.edu,3.69,remote_only,auditory,career_guidance,casual,English,1
S1453,Student_1453,Male,SLIIT,IT,1,AI/ML,Software Engineer,Intermediate,Gampaha,student_1453@student.edu,3.81,same_university,kinesthetic,research_guidance,formal,"English,Sinhala",1
S1454,Student_1454,Male,SLIIT,Cybersecurity,4,Software Engineering,Software Engineer,Beginner,Galle,student_1454@student.edu,3.79,same_university,visual,career_guidance,casual,English,3
S1455,Student_1455,Male,NSBM,SE,3,AI/ML,Lecturer,Intermediate,Kandy,student_1455@student.edu,2.79,same_university,kinesthetic,research_guidance,casual,English,5
S1456,Student_1456,Male,University of Colombo,Data Science,1,AI/ML,Data Scientist,Advanced,Colombo,student_1456@student.edu,3.83,same_city,kinesthetic,career_guidance,structured,"English,Tamil",4
S1457,Student_1457,Female,University of Moratuwa,Data Science,1,Networking,Lecturer,Beginner,Kurunegala,student_1457@student.edu,2.84,same_city,reading,networking,flexible,English,8
S1458,Student_1458,Male,NSBM,Data Science,1,Networking,Data Scientist,Advanced,Colombo,student_1458@student.edu,3.41,remote_only,visual,networking,structured,"English,Sinhala",9
S1459,Student_1459,Male,University of Colombo,SE,3,Business IT,Data Scientist,Beginner,Colombo,student_1459@student.edu,2.51,same_city,auditory,job_search,casual,English,9
S1460,Student_1460,Male,NSBM,Cybersecurity,1,Networking,Lecturer,Beginner,Colombo,student_1460@student.edu,3.85,same_university,auditory,research_guidance,structured,"English,Tamil",7
S1461,Student_1461,Male,IIT Sri Lanka,IT,2,Data Science,Lecturer,Advanced,Kandy,student_1461@student.edu,3.52,same_university,visual,networking,structured,English,4
S1462,Student_1462,Female,NSBM,Cybersecurity,3,AI/ML,Security Analyst,Intermediate,Colombo,student_1462@student.edu,2.83,any,visual,career_guidance,flexible,"English,Sinhala",4
S1463,Student_1463,Female,University of Peradeniya,SE,4,Cybersecurity,Data Scientist,Intermediate,Galle,student_1463@student.edu,2.66,same_city,kinesthetic,career_guidance,formal,"English,Tamil",9
S1464,Student_1464,Female,University of Colombo,IT,3,AI/ML,Lecturer,Advanced,Gampaha,student_1464@student.edu,3.73,any,visual,job_search,casual,"English,Sinhala",9
S1465,Student_1465,Female,IIT Sri Lanka,SE,3,Business IT,Security Analyst,Intermediate,Kurunegala,student_1465@student.edu,3.15,remote_only,visual,skill_development,flexible,English,8
S1466,Student_1466,Female,University of Colombo,CS,2,Data Science,Lecturer,Intermediate,Galle,student_1466@student.edu,3.12,same_university,visual,job_search,formal,"English,Sinhala",6
S1467,Student_1467,Female,University of Moratuwa,IT,3,Business IT,Lecturer,Beginner,Gampaha,student_1467@student.edu,2.51,any,reading,networking,structured,English,6
S1468,Student_1468,Male,University of Moratuwa,CS,2,Data Science,Lecturer,Beginner,Galle,student_1468@student.edu,3.12,same_city,auditory,research_guidance,flexible,English,5
S1469,Student_1469,Male,NSBM,SE,1,Data Science,Lecturer,Beginner,Gampaha,student_1469@student.edu,2.77,same_city,auditory,networking,casual,"English,Tamil",3
S1470,Student_1470,Female,SLIIT,IT,4,Data Science,Security Analyst,Intermediate,Galle,student_1470@student.edu,2.66,same_university,auditory,career_guidance,casual,English,1
S1471,Student_1471,Female,University of Colombo,CS,3,AI/ML,Lecturer,Intermediate,Kurunegala,student_1471@student.edu,3.04,any,kinesthetic,career_guidance,formal,English,8
S1472,Student_1472,Male,University of Colombo,Data Science,2,Networking,Security Analyst,Beginner,Colombo,student_1472@student.edu,3.27,remote_only,visual,job_search,flexible,English,8
S1473,Student_1473,Male,University of Colombo,CS,2,AI/ML,Security Analyst,Intermediate,Gampaha,student_1473@student.edu,3.8,same_city,auditory,networking,flexible,English,2
S1474,Student_1474,Male,SLIIT,CS,3,Business IT,Security Analyst,Advanced,Colombo,student_1474@student.edu,3.14,any,reading,career_guidance,flexible,English,5
S1475,Student_1475,Male,SLIIT,Cybersecurity,3,Data Science,Software Engineer,Intermediate,Kandy,student_1475@student.edu,3.22,same_city,kinesthetic,skill_development,structured,"English,Sinhala",3
S1476,Student_1476,Male,University of Colombo,IT,3,Cybersecurity,Security Analyst,Beginner,Colombo,student_1476@student.edu,3.37,remote_only,visual,job_search,formal,"English,Sinhala",6
S1477,Student_1477,Female,NSBM,SE,1,Business IT,Lecturer,Intermediate,Kurunegala,student_1477@student.edu,3.72,remote_only,kinesthetic,research_guidance,structured,"English,Sinhala",4
S1478,Student_1478,Male,University of Kelaniya,IT,4,AI/ML,Software Engineer,Beginner,Gampaha,student_1478@student.edu,3.41,any,kinesthetic,career_guidance,structured,"English,Sinhala",1
S1479,Student_1479,Female,University of Colombo,SE,3,Business IT,Lecturer,Advanced,Colombo,student_1479@student.edu,2.72,remote_only,kinesthetic,skill_development,flexible,"English,Sinhala",6
S1480,Student_1480,Female,NSBM,CS,3,Data Science,Software Engineer,Intermediate,Galle,student_1480@student.edu,3.44,same_university,kinesthetic,career_guidance,formal,English,6
S1481,Student_1481,Male,University of Colombo,CS,1,AI/ML,Security Analyst,Intermediate,Kurunegala,student_1481@student.edu,2.96,same_university,auditory,networking,formal,"English,Sinhala",4
S1482,Student_1482,Female,IIT Sri Lanka,Cybersecurity,2,Data Science,Lecturer,Beginner,Colombo,student_1482@student.edu,3.16,same_university,reading,career_guidance,formal,"English,Tamil",1
S1483,Student_1483,Male,SLIIT,IT,3,Networking,Lecturer,Intermediate,Galle,student_1483@student.edu,2.71,same_city,visual,networking,formal,"English,Tamil",9
S1484,Student_1484,Male,University of Kelaniya,Data Science,1,AI/ML,Software Engineer,Beginner,Galle,student_1484@student.edu,2.7,same_university,auditory,networking,structured,"English,Tamil",2
S1485,Student_1485,Male,University of Kelaniya,SE,3,AI/ML,Lecturer,Beginner,Galle,student_1485@student.edu,2.54,same_city,visual,job_search,casual,"English,Sinhala",7
S1486,Student_1486,Male,IIT Sri Lanka,Cybersecurity,4,Software Engineering,Data Scientist,Advanced,Kandy,student_1486@student.edu,2.82,same_city,kinesthetic,research_guidance,casual,English,4
S1487,Student_1487,Male,University of Colombo,Data Science,1,Software Engineering,Data Scientist,Advanced,Kurunegala,student_1487@student.edu,3.16,any,auditory,research_guidance,structured,English,3
S1488,Student_1488,Female,University of Peradeniya,SE,2,Networking,Software Engineer,Advanced,Galle,student_1488@student.edu,3.54,any,kinesthetic,career_guidance,formal,English,6
S1489,Student_1489,Male,IIT Sri Lanka,Cybersecurity,1,Software Engineering,Security Analyst,Advanced,Kandy,student_1489@student.edu,3.56,remote_only,visual,networking,flexible,"English,Sinhala",2
S1490,Student_1490,Male,IIT Sri Lanka,Cybersecurity,1,Cybersecurity,Lecturer,Beginner,Kandy,student_1490@student.edu,3.42,same_city,auditory,networking,flexible,"English,Sinhala",5
S1491,Student_1491,Female,University of Moratuwa,CS,1,Data Science,Software Engineer,Advanced,Kurunegala,student_1491@student.edu,2.84,same_city,visual,skill_development,flexible,"English,Tamil",9
S1492,Student_1492,Female,SLIIT,Cybersecurity,1,Cybersecurity,Security Analyst,Advanced,Galle,student_1492@student.edu,3.21,same_university,kinesthetic,networking,formal,"English,Tamil",5
S1493,Student_1493,Female,University of Moratuwa,Data Science,3,Cybersecurity,Lecturer,Intermediate,Kandy,student_1493@student.edu,3.53,same_city,visual,career_guidance,formal,English,9
S1494,Student_1494,Female,IIT Sri Lanka,Data Science,2,Networking,Software Engineer,Advanced,Colombo,student_1494@student.edu,3.8,same_university,visual,career_guidance,flexible,"English,Sinhala",3
S1495,Student_1495,Female,IIT Sri Lanka,SE,2,Cybersecurity,Security Analyst,Beginner,Gampaha,student_1495@student.edu,3.35,same_university,reading,research_guidance,casual,English,3
S1496,Student_1496,Male,IIT Sri Lanka,CS,2,Cybersecurity,Data Scientist,Intermediate,Kandy,student_1496@student.edu,3.16,remote_only,kinesthetic,skill_development,formal,"English,Tamil",9
S1497,Student_1497,Male,University of Kelaniya,CS,2,Cybersecurity,Data Scientist,Intermediate,Kandy,student_1497@student.edu,2.62,same_university,kinesthetic,skill_development,formal,English,4
S1498,Student_1498,Female,IIT Sri Lanka,Cybersecurity,2,Cybersecurity,Data Scientist,Advanced,Gampaha,student_1498@student.edu,2.9,any,reading,skill_development,formal,"English,Sinhala",7
S1499,Student_1499,Female,University of Kelaniya,Cybersecurity,1,Cybersecurity,Data Scientist,Beginner,Galle,student_1499@student.edu,3.87,same_university,auditory,career_guidance,flexible,English,6
S1500,Student_1500,Male,University of Colombo,CS,1,AI/ML,Data Scientist,Beginner,Gampaha,student_1500@student.edu,2.59,remote_only,reading,job_search,formal,English,3
S1501,Student_1501,Male,University of Moratuwa,SE,4,AI/ML,Software Engineer,Intermediate,Colombo,student_1501@student.edu,3.31,same_city,visual,career_guidance,structured,"English,Tamil",6
S1502,Student_1502,Male,SLIIT,IT,2,Software Engineering,Software Engineer,Advanced,Kandy,student_1502@student.edu,3.96,remote_only,visual,career_guidance,structured,"English,Tamil",4
S1503,Student_1503,Female,University of Kelaniya,CS,3,Business IT,Data Scientist,Beginner,Colombo,student_1503@student.edu,3.32,any,reading,networking,flexible,"English,Sinhala",2
S1504,Student_1504,Male,IIT Sri Lanka,IT,4,Networking,Data Scientist,Intermediate,Colombo,student_1504@student.edu,2.86,same_city,kinesthetic,job_search,structured,English,7
S1505,Student_1505,Male,NSBM,SE,4,Business IT,Data Scientist,Intermediate,Galle,student_1505@student.edu,2.67,same_university,auditory,research_guidance,flexible,English,5
S1506,Student_1506,Female,University of Moratuwa,Data Science,2,Business IT,Lecturer,Advanced,Kurunegala,student_1506@student.edu,3.2,same_university,kinesthetic,networking,structured,"English,Sinhala",8
S1507,Student_1507,Female,NSBM,SE,3,Networking,Software Engineer,Advanced,Kandy,student_1507@student.edu,2.7,remote_only,visual,job_search,casual,"English,Sinhala",9
S1508,Student_1508,Male,University of Colombo,Cybersecurity,3,Data Science,Lecturer,Beginner,Colombo,student_1508@student.edu,3.05,remote_only,auditory,career_guidance,casual,English,8
S1509,Student_1509,Male,University of Peradeniya,IT,4,Software Engineering,Security Analyst,Intermediate,Gampaha,student_1509@student.edu,2.71,same_university,auditory,career_guidance,structured,English,9
S1510,Student_1510,Male,IIT Sri Lanka,Cybersecurity,3,Data Science,Lecturer,Beginner,Colombo,student_1510@student.edu,3.6,remote_only,visual,skill_development,formal,"English,Tamil",3
S1511,Student_1511,Female,University of Peradeniya,IT,2,Software Engineering,Software Engineer,Intermediate,Kurunegala,student_1511@student.edu,3.77,same_city,visual,skill_development,flexible,"English,Sinhala",8
S1512,Student_1512,Male,SLIIT,Data Science,1,Business IT,Software Engineer,Intermediate,Gampaha,student_1512@student.edu,2.75,any,kinesthetic,skill_development,flexible,"English,Sinhala",7
S1513,Student_1513,Female,University of Moratuwa,IT,1,Data Science,Data Scientist,Beginner,Kurunegala,student_1513@student.edu,3.02,same_city,auditory,networking,structured,English,9
S1514,Student_1514,Female,University of Kelaniya,Data Science,4,Cybersecurity,Data Scientist,Beginner,Kurunegala,student_1514@student.edu,2.7,any,reading,networking,flexible,English,8
S1515,Student_1515,Female,University of Peradeniya,SE,2,Business IT,Software Engineer,Advanced,Kandy,student_1515@student.edu,3.54,same_city,reading,research_guidance,formal,English,6
S1516,Student_1516,Male,SLIIT,IT,2,Cybersecurity,Data Scientist,Advanced,Kurunegala,student_1516@student.edu,3.56,same_city,visual,job_search,formal,English,4
S1517,Student_1517,Female,NSBM,CS,3,Data Science,Data Scientist,Beginner,Galle,student_1517@student.edu,3.74,remote_only,kinesthetic,networking,formal,"English,Sinhala",9
S1518,Student_1518,Male,University of Peradeniya,Data Science,1,Business IT,Lecturer,Beginner,Kurunegala,student_1518@student.edu,3.41,same_university,reading,career_guidance,casual,"English,Sinhala",2
S1519,Student_1519,Female,SLIIT,Data Science,4,Business IT,Security Analyst,Intermediate,Kurunegala,student_1519@student.edu,2.76,same_city,visual,skill_development,formal,"English,Sinhala",4
S1520,Student_1520,Male,NSBM,CS,3,Networking,Software Engineer,Advanced,Colombo,student_1520@student.edu,2.92,any,visual,research_guidance,flexible,English,8
S1521,Student_1521,Female,SLIIT,CS,2,Cybersecurity,Security Analyst,Advanced,Gampaha,student_1521@student.edu,2.71,same_city,visual,research_guidance,casual,English,3
S1522,Student_1522,Male,University of Colombo,IT,2,AI/ML,Software Engineer,Intermediate,Gampaha,student_1522@student.edu,3.4,same_city,kinesthetic,skill_development,casual,"English,Tamil",1
S1523,Student_1523,Female,IIT Sri Lanka,IT,3,Data Science,Security Analyst,Intermediate,Gampaha,student_1523@student.edu,3.33,any,kinesthetic,skill_development,flexible,"English,Sinhala",4
S1524,Student_1524,Female,University of Colombo,IT,4,Networking,Security Analyst,Beginner,Kurunegala,student_1524@student.edu,2.92,any,reading,networking,formal,"English,Tamil",4
S1525,Student_1525,Female,University of Peradeniya,Data Science,3,Cybersecurity,Lecturer,Intermediate,Gampaha,student_1525@student.edu,3.21,same_university,reading,research_guidance,formal,"English,Sinhala",5
S1526,Student_1526,Male,University of Colombo,Data Science,3,Business IT,Lecturer,Intermediate,Kurunegala,student_1526@student.edu,3.36,any,reading,career_guidance,flexible,English,1
S1527,Student_1527,Female,University of Kelaniya,Cybersecurity,4,Cybersecurity,Security Analyst,Intermediate,Kandy,student_1527@student.edu,2.99,same_university,visual,networking,formal,English,3
S1528,Student_1528,Female,University of Peradeniya,Cybersecurity,4,AI/ML,Security Analyst,Beginner,Kurunegala,student_1528@student.edu,2.61,any,visual,job_search,formal,"English,Tamil",2
S1529,Student_1529,Male,University of Moratuwa,SE,4,AI/ML,Lecturer,Intermediate,Kandy,student_1529@student.edu,2.7,any,visual,job_search,casual,English,7
S1530,Student_1530,Male,University of Moratuwa,Cybersecurity,2,Business IT,Software Engineer,Intermediate,Kurunegala,student_1530@student.edu,3.72,any,reading,skill_development,formal,"English,Sinhala",4
S1531,Student_1531,Male,University of Kelaniya,Data Science,2,Cybersecurity,Security Analyst,Intermediate,Kandy,student_1531@student.edu,3.27,same_university,kinesthetic,networking,flexible,"English,Tamil",7
S1532,Student_1532,Male,University of Kelaniya,IT,4,Software Engineering,Data Scientist,Beginner,Colombo,student_1532@student.edu,3.0,same_city,kinesthetic,skill_development,structured,"English,Sinhala",9
S1533,Student_1533,Male,IIT Sri Lanka,SE,4,Business IT,Lecturer,Advanced,Gampaha,student_1533@student.edu,3.54,remote_only,visual,skill_development,formal,"English,Sinhala",3
S1534,Student_1534,Female,University of Kelaniya,SE,2,Data Science,Security Analyst,Advanced,Kandy,student_1534@student.edu,3.52,any,kinesthetic,research_guidance,formal,"English,Sinhala",5
S1535,Student_1535,Male,IIT Sri Lanka,SE,2,Cybersecurity,Software Engineer,Beginner,Kandy,student_1535@student.edu,3.56,same_university,auditory,career_guidance,structured,English,5
S1536,Student_1536,Male,University of Colombo,Data Science,1,Data Science,Software Engineer,Advanced,Kurunegala,student_1536@student.edu,2.93,same_university,kinesthetic,skill_development,flexible,"English,Tamil",3
S1537,Student_1537,Male,NSBM,SE,2,Software Engineering,Security Analyst,Beginner,Colombo,student_1537@student.edu,3.25,same_city,visual,skill_development,structured,"English,Tamil",7
S1538,Student_1538,Female,University of Kelaniya,Data Science,2,Cybersecurity,Lecturer,Intermediate,Kurunegala,student_1538@student.edu,2.84,same_university,reading,skill_development,structured,"English,Tamil",1
S1539,Student_1539,Female,University of Colombo,IT,3,Cybersecurity,Software Engineer,Intermediate,Kandy,student_1539@student.edu,3.44,same_university,visual,networking,casual,"English,Sinhala",3
S1540,Student_1540,Male,NSBM,Cybersecurity,1,AI/ML,Data Scientist,Beginner,Galle,student_1540@student.edu,2.91,remote_only,visual,career_guidance,formal,"English,Tamil",9
S1541,Student_1541,Male,IIT Sri Lanka,IT,1,Software Engineering,Software Engineer,Advanced,Kurunegala,student_1541@student.edu,3.05,same_university,kinesthetic,research_guidance,casual,English,6
S1542,Student_1542,Male,University of Peradeniya,CS,2,Networking,Software Engineer,Advanced,Kandy,student_1542@student.edu,2.64,same_university,kinesthetic,skill_development,casual,English,3
S1543,Student_1543,Male,University of Kelaniya,CS,3,Business IT,Data Scientist,Intermediate,Colombo,student_1543@student.edu,3.62,same_university,visual,networking,flexible,"English,Sinhala",6
S1544,Student_1544,Male,SLIIT,CS,2,Cybersecurity,Lecturer,Intermediate,Gampaha,student_1544@student.edu,3.33,any,visual,skill_development,casual,English,3
S1545,Student_1545,Female,University of Colombo,SE,4,Data Science,Software Engineer,Intermediate,Kandy,student_1545@student.edu,3.97,same_city,kinesthetic,research_guidance,casual,"English,Sinhala",6
S1546,Student_1546,Male,University of Colombo,Cybersecurity,2,Data Science,Lecturer,Intermediate,Kurunegala,student_1546@student.edu,3.13,any,kinesthetic,research_guidance,casual,"English,Sinhala",9
S1547,Student_1547,Male,NSBM,Data Science,3,Cybersecurity,Security Analyst,Beginner,Galle,student_1547@student.edu,2.5,remote_only,kinesthetic,career_guidance,structured,"English,Sinhala",2
S1548,Student_1548,Female,University of Colombo,Cybersecurity,4,Data Science,Security Analyst,Beginner,Kandy,student_1548@student.edu,3.66,same_university,auditory,research_guidance,casual,"English,Tamil",9
S1549,Student_1549,Female,University of Kelaniya,Cybersecurity,3,Business IT,Software Engineer,Advanced,Kandy,student_1549@student.edu,3.13,any,visual,skill_development,structured,English,1
S1550,Student_1550,Female,University of Peradeniya,CS,2,Business IT,Lecturer,Intermediate,Gampaha,student_1550@student.edu,2.66,any,auditory,career_guidance,formal,English,1
S1551,Student_1551,Male,NSBM,Cybersecurity,1,AI/ML,Software Engineer,Beginner,Gampaha,student_1551@student.edu,2.55,same_city,reading,research_guidance,flexible,English,4
S1552,Student_1552,Female,SLIIT,SE,1,Business IT,Lecturer,Advanced,Kurunegala,student_1552@student.edu,3.96,same_university,reading,networking,formal,English,9
S1553,Student_1553,Male,University of Colombo,IT,3,Business IT,Security Analyst,Advanced,Galle,student_1553@student.edu,3.76,remote_only,reading,job_search,casual,"English,Sinhala",9
S1554,Student_1554,Male,IIT Sri Lanka,SE,4,Software Engineering,Software Engineer,Beginner,Kandy,student_1554@student.edu,3.51,same_university,reading,job_search,formal,"English,Tamil",5
S1555,Student_1555,Female,IIT Sri Lanka,Cybersecurity,2,Cybersecurity,Data Scientist,Beginner,Galle,student_1555@student.edu,3.96,remote_only,auditory,job_search,flexible,"English,Tamil",5
S1556,Student_1556,Female,University of Moratuwa,Data Science,4,Networking,Security Analyst,Beginner,Kandy,student_1556@student.edu,2.69,same_city,reading,skill_development,flexible,English,3
S1557,Student_1557,Female,University of Peradeniya,Data Science,3,Cybersecurity,Software Engineer,Beginner,Kurunegala,student_1557@student.edu,3.1,remote_only,auditory,research_guidance,casual,"English,Sinhala",1
S1558,Student_1558,Female,SLIIT,SE,4,Data Science,Software Engineer,Intermediate,Kandy,student_1558@student.edu,3.79,any,visual,skill_development,formal,"English,Tamil",8
S1559,Student_1559,Female,University of Kelaniya,CS,3,Cybersecurity,Software Engineer,Beginner,Galle,student_1559@student.edu,3.89,any,visual,job_search,structured,"English,Sinhala",4
S1560,Student_1560,Male,IIT Sri Lanka,CS,2,Business IT,Data Scientist,Intermediate,Kandy,student_1560@student.edu,2.77,same_city,reading,career_guidance,casual,"English,Tamil",5
S1561,Student_1561,Male,University of Moratuwa,IT,1,Data Science,Software Engineer,Beginner,Galle,student_1561@student.edu,3.44,remote_only,reading,research_guidance,casual,"English,Sinhala",4
S1562,Student_1562,Female,University of Moratuwa,CS,4,Data Science,Lecturer,Beginner,Galle,student_1562@student.edu,2.69,remote_only,auditory,job_search,formal,"English,Tamil",7
S1563,Student_1563,Male,University of Kelaniya,CS,1,Data Science,Software Engineer,Beginner,Gampaha,student_1563@student.edu,2.94,same_city,auditory,skill_development,flexible,English,8
S1564,Student_1564,Male,University of Moratuwa,CS,2,Cybersecurity,Security Analyst,Beginner,Galle,student_1564@student.edu,2.6,same_university,kinesthetic,career_guidance,casual,"English,Sinhala",7
S1565,Student_1565,Female,University of Peradeniya,Data Science,2,Data Science,Software Engineer,Beginner,Gampaha,student_1565@student.edu,3.46,same_city,kinesthetic,career_guidance,casual,"English,Sinhala",9
S1566,Student_1566,Female,University of Kelaniya,CS,2,Data Science,Data Scientist,Advanced,Colombo,student_1566@student.edu,3.57,any,reading,networking,formal,"English,Sinhala",7
S1567,Student_1567,Male,NSBM,CS,2,Cybersecurity,Data Scientist,Advanced,Gampaha,student_1567@student.edu,2.53,any,auditory,career_guidance,flexible,"English,Tamil",4
S1568,Student_1568,Male,SLIIT,CS,4,Business IT,Software Engineer,Intermediate,Colombo,student_1568@student.edu,3.07,same_university,auditory,research_guidance,casual,English,9
S1569,Student_1569,Male,University of Moratuwa,CS,3,Data Science,Data Scientist,Advanced,Kurunegala,student_1569@student.edu,3.09,same_city,auditory,job_search,formal,"English,Sinhala",1
S1570,Student_1570,Male,University of Moratuwa,IT,4,Data Science,Data Scientist,Intermediate,Kandy,student_1570@student.edu,2.9,same_city,kinesthetic,networking,casual,English,1
S1571,Student_1571,Male,University of Moratuwa,IT,4,Networking,Lecturer,Intermediate,Galle,student_1571@student.edu,2.62,same_city,reading,networking,flexible,English,3
S1572,Student_1572,Male,IIT Sri Lanka,Data Science,2,Data Science,Security Analyst,Advanced,Gampaha,student_1572@student.edu,3.61,same_city,kinesthetic,networking,formal,"English,Sinhala",7
S1573,Student_1573,Male,SLIIT,CS,3,Networking,Security Analyst,Beginner,Kandy,student_1573@student.edu,2.76,remote_only,auditory,skill_development,structured,"English,Tamil",7
S1574,Student_1574,Female,University of Kelaniya,Data Science,1,Business IT,Data Scientist,Intermediate,Kurunegala,student_1574@student.edu,3.89,any,auditory,job_search,casual,"English,Tamil",5
S1575,Student_1575,Female,University of Moratuwa,Cybersecurity,4,Software Engineering,Lecturer,Advanced,Galle,student_1575@student.edu,3.65,remote_only,visual,research_guidance,casual,English,8
S1576,Student_1576,Male,University of Kelaniya,Cybersecurity,3,Data Science,Security Analyst,Intermediate,Kandy,student_1576@student.edu,2.78,same_city,visual,career_guidance,formal,"English,Sinhala",3
S1577,Student_1577,Female,University of Kelaniya,CS,3,Business IT,Software Engineer,Intermediate,Kurunegala,student_1577@student.edu,3.34,same_city,reading,research_guidance,casual,English,9
S1578,Student_1578,Female,University of Colombo,Data Science,1,Networking,Data Scientist,Beginner,Kandy,student_1578@student.edu,2.76,same_city,auditory,networking,structured,"English,Sinhala",4
S1579,Student_1579,Female,University of Moratuwa,IT,4,Cybersecurity,Software Engineer,Intermediate,Kandy,student_1579@student.edu,3.36,any,reading,skill_development,formal,"English,Sinhala",5
S1580,Student_1580,Female,IIT Sri Lanka,Data Science,4,AI/ML,Security Analyst,Beginner,Kurunegala,student_1580@student.edu,3.0,any,auditory,research_guidance,structured,"English,Tamil",3
S1581,Student_1581,Female,IIT Sri Lanka,CS,3,Business IT,Software Engineer,Intermediate,Gampaha,student_1581@student.edu,2.91,remote_only,auditory,job_search,structured,"English,Sinhala",9
S1582,Student_1582,Female,IIT Sri Lanka,SE,1,AI/ML,Lecturer,Beginner,Kurunegala,student_1582@student.edu,3.64,remote_only,visual,research_guidance,structured,"English,Sinhala",8
S1583,Student_1583,Female,University of Colombo,IT,1,Networking,Data Scientist,Beginner,Kandy,student_1583@student.edu,2.66,any,auditory,job_search,formal,"English,Tamil",2
S1584,Student_1584,Female,IIT Sri Lanka,SE,3,AI/ML,Security Analyst,Advanced,Kurunegala,student_1584@student.edu,3.89,remote_only,visual,skill_development,flexible,English,4
S1585,Student_1585,Female,University of Colombo,Cybersecurity,2,Cybersecurity,Security Analyst,Intermediate,Gampaha,student_1585@student.edu,3.64,same_city,auditory,job_search,formal,"English,Tamil",9
S1586,Student_1586,Male,IIT Sri Lanka,CS,1,Software Engineering,Security Analyst,Beginner,Galle,student_1586@student.edu,2.83,any,kinesthetic,career_guidance,formal,"English,Sinhala",9
S1587,Student_1587,Female,University of Colombo,Cybersecurity,2,Cybersecurity,Data Scientist,Advanced,Galle,student_1587@student.edu,3.67,any,visual,research_guidance,flexible,"English,Sinhala",2
S1588,Student_1588,Male,NSBM,Cybersecurity,3,Cybersecurity,Data Scientist,Intermediate,Kandy,student_1588@student.edu,3.17,same_university,reading,research_guidance,structured,"English,Tamil",6
S1589,Student_1589,Male,University of Peradeniya,SE,1,Data Science,Data Scientist,Advanced,Colombo,student_1589@student.edu,3.85,any,reading,research_guidance,flexible,"English,Sinhala",9
S1590,Student_1590,Male,University of Kelaniya,Data Science,3,Networking,Data Scientist,Intermediate,Kurunegala,student_1590@student.edu,3.92,same_university,visual,research_guidance,flexible,English,9
S1591,Student_1591,Male,University of Kelaniya,Cybersecurity,2,Cybersecurity,Security Analyst,Beginner,Kandy,student_1591@student.edu,3.59,same_university,auditory,job_search,flexible,"English,Sinhala",8
S1592,Student_1592,Male,IIT Sri Lanka,SE,3,Business IT,Lecturer,Advanced,Gampaha,student_1592@student.edu,3.4,same_university,reading,career_guidance,structured,"English,Tamil",5
S1593,Student_1593,Male,University of Peradeniya,Cybersecurity,4,AI/ML,Data Scientist,Advanced,Kandy,student_1593@student.edu,3.41,any,reading,career_guidance,formal,"English,Tamil",3
S1594,Student_1594,Male,University of Colombo,Data Science,2,Software Engineering,Lecturer,Beginner,Gampaha,student_1594@student.edu,2.78,any,reading,skill_development,structured,"English,Sinhala",2
S1595,Student_1595,Male,SLIIT,CS,2,Business IT,Security Analyst,Advanced,Galle,student_1595@student.edu,3.79,same_university,reading,skill_development,casual,"English,Sinhala",7
S1596,Student_1596,Male,University of Kelaniya,IT,4,Networking,Lecturer,Advanced,Kandy,student_1596@student.edu,2.64,remote_only,visual,research_guidance,formal,"English,Sinhala",1
S1597,Student_1597,Male,University of Kelaniya,SE,3,AI/ML,Security Analyst,Beginner,Kandy,student_1597@student.edu,3.74,remote_only,reading,research_guidance,formal,English,8
S1598,Student_1598,Female,University of Colombo,IT,3,Software Engineering,Security Analyst,Advanced,Galle,student_1598@student.edu,2.91,same_university,auditory,skill_development,casual,"English,Sinhala",5
S1599,Student_1599,Male,IIT Sri Lanka,SE,1,AI/ML,Data Scientist,Beginner,Colombo,student_1599@student.edu,3.6,same_university,auditory,research_guidance,structured,English,9
S1600,Student_1600,Male,IIT Sri Lanka,CS,4,Data Science,Lecturer,Intermediate,Kurunegala,student_1600@student.edu,2.57,any,reading,career_guidance,casual,English,9
S1601,Student_1601,Female,IIT Sri Lanka,SE,1,Cybersecurity,Lecturer,Advanced,Gampaha,student_1601@student.edu,3.25,remote_only,kinesthetic,research_guidance,casual,"English,Tamil",6
S1602,Student_1602,Female,University of Kelaniya,SE,3,Business IT,Data Scientist,Advanced,Kandy,student_1602@student.edu,3.15,any,visual,career_guidance,structured,"English,Sinhala",2
S1603,Student_1603,Female,NSBM,Cybersecurity,1,Cybersecurity,Security Analyst,Beginner,Galle,student_1603@student.edu,3.43,remote_only,auditory,career_guidance,flexible,"English,Tamil",6
S1604,Student_1604,Male,SLIIT,Data Science,1,Networking,Software Engineer,Advanced,Gampaha,student_1604@student.edu,3.81,remote_only,visual,networking,formal,English,7
S1605,Student_1605,Male,University of Peradeniya,Data Science,2,Cybersecurity,Data Scientist,Beginner,Gampaha,student_1605@student.edu,2.77,remote_only,reading,skill_development,flexible,"English,Sinhala",2
S1606,Student_1606,Male,NSBM,IT,2,Networking,Lecturer,Advanced,Colombo,student_1606@student.edu,2.69,same_university,auditory,skill_development,flexible,"English,Tamil",5
S1607,Student_1607,Male,University of Colombo,Data Science,2,Networking,Lecturer,Intermediate,Kandy,student_1607@student.edu,2.8,any,auditory,research_guidance,structured,"English,Sinhala",8
S1608,Student_1608,Male,University of Peradeniya,SE,3,Networking,Software Engineer,Intermediate,Kandy,student_1608@student.edu,2.58,remote_only,kinesthetic,research_guidance,flexible,"English,Tamil",8
S1609,Student_1609,Male,IIT Sri Lanka,SE,2,Networking,Software Engineer,Intermediate,Colombo,student_1609@student.edu,2.6,same_city,visual,skill_development,flexible,"English,Sinhala",3
S1610,Student_1610,Male,University of Colombo,SE,2,AI/ML,Software Engineer,Intermediate,Galle,student_1610@student.edu,3.45,same_city,auditory,job_search,structured,"English,Sinhala",5
S1611,Student_1611,Male,University of Colombo,Cybersecurity,3,Business IT,Lecturer,Intermediate,Galle,student_1611@student.edu,2.69,any,auditory,career_guidance,formal,"English,Sinhala",1
S1612,Student_1612,Male,University of Peradeniya,CS,3,Software Engineering,Security Analyst,Beginner,Colombo,student_1612@student.edu,3.59,any,visual,career_guidance,structured,"English,Tamil",6
S1613,Student_1613,Male,University of Peradeniya,SE,2,Software Engineering,Data Scientist,Intermediate,Kurunegala,student_1613@student.edu,2.83,any,auditory,research_guidance,casual,"English,Tamil",2
S1614,Student_1614,Male,University of Kelaniya,SE,1,AI/ML,Lecturer,Beginner,Colombo,student_1614@student.edu,3.41,same_city,reading,career_guidance,flexible,English,3
S1615,Student_1615,Male,University of Colombo,SE,4,Data Science,Software Engineer,Intermediate,Gampaha,student_1615@student.edu,3.02,any,kinesthetic,job_search,flexible,"English,Sinhala",5
S1616,Student_1616,Female,NSBM,CS,3,AI/ML,Software Engineer,Beginner,Galle,student_1616@student.edu,2.78,any,auditory,career_guidance,flexible,English,3
S1617,Student_1617,Female,University of Kelaniya,CS,1,Cybersecurity,Data Scientist,Beginner,Galle,student_1617@student.edu,3.03,any,visual,job_search,formal,English,9
S1618,Student_1618,Female,University of Peradeniya,SE,3,Networking,Data Scientist,Intermediate,Galle,student_1618@student.edu,3.22,any,auditory,skill_development,structured,"English,Tamil",9
S1619,Student_1619,Male,NSBM,Cybersecurity,4,AI/ML,Data Scientist,Intermediate,Kurunegala,student_1619@student.edu,3.47,same_city,visual,job_search,flexible,"English,Sinhala",3
S1620,Student_1620,Female,University of Kelaniya,CS,3,AI/ML,Software Engineer,Advanced,Gampaha,student_1620@student.edu,2.91,same_university,kinesthetic,networking,flexible,"English,Sinhala",6
S1621,Student_1621,Female,University of Colombo,IT,1,AI/ML,Data Scientist,Advanced,Galle,student_1621@student.edu,2.58,same_city,auditory,job_search,structured,"English,Tamil",4
S1622,Student_1622,Female,NSBM,Cybersecurity,2,Software Engineering,Data Scientist,Beginner,Colombo,student_1622@student.edu,3.94,remote_only,visual,job_search,structured,"English,Tamil",8
S1623,Student_1623,Male,University of Moratuwa,IT,2,Business IT,Security Analyst,Intermediate,Galle,student_1623@student.edu,3.79,any,reading,career_guidance,casual,"English,Tamil",8
S1624,Student_1624,Female,University of Peradeniya,Cybersecurity,2,Networking,Security Analyst,Beginner,Kandy,student_1624@student.edu,3.72,same_city,visual,research_guidance,formal,"English,Tamil",5
S1625,Student_1625,Male,University of Colombo,IT,1,AI/ML,Data Scientist,Beginner,Colombo,student_1625@student.edu,2.51,any,kinesthetic,networking,casual,"English,Sinhala",4
S1626,Student_1626,Female,University of Peradeniya,CS,4,Data Science,Data Scientist,Beginner,Kurunegala,student_1626@student.edu,2.81,same_university,visual,job_search,formal,English,9
S1627,Student_1627,Female,University of Moratuwa,Cybersecurity,2,Software Engineering,Security Analyst,Intermediate,Kurunegala,student_1627@student.edu,3.73,same_city,visual,skill_development,structured,English,7
S1628,Student_1628,Male,IIT Sri Lanka,Data Science,4,Business IT,Lecturer,Advanced,Galle,student_1628@student.edu,3.31,remote_only,kinesthetic,networking,casual,"English,Tamil",9
S1629,Student_1629,Female,University of Kelaniya,IT,4,Software Engineering,Security Analyst,Beginner,Gampaha,student_1629@student.edu,3.07,same_city,kinesthetic,career_guidance,casual,English,4
S1630,Student_1630,Male,SLIIT,CS,3,Data Science,Data Scientist,Intermediate,Galle,student_1630@student.edu,3.27,same_city,visual,research_guidance,flexible,"English,Tamil",9
S1631,Student_1631,Male,NSBM,SE,2,Software Engineering,Lecturer,Intermediate,Colombo,student_1631@student.edu,3.46,any,kinesthetic,networking,flexible,"English,Sinhala",4
S1632,Student_1632,Male,University of Moratuwa,SE,3,Networking,Data Scientist,Advanced,Colombo,student_1632@student.edu,2.88,remote_only,visual,networking,casual,"English,Tamil",7
S1633,Student_1633,Male,University of Colombo,SE,1,Software Engineering,Data Scientist,Beginner,Gampaha,student_1633@student.edu,2.7,any,visual,networking,casual,"English,Tamil",8
S1634,Student_1634,Male,IIT Sri Lanka,Data Science,2,Data Science,Security Analyst,Advanced,Gampaha,student_1634@student.edu,3.45,any,auditory,research_guidance,structured,"English,Tamil",1
S1635,Student_1635,Female,IIT Sri Lanka,Data Science,4,Cybersecurity,Security Analyst,Intermediate,Gampaha,student_1635@student.edu,3.89,same_city,auditory,research_guidance,structured,English,8
S1636,Student_1636,Male,IIT Sri Lanka,SE,1,Software Engineering,Security Analyst,Beginner,Galle,student_1636@student.edu,3.55,same_university,kinesthetic,skill_development,formal,English,9
S1637,Student_1637,Male,IIT Sri Lanka,Cybersecurity,3,Software Engineering,Software Engineer,Intermediate,Kurunegala,student_1637@student.edu,3.54,same_university,reading,job_search,structured,English,3
S1638,Student_1638,Female,SLIIT,SE,4,Networking,Lecturer,Intermediate,Kandy,student_1638@student.edu,3.7,same_city,reading,skill_development,casual,English,2
S1639,Student_1639,Male,University of Kelaniya,Cybersecurity,4,Cybersecurity,Software Engineer,Advanced,Galle,student_1639@student.edu,2.78,any,auditory,research_guidance,formal,English,2
S1640,Student_1640,Male,SLIIT,SE,3,Software Engineering,Lecturer,Beginner,Gampaha,student_1640@student.edu,3.0,same_university,auditory,career_guidance,structured,English,1
S1641,Student_1641,Male,University of Moratuwa,Cybersecurity,1,Business IT,Security Analyst,Beginner,Gampaha,student_1641@student.edu,2.93,remote_only,visual,career_guidance,formal,"English,Sinhala",4
S1642,Student_1642,Male,University of Colombo,IT,4,Networking,Software Engineer,Advanced,Kurunegala,student_1642@student.edu,2.87,any,reading,job_search,casual,"English,Sinhala",3
S1643,Student_1643,Male,IIT Sri Lanka,Cybersecurity,4,Data Science,Data Scientist,Intermediate,Kandy,student_1643@student.edu,2.79,same_university,reading,networking,formal,"English,Tamil",3
S1644,Student_1644,Female,University of Moratuwa,Cybersecurity,3,AI/ML,Software Engineer,Advanced,Colombo,student_1644@student.edu,3.28,remote_only,reading,career_guidance,formal,"English,Tamil",7
S1645,Student_1645,Female,University of Kelaniya,CS,1,Cybersecurity,Data Scientist,Advanced,Kandy,student_1645@student.edu,3.72,same_university,auditory,job_search,structured,"English,Sinhala",2
S1646,Student_1646,Male,University of Colombo,IT,1,AI/ML,Data Scientist,Intermediate,Colombo,student_1646@student.edu,3.95,remote_only,kinesthetic,career_guidance,structured,English,4
S1647,Student_1647,Male,University of Kelaniya,Data Science,4,Data Science,Security Analyst,Advanced,Kurunegala,student_1647@student.edu,3.12,any,visual,skill_development,structured,"English,Tamil",5
S1648,Student_1648,Female,NSBM,Data Science,2,AI/ML,Software Engineer,Advanced,Colombo,student_1648@student.edu,3.46,same_city,visual,research_guidance,flexible,English,2
S1649,Student_1649,Male,University of Kelaniya,SE,1,Data Science,Security Analyst,Intermediate,Kurunegala,student_1649@student.edu,3.23,remote_only,reading,networking,casual,English,8
S1650,Student_1650,Female,SLIIT,Cybersecurity,2,Networking,Security Analyst,Beginner,Galle,student_1650@student.edu,3.95,remote_only,kinesthetic,career_guidance,formal,English,2
S1651,Student_1651,Male,IIT Sri Lanka,SE,2,Cybersecurity,Security Analyst,Advanced,Colombo,student_1651@student.edu,3.72,same_university,auditory,research_guidance,structured,"English,Sinhala",8
S1652,Student_1652,Female,University of Kelaniya,IT,4,AI/ML,Data Scientist,Beginner,Galle,student_1652@student.edu,2.65,any,auditory,skill_development,formal,"English,Tamil",8
S1653,Student_1653,Male,IIT Sri Lanka,Cybersecurity,3,AI/ML,Software Engineer,Advanced,Gampaha,student_1653@student.edu,2.8,any,kinesthetic,research_guidance,formal,English,8
S1654,Student_1654,Male,University of Colombo,IT,4,Business IT,Software Engineer,Intermediate,Kandy,student_1654@student.edu,3.26,same_university,kinesthetic,research_guidance,flexible,English,1
S1655,Student_1655,Female,University of Moratuwa,CS,3,AI/ML,Data Scientist,Beginner,Colombo,student_1655@student.edu,2.77,any,auditory,career_guidance,flexible,English,7
S1656,Student_1656,Female,NSBM,CS,1,Cybersecurity,Data Scientist,Advanced,Kandy,student_1656@student.edu,3.02,any,reading,career_guidance,casual,English,1
S1657,Student_1657,Male,University of Colombo,IT,3,AI/ML,Data Scientist,Intermediate,Gampaha,student_1657@student.edu,2.93,remote_only,auditory,research_guidance,formal,"English,Sinhala",7
S1658,Student_1658,Female,University of Peradeniya,SE,3,Software Engineering,Security Analyst,Beginner,Colombo,student_1658@student.edu,2.72,any,reading,career_guidance,formal,"English,Sinhala",3
S1659,Student_1659,Female,University of Moratuwa,Data Science,3,Networking,Software Engineer,Advanced,Kandy,student_1659@student.edu,3.37,same_city,kinesthetic,networking,casual,"English,Tamil",1
S1660,Student_1660,Male,IIT Sri Lanka,CS,2,Networking,Software Engineer,Intermediate,Kandy,student_1660@student.edu,3.31,same_university,visual,job_search,casual,"English,Sinhala",5
S1661,Student_1661,Male,University of Kelaniya,Cybersecurity,4,Data Science,Data Scientist,Advanced,Colombo,student_1661@student.edu,3.3,remote_only,kinesthetic,research_guidance,structured,"English,Sinhala",8
S1662,Student_1662,Female,University of Peradeniya,CS,2,Data Science,Data Scientist,Beginner,Colombo,student_1662@student.edu,2.95,same_city,visual,skill_development,structured,"English,Sinhala",1
S1663,Student_1663,Female,University of Peradeniya,Data Science,2,Cybersecurity,Software Engineer,Advanced,Colombo,student_1663@student.edu,3.07,any,reading,networking,casual,"English,Tamil",7
S1664,Student_1664,Male,University of Moratuwa,IT,1,AI/ML,Data Scientist,Intermediate,Colombo,student_1664@student.edu,2.8,same_university,kinesthetic,research_guidance,flexible,"English,Sinhala",6
S1665,Student_1665,Female,SLIIT,SE,1,Software Engineering,Software Engineer,Beginner,Kurunegala,student_1665@student.edu,2.66,any,visual,career_guidance,casual,"English,Tamil",2
S1666,Student_1666,Female,University of Kelaniya,IT,4,Networking,Lecturer,Intermediate,Colombo,student_1666@student.edu,3.43,same_city,visual,job_search,casual,"English,Tamil",6
S1667,Student_1667,Female,IIT Sri Lanka,CS,4,Business IT,Data Scientist,Intermediate,Galle,student_1667@student.edu,3.99,any,auditory,networking,flexible,"English,Tamil",4
S1668,Student_1668,Female,SLIIT,CS,4,Data Science,Lecturer,Beginner,Kandy,student_1668@student.edu,3.77,remote_only,auditory,networking,structured,English,9
S1669,Student_1669,Male,University of Moratuwa,Cybersecurity,3,Data Science,Software Engineer,Advanced,Kurunegala,student_1669@student.edu,3.04,any,visual,skill_development,flexible,"English,Sinhala",4
S1670,Student_1670,Female,University of Peradeniya,Data Science,2,Data Science,Lecturer,Beginner,Colombo,student_1670@student.edu,2.87,remote_only,visual,job_search,casual,English,9
S1671,Student_1671,Male,NSBM,Data Science,3,AI/ML,Security Analyst,Intermediate,Galle,student_1671@student.edu,3.67,same_city,visual,research_guidance,casual,"English,Tamil",9
S1672,Student_1672,Male,University of Peradeniya,Cybersecurity,1,Cybersecurity,Data Scientist,Advanced,Galle,student_1672@student.edu,2.72,same_city,visual,networking,formal,"English,Sinhala",6
S1673,Student_1673,Female,IIT Sri Lanka,SE,2,AI/ML,Software Engineer,Advanced,Gampaha,student_1673@student.edu,3.78,same_university,auditory,skill_development,structured,"English,Sinhala",3
S1674,Student_1674,Male,IIT Sri Lanka,IT,4,Networking,Lecturer,Beginner,Kurunegala,student_1674@student.edu,2.98,same_university,auditory,job_search,casual,"English,Tamil",4
S1675,Student_1675,Male,University of Moratuwa,IT,2,AI/ML,Lecturer,Beginner,Colombo,student_1675@student.edu,2.65,remote_only,visual,skill_development,flexible,English,2
S1676,Student_1676,Female,University of Moratuwa,SE,4,Cybersecurity,Security Analyst,Beginner,Gampaha,student_1676@student.edu,3.02,any,reading,research_guidance,formal,"English,Tamil",3
S1677,Student_1677,Male,University of Kelaniya,Data Science,4,Business IT,Lecturer,Advanced,Gampaha,student_1677@student.edu,3.44,same_university,kinesthetic,research_guidance,flexible,"English,Tamil",7
S1678,Student_1678,Male,University of Colombo,Data Science,2,AI/ML,Lecturer,Intermediate,Gampaha,student_1678@student.edu,2.8,any,reading,career_guidance,formal,"English,Tamil",4
S1679,Student_1679,Male,IIT Sri Lanka,CS,3,Data Science,Software Engineer,Intermediate,Kurunegala,student_1679@student.edu,3.42,same_city,kinesthetic,research_guidance,flexible,"English,Sinhala",9
S1680,Student_1680,Female,University of Moratuwa,SE,3,Networking,Lecturer,Intermediate,Gampaha,student_1680@student.edu,2.83,any,reading,networking,flexible,English,6
S1681,Student_1681,Female,University of Moratuwa,SE,4,Software Engineering,Data Scientist,Advanced,Gampaha,student_1681@student.edu,3.39,same_university,reading,networking,structured,"English,Sinhala",6
S1682,Student_1682,Female,IIT Sri Lanka,CS,2,Networking,Software Engineer,Advanced,Galle,student_1682@student.edu,3.49,same_city,visual,research_guidance,structured,"English,Sinhala",6
S1683,Student_1683,Male,University of Moratuwa,Cybersecurity,2,Business IT,Software Engineer,Intermediate,Galle,student_1683@student.edu,2.84,any,visual,networking,structured,"English,Tamil",3
S1684,Student_1684,Female,NSBM,CS,4,AI/ML,Lecturer,Advanced,Kurunegala,student_1684@student.edu,3.96,same_city,auditory,career_guidance,structured,English,3
S1685,Student_1685,Female,SLIIT,Data Science,3,Networking,Software Engineer,Advanced,Kandy,student_1685@student.edu,2.78,same_university,kinesthetic,networking,structured,"English,Sinhala",4
S1686,Student_1686,Male,NSBM,Cybersecurity,3,Data Science,Security Analyst,Intermediate,Gampaha,student_1686@student.edu,2.55,remote_only,reading,networking,formal,English,8
S1687,Student_1687,Female,IIT Sri Lanka,Data Science,4,Cybersecurity,Lecturer,Advanced,Kurunegala,student_1687@student.edu,2.77,remote_only,kinesthetic,networking,casual,"English,Sinhala",1
S1688,Student_1688,Male,University of Kelaniya,IT,2,Software Engineering,Data Scientist,Beginner,Galle,student_1688@student.edu,3.78,remote_only,auditory,career_guidance,flexible,"English,Sinhala",5
S1689,Student_1689,Male,NSBM,SE,2,Networking,Software Engineer,Intermediate,Galle,student_1689@student.edu,3.07,same_city,auditory,research_guidance,casual,"English,Tamil",2
S1690,Student_1690,Male,University of Kelaniya,Cybersecurity,2,Business IT,Data Scientist,Intermediate,Colombo,student_1690@student.edu,3.63,any,visual,job_search,formal,English,2
S1691,Student_1691,Female,University of Colombo,Cybersecurity,2,Business IT,Lecturer,Intermediate,Galle,student_1691@student.edu,3.3,same_university,reading,career_guidance,formal,"English,Sinhala",2
S1692,Student_1692,Female,University of Moratuwa,SE,2,Data Science,Data Scientist,Beginner,Galle,student_1692@student.edu,3.75,same_university,reading,research_guidance,structured,"English,Tamil",2
S1693,Student_1693,Female,University of Peradeniya,IT,1,Software Engineering,Security Analyst,Beginner,Kandy,student_1693@student.edu,3.08,remote_only,visual,job_search,formal,English,9
S1694,Student_1694,Male,IIT Sri Lanka,SE,1,Business IT,Security Analyst,Advanced,Colombo,student_1694@student.edu,3.1,any,reading,career_guidance,structured,English,5
S1695,Student_1695,Male,University of Peradeniya,Cybersecurity,2,Business IT,Data Scientist,Intermediate,Kandy,student_1695@student.edu,3.29,any,reading,career_guidance,structured,"English,Sinhala",4
S1696,Student_1696,Male,University of Colombo,SE,3,Cybersecurity,Lecturer,Advanced,Gampaha,student_1696@student.edu,2.64,same_city,reading,career_guidance,structured,"English,Sinhala",4
S1697,Student_1697,Female,University of Kelaniya,Data Science,1,AI/ML,Security Analyst,Intermediate,Galle,student_1697@student.edu,3.26,same_university,visual,skill_development,structured,English,2
S1698,Student_1698,Male,IIT Sri Lanka,IT,1,Cybersecurity,Security Analyst,Intermediate,Colombo,student_1698@student.edu,2.88,remote_only,reading,career_guidance,structured,English,8
S1699,Student_1699,Male,University of Colombo,SE,2,Software Engineering,Data Scientist,Intermediate,Colombo,student_1699@student.edu,3.39,same_city,visual,research_guidance,structured,English,2
S1700,Student_1700,Female,SLIIT,Cybersecurity,4,Business IT,Security Analyst,Beginner,Kurunegala,student_1700@student.edu,2.58,remote_only,reading,skill_development,structured,"English,Tamil",8
S1701,Student_1701,Female,University of Peradeniya,Cybersecurity,4,Cybersecurity,Software Engineer,Beginner,Kandy,student_1701@student.edu,3.23,same_university,kinesthetic,skill_development,casual,"English,Sinhala",8
S1702,Student_1702,Female,IIT Sri Lanka,SE,1,Business IT,Software Engineer,Advanced,Colombo,student_1702@student.edu,3.54,same_university,visual,research_guidance,flexible,English,4
S1703,Student_1703,Female,University of Kelaniya,Data Science,1,Business IT,Data Scientist,Intermediate,Galle,student_1703@student.edu,3.33,any,reading,career_guidance,flexible,"English,Tamil",4
S1704,Student_1704,Female,IIT Sri Lanka,SE,2,Software Engineering,Software Engineer,Beginner,Kurunegala,student_1704@student.edu,3.13,any,kinesthetic,job_search,formal,"English,Tamil",4
S1705,Student_1705,Female,IIT Sri Lanka,Cybersecurity,4,Data Science,Software Engineer,Intermediate,Galle,student_1705@student.edu,2.6,any,visual,skill_development,formal,"English,Sinhala",1
S1706,Student_1706,Male,IIT Sri Lanka,Cybersecurity,3,AI/ML,Lecturer,Beginner,Galle,student_1706@student.edu,3.42,same_city,auditory,networking,structured,"English,Sinhala",3
S1707,Student_1707,Male,NSBM,SE,1,Networking,Security Analyst,Advanced,Colombo,student_1707@student.edu,3.73,remote_only,kinesthetic,networking,formal,"English,Sinhala",1
S1708,Student_1708,Female,University of Colombo,Cybersecurity,4,Data Science,Lecturer,Advanced,Gampaha,student_1708@student.edu,3.64,same_city,auditory,networking,flexible,"English,Tamil",1
S1709,Student_1709,Female,SLIIT,Cybersecurity,2,Cybersecurity,Software Engineer,Intermediate,Galle,student_1709@student.edu,2.97,any,kinesthetic,job_search,flexible,English,6
S1710,Student_1710,Female,IIT Sri Lanka,SE,2,AI/ML,Lecturer,Intermediate,Kandy,student_1710@student.edu,3.18,same_city,kinesthetic,career_guidance,casual,"English,Tamil",2
S1711,Student_1711,Male,University of Colombo,IT,4,Business IT,Security Analyst,Advanced,Kandy,student_1711@student.edu,2.89,same_university,reading,skill_development,flexible,"English,Sinhala",4
S1712,Student_1712,Male,University of Colombo,CS,2,Networking,Data Scientist,Beginner,Gampaha,student_1712@student.edu,2.54,same_university,visual,networking,structured,"English,Tamil",6
S1713,Student_1713,Male,University of Kelaniya,Data Science,2,Data Science,Software Engineer,Intermediate,Kurunegala,student_1713@student.edu,3.71,any,reading,research_guidance,casual,English,4
S1714,Student_1714,Male,University of Moratuwa,Cybersecurity,3,Business IT,Security Analyst,Intermediate,Kandy,student_1714@student.edu,3.33,any,auditory,research_guidance,flexible,"English,Tamil",6
S1715,Student_1715,Male,University of Kelaniya,IT,4,Cybersecurity,Security Analyst,Advanced,Galle,student_1715@student.edu,3.97,any,kinesthetic,research_guidance,flexible,"English,Sinhala",9
S1716,Student_1716,Female,NSBM,SE,3,Data Science,Software Engineer,Advanced,Galle,student_1716@student.edu,2.96,same_university,visual,skill_development,casual,English,6
S1717,Student_1717,Male,SLIIT,CS,1,Networking,Security Analyst,Intermediate,Colombo,student_1717@student.edu,2.67,any,auditory,career_guidance,formal,"English,Tamil",4
S1718,Student_1718,Male,NSBM,IT,4,Cybersecurity,Lecturer,Beginner,Kurunegala,student_1718@student.edu,3.89,remote_only,reading,research_guidance,formal,English,9
S1719,Student_1719,Male,University of Moratuwa,CS,1,Business IT,Software Engineer,Intermediate,Colombo,student_1719@student.edu,3.61,remote_only,auditory,skill_development,formal,English,1
S1720,Student_1720,Male,University of Kelaniya,Cybersecurity,1,AI/ML,Lecturer,Advanced,Gampaha,student_1720@student.edu,2.68,same_city,reading,networking,flexible,"English,Sinhala",9
S1721,Student_1721,Female,University of Peradeniya,SE,3,Software Engineering,Data Scientist,Beginner,Gampaha,student_1721@student.edu,3.65,remote_only,auditory,skill_development,flexible,English,3
S1722,Student_1722,Male,IIT Sri Lanka,Data Science,3,Business IT,Security Analyst,Advanced,Kandy,student_1722@student.edu,2.55,same_university,auditory,career_guidance,flexible,"English,Sinhala",2
S1723,Student_1723,Female,University of Peradeniya,CS,4,Networking,Software Engineer,Advanced,Galle,student_1723@student.edu,3.51,same_university,reading,research_guidance,casual,"English,Tamil",9
S1724,Student_1724,Male,University of Colombo,Cybersecurity,2,Business IT,Lecturer,Intermediate,Kandy,student_1724@student.edu,3.02,same_university,reading,networking,casual,English,9
S1725,Student_1725,Female,NSBM,CS,2,Data Science,Data Scientist,Beginner,Kandy,student_1725@student.edu,2.76,same_university,kinesthetic,research_guidance,flexible,English,8
S1726,Student_1726,Female,University of Peradeniya,SE,1,Business IT,Software Engineer,Advanced,Galle,student_1726@student.edu,3.01,same_city,kinesthetic,research_guidance,formal,"English,Sinhala",8
S1727,Student_1727,Female,University of Moratuwa,Cybersecurity,1,Cybersecurity,Software Engineer,Intermediate,Kurunegala,student_1727@student.edu,2.85,remote_only,reading,career_guidance,formal,"English,Sinhala",4
S1728,Student_1728,Female,University of Peradeniya,Data Science,2,Software Engineering,Lecturer,Advanced,Kandy,student_1728@student.edu,3.61,same_city,reading,networking,casual,"English,Tamil",4
S1729,Student_1729,Female,University of Moratuwa,IT,2,Data Science,Lecturer,Beginner,Gampaha,student_1729@student.edu,2.56,remote_only,reading,networking,structured,"English,Sinhala",5
S1730,Student_1730,Male,NSBM,SE,1,Software Engineering,Security Analyst,Advanced,Gampaha,student_1730@student.edu,3.92,same_city,kinesthetic,skill_development,formal,"English,Sinhala",3
S1731,Student_1731,Male,IIT Sri Lanka,Cybersecurity,3,Business IT,Data Scientist,Advanced,Colombo,student_1731@student.edu,2.79,same_university,kinesthetic,skill_development,casual,"English,Tamil",1
S1732,Student_1732,Female,University of Kelaniya,CS,1,Business IT,Security Analyst,Advanced,Colombo,student_1732@student.edu,3.73,any,kinesthetic,career_guidance,casual,"English,Tamil",4
S1733,Student_1733,Male,University of Kelaniya,SE,1,Business IT,Lecturer,Intermediate,Colombo,student_1733@student.edu,2.63,same_city,reading,career_guidance,structured,"English,Sinhala",6
S1734,Student_1734,Male,University of Moratuwa,CS,1,Networking,Data Scientist,Intermediate,Kurunegala,student_1734@student.edu,3.44,same_city,reading,job_search,flexible,English,3
S1735,Student_1735,Male,SLIIT,Data Science,1,Software Engineering,Lecturer,Advanced,Gampaha,student_1735@student.edu,2.67,any,auditory,research_guidance,formal,"English,Sinhala",2
S1736,Student_1736,Male,IIT Sri Lanka,Cybersecurity,4,Software Engineering,Software Engineer,Intermediate,Kurunegala,student_1736@student.edu,3.45,same_university,kinesthetic,skill_development,formal,"English,Sinhala",1
S1737,Student_1737,Male,University of Moratuwa,IT,3,Networking,Lecturer,Intermediate,Galle,student_1737@student.edu,3.91,same_university,kinesthetic,job_search,structured,English,1
S1738,Student_1738,Female,SLIIT,Data Science,1,Business IT,Software Engineer,Intermediate,Galle,student_1738@student.edu,3.56,any,reading,networking,formal,"English,Sinhala",2
S1739,Student_1739,Male,University of Colombo,SE,1,Networking,Data Scientist,Beginner,Galle,student_1739@student.edu,2.92,same_city,kinesthetic,job_search,flexible,"English,Sinhala",4
S1740,Student_1740,Female,University of Colombo,Data Science,1,Business IT,Software Engineer,Advanced,Kandy,student_1740@student.edu,3.47,same_city,kinesthetic,career_guidance,structured,"English,Sinhala",6
S1741,Student_1741,Male,SLIIT,Data Science,4,Software Engineering,Data Scientist,Intermediate,Colombo,student_1741@student.edu,3.33,same_city,kinesthetic,career_guidance,formal,"English,Tamil",1
S1742,Student_1742,Male,SLIIT,SE,2,Data Science,Security Analyst,Beginner,Galle,student_1742@student.edu,3.75,same_university,auditory,job_search,casual,"English,Sinhala",6
S1743,Student_1743,Female,NSBM,IT,1,Networking,Security Analyst,Intermediate,Galle,student_1743@student.edu,2.9,same_city,kinesthetic,research_guidance,flexible,"English,Tamil",1
S1744,Student_1744,Female,SLIIT,Data Science,1,Software Engineering,Software Engineer,Beginner,Kurunegala,student_1744@student.edu,2.9,remote_only,reading,career_guidance,formal,"English,Sinhala",3
S1745,Student_1745,Male,University of Peradeniya,Data Science,3,AI/ML,Security Analyst,Advanced,Gampaha,student_1745@student.edu,3.65,remote_only,kinesthetic,skill_development,casual,"English,Sinhala",4
S1746,Student_1746,Male,University of Kelaniya,SE,4,Business IT,Software Engineer,Intermediate,Kandy,student_1746@student.edu,3.27,remote_only,reading,networking,formal,"English,Tamil",3
S1747,Student_1747,Female,University of Moratuwa,CS,3,Business IT,Security Analyst,Beginner,Kandy,student_1747@student.edu,3.58,any,auditory,job_search,casual,English,5
S1748,Student_1748,Male,University of Peradeniya,Cybersecurity,3,AI/ML,Lecturer,Intermediate,Kurunegala,student_1748@student.edu,3.54,same_university,visual,job_search,structured,English,9
S1749,Student_1749,Male,SLIIT,Data Science,2,Data Science,Software Engineer,Advanced,Kurunegala,student_1749@student.edu,2.71,same_city,reading,job_search,formal,"English,Sinhala",8
S1750,Student_1750,Female,NSBM,Cybersecurity,4,Business IT,Security Analyst,Intermediate,Colombo,student_1750@student.edu,3.67,remote_only,reading,career_guidance,formal,"English,Tamil",6
S1751,Student_1751,Male,University of Kelaniya,SE,1,Data Science,Data Scientist,Advanced,Kandy,student_1751@student.edu,3.36,any,visual,career_guidance,casual,"English,Tamil",3
S1752,Student_1752,Male,University of Moratuwa,SE,1,Data Science,Lecturer,Beginner,Kandy,student_1752@student.edu,3.97,any,reading,research_guidance,formal,"English,Tamil",6
S1753,Student_1753,Male,SLIIT,CS,4,Business IT,Security Analyst,Intermediate,Kurunegala,student_1753@student.edu,3.45,remote_only,visual,career_guidance,structured,"English,Tamil",5
S1754,Student_1754,Female,University of Colombo,IT,3,Business IT,Lecturer,Intermediate,Kurunegala,student_1754@student.edu,3.97,any,visual,networking,structured,"English,Tamil",7
S1755,Student_1755,Male,University of Moratuwa,Cybersecurity,4,Software Engineering,Software Engineer,Beginner,Galle,student_1755@student.edu,3.59,any,auditory,skill_development,structured,"English,Tamil",9
S1756,Student_1756,Female,University of Moratuwa,Data Science,4,Business IT,Software Engineer,Beginner,Kandy,student_1756@student.edu,3.65,same_city,kinesthetic,job_search,structured,"English,Tamil",1
S1757,Student_1757,Female,IIT Sri Lanka,IT,3,AI/ML,Data Scientist,Advanced,Gampaha,student_1757@student.edu,3.36,any,visual,job_search,structured,English,3
S1758,Student_1758,Female,University of Kelaniya,Cybersecurity,4,AI/ML,Data Scientist,Beginner,Gampaha,student_1758@student.edu,3.29,any,auditory,research_guidance,casual,"English,Sinhala",1
S1759,Student_1759,Male,University of Colombo,IT,1,Software Engineering,Data Scientist,Intermediate,Kandy,student_1759@student.edu,3.44,remote_only,reading,networking,flexible,"English,Sinhala",4
S1760,Student_1760,Female,SLIIT,CS,2,AI/ML,Security Analyst,Advanced,Colombo,student_1760@student.edu,2.67,remote_only,kinesthetic,networking,formal,"English,Sinhala",8
S1761,Student_1761,Female,University of Moratuwa,SE,3,Data Science,Security Analyst,Intermediate,Colombo,student_1761@student.edu,3.1,remote_only,auditory,networking,flexible,"English,Tamil",1
S1762,Student_1762,Female,SLIIT,Cybersecurity,2,Networking,Security Analyst,Advanced,Kurunegala,student_1762@student.edu,3.2,remote_only,auditory,research_guidance,formal,English,1
S1763,Student_1763,Male,University of Kelaniya,Cybersecurity,1,AI/ML,Security Analyst,Intermediate,Colombo,student_1763@student.edu,2.62,remote_only,auditory,networking,flexible,"English,Sinhala",9
S1764,Student_1764,Male,SLIIT,CS,3,Business IT,Data Scientist,Advanced,Galle,student_1764@student.edu,3.03,same_university,kinesthetic,job_search,flexible,"English,Sinhala",7
S1765,Student_1765,Female,University of Peradeniya,Cybersecurity,3,Software Engineering,Security Analyst,Advanced,Kurunegala,student_1765@student.edu,3.6,same_university,auditory,skill_development,flexible,"English,Tamil",3
S1766,Student_1766,Male,NSBM,Data Science,3,Business IT,Security Analyst,Intermediate,Kandy,student_1766@student.edu,3.76,same_university,visual,skill_development,flexible,"English,Tamil",2
S1767,Student_1767,Female,University of Moratuwa,CS,4,Business IT,Security Analyst,Beginner,Colombo,student_1767@student.edu,3.39,any,reading,networking,formal,"English,Sinhala",3
S1768,Student_1768,Male,University of Kelaniya,CS,3,Business IT,Lecturer,Advanced,Gampaha,student_1768@student.edu,3.92,remote_only,visual,job_search,structured,"English,Tamil",7
S1769,Student_1769,Male,University of Colombo,SE,4,Data Science,Security Analyst,Beginner,Colombo,student_1769@student.edu,3.32,any,reading,job_search,flexible,"English,Tamil",5
S1770,Student_1770,Female,University of Peradeniya,Data Science,3,Data Science,Lecturer,Beginner,Galle,student_1770@student.edu,2.71,remote_only,auditory,networking,formal,"English,Tamil",1
S1771,Student_1771,Female,University of Kelaniya,CS,2,Business IT,Lecturer,Advanced,Kandy,student_1771@student.edu,3.66,same_university,visual,job_search,casual,"English,Tamil",6
S1772,Student_1772,Female,University of Colombo,Cybersecurity,1,Networking,Software Engineer,Beginner,Kandy,student_1772@student.edu,3.39,remote_only,reading,skill_development,flexible,English,9
S1773,Student_1773,Male,SLIIT,SE,2,Business IT,Data Scientist,Advanced,Galle,student_1773@student.edu,3.23,any,auditory,job_search,structured,"English,Tamil",4
S1774,Student_1774,Female,University of Kelaniya,SE,2,AI/ML,Lecturer,Beginner,Kandy,student_1774@student.edu,3.94,same_city,visual,networking,structured,English,5
S1775,Student_1775,Female,University of Kelaniya,CS,3,AI/ML,Security Analyst,Advanced,Kandy,student_1775@student.edu,3.77,same_city,auditory,job_search,formal,English,1
S1776,Student_1776,Female,NSBM,Data Science,4,Data Science,Security Analyst,Advanced,Colombo,student_1776@student.edu,2.68,same_city,reading,research_guidance,casual,"English,Sinhala",6
S1777,Student_1777,Female,University of Peradeniya,IT,4,Networking,Security Analyst,Beginner,Kandy,student_1777@student.edu,3.7,same_university,visual,networking,formal,English,5
S1778,Student_1778,Female,IIT Sri Lanka,SE,2,Software Engineering,Data Scientist,Intermediate,Gampaha,student_1778@student.edu,3.52,any,visual,networking,casual,English,6
S1779,Student_1779,Female,IIT Sri Lanka,Data Science,4,Data Science,Lecturer,Advanced,Gampaha,student_1779@student.edu,2.96,same_city,reading,networking,structured,"English,Sinhala",3
S1780,Student_1780,Male,IIT Sri Lanka,Cybersecurity,1,Networking,Security Analyst,Advanced,Galle,student_1780@student.edu,2.72,same_city,reading,job_search,casual,"English,Sinhala",4
S1781,Student_1781,Male,University of Colombo,CS,3,Business IT,Lecturer,Beginner,Kandy,student_1781@student.edu,2.89,same_city,reading,networking,flexible,"English,Sinhala",4
S1782,Student_1782,Male,University of Peradeniya,CS,1,Business IT,Lecturer,Intermediate,Colombo,student_1782@student.edu,3.05,same_city,visual,job_search,casual,English,9
S1783,Student_1783,Female,IIT Sri Lanka,Data Science,1,AI/ML,Software Engineer,Beginner,Kurunegala,student_1783@student.edu,3.26,same_city,reading,research_guidance,structured,"English,Tamil",4
S1784,Student_1784,Female,SLIIT,CS,1,AI/ML,Security Analyst,Intermediate,Kurunegala,student_1784@student.edu,3.87,same_city,reading,job_search,casual,English,8
S1785,Student_1785,Female,SLIIT,Data Science,2,Data Science,Lecturer,Beginner,Colombo,student_1785@student.edu,3.33,remote_only,auditory,research_guidance,flexible,"English,Sinhala",7
S1786,Student_1786,Male,SLIIT,IT,1,Networking,Software Engineer,Advanced,Gampaha,student_1786@student.edu,2.86,remote_only,visual,job_search,formal,"English,Tamil",2
S1787,Student_1787,Male,University of Peradeniya,CS,2,Software Engineering,Lecturer,Advanced,Kandy,student_1787@student.edu,3.82,same_city,visual,networking,structured,"English,Tamil",1
S1788,Student_1788,Female,University of Colombo,SE,1,Data Science,Data Scientist,Beginner,Kandy,student_1788@student.edu,2.85,any,visual,research_guidance,casual,"English,Tamil",3
S1789,Student_1789,Male,University of Moratuwa,SE,1,Business IT,Lecturer,Beginner,Colombo,student_1789@student.edu,3.19,any,kinesthetic,skill_development,structured,English,3
S1790,Student_1790,Male,University of Colombo,Cybersecurity,1,Networking,Software Engineer,Advanced,Kandy,student_1790@student.edu,3.77,remote_only,visual,networking,formal,"English,Sinhala",3
S1791,Student_1791,Male,NSBM,Data Science,2,Business IT,Security Analyst,Beginner,Kurunegala,student_1791@student.edu,3.48,any,reading,job_search,flexible,"English,Tamil",1
S1792,Student_1792,Female,NSBM,Data Science,1,Business IT,Security Analyst,Beginner,Kandy,student_1792@student.edu,2.97,same_university,auditory,skill_development,flexible,"English,Tamil",4
S1793,Student_1793,Female,IIT Sri Lanka,IT,2,Cybersecurity,Data Scientist,Beginner,Kurunegala,student_1793@student.edu,3.96,same_city,reading,research_guidance,structured,"English,Tamil",6
S1794,Student_1794,Male,University of Peradeniya,Cybersecurity,1,AI/ML,Software Engineer,Advanced,Kurunegala,student_1794@student.edu,2.62,remote_only,visual,job_search,casual,"English,Tamil",6
S1795,Student_1795,Male,IIT Sri Lanka,Data Science,3,AI/ML,Lecturer,Advanced,Colombo,student_1795@student.edu,2.93,same_university,visual,networking,flexible,"English,Sinhala",9
S1796,Student_1796,Female,University of Kelaniya,Cybersecurity,3,Software Engineering,Data Scientist,Intermediate,Colombo,student_1796@student.edu,3.63,same_city,visual,skill_development,formal,"English,Sinhala",6
S1797,Student_1797,Female,SLIIT,IT,4,Software Engineering,Data Scientist,Advanced,Kandy,student_1797@student.edu,3.75,same_university,auditory,job_search,structured,"English,Sinhala",7
S1798,Student_1798,Female,University of Peradeniya,IT,4,AI/ML,Software Engineer,Intermediate,Gampaha,student_1798@student.edu,2.96,same_city,reading,research_guidance,structured,"English,Tamil",6
S1799,Student_1799,Male,University of Peradeniya,Data Science,1,Software Engineering,Lecturer,Advanced,Galle,student_1799@student.edu,3.05,same_city,kinesthetic,career_guidance,formal,"English,Tamil",8
S1800,Student_1800,Male,University of Moratuwa,IT,1,Business IT,Lecturer,Advanced,Galle,student_1800@student.edu,2.8,any,auditory,job_search,flexible,"English,Sinhala",4
S1801,Student_1801,Male,IIT Sri Lanka,Cybersecurity,3,Business IT,Software Engineer,Advanced,Colombo,student_1801@student.edu,2.54,same_university,auditory,networking,casual,"English,Sinhala",1
S1802,Student_1802,Female,University of Colombo,Cybersecurity,1,Networking,Software Engineer,Advanced,Kandy,student_1802@student.edu,3.39,any,reading,research_guidance,structured,"English,Tamil",3
S1803,Student_1803,Female,SLIIT,SE,1,Networking,Security Analyst,Advanced,Gampaha,student_1803@student.edu,2.91,remote_only,visual,research_guidance,casual,English,5
S1804,Student_1804,Male,University of Colombo,CS,1,Software Engineering,Security Analyst,Intermediate,Galle,student_1804@student.edu,3.73,same_city,kinesthetic,skill_development,formal,"English,Tamil",6
S1805,Student_1805,Male,SLIIT,IT,2,AI/ML,Software Engineer,Advanced,Kurunegala,student_1805@student.edu,3.36,same_city,reading,career_guidance,flexible,"English,Sinhala",1
S1806,Student_1806,Female,University of Peradeniya,Data Science,4,Networking,Lecturer,Advanced,Kandy,student_1806@student.edu,2.61,same_university,visual,job_search,flexible,"English,Tamil",8
S1807,Student_1807,Female,University of Peradeniya,Data Science,4,Software Engineering,Security Analyst,Intermediate,Kurunegala,student_1807@student.edu,3.8,remote_only,visual,job_search,structured,English,7
S1808,Student_1808,Male,NSBM,IT,3,Cybersecurity,Lecturer,Intermediate,Galle,student_1808@student.edu,3.06,same_university,reading,skill_development,casual,English,3
S1809,Student_1809,Male,University of Moratuwa,IT,2,AI/ML,Data Scientist,Intermediate,Colombo,student_1809@student.edu,2.83,any,visual,skill_development,structured,"English,Tamil",5
S1810,Student_1810,Male,University of Colombo,SE,2,Business IT,Software Engineer,Advanced,Colombo,student_1810@student.edu,3.08,any,reading,skill_development,structured,"English,Sinhala",2
S1811,Student_1811,Male,NSBM,Cybersecurity,4,Software Engineering,Data Scientist,Advanced,Kandy,student_1811@student.edu,3.06,same_city,kinesthetic,career_guidance,formal,"English,Tamil",3
S1812,Student_1812,Male,NSBM,CS,4,Cybersecurity,Lecturer,Intermediate,Kurunegala,student_1812@student.edu,2.56,same_university,kinesthetic,job_search,casual,"English,Sinhala",2
S1813,Student_1813,Male,University of Kelaniya,SE,4,Business IT,Security Analyst,Beginner,Colombo,student_1813@student.edu,2.76,any,reading,job_search,casual,"English,Sinhala",6
S1814,Student_1814,Female,IIT Sri Lanka,SE,4,Networking,Software Engineer,Beginner,Kurunegala,student_1814@student.edu,3.79,same_city,kinesthetic,job_search,structured,"English,Sinhala",7
S1815,Student_1815,Female,University of Kelaniya,Cybersecurity,1,Software Engineering,Security Analyst,Advanced,Kandy,student_1815@student.edu,2.81,remote_only,kinesthetic,networking,flexible,"English,Tamil",5
S1816,Student_1816,Female,University of Peradeniya,Data Science,2,Cybersecurity,Lecturer,Advanced,Kandy,student_1816@student.edu,3.13,any,auditory,networking,formal,"English,Sinhala",3
S1817,Student_1817,Female,University of Colombo,CS,3,Business IT,Lecturer,Beginner,Gampaha,student_1817@student.edu,2.59,remote_only,auditory,research_guidance,casual,"English,Sinhala",1
S1818,Student_1818,Female,IIT Sri Lanka,SE,1,Software Engineering,Lecturer,Intermediate,Kandy,student_1818@student.edu,3.34,same_university,auditory,research_guidance,casual,English,7
S1819,Student_1819,Male,IIT Sri Lanka,Data Science,4,Software Engineering,Lecturer,Advanced,Kandy,student_1819@student.edu,3.61,remote_only,visual,networking,formal,"English,Sinhala",7
S1820,Student_1820,Male,NSBM,Cybersecurity,2,AI/ML,Lecturer,Advanced,Kandy,student_1820@student.edu,3.49,same_university,auditory,research_guidance,structured,"English,Tamil",3
S1821,Student_1821,Female,University of Kelaniya,Cybersecurity,3,AI/ML,Data Scientist,Advanced,Kandy,student_1821@student.edu,3.04,same_city,kinesthetic,job_search,formal,"English,Sinhala",5
S1822,Student_1822,Female,NSBM,Cybersecurity,2,AI/ML,Security Analyst,Intermediate,Galle,student_1822@student.edu,2.79,same_university,kinesthetic,skill_development,structured,"English,Sinhala",9
S1823,Student_1823,Female,SLIIT,IT,1,Business IT,Lecturer,Advanced,Gampaha,student_1823@student.edu,3.78,remote_only,kinesthetic,skill_development,casual,"English,Tamil",9
S1824,Student_1824,Male,University of Peradeniya,Cybersecurity,1,AI/ML,Data Scientist,Beginner,Gampaha,student_1824@student.edu,3.57,same_university,kinesthetic,networking,formal,"English,Sinhala",2
S1825,Student_1825,Female,University of Moratuwa,Cybersecurity,1,Cybersecurity,Lecturer,Beginner,Kandy,student_1825@student.edu,3.13,same_university,visual,skill_development,structured,"English,Sinhala",8
S1826,Student_1826,Female,University of Moratuwa,Cybersecurity,2,AI/ML,Data Scientist,Advanced,Colombo,student_1826@student.edu,3.59,same_city,visual,research_guidance,formal,English,7
S1827,Student_1827,Female,University of Peradeniya,Data Science,1,Software Engineering,Security Analyst,Intermediate,Kandy,student_1827@student.edu,2.73,remote_only,auditory,networking,formal,English,9
S1828,Student_1828,Male,SLIIT,Data Science,1,Cybersecurity,Data Scientist,Beginner,Kurunegala,student_1828@student.edu,3.15,same_city,visual,job_search,structured,English,9
S1829,Student_1829,Male,University of Peradeniya,Data Science,4,Cybersecurity,Software Engineer,Advanced,Kandy,student_1829@student.edu,2.81,same_city,visual,career_guidance,casual,"English,Sinhala",4
S1830,Student_1830,Male,University of Colombo,SE,3,Business IT,Software Engineer,Beginner,Colombo,student_1830@student.edu,3.76,same_university,visual,research_guidance,formal,English,7
S1831,Student_1831,Female,University of Colombo,Data Science,1,Cybersecurity,Software Engineer,Beginner,Gampaha,student_1831@student.edu,3.6,any,auditory,career_guidance,casual,"English,Tamil",6
S1832,Student_1832,Male,University of Kelaniya,SE,4,Cybersecurity,Data Scientist,Advanced,Kandy,student_1832@student.edu,2.72,same_city,reading,research_guidance,flexible,English,4
S1833,Student_1833,Male,SLIIT,IT,1,Cybersecurity,Software Engineer,Advanced,Colombo,student_1833@student.edu,3.04,remote_only,kinesthetic,job_search,formal,"English,Tamil",6
S1834,Student_1834,Male,University of Colombo,Cybersecurity,3,Data Science,Software Engineer,Intermediate,Colombo,student_1834@student.edu,3.0,same_city,auditory,career_guidance,structured,"English,Sinhala",4
S1835,Student_1835,Female,University of Peradeniya,CS,2,Data Science,Data Scientist,Advanced,Kurunegala,student_1835@student.edu,3.89,any,kinesthetic,job_search,formal,"English,Sinhala",8
S1836,Student_1836,Male,University of Moratuwa,IT,1,Business IT,Data Scientist,Advanced,Kandy,student_1836@student.edu,3.01,same_university,reading,networking,casual,"English,Tamil",7
S1837,Student_1837,Female,NSBM,Cybersecurity,3,Software Engineering,Lecturer,Beginner,Kurunegala,student_1837@student.edu,2.65,remote_only,kinesthetic,skill_development,flexible,"English,Tamil",3
S1838,Student_1838,Male,SLIIT,Data Science,2,Cybersecurity,Security Analyst,Advanced,Galle,student_1838@student.edu,3.58,any,kinesthetic,job_search,formal,"English,Sinhala",4
S1839,Student_1839,Female,SLIIT,IT,4,Data Science,Security Analyst,Beginner,Gampaha,student_1839@student.edu,2.94,remote_only,reading,networking,flexible,English,3
S1840,Student_1840,Female,University of Kelaniya,IT,1,Cybersecurity,Software Engineer,Advanced,Gampaha,student_1840@student.edu,3.76,remote_only,kinesthetic,job_search,casual,"English,Sinhala",4
S1841,Student_1841,Female,IIT Sri Lanka,Data Science,3,Business IT,Security Analyst,Intermediate,Gampaha,student_1841@student.edu,2.7,same_university,kinesthetic,career_guidance,casual,English,2
S1842,Student_1842,Male,NSBM,CS,1,Software Engineering,Software Engineer,Beginner,Gampaha,student_1842@student.edu,3.19,same_city,reading,skill_development,flexible,"English,Sinhala",8
S1843,Student_1843,Female,University of Colombo,Cybersecurity,4,Software Engineering,Data Scientist,Advanced,Gampaha,student_1843@student.edu,3.8,same_city,kinesthetic,skill_development,formal,English,2
S1844,Student_1844,Male,NSBM,IT,3,AI/ML,Software Engineer,Advanced,Kurunegala,student_1844@student.edu,2.97,remote_only,reading,research_guidance,structured,English,1
S1845,Student_1845,Male,University of Kelaniya,IT,3,Networking,Software Engineer,Advanced,Galle,student_1845@student.edu,3.15,any,kinesthetic,research_guidance,structured,"English,Sinhala",4
S1846,Student_1846,Male,University of Colombo,CS,2,AI/ML,Security Analyst,Beginner,Galle,student_1846@student.edu,2.63,same_city,reading,career_guidance,structured,English,1
S1847,Student_1847,Male,IIT Sri Lanka,SE,4,Networking,Lecturer,Beginner,Kandy,student_1847@student.edu,3.73,remote_only,visual,research_guidance,casual,"English,Tamil",2
S1848,Student_1848,Male,University of Kelaniya,Data Science,4,Business IT,Security Analyst,Intermediate,Colombo,student_1848@student.edu,3.0,same_university,visual,networking,flexible,"English,Sinhala",2
S1849,Student_1849,Male,IIT Sri Lanka,CS,4,Software Engineering,Lecturer,Intermediate,Galle,student_1849@student.edu,2.85,any,kinesthetic,job_search,formal,"English,Sinhala",5
S1850,Student_1850,Female,SLIIT,IT,2,Cybersecurity,Security Analyst,Beginner,Colombo,student_1850@student.edu,2.59,any,kinesthetic,job_search,flexible,"English,Tamil",9
S1851,Student_1851,Female,SLIIT,Cybersecurity,2,AI/ML,Lecturer,Advanced,Galle,student_1851@student.edu,3.7,remote_only,reading,career_guidance,casual,English,5
S1852,Student_1852,Male,University of Kelaniya,CS,3,Software Engineering,Software Engineer,Advanced,Gampaha,student_1852@student.edu,3.81,same_city,reading,research_guidance,casual,English,4
S1853,Student_1853,Male,University of Kelaniya,Data Science,3,Software Engineering,Lecturer,Beginner,Galle,student_1853@student.edu,2.55,same_university,kinesthetic,networking,formal,"English,Tamil",1
S1854,Student_1854,Female,SLIIT,IT,2,Cybersecurity,Data Scientist,Beginner,Gampaha,student_1854@student.edu,3.65,any,auditory,career_guidance,formal,"English,Sinhala",9
S1855,Student_1855,Female,SLIIT,SE,2,Networking,Software Engineer,Advanced,Kandy,student_1855@student.edu,3.63,any,auditory,research_guidance,structured,English,6
S1856,Student_1856,Male,University of Peradeniya,Cybersecurity,3,Software Engineering,Lecturer,Advanced,Colombo,student_1856@student.edu,3.51,same_university,reading,networking,formal,English,8
S1857,Student_1857,Male,University of Colombo,Data Science,4,Networking,Data Scientist,Advanced,Kandy,student_1857@student.edu,3.61,same_city,auditory,skill_development,flexible,English,5
S1858,Student_1858,Female,SLIIT,IT,1,Networking,Lecturer,Advanced,Gampaha,student_1858@student.edu,2.68,any,visual,networking,structured,"English,Sinhala",3
S1859,Student_1859,Female,University of Kelaniya,SE,1,Networking,Data Scientist,Advanced,Gampaha,student_1859@student.edu,3.07,same_city,kinesthetic,career_guidance,flexible,English,7
S1860,Student_1860,Male,University of Colombo,CS,4,Networking,Software Engineer,Intermediate,Galle,student_1860@student.edu,3.93,remote_only,reading,career_guidance,flexible,English,3
S1861,Student_1861,Female,SLIIT,Cybersecurity,4,Business IT,Security Analyst,Beginner,Gampaha,student_1861@student.edu,2.93,same_university,auditory,research_guidance,formal,"English,Sinhala",4
S1862,Student_1862,Male,SLIIT,CS,1,Software Engineering,Lecturer,Intermediate,Galle,student_1862@student.edu,3.18,same_city,auditory,job_search,flexible,English,1
S1863,Student_1863,Male,University of Moratuwa,Cybersecurity,1,Data Science,Software Engineer,Advanced,Gampaha,student_1863@student.edu,3.24,any,reading,skill_development,casual,"English,Sinhala",6
S1864,Student_1864,Male,NSBM,CS,3,Cybersecurity,Security Analyst,Intermediate,Galle,student_1864@student.edu,3.52,same_city,kinesthetic,career_guidance,structured,English,5
S1865,Student_1865,Male,University of Moratuwa,SE,4,Business IT,Software Engineer,Advanced,Kandy,student_1865@student.edu,3.86,same_city,kinesthetic,networking,structured,"English,Tamil",6
S1866,Student_1866,Male,University of Moratuwa,Data Science,4,Networking,Software Engineer,Beginner,Kurunegala,student_1866@student.edu,3.13,remote_only,visual,job_search,flexible,"English,Tamil",2
S1867,Student_1867,Female,University of Moratuwa,SE,1,Cybersecurity,Software Engineer,Beginner,Kandy,student_1867@student.edu,2.93,remote_only,visual,networking,casual,"English,Sinhala",3
S1868,Student_1868,Female,University of Moratuwa,SE,1,Cybersecurity,Lecturer,Intermediate,Galle,student_1868@student.edu,3.7,any,auditory,skill_development,flexible,"English,Sinhala",6
S1869,Student_1869,Male,University of Peradeniya,Data Science,4,Business IT,Data Scientist,Advanced,Colombo,student_1869@student.edu,3.34,any,visual,networking,formal,"English,Tamil",5
S1870,Student_1870,Female,NSBM,SE,2,Software Engineering,Lecturer,Beginner,Galle,student_1870@student.edu,2.64,same_city,reading,career_guidance,structured,English,3
S1871,Student_1871,Female,NSBM,Data Science,4,Data Science,Data Scientist,Advanced,Kurunegala,student_1871@student.edu,3.66,any,auditory,skill_development,casual,"English,Sinhala",1
S1872,Student_1872,Female,University of Peradeniya,IT,2,Networking,Software Engineer,Intermediate,Kandy,student_1872@student.edu,3.27,same_university,visual,research_guidance,flexible,English,2
S1873,Student_1873,Female,NSBM,IT,1,Cybersecurity,Data Scientist,Intermediate,Galle,student_1873@student.edu,3.02,any,visual,skill_development,casual,"English,Sinhala",4
S1874,Student_1874,Male,SLIIT,IT,4,Business IT,Data Scientist,Advanced,Kandy,student_1874@student.edu,2.76,same_city,visual,research_guidance,formal,"English,Sinhala",9
S1875,Student_1875,Male,University of Kelaniya,CS,3,Networking,Data Scientist,Beginner,Kurunegala,student_1875@student.edu,3.51,any,reading,job_search,structured,"English,Sinhala",1
S1876,Student_1876,Female,SLIIT,SE,3,Business IT,Security Analyst,Beginner,Kurunegala,student_1876@student.edu,2.53,any,visual,networking,formal,"English,Sinhala",7
S1877,Student_1877,Male,SLIIT,CS,2,AI/ML,Software Engineer,Beginner,Colombo,student_1877@student.edu,3.92,same_university,visual,career_guidance,casual,English,3
S1878,Student_1878,Male,SLIIT,SE,4,Networking,Security Analyst,Advanced,Galle,student_1878@student.edu,3.57,any,reading,networking,flexible,English,4
S1879,Student_1879,Female,NSBM,CS,4,Business IT,Lecturer,Beginner,Colombo,student_1879@student.edu,3.59,any,visual,skill_development,flexible,English,6
S1880,Student_1880,Male,IIT Sri Lanka,CS,2,Networking,Lecturer,Beginner,Colombo,student_1880@student.edu,3.81,same_city,auditory,career_guidance,formal,"English,Sinhala",5
S1881,Student_1881,Male,NSBM,CS,1,Networking,Security Analyst,Advanced,Colombo,student_1881@student.edu,3.79,same_university,reading,job_search,flexible,English,9
S1882,Student_1882,Male,NSBM,IT,3,Cybersecurity,Software Engineer,Advanced,Kurunegala,student_1882@student.edu,3.45,remote_only,visual,skill_development,casual,"English,Sinhala",8
S1883,Student_1883,Male,University of Moratuwa,Data Science,4,Networking,Lecturer,Intermediate,Gampaha,student_1883@student.edu,3.54,same_university,visual,job_search,structured,English,6
S1884,Student_1884,Female,NSBM,IT,3,AI/ML,Software Engineer,Intermediate,Galle,student_1884@student.edu,3.25,remote_only,visual,skill_development,structured,"English,Tamil",9
S1885,Student_1885,Female,University of Peradeniya,CS,2,Business IT,Lecturer,Advanced,Colombo,student_1885@student.edu,3.97,any,visual,career_guidance,structured,English,3
S1886,Student_1886,Female,University of Colombo,IT,1,Software Engineering,Data Scientist,Beginner,Gampaha,student_1886@student.edu,2.74,same_city,auditory,job_search,structured,"English,Tamil",9
S1887,Student_1887,Female,IIT Sri Lanka,IT,3,Cybersecurity,Data Scientist,Beginner,Kandy,student_1887@student.edu,2.96,same_city,kinesthetic,research_guidance,casual,"English,Tamil",6
S1888,Student_1888,Male,University of Colombo,CS,2,Networking,Security Analyst,Beginner,Galle,student_1888@student.edu,3.56,same_city,auditory,networking,flexible,"English,Sinhala",1
S1889,Student_1889,Female,University of Kelaniya,Cybersecurity,1,Business IT,Lecturer,Advanced,Kurunegala,student_1889@student.edu,2.66,remote_only,visual,career_guidance,casual,English,5
S1890,Student_1890,Female,SLIIT,Data Science,3,Software Engineering,Security Analyst,Beginner,Kandy,student_1890@student.edu,2.74,same_city,auditory,career_guidance,structured,English,1
S1891,Student_1891,Male,University of Peradeniya,SE,2,Data Science,Data Scientist,Beginner,Galle,student_1891@student.edu,3.74,same_university,auditory,skill_development,formal,"English,Sinhala",1
S1892,Student_1892,Female,University of Kelaniya,Cybersecurity,3,AI/ML,Data Scientist,Advanced,Gampaha,student_1892@student.edu,2.73,same_city,visual,networking,casual,"English,Sinhala",7
S1893,Student_1893,Male,IIT Sri Lanka,SE,1,Software Engineering,Lecturer,Advanced,Galle,student_1893@student.edu,3.87,remote_only,visual,career_guidance,casual,"English,Sinhala",2
S1894,Student_1894,Female,NSBM,IT,1,Networking,Security Analyst,Beginner,Galle,student_1894@student.edu,3.19,remote_only,visual,networking,formal,"English,Tamil",8
S1895,Student_1895,Female,University of Kelaniya,SE,1,Business IT,Data Scientist,Beginner,Gampaha,student_1895@student.edu,2.92,any,reading,career_guidance,flexible,"English,Sinhala",8
S1896,Student_1896,Male,University of Moratuwa,CS,4,Business IT,Security Analyst,Advanced,Colombo,student_1896@student.edu,2.54,same_city,reading,research_guidance,casual,"English,Tamil",7
S1897,Student_1897,Female,IIT Sri Lanka,CS,3,Data Science,Software Engineer,Beginner,Kurunegala,student_1897@student.edu,3.35,any,kinesthetic,networking,formal,English,2
S1898,Student_1898,Male,SLIIT,SE,3,Data Science,Lecturer,Advanced,Colombo,student_1898@student.edu,3.24,same_university,auditory,job_search,structured,"English,Sinhala",2
S1899,Student_1899,Male,University of Moratuwa,Data Science,4,Networking,Security Analyst,Beginner,Kurunegala,student_1899@student.edu,2.55,remote_only,visual,skill_development,flexible,English,6
S1900,Student_1900,Male,University of Peradeniya,CS,2,Networking,Software Engineer,Beginner,Galle,student_1900@student.edu,2.78,same_university,kinesthetic,skill_development,flexible,"English,Tamil",9
S1901,Student_1901,Male,University of Kelaniya,Cybersecurity,2,Business IT,Software Engineer,Beginner,Kurunegala,student_1901@student.edu,3.76,remote_only,visual,career_guidance,flexible,English,9
S1902,Student_1902,Male,NSBM,Cybersecurity,2,Business IT,Software Engineer,Intermediate,Kandy,student_1902@student.edu,2.56,same_university,auditory,research_guidance,flexible,English,4
S1903,Student_1903,Female,University of Colombo,Cybersecurity,4,AI/ML,Security Analyst,Intermediate,Gampaha,student_1903@student.edu,3.99,any,reading,career_guidance,structured,English,3
S1904,Student_1904,Male,NSBM,IT,3,Data Science,Lecturer,Beginner,Kandy,student_1904@student.edu,3.45,any,auditory,networking,casual,English,2
S1905,Student_1905,Female,University of Kelaniya,Cybersecurity,2,Networking,Security Analyst,Intermediate,Galle,student_1905@student.edu,3.19,remote_only,visual,networking,casual,English,1
S1906,Student_1906,Male,IIT Sri Lanka,Data Science,1,Software Engineering,Data Scientist,Advanced,Gampaha,student_1906@student.edu,3.44,remote_only,kinesthetic,career_guidance,formal,"English,Tamil",7
S1907,Student_1907,Female,University of Kelaniya,IT,4,Software Engineering,Security Analyst,Beginner,Galle,student_1907@student.edu,2.74,any,kinesthetic,research_guidance,structured,"English,Tamil",1
S1908,Student_1908,Male,University of Colombo,CS,2,AI/ML,Security Analyst,Advanced,Gampaha,student_1908@student.edu,3.3,same_city,kinesthetic,job_search,casual,"English,Tamil",8
S1909,Student_1909,Male,University of Peradeniya,SE,2,Networking,Security Analyst,Advanced,Galle,student_1909@student.edu,3.25,same_university,visual,research_guidance,structured,"English,Tamil",8
S1910,Student_1910,Female,University of Moratuwa,CS,4,AI/ML,Software Engineer,Intermediate,Galle,student_1910@student.edu,2.53,any,visual,job_search,flexible,"English,Sinhala",9
S1911,Student_1911,Male,SLIIT,IT,1,Software Engineering,Security Analyst,Beginner,Colombo,student_1911@student.edu,2.63,any,visual,career_guidance,flexible,English,2
S1912,Student_1912,Female,University of Kelaniya,CS,4,Software Engineering,Lecturer,Advanced,Gampaha,student_1912@student.edu,3.44,same_city,kinesthetic,research_guidance,formal,English,8
S1913,Student_1913,Male,University of Moratuwa,SE,3,Data Science,Data Scientist,Advanced,Kurunegala,student_1913@student.edu,3.01,same_city,reading,networking,flexible,"English,Tamil",6
S1914,Student_1914,Male,University of Kelaniya,CS,3,Cybersecurity,Software Engineer,Intermediate,Galle,student_1914@student.edu,2.88,same_university,reading,job_search,casual,"English,Tamil",8
S1915,Student_1915,Female,University of Colombo,IT,4,Data Science,Data Scientist,Beginner,Colombo,student_1915@student.edu,3.78,same_city,reading,research_guidance,casual,English,2
S1916,Student_1916,Female,IIT Sri Lanka,Data Science,2,AI/ML,Security Analyst,Intermediate,Kandy,student_1916@student.edu,3.59,remote_only,reading,research_guidance,casual,"English,Sinhala",5
S1917,Student_1917,Female,IIT Sri Lanka,IT,4,Cybersecurity,Security Analyst,Intermediate,Kandy,student_1917@student.edu,2.51,remote_only,kinesthetic,job_search,formal,"English,Tamil",8
S1918,Student_1918,Female,IIT Sri Lanka,SE,1,Networking,Software Engineer,Beginner,Kurunegala,student_1918@student.edu,2.72,any,kinesthetic,networking,formal,"English,Sinhala",2
S1919,Student_1919,Female,IIT Sri Lanka,Data Science,1,Networking,Software Engineer,Beginner,Kurunegala,student_1919@student.edu,2.66,same_university,visual,job_search,structured,"English,Sinhala",2
S1920,Student_1920,Male,University of Colombo,Cybersecurity,4,Networking,Software Engineer,Intermediate,Galle,student_1920@student.edu,3.15,remote_only,auditory,networking,structured,"English,Sinhala",2
S1921,Student_1921,Female,IIT Sri Lanka,Data Science,2,Cybersecurity,Security Analyst,Intermediate,Kandy,student_1921@student.edu,3.65,same_university,reading,job_search,casual,English,4
S1922,Student_1922,Male,University of Moratuwa,Data Science,4,Cybersecurity,Security Analyst,Beginner,Kurunegala,student_1922@student.edu,3.88,remote_only,kinesthetic,career_guidance,flexible,"English,Sinhala",3
S1923,Student_1923,Male,University of Kelaniya,SE,4,AI/ML,Security Analyst,Intermediate,Kurunegala,student_1923@student.edu,2.67,any,auditory,networking,flexible,English,5
S1924,Student_1924,Male,University of Colombo,SE,2,Data Science,Software Engineer,Beginner,Kandy,student_1924@student.edu,3.6,any,auditory,career_guidance,formal,English,1
S1925,Student_1925,Female,IIT Sri Lanka,SE,2,Business IT,Software Engineer,Beginner,Kurunegala,student_1925@student.edu,3.85,any,kinesthetic,networking,formal,English,7
S1926,Student_1926,Female,University of Moratuwa,IT,3,AI/ML,Security Analyst,Advanced,Kandy,student_1926@student.edu,2.51,any,auditory,job_search,structured,"English,Tamil",2
S1927,Student_1927,Female,SLIIT,IT,4,Business IT,Lecturer,Advanced,Galle,student_1927@student.edu,2.87,remote_only,auditory,career_guidance,formal,"English,Tamil",8
S1928,Student_1928,Male,University of Colombo,Cybersecurity,3,Cybersecurity,Data Scientist,Intermediate,Kurunegala,student_1928@student.edu,3.25,any,kinesthetic,career_guidance,structured,"English,Sinhala",9
S1929,Student_1929,Male,University of Kelaniya,CS,4,Data Science,Software Engineer,Advanced,Kurunegala,student_1929@student.edu,2.69,same_university,auditory,job_search,structured,English,8
S1930,Student_1930,Male,IIT Sri Lanka,Data Science,2,Cybersecurity,Data Scientist,Intermediate,Kurunegala,student_1930@student.edu,2.63,remote_only,visual,research_guidance,casual,English,3
S1931,Student_1931,Male,University of Kelaniya,IT,1,Data Science,Data Scientist,Intermediate,Galle,student_1931@student.edu,3.99,any,reading,networking,flexible,"English,Sinhala",5
S1932,Student_1932,Male,University of Kelaniya,Data Science,3,Software Engineering,Lecturer,Advanced,Colombo,student_1932@student.edu,3.99,same_university,kinesthetic,career_guidance,flexible,"English,Tamil",5
S1933,Student_1933,Male,NSBM,SE,4,Software Engineering,Data Scientist,Intermediate,Colombo,student_1933@student.edu,3.22,remote_only,visual,career_guidance,formal,"English,Sinhala",2
S1934,Student_1934,Female,SLIIT,Cybersecurity,1,Networking,Software Engineer,Beginner,Colombo,student_1934@student.edu,3.98,same_university,reading,career_guidance,structured,English,5
S1935,Student_1935,Male,University of Kelaniya,SE,4,Software Engineering,Data Scientist,Intermediate,Kandy,student_1935@student.edu,3.79,remote_only,auditory,career_guidance,formal,"English,Sinhala",9
S1936,Student_1936,Male,University of Kelaniya,Cybersecurity,1,Data Science,Lecturer,Advanced,Gampaha,student_1936@student.edu,2.69,same_city,kinesthetic,research_guidance,structured,English,2
S1937,Student_1937,Female,University of Colombo,Data Science,4,Data Science,Data Scientist,Beginner,Kandy,student_1937@student.edu,3.34,same_city,visual,career_guidance,formal,"English,Tamil",6
S1938,Student_1938,Male,SLIIT,Data Science,4,Networking,Lecturer,Advanced,Gampaha,student_1938@student.edu,3.3,same_city,reading,networking,flexible,English,5
S1939,Student_1939,Male,IIT Sri Lanka,Data Science,3,Business IT,Lecturer,Intermediate,Kurunegala,student_1939@student.edu,3.23,same_city,kinesthetic,career_guidance,structured,English,9
S1940,Student_1940,Female,University of Colombo,SE,4,Data Science,Data Scientist,Intermediate,Galle,student_1940@student.edu,3.54,remote_only,auditory,job_search,structured,"English,Sinhala",1
S1941,Student_1941,Female,IIT Sri Lanka,Cybersecurity,2,Networking,Software Engineer,Intermediate,Colombo,student_1941@student.edu,2.55,same_university,visual,networking,formal,English,2
S1942,Student_1942,Female,University of Moratuwa,IT,3,Cybersecurity,Lecturer,Advanced,Galle,student_1942@student.edu,3.71,same_university,kinesthetic,research_guidance,flexible,"English,Sinhala",6
S1943,Student_1943,Female,University of Peradeniya,Data Science,1,Business IT,Software Engineer,Intermediate,Kandy,student_1943@student.edu,3.21,any,auditory,networking,structured,"English,Tamil",9
S1944,Student_1944,Male,NSBM,CS,1,Business IT,Lecturer,Intermediate,Colombo,student_1944@student.edu,2.8,same_university,reading,career_guidance,structured,"English,Sinhala",3
S1945,Student_1945,Male,NSBM,Data Science,1,Business IT,Software Engineer,Beginner,Kurunegala,student_1945@student.edu,2.86,any,reading,skill_development,structured,"English,Tamil",1
S1946,Student_1946,Female,University of Colombo,CS,3,Software Engineering,Security Analyst,Beginner,Kandy,student_1946@student.edu,3.0,remote_only,visual,career_guidance,structured,English,1
S1947,Student_1947,Female,NSBM,IT,4,Software Engineering,Software Engineer,Intermediate,Colombo,student_1947@student.edu,3.38,remote_only,kinesthetic,skill_development,formal,"English,Tamil",4
S1948,Student_1948,Female,University of Colombo,Data Science,4,AI/ML,Data Scientist,Advanced,Colombo,student_1948@student.edu,3.61,same_university,kinesthetic,research_guidance,flexible,English,6
S1949,Student_1949,Female,SLIIT,CS,4,Data Science,Software Engineer,Beginner,Galle,student_1949@student.edu,3.83,remote_only,reading,networking,flexible,English,8
S1950,Student_1950,Female,University of Peradeniya,CS,3,Networking,Security Analyst,Beginner,Kandy,student_1950@student.edu,2.85,same_university,visual,job_search,structured,"English,Sinhala",8
S1951,Student_1951,Male,University of Moratuwa,CS,1,Cybersecurity,Data Scientist,Intermediate,Kurunegala,student_1951@student.edu,2.67,same_city,kinesthetic,skill_development,structured,English,9
S1952,Student_1952,Male,University of Peradeniya,Cybersecurity,2,Data Science,Software Engineer,Intermediate,Gampaha,student_1952@student.edu,3.84,any,visual,job_search,formal,English,4
S1953,Student_1953,Male,University of Colombo,Cybersecurity,1,Business IT,Data Scientist,Beginner,Kurunegala,student_1953@student.edu,2.58,any,reading,research_guidance,casual,"English,Sinhala",9
S1954,Student_1954,Male,IIT Sri Lanka,IT,1,Data Science,Software Engineer,Beginner,Gampaha,student_1954@student.edu,2.79,same_city,reading,networking,casual,"English,Sinhala",3
S1955,Student_1955,Female,University of Peradeniya,SE,2,Software Engineering,Lecturer,Intermediate,Gampaha,student_1955@student.edu,3.29,any,reading,job_search,casual,English,7
S1956,Student_1956,Female,IIT Sri Lanka,IT,4,AI/ML,Data Scientist,Advanced,Kurunegala,student_1956@student.edu,3.67,same_university,kinesthetic,skill_development,formal,"English,Tamil",8
S1957,Student_1957,Male,IIT Sri Lanka,Data Science,3,AI/ML,Security Analyst,Intermediate,Colombo,student_1957@student.edu,3.08,same_university,auditory,job_search,flexible,"English,Sinhala",2
S1958,Student_1958,Female,University of Colombo,SE,3,Cybersecurity,Software Engineer,Advanced,Galle,student_1958@student.edu,3.64,remote_only,reading,research_guidance,casual,"English,Tamil",2
S1959,Student_1959,Male,University of Kelaniya,SE,3,Cybersecurity,Software Engineer,Intermediate,Colombo,student_1959@student.edu,2.99,any,reading,networking,flexible,English,4
S1960,Student_1960,Female,University of Kelaniya,SE,2,Software Engineering,Data Scientist,Beginner,Kurunegala,student_1960@student.edu,2.66,same_city,visual,job_search,formal,"English,Sinhala",4
S1961,Student_1961,Female,University of Kelaniya,CS,2,Networking,Data Scientist,Intermediate,Gampaha,student_1961@student.edu,2.99,same_university,visual,job_search,formal,"English,Sinhala",6
S1962,Student_1962,Male,University of Peradeniya,IT,3,Networking,Data Scientist,Advanced,Gampaha,student_1962@student.edu,3.99,same_city,reading,research_guidance,structured,"English,Tamil",9
S1963,Student_1963,Male,NSBM,Data Science,1,AI/ML,Software Engineer,Intermediate,Galle,student_1963@student.edu,3.29,same_city,kinesthetic,job_search,formal,"English,Tamil",7
S1964,Student_1964,Male,SLIIT,Data Science,4,Cybersecurity,Software Engineer,Beginner,Galle,student_1964@student.edu,3.15,same_city,kinesthetic,research_guidance,structured,"English,Tamil",5
S1965,Student_1965,Female,IIT Sri Lanka,CS,3,AI/ML,Security Analyst,Intermediate,Galle,student_1965@student.edu,3.64,any,kinesthetic,research_guidance,flexible,"English,Tamil",1
S1966,Student_1966,Male,SLIIT,IT,4,AI/ML,Software Engineer,Advanced,Gampaha,student_1966@student.edu,3.12,remote_only,auditory,job_search,formal,English,4
S1967,Student_1967,Female,University of Colombo,CS,1,Data Science,Lecturer,Beginner,Galle,student_1967@student.edu,2.89,same_city,reading,networking,casual,"English,Tamil",8
S1968,Student_1968,Male,University of Moratuwa,IT,3,Business IT,Data Scientist,Intermediate,Colombo,student_1968@student.edu,3.3,remote_only,kinesthetic,job_search,casual,"English,Tamil",1
S1969,Student_1969,Female,University of Moratuwa,SE,3,Networking,Data Scientist,Beginner,Gampaha,student_1969@student.edu,3.5,same_city,kinesthetic,skill_development,formal,"English,Sinhala",1
S1970,Student_1970,Male,University of Peradeniya,Cybersecurity,1,Software Engineering,Data Scientist,Advanced,Kurunegala,student_1970@student.edu,2.68,same_city,visual,networking,flexible,English,1
S1971,Student_1971,Male,University of Peradeniya,CS,1,AI/ML,Lecturer,Advanced,Colombo,student_1971@student.edu,3.32,same_city,auditory,research_guidance,flexible,"English,Sinhala",5
S1972,Student_1972,Male,University of Moratuwa,IT,4,Networking,Security Analyst,Beginner,Gampaha,student_1972@student.edu,2.63,remote_only,visual,job_search,formal,"English,Sinhala",9
S1973,Student_1973,Female,University of Kelaniya,Cybersecurity,2,Networking,Security Analyst,Beginner,Galle,student_1973@student.edu,3.97,same_city,visual,job_search,structured,"English,Sinhala",8
S1974,Student_1974,Female,IIT Sri Lanka,Cybersecurity,1,Networking,Data Scientist,Advanced,Kandy,student_1974@student.edu,3.51,same_university,visual,skill_development,flexible,English,9
S1975,Student_1975,Female,University of Colombo,Data Science,1,Cybersecurity,Lecturer,Beginner,Galle,student_1975@student.edu,3.72,any,reading,skill_development,flexible,"English,Tamil",4
S1976,Student_1976,Male,University of Peradeniya,SE,4,Networking,Security Analyst,Advanced,Kandy,student_1976@student.edu,3.05,remote_only,reading,research_guidance,formal,English,7
S1977,Student_1977,Male,NSBM,IT,3,Cybersecurity,Data Scientist,Beginner,Kandy,student_1977@student.edu,2.62,any,visual,job_search,flexible,"English,Tamil",1
S1978,Student_1978,Male,University of Kelaniya,Cybersecurity,2,Software Engineering,Data Scientist,Beginner,Galle,student_1978@student.edu,2.62,same_city,visual,job_search,casual,"English,Tamil",6
S1979,Student_1979,Male,University of Moratuwa,Cybersecurity,1,Software Engineering,Security Analyst,Advanced,Gampaha,student_1979@student.edu,3.5,remote_only,auditory,networking,casual,English,3
S1980,Student_1980,Male,NSBM,CS,3,Software Engineering,Software Engineer,Beginner,Galle,student_1980@student.edu,3.11,any,auditory,skill_development,casual,"English,Sinhala",7
S1981,Student_1981,Female,University of Peradeniya,Data Science,2,Business IT,Security Analyst,Beginner,Galle,student_1981@student.edu,2.94,same_university,reading,skill_development,flexible,English,8
S1982,Student_1982,Male,SLIIT,SE,2,Data Science,Data Scientist,Intermediate,Colombo,student_1982@student.edu,3.93,remote_only,kinesthetic,skill_development,flexible,"English,Tamil",2
S1983,Student_1983,Male,University of Colombo,Cybersecurity,1,Cybersecurity,Software Engineer,Intermediate,Kurunegala,student_1983@student.edu,3.32,same_city,kinesthetic,skill_development,formal,English,1
S1984,Student_1984,Male,IIT Sri Lanka,Cybersecurity,2,AI/ML,Security Analyst,Intermediate,Colombo,student_1984@student.edu,3.45,any,auditory,networking,structured,"English,Tamil",2
S1985,Student_1985,Female,University of Kelaniya,CS,2,Data Science,Software Engineer,Intermediate,Colombo,student_1985@student.edu,2.78,same_city,kinesthetic,research_guidance,casual,"English,Sinhala",1
S1986,Student_1986,Female,University of Kelaniya,Cybersecurity,3,Networking,Lecturer,Beginner,Colombo,student_1986@student.edu,3.09,remote_only,auditory,job_search,formal,"English,Tamil",1
S1987,Student_1987,Male,NSBM,Data Science,2,Business IT,Lecturer,Advanced,Galle,student_1987@student.edu,3.86,same_city,reading,networking,flexible,"English,Tamil",8
S1988,Student_1988,Female,SLIIT,SE,4,Data Science,Software Engineer,Beginner,Kandy,student_1988@student.edu,3.25,remote_only,reading,networking,casual,"English,Tamil",3
S1989,Student_1989,Male,University of Moratuwa,CS,3,Cybersecurity,Software Engineer,Beginner,Gampaha,student_1989@student.edu,2.61,same_city,reading,research_guidance,structured,"English,Sinhala",5
S1990,Student_1990,Female,University of Peradeniya,Data Science,2,Networking,Security Analyst,Advanced,Kandy,student_1990@student.edu,3.67,same_city,auditory,job_search,flexible,English,5
S1991,Student_1991,Male,IIT Sri Lanka,Cybersecurity,1,Business IT,Security Analyst,Beginner,Galle,student_1991@student.edu,2.89,remote_only,kinesthetic,networking,casual,"English,Sinhala",3
S1992,Student_1992,Male,University of Peradeniya,Cybersecurity,3,AI/ML,Software Engineer,Beginner,Gampaha,student_1992@student.edu,3.09,remote_only,auditory,career_guidance,flexible,"English,Sinhala",5
S1993,Student_1993,Male,University of Peradeniya,IT,4,Business IT,Software Engineer,Beginner,Galle,student_1993@student.edu,3.49,same_city,auditory,career_guidance,casual,"English,Tamil",3
S1994,Student_1994,Male,University of Moratuwa,Cybersecurity,1,Networking,Software Engineer,Intermediate,Kandy,student_1994@student.edu,3.9,any,reading,job_search,flexible,English,4
S1995,Student_1995,Female,SLIIT,CS,3,Cybersecurity,Security Analyst,Advanced,Colombo,student_1995@student.edu,2.68,remote_only,reading,career_guidance,casual,"English,Tamil",8
S1996,Student_1996,Male,IIT Sri Lanka,IT,2,Networking,Security Analyst,Advanced,Galle,student_1996@student.edu,2.54,remote_only,visual,skill_development,formal,"English,Tamil",8
S1997,Student_1997,Male,University of Moratuwa,Cybersecurity,3,Business IT,Lecturer,Advanced,Galle,student_1997@student.edu,3.06,remote_only,kinesthetic,skill_development,formal,"English,Sinhala",9
S1998,Student_1998,Female,IIT Sri Lanka,CS,2,Data Science,Data Scientist,Advanced,Galle,student_1998@student.edu,2.72,any,auditory,career_guidance,flexible,"English,Tamil",1
S1999,Student_1999,Female,University of Peradeniya,Data Science,3,Networking,Software Engineer,Beginner,Kandy,student_1999@student.edu,2.7,any,kinesthetic,career_guidance,casual,"English,Sinhala",1
S2000,Student_2000,Male,University of Colombo,SE,1,Business IT,Security Analyst,Advanced,Gampaha,student_2000@student.edu,3.7,same_city,visual,research_guidance,structured,"English,Sinhala",3
S2001,Student_2001,Female,IIT Sri Lanka,IT,2,Business IT,Security Analyst,Advanced,Kandy,student_2001@student.edu,2.89,remote_only,kinesthetic,skill_development,formal,English,7
S2002,Student_2002,Male,NSBM,IT,2,Business IT,Lecturer,Intermediate,Kurunegala,student_2002@student.edu,2.7,same_city,reading,skill_development,formal,"English,Sinhala",5
S2003,Student_2003,Female,NSBM,CS,3,Networking,Software Engineer,Beginner,Kandy,student_2003@student.edu,2.83,same_university,auditory,research_guidance,formal,"English,Sinhala",7
S2004,Student_2004,Male,NSBM,Cybersecurity,3,Cybersecurity,Software Engineer,Advanced,Kandy,student_2004@student.edu,3.19,any,kinesthetic,research_guidance,flexible,English,8
S2005,Student_2005,Male,NSBM,Data Science,4,Business IT,Data Scientist,Intermediate,Colombo,student_2005@student.edu,2.64,remote_only,visual,research_guidance,formal,"English,Tamil",1
S2006,Student_2006,Male,SLIIT,SE,1,Data Science,Software Engineer,Intermediate,Kandy,student_2006@student.edu,3.24,remote_only,auditory,research_guidance,formal,English,9
S2007,Student_2007,Male,University of Kelaniya,SE,1,Business IT,Security Analyst,Advanced,Kandy,student_2007@student.edu,2.82,remote_only,kinesthetic,research_guidance,structured,"English,Tamil",8
S2008,Student_2008,Male,University of Peradeniya,CS,3,Networking,Software Engineer,Advanced,Kandy,student_2008@student.edu,2.93,any,reading,career_guidance,formal,"English,Sinhala",4
S2009,Student_2009,Male,SLIIT,Data Science,2,AI/ML,Lecturer,Intermediate,Colombo,student_2009@student.edu,2.95,any,kinesthetic,job_search,casual,"English,Tamil",1
S2010,Student_2010,Female,University of Peradeniya,SE,3,Business IT,Data Scientist,Intermediate,Kandy,student_2010@student.edu,2.85,same_university,visual,career_guidance,flexible,"English,Tamil",8
S2011,Student_2011,Female,University of Moratuwa,CS,2,Software Engineering,Data Scientist,Beginner,Kandy,student_2011@student.edu,3.36,same_university,reading,networking,structured,"English,Sinhala",9
S2012,Student_2012,Male,NSBM,Data Science,3,AI/ML,Data Scientist,Beginner,Galle,student_2012@student.edu,3.61,remote_only,auditory,skill_development,structured,"English,Sinhala",1
S2013,Student_2013,Female,University of Moratuwa,IT,2,Cybersecurity,Software Engineer,Intermediate,Kurunegala,student_2013@student.edu,2.52,same_city,auditory,research_guidance,structured,"English,Tamil",3
S2014,Student_2014,Female,University of Colombo,SE,3,Data Science,Lecturer,Intermediate,Kandy,student_2014@student.edu,3.12,same_city,visual,career_guidance,structured,"English,Tamil",3
S2015,Student_2015,Male,University of Peradeniya,CS,3,Data Science,Lecturer,Beginner,Colombo,student_2015@student.edu,3.63,same_city,visual,career_guidance,formal,"English,Sinhala",1
S2016,Student_2016,Male,University of Peradeniya,Cybersecurity,1,Data Science,Data Scientist,Intermediate,Kurunegala,student_2016@student.edu,3.17,remote_only,reading,job_search,flexible,"English,Sinhala",3
S2017,Student_2017,Male,IIT Sri Lanka,Data Science,2,Data Science,Data Scientist,Intermediate,Gampaha,student_2017@student.edu,3.6,remote_only,reading,skill_development,structured,English,4
S2018,Student_2018,Female,IIT Sri Lanka,Data Science,2,Software Engineering,Security Analyst,Advanced,Galle,student_2018@student.edu,3.88,any,kinesthetic,skill_development,formal,English,6
S2019,Student_2019,Female,University of Peradeniya,Data Science,1,Software Engineering,Lecturer,Beginner,Colombo,student_2019@student.edu,3.19,any,kinesthetic,career_guidance,formal,"English,Sinhala",8
S2020,Student_2020,Female,NSBM,IT,1,Networking,Security Analyst,Intermediate,Gampaha,student_2020@student.edu,3.75,remote_only,auditory,skill_development,formal,"English,Tamil",6
S2021,Student_2021,Male,University of Moratuwa,Data Science,1,Cybersecurity,Lecturer,Advanced,Kandy,student_2021@student.edu,2.91,any,kinesthetic,career_guidance,casual,English,3
S2022,Student_2022,Male,University of Peradeniya,SE,2,Software Engineering,Lecturer,Intermediate,Kurunegala,student_2022@student.edu,3.25,same_city,reading,research_guidance,flexible,"English,Sinhala",1
S2023,Student_2023,Female,University of Kelaniya,Data Science,2,Networking,Lecturer,Advanced,Colombo,student_2023@student.edu,2.66,same_city,auditory,career_guidance,formal,English,9
S2024,Student_2024,Female,University of Kelaniya,Data Science,2,AI/ML,Data Scientist,Advanced,Kurunegala,student_2024@student.edu,3.32,remote_only,kinesthetic,career_guidance,formal,English,4
S2025,Student_2025,Male,University of Colombo,Data Science,1,AI/ML,Security Analyst,Intermediate,Gampaha,student_2025@student.edu,3.57,remote_only,reading,job_search,casual,English,9
S2026,Student_2026,Male,IIT Sri Lanka,IT,3,Software Engineering,Security Analyst,Beginner,Kurunegala,student_2026@student.edu,2.77,same_city,auditory,skill_development,flexible,"English,Sinhala",2
S2027,Student_2027,Female,University of Moratuwa,Data Science,4,Cybersecurity,Data Scientist,Beginner,Colombo,student_2027@student.edu,3.2,same_university,kinesthetic,research_guidance,formal,"English,Sinhala",3
S2028,Student_2028,Male,NSBM,IT,3,Data Science,Lecturer,Advanced,Kurunegala,student_2028@student.edu,3.67,same_city,visual,skill_development,structured,"English,Sinhala",6
S2029,Student_2029,Male,University of Kelaniya,CS,3,Cybersecurity,Software Engineer,Advanced,Kandy,student_2029@student.edu,3.94,same_city,visual,job_search,formal,English,4
S2030,Student_2030,Male,University of Peradeniya,Cybersecurity,2,Business IT,Software Engineer,Beginner,Galle,student_2030@student.edu,3.7,same_university,auditory,networking,flexible,"English,Tamil",6
S2031,Student_2031,Female,University of Kelaniya,CS,2,AI/ML,Security Analyst,Intermediate,Gampaha,student_2031@student.edu,3.6,same_city,kinesthetic,networking,formal,"English,Tamil",7
S2032,Student_2032,Male,University of Peradeniya,Cybersecurity,3,Business IT,Software Engineer,Intermediate,Kurunegala,student_2032@student.edu,3.39,same_university,auditory,networking,casual,English,4
S2033,Student_2033,Male,University of Peradeniya,CS,1,Data Science,Security Analyst,Advanced,Kurunegala,student_2033@student.edu,2.51,same_city,auditory,networking,casual,"English,Sinhala",6
S2034,Student_2034,Female,IIT Sri Lanka,Data Science,2,Business IT,Data Scientist,Intermediate,Kandy,student_2034@student.edu,2.68,any,visual,networking,structured,"English,Sinhala",9
S2035,Student_2035,Female,IIT Sri Lanka,Cybersecurity,4,Networking,Security Analyst,Advanced,Kandy,student_2035@student.edu,2.94,same_university,kinesthetic,networking,flexible,"English,Sinhala",4
S2036,Student_2036,Female,University of Peradeniya,CS,1,Data Science,Software Engineer,Beginner,Gampaha,student_2036@student.edu,2.99,remote_only,reading,research_guidance,formal,"English,Tamil",7
S2037,Student_2037,Female,SLIIT,CS,2,Networking,Security Analyst,Beginner,Galle,student_2037@student.edu,2.65,remote_only,visual,networking,structured,"English,Sinhala",5
S2038,Student_2038,Male,University of Moratuwa,Cybersecurity,2,Business IT,Lecturer,Intermediate,Kandy,student_2038@student.edu,3.03,any,reading,research_guidance,formal,"English,Sinhala",3
S2039,Student_2039,Male,University of Moratuwa,Data Science,3,Business IT,Lecturer,Advanced,Colombo,student_2039@student.edu,3.18,any,auditory,research_guidance,casual,English,5
S2040,Student_2040,Male,SLIIT,Cybersecurity,4,Cybersecurity,Security Analyst,Intermediate,Galle,student_2040@student.edu,2.99,same_city,auditory,research_guidance,structured,English,5
S2041,Student_2041,Female,IIT Sri Lanka,CS,3,Data Science,Software Engineer,Advanced,Gampaha,student_2041@student.edu,2.75,same_city,auditory,job_search,casual,English,7
S2042,Student_2042,Male,University of Moratuwa,Data Science,1,Software Engineering,Software Engineer,Advanced,Kandy,student_2042@student.edu,2.51,remote_only,auditory,job_search,structured,"English,Tamil",6
S2043,Student_2043,Female,University of Moratuwa,SE,2,AI/ML,Security Analyst,Beginner,Kurunegala,student_2043@student.edu,3.04,any,kinesthetic,networking,flexible,"English,Tamil",9
S2044,Student_2044,Female,SLIIT,IT,3,Data Science,Security Analyst,Beginner,Kurunegala,student_2044@student.edu,3.75,any,visual,job_search,formal,"English,Sinhala",4
S2045,Student_2045,Male,NSBM,Cybersecurity,4,AI/ML,Software Engineer,Advanced,Gampaha,student_2045@student.edu,2.57,remote_only,kinesthetic,career_guidance,flexible,"English,Tamil",2
S2046,Student_2046,Female,University of Kelaniya,CS,1,Networking,Data Scientist,Advanced,Kurunegala,student_2046@student.edu,2.71,remote_only,reading,career_guidance,casual,"English,Tamil",4
S2047,Student_2047,Female,University of Moratuwa,Cybersecurity,4,AI/ML,Lecturer,Advanced,Kurunegala,student_2047@student.edu,3.62,same_university,kinesthetic,research_guidance,structured,"English,Tamil",4
S2048,Student_2048,Female,University of Peradeniya,SE,4,Business IT,Security Analyst,Advanced,Colombo,student_2048@student.edu,2.65,remote_only,auditory,research_guidance,formal,"English,Tamil",1
S2049,Student_2049,Female,University of Colombo,CS,1,Networking,Software Engineer,Intermediate,Gampaha,student_2049@student.edu,3.18,same_city,visual,skill_development,flexible,"English,Tamil",9
S2050,Student_2050,Male,University of Peradeniya,CS,2,Cybersecurity,Software Engineer,Advanced,Gampaha,student_2050@student.edu,3.91,remote_only,visual,job_search,casual,"English,Sinhala",5
S2051,Student_2051,Female,University of Moratuwa,Cybersecurity,4,Networking,Software Engineer,Intermediate,Colombo,student_2051@student.edu,3.81,same_city,auditory,career_guidance,structured,English,5
S2052,Student_2052,Female,IIT Sri Lanka,CS,3,Networking,Security Analyst,Advanced,Galle,student_2052@student.edu,2.9,any,visual,job_search,casual,"English,Sinhala",2
S2053,Student_2053,Female,University of Kelaniya,CS,1,Cybersecurity,Data Scientist,Intermediate,Gampaha,student_2053@student.edu,2.5,same_city,kinesthetic,networking,formal,English,8
S2054,Student_2054,Male,University of Peradeniya,Data Science,3,Software Engineering,Lecturer,Advanced,Kandy,student_2054@student.edu,2.61,any,reading,career_guidance,formal,"English,Tamil",7
S2055,Student_2055,Female,University of Colombo,Cybersecurity,2,Networking,Software Engineer,Intermediate,Kurunegala,student_2055@student.edu,2.51,remote_only,reading,networking,formal,"English,Sinhala",1
S2056,Student_2056,Male,University of Moratuwa,CS,1,Cybersecurity,Security Analyst,Advanced,Kandy,student_2056@student.edu,3.88,any,auditory,career_guidance,casual,English,7
S2057,Student_2057,Female,University of Moratuwa,Data Science,2,Networking,Lecturer,Advanced,Kandy,student_2057@student.edu,3.47,same_university,kinesthetic,career_guidance,structured,English,2
S2058,Student_2058,Female,University of Moratuwa,SE,4,Cybersecurity,Software Engineer,Beginner,Kurunegala,student_2058@student.edu,3.47,remote_only,reading,networking,formal,"English,Sinhala",7
S2059,Student_2059,Female,University of Moratuwa,Cybersecurity,2,Networking,Data Scientist,Advanced,Kandy,student_2059@student.edu,2.9,same_university,auditory,job_search,formal,"English,Sinhala",2
S2060,Student_2060,Female,University of Moratuwa,SE,1,AI/ML,Lecturer,Intermediate,Galle,student_2060@student.edu,3.4,same_city,auditory,networking,flexible,"English,Tamil",4
S2061,Student_2061,Female,SLIIT,Cybersecurity,3,Data Science,Data Scientist,Intermediate,Kandy,student_2061@student.edu,3.05,same_university,reading,career_guidance,structured,"English,Sinhala",1
S2062,Student_2062,Male,University of Moratuwa,CS,3,Networking,Data Scientist,Beginner,Kurunegala,student_2062@student.edu,2.84,any,reading,networking,flexible,English,8
S2063,Student_2063,Male,NSBM,IT,2,Networking,Lecturer,Beginner,Colombo,student_2063@student.edu,3.87,any,auditory,career_guidance,structured,English,8
S2064,Student_2064,Female,University of Colombo,Cybersecurity,2,Software Engineering,Lecturer,Advanced,Galle,student_2064@student.edu,2.9,same_city,reading,skill_development,structured,English,3
S2065,Student_2065,Male,SLIIT,SE,2,Networking,Data Scientist,Intermediate,Galle,student_2065@student.edu,3.35,remote_only,visual,networking,flexible,"English,Tamil",7
S2066,Student_2066,Male,University of Peradeniya,Cybersecurity,3,Data Science,Lecturer,Advanced,Gampaha,student_2066@student.edu,2.94,same_city,kinesthetic,networking,structured,English,4
S2067,Student_2067,Female,University of Moratuwa,CS,3,Networking,Security Analyst,Beginner,Gampaha,student_2067@student.edu,2.6,same_city,auditory,skill_development,structured,English,1
S2068,Student_2068,Male,University of Colombo,Data Science,4,Data Science,Data Scientist,Intermediate,Gampaha,student_2068@student.edu,3.28,remote_only,auditory,job_search,casual,English,3
S2069,Student_2069,Female,University of Colombo,Cybersecurity,1,Cybersecurity,Software Engineer,Advanced,Galle,student_2069@student.edu,2.81,any,visual,research_guidance,casual,English,2
S2070,Student_2070,Male,University of Moratuwa,IT,1,Data Science,Lecturer,Intermediate,Galle,student_2070@student.edu,3.81,any,auditory,job_search,casual,"English,Sinhala",2
S2071,Student_2071,Male,University of Moratuwa,SE,3,Data Science,Security Analyst,Beginner,Galle,student_2071@student.edu,2.85,same_city,auditory,skill_development,casual,"English,Tamil",6
S2072,Student_2072,Female,NSBM,SE,1,Networking,Security Analyst,Advanced,Colombo,student_2072@student.edu,2.8,same_university,auditory,research_guidance,casual,English,1
S2073,Student_2073,Male,NSBM,IT,3,Cybersecurity,Data Scientist,Intermediate,Galle,student_2073@student.edu,3.65,same_university,visual,research_guidance,formal,English,9
S2074,Student_2074,Female,University of Moratuwa,CS,4,AI/ML,Security Analyst,Intermediate,Gampaha,student_2074@student.edu,2.51,remote_only,auditory,skill_development,flexible,English,9
S2075,Student_2075,Male,University of Peradeniya,IT,4,Software Engineering,Security Analyst,Beginner,Galle,student_2075@student.edu,3.92,any,visual,job_search,casual,"English,Tamil",4
S2076,Student_2076,Male,SLIIT,SE,4,Cybersecurity,Lecturer,Beginner,Galle,student_2076@student.edu,3.0,remote_only,reading,networking,casual,"English,Tamil",1
S2077,Student_2077,Female,IIT Sri Lanka,Cybersecurity,2,Business IT,Data Scientist,Intermediate,Gampaha,student_2077@student.edu,3.8,same_city,auditory,skill_development,structured,English,1
S2078,Student_2078,Male,University of Kelaniya,Data Science,2,Cybersecurity,Security Analyst,Intermediate,Colombo,student_2078@student.edu,2.89,any,auditory,networking,structured,"English,Sinhala",3
S2079,Student_2079,Female,University of Peradeniya,Data Science,4,Data Science,Security Analyst,Beginner,Colombo,student_2079@student.edu,2.96,same_university,kinesthetic,career_guidance,formal,English,5
S2080,Student_2080,Male,University of Moratuwa,SE,3,Data Science,Security Analyst,Beginner,Kandy,student_2080@student.edu,2.77,same_city,visual,skill_development,structured,"English,Tamil",9
S2081,Student_2081,Female,University of Peradeniya,SE,2,Business IT,Security Analyst,Advanced,Colombo,student_2081@student.edu,3.99,same_city,kinesthetic,networking,casual,"English,Sinhala",4
S2082,Student_2082,Female,University of Colombo,IT,3,Business IT,Software Engineer,Intermediate,Kurunegala,student_2082@student.edu,3.72,remote_only,kinesthetic,networking,casual,"English,Tamil",2
S2083,Student_2083,Male,University of Kelaniya,SE,4,Business IT,Lecturer,Advanced,Galle,student_2083@student.edu,2.83,same_city,auditory,skill_development,flexible,"English,Tamil",8
S2084,Student_2084,Male,University of Kelaniya,Cybersecurity,1,Data Science,Software Engineer,Beginner,Galle,student_2084@student.edu,3.45,remote_only,auditory,career_guidance,formal,English,5
S2085,Student_2085,Female,University of Moratuwa,CS,4,Data Science,Data Scientist,Advanced,Gampaha,student_2085@student.edu,3.04,same_city,visual,job_search,casual,"English,Tamil",7
S2086,Student_2086,Male,University of Peradeniya,IT,1,Data Science,Lecturer,Intermediate,Colombo,student_2086@student.edu,3.53,same_city,reading,skill_development,flexible,"English,Tamil",2
S2087,Student_2087,Male,University of Colombo,Cybersecurity,1,Cybersecurity,Security Analyst,Beginner,Gampaha,student_2087@student.edu,2.6,any,reading,networking,formal,English,6
S2088,Student_2088,Male,NSBM,IT,1,AI/ML,Lecturer,Beginner,Kandy,student_2088@student.edu,3.6,remote_only,kinesthetic,networking,flexible,"English,Tamil",7
S2089,Student_2089,Female,University of Moratuwa,Data Science,1,Software Engineering,Lecturer,Intermediate,Galle,student_2089@student.edu,3.16,any,visual,job_search,formal,English,7
S2090,Student_2090,Female,University of Moratuwa,IT,2,Networking,Lecturer,Intermediate,Galle,student_2090@student.edu,2.51,remote_only,reading,career_guidance,casual,"English,Tamil",9
S2091,Student_2091,Male,University of Peradeniya,Data Science,2,Software Engineering,Software Engineer,Intermediate,Colombo,student_2091@student.edu,3.01,same_university,auditory,skill_development,casual,"English,Tamil",5
S2092,Student_2092,Male,University of Kelaniya,Cybersecurity,3,Data Science,Software Engineer,Intermediate,Kandy,student_2092@student.edu,3.98,remote_only,kinesthetic,research_guidance,formal,"English,Sinhala",4
S2093,Student_2093,Male,University of Kelaniya,Data Science,3,Cybersecurity,Software Engineer,Beginner,Gampaha,student_2093@student.edu,3.52,any,reading,networking,casual,"English,Sinhala",3
S2094,Student_2094,Female,NSBM,Data Science,4,Cybersecurity,Software Engineer,Advanced,Gampaha,student_2094@student.edu,2.75,same_city,reading,career_guidance,structured,"English,Sinhala",8
S2095,Student_2095,Male,University of Colombo,Data Science,4,AI/ML,Lecturer,Beginner,Colombo,student_2095@student.edu,3.94,remote_only,auditory,networking,formal,"English,Sinhala",3
S2096,Student_2096,Female,NSBM,CS,3,Software Engineering,Data Scientist,Advanced,Kandy,student_2096@student.edu,3.53,same_city,visual,networking,formal,"English,Tamil",3
S2097,Student_2097,Female,University of Kelaniya,CS,2,Business IT,Data Scientist,Advanced,Gampaha,student_2097@student.edu,3.06,any,auditory,career_guidance,formal,"English,Sinhala",6
S2098,Student_2098,Female,University of Colombo,SE,4,Networking,Software Engineer,Advanced,Galle,student_2098@student.edu,2.89,remote_only,visual,career_guidance,formal,English,8
S2099,Student_2099,Male,IIT Sri Lanka,Data Science,3,Networking,Security Analyst,Intermediate,Kandy,student_2099@student.edu,3.13,same_university,auditory,skill_development,structured,"English,Tamil",8
S2100,Student_2100,Female,University of Peradeniya,Data Science,3,Software Engineering,Software Engineer,Intermediate,Kandy,student_2100@student.edu,3.05,same_university,reading,research_guidance,formal,English,3
S2101,Student_2101,Female,University of Moratuwa,Data Science,3,Business IT,Lecturer,Intermediate,Kurunegala,student_2101@student.edu,2.85,any,kinesthetic,networking,structured,"English,Tamil",6
S2102,Student_2102,Male,University of Kelaniya,SE,2,Data Science,Data Scientist,Advanced,Colombo,student_2102@student.edu,3.02,remote_only,auditory,career_guidance,formal,English,5
S2103,Student_2103,Male,University of Kelaniya,SE,4,Software Engineering,Security Analyst,Beginner,Colombo,student_2103@student.edu,3.61,any,kinesthetic,career_guidance,structured,"English,Sinhala",1
S2104,Student_2104,Male,University of Kelaniya,SE,4,Cybersecurity,Data Scientist,Beginner,Kurunegala,student_2104@student.edu,2.64,same_university,reading,career_guidance,casual,"English,Tamil",5
S2105,Student_2105,Male,University of Peradeniya,Cybersecurity,1,Software Engineering,Lecturer,Beginner,Colombo,student_2105@student.edu,3.65,same_university,auditory,networking,structured,English,8
S2106,Student_2106,Male,IIT Sri Lanka,IT,3,Business IT,Data Scientist,Intermediate,Colombo,student_2106@student.edu,2.72,remote_only,auditory,career_guidance,flexible,English,6
S2107,Student_2107,Female,SLIIT,SE,3,AI/ML,Software Engineer,Beginner,Kandy,student_2107@student.edu,3.51,same_university,reading,research_guidance,casual,"English,Sinhala",1
S2108,Student_2108,Male,University of Kelaniya,Cybersecurity,3,Business IT,Data Scientist,Beginner,Galle,student_2108@student.edu,3.39,remote_only,reading,networking,casual,"English,Tamil",1
S2109,Student_2109,Female,University of Peradeniya,SE,1,Data Science,Data Scientist,Intermediate,Colombo,student_2109@student.edu,3.08,any,kinesthetic,job_search,casual,"English,Tamil",8
S2110,Student_2110,Female,University of Moratuwa,SE,4,Business IT,Data Scientist,Beginner,Kurunegala,student_2110@student.edu,3.49,remote_only,kinesthetic,job_search,structured,"English,Tamil",9
S2111,Student_2111,Male,SLIIT,Data Science,1,Networking,Data Scientist,Intermediate,Galle,student_2111@student.edu,3.14,same_city,visual,research_guidance,flexible,"English,Sinhala",1
S2112,Student_2112,Male,University of Kelaniya,CS,2,AI/ML,Security Analyst,Beginner,Galle,student_2112@student.edu,3.21,same_city,auditory,research_guidance,structured,"English,Sinhala",4
S2113,Student_2113,Female,NSBM,SE,1,AI/ML,Security Analyst,Advanced,Galle,student_2113@student.edu,3.98,same_city,kinesthetic,networking,casual,"English,Tamil",8
S2114,Student_2114,Male,University of Moratuwa,Data Science,3,Software Engineering,Security Analyst,Beginner,Kandy,student_2114@student.edu,3.56,any,visual,career_guidance,structured,"English,Tamil",3
S2115,Student_2115,Female,University of Kelaniya,SE,1,Cybersecurity,Security Analyst,Intermediate,Kurunegala,student_2115@student.edu,2.74,any,visual,skill_development,structured,"English,Sinhala",2
S2116,Student_2116,Female,IIT Sri Lanka,Data Science,1,AI/ML,Lecturer,Intermediate,Kurunegala,student_2116@student.edu,2.81,any,reading,networking,casual,English,5
S2117,Student_2117,Male,University of Moratuwa,CS,4,Business IT,Security Analyst,Advanced,Colombo,student_2117@student.edu,4.0,any,auditory,networking,formal,"English,Tamil",3
S2118,Student_2118,Male,SLIIT,IT,4,Software Engineering,Software Engineer,Beginner,Kandy,student_2118@student.edu,2.95,remote_only,reading,job_search,casual,"English,Sinhala",4
S2119,Student_2119,Male,University of Moratuwa,Cybersecurity,2,Cybersecurity,Lecturer,Intermediate,Kandy,student_2119@student.edu,3.36,any,reading,skill_development,formal,English,5
S2120,Student_2120,Male,NSBM,Data Science,4,AI/ML,Software Engineer,Beginner,Colombo,student_2120@student.edu,2.55,any,visual,research_guidance,formal,"English,Tamil",3
S2121,Student_2121,Female,University of Colombo,Data Science,3,Data Science,Data Scientist,Advanced,Kandy,student_2121@student.edu,3.86,remote_only,reading,skill_development,casual,"English,Tamil",2
S2122,Student_2122,Male,NSBM,IT,3,Data Science,Data Scientist,Advanced,Galle,student_2122@student.edu,3.18,remote_only,visual,research_guidance,structured,"English,Tamil",8
S2123,Student_2123,Male,University of Kelaniya,IT,2,Data Science,Security Analyst,Advanced,Kandy,student_2123@student.edu,3.01,any,reading,research_guidance,formal,English,7
S2124,Student_2124,Female,University of Moratuwa,IT,1,Business IT,Data Scientist,Beginner,Gampaha,student_2124@student.edu,3.77,remote_only,visual,research_guidance,formal,"English,Sinhala",1
S2125,Student_2125,Female,University of Moratuwa,Data Science,2,AI/ML,Security Analyst,Intermediate,Kandy,student_2125@student.edu,3.13,same_city,auditory,networking,casual,"English,Tamil",6
S2126,Student_2126,Female,SLIIT,Cybersecurity,1,Data Science,Security Analyst,Intermediate,Kandy,student_2126@student.edu,2.59,same_city,kinesthetic,skill_development,casual,"English,Sinhala",7
S2127,Student_2127,Male,NSBM,SE,3,Business IT,Software Engineer,Intermediate,Galle,student_2127@student.edu,3.1,same_university,reading,research_guidance,structured,"English,Sinhala",6
S2128,Student_2128,Female,University of Peradeniya,Cybersecurity,3,AI/ML,Data Scientist,Advanced,Kandy,student_2128@student.edu,2.62,same_university,reading,research_guidance,casual,"English,Tamil",3
S2129,Student_2129,Female,IIT Sri Lanka,CS,1,Software Engineering,Data Scientist,Intermediate,Galle,student_2129@student.edu,2.63,same_university,auditory,research_guidance,formal,"English,Sinhala",8
S2130,Student_2130,Male,University of Colombo,IT,1,Business IT,Data Scientist,Advanced,Galle,student_2130@student.edu,3.31,remote_only,auditory,skill_development,flexible,"English,Sinhala",7
S2131,Student_2131,Male,IIT Sri Lanka,IT,3,Networking,Lecturer,Intermediate,Galle,student_2131@student.edu,2.89,remote_only,kinesthetic,job_search,flexible,"English,Tamil",9
S2132,Student_2132,Male,IIT Sri Lanka,Cybersecurity,4,AI/ML,Software Engineer,Intermediate,Kandy,student_2132@student.edu,2.83,same_university,visual,job_search,structured,English,9
S2133,Student_2133,Male,University of Colombo,SE,2,Software Engineering,Lecturer,Advanced,Kurunegala,student_2133@student.edu,3.16,any,auditory,job_search,casual,"English,Tamil",4
S2134,Student_2134,Female,University of Peradeniya,CS,1,Networking,Data Scientist,Intermediate,Kandy,student_2134@student.edu,3.03,remote_only,kinesthetic,networking,casual,"English,Sinhala",5
S2135,Student_2135,Female,University of Kelaniya,SE,4,AI/ML,Lecturer,Intermediate,Kurunegala,student_2135@student.edu,3.72,same_university,auditory,skill_development,casual,English,2
S2136,Student_2136,Male,University of Peradeniya,Data Science,4,AI/ML,Software Engineer,Intermediate,Gampaha,student_2136@student.edu,2.99,any,reading,skill_development,casual,English,2
S2137,Student_2137,Female,University of Moratuwa,SE,4,Cybersecurity,Lecturer,Intermediate,Colombo,student_2137@student.edu,2.87,remote_only,visual,research_guidance,formal,"English,Sinhala",8
S2138,Student_2138,Female,University of Colombo,Data Science,3,Networking,Security Analyst,Intermediate,Galle,student_2138@student.edu,3.96,any,auditory,research_guidance,flexible,"English,Tamil",5
S2139,Student_2139,Female,University of Moratuwa,IT,2,AI/ML,Lecturer,Beginner,Gampaha,student_2139@student.edu,3.01,same_city,reading,job_search,formal,"English,Tamil",8
S2140,Student_2140,Male,University of Colombo,IT,4,Business IT,Lecturer,Advanced,Kandy,student_2140@student.edu,3.77,remote_only,kinesthetic,research_guidance,casual,"English,Tamil",7
S2141,Student_2141,Female,NSBM,Data Science,3,Data Science,Software Engineer,Intermediate,Gampaha,student_2141@student.edu,2.78,remote_only,reading,networking,flexible,"English,Sinhala",1
S2142,Student_2142,Female,University of Kelaniya,CS,4,Business IT,Lecturer,Beginner,Colombo,student_2142@student.edu,3.76,any,auditory,career_guidance,flexible,English,1
S2143,Student_2143,Female,SLIIT,IT,4,AI/ML,Data Scientist,Advanced,Gampaha,student_2143@student.edu,2.54,any,auditory,career_guidance,casual,"English,Tamil",8
S2144,Student_2144,Male,University of Moratuwa,IT,2,Cybersecurity,Lecturer,Advanced,Galle,student_2144@student.edu,3.89,same_city,visual,networking,flexible,"English,Sinhala",3
S2145,Student_2145,Male,University of Peradeniya,CS,2,Networking,Software Engineer,Beginner,Gampaha,student_2145@student.edu,3.31,same_city,visual,skill_development,flexible,"English,Sinhala",5
S2146,Student_2146,Female,University of Peradeniya,IT,4,Business IT,Data Scientist,Advanced,Kandy,student_2146@student.edu,2.88,remote_only,kinesthetic,networking,structured,"English,Sinhala",5
S2147,Student_2147,Female,University of Colombo,Data Science,1,AI/ML,Software Engineer,Intermediate,Galle,student_2147@student.edu,3.28,remote_only,kinesthetic,networking,flexible,"English,Sinhala",9
S2148,Student_2148,Male,SLIIT,CS,3,Business IT,Security Analyst,Advanced,Gampaha,student_2148@student.edu,3.34,same_city,kinesthetic,career_guidance,casual,"English,Sinhala",4
S2149,Student_2149,Female,University of Moratuwa,Data Science,4,Business IT,Data Scientist,Intermediate,Colombo,student_2149@student.edu,3.25,remote_only,reading,skill_development,flexible,"English,Sinhala",5
S2150,Student_2150,Female,IIT Sri Lanka,SE,4,Networking,Data Scientist,Beginner,Kurunegala,student_2150@student.edu,2.85,any,visual,skill_development,casual,"English,Tamil",2
S2151,Student_2151,Male,NSBM,IT,2,Cybersecurity,Security Analyst,Advanced,Gampaha,student_2151@student.edu,3.34,remote_only,reading,research_guidance,structured,"English,Tamil",5
S2152,Student_2152,Male,NSBM,Data Science,1,Cybersecurity,Software Engineer,Advanced,Kurunegala,student_2152@student.edu,2.78,any,visual,job_search,flexible,"English,Tamil",3
S2153,Student_2153,Male,University of Moratuwa,CS,1,Cybersecurity,Software Engineer,Advanced,Gampaha,student_2153@student.edu,2.96,same_university,auditory,networking,formal,"English,Sinhala",8
S2154,Student_2154,Female,University of Kelaniya,IT,4,AI/ML,Data Scientist,Intermediate,Kurunegala,student_2154@student.edu,3.34,same_university,visual,networking,structured,"English,Tamil",2
S2155,Student_2155,Male,University of Peradeniya,Data Science,2,Networking,Software Engineer,Beginner,Galle,student_2155@student.edu,3.48,remote_only,kinesthetic,networking,casual,"English,Sinhala",5
S2156,Student_2156,Female,SLIIT,Data Science,4,Business IT,Data Scientist,Beginner,Galle,student_2156@student.edu,3.31,remote_only,auditory,networking,casual,English,2
S2157,Student_2157,Male,University of Kelaniya,SE,2,Software Engineering,Lecturer,Intermediate,Kandy,student_2157@student.edu,3.94,same_city,auditory,skill_development,structured,"English,Tamil",3
S2158,Student_2158,Male,University of Moratuwa,Data Science,2,Business IT,Software Engineer,Beginner,Kandy,student_2158@student.edu,2.65,same_city,auditory,skill_development,flexible,"English,Tamil",7
S2159,Student_2159,Male,NSBM,Cybersecurity,2,AI/ML,Lecturer,Intermediate,Colombo,student_2159@student.edu,3.05,same_university,reading,job_search,formal,"English,Sinhala",3
S2160,Student_2160,Female,SLIIT,CS,3,Business IT,Security Analyst,Advanced,Kandy,student_2160@student.edu,3.02,same_city,visual,skill_development,casual,"English,Tamil",7
S2161,Student_2161,Male,University of Peradeniya,Data Science,4,Business IT,Lecturer,Beginner,Kandy,student_2161@student.edu,3.88,same_city,visual,skill_development,flexible,English,6
S2162,Student_2162,Male,University of Kelaniya,Cybersecurity,4,Cybersecurity,Security Analyst,Advanced,Gampaha,student_2162@student.edu,3.48,remote_only,reading,research_guidance,formal,"English,Sinhala",4
S2163,Student_2163,Female,SLIIT,IT,3,Data Science,Security Analyst,Advanced,Kandy,student_2163@student.edu,3.75,any,visual,job_search,formal,"English,Sinhala",1
S2164,Student_2164,Female,SLIIT,SE,2,Business IT,Data Scientist,Intermediate,Galle,student_2164@student.edu,3.98,any,visual,skill_development,structured,English,6
S2165,Student_2165,Male,IIT Sri Lanka,Cybersecurity,1,Data Science,Security Analyst,Intermediate,Kurunegala,student_2165@student.edu,2.58,remote_only,kinesthetic,research_guidance,casual,"English,Sinhala",7
S2166,Student_2166,Male,University of Peradeniya,SE,1,Business IT,Lecturer,Intermediate,Galle,student_2166@student.edu,3.44,same_city,visual,skill_development,structured,English,6
S2167,Student_2167,Male,University of Kelaniya,Cybersecurity,1,Data Science,Security Analyst,Beginner,Kurunegala,student_2167@student.edu,3.05,remote_only,auditory,career_guidance,formal,English,6
S2168,Student_2168,Male,SLIIT,IT,2,AI/ML,Data Scientist,Advanced,Colombo,student_2168@student.edu,3.06,same_city,auditory,skill_development,formal,"English,Sinhala",9
S2169,Student_2169,Male,SLIIT,IT,4,AI/ML,Lecturer,Beginner,Kurunegala,student_2169@student.edu,3.08,same_city,auditory,job_search,flexible,English,2
S2170,Student_2170,Male,University of Moratuwa,SE,2,AI/ML,Lecturer,Intermediate,Colombo,student_2170@student.edu,3.71,same_city,visual,career_guidance,casual,English,1
S2171,Student_2171,Male,IIT Sri Lanka,CS,3,Data Science,Data Scientist,Beginner,Galle,student_2171@student.edu,3.37,any,reading,research_guidance,structured,English,3
S2172,Student_2172,Male,University of Peradeniya,Data Science,4,Business IT,Security Analyst,Beginner,Galle,student_2172@student.edu,2.61,same_city,auditory,job_search,structured,English,8
S2173,Student_2173,Female,SLIIT,SE,3,Business IT,Security Analyst,Beginner,Kandy,student_2173@student.edu,3.93,same_university,kinesthetic,job_search,formal,"English,Sinhala",1
S2174,Student_2174,Male,IIT Sri Lanka,Cybersecurity,1,Business IT,Data Scientist,Intermediate,Gampaha,student_2174@student.edu,3.64,same_city,kinesthetic,job_search,flexible,English,6
S2175,Student_2175,Male,University of Colombo,CS,1,Business IT,Lecturer,Advanced,Kandy,student_2175@student.edu,2.97,any,reading,skill_development,casual,"English,Sinhala",5
S2176,Student_2176,Male,University of Peradeniya,SE,1,Data Science,Security Analyst,Beginner,Colombo,student_2176@student.edu,3.16,any,auditory,skill_development,formal,"English,Sinhala",5
S2177,Student_2177,Female,University of Peradeniya,IT,1,Networking,Security Analyst,Beginner,Gampaha,student_2177@student.edu,2.94,same_university,reading,job_search,formal,English,7
S2178,Student_2178,Female,University of Kelaniya,IT,3,Software Engineering,Software Engineer,Beginner,Kandy,student_2178@student.edu,2.81,same_city,visual,job_search,formal,"English,Sinhala",5
S2179,Student_2179,Female,NSBM,IT,1,Data Science,Data Scientist,Intermediate,Kandy,student_2179@student.edu,2.56,remote_only,reading,research_guidance,structured,English,5
S2180,Student_2180,Male,University of Moratuwa,IT,3,Software Engineering,Security Analyst,Intermediate,Colombo,student_2180@student.edu,2.64,same_city,visual,skill_development,formal,"English,Sinhala",2
S2181,Student_2181,Female,University of Peradeniya,Cybersecurity,1,Business IT,Security Analyst,Beginner,Galle,student_2181@student.edu,3.94,any,visual,skill_development,structured,"English,Sinhala",6
S2182,Student_2182,Male,SLIIT,CS,2,Cybersecurity,Software Engineer,Advanced,Kandy,student_2182@student.edu,3.65,any,visual,networking,structured,English,3
S2183,Student_2183,Male,University of Colombo,SE,3,AI/ML,Data Scientist,Intermediate,Galle,student_2183@student.edu,3.97,same_city,kinesthetic,career_guidance,casual,"English,Sinhala",3
S2184,Student_2184,Female,IIT Sri Lanka,Data Science,4,Data Science,Lecturer,Intermediate,Gampaha,student_2184@student.edu,2.89,same_university,reading,skill_development,casual,English,6
S2185,Student_2185,Male,SLIIT,SE,4,Business IT,Software Engineer,Intermediate,Kandy,student_2185@student.edu,3.88,any,reading,research_guidance,structured,"English,Sinhala",4
S2186,Student_2186,Male,University of Moratuwa,SE,2,Networking,Data Scientist,Advanced,Galle,student_2186@student.edu,3.94,remote_only,visual,career_guidance,structured,"English,Sinhala",1
S2187,Student_2187,Female,SLIIT,Data Science,1,AI/ML,Lecturer,Intermediate,Galle,student_2187@student.edu,2.85,remote_only,reading,research_guidance,casual,"English,Sinhala",9
S2188,Student_2188,Female,University of Peradeniya,SE,1,Networking,Lecturer,Intermediate,Galle,student_2188@student.edu,3.67,remote_only,kinesthetic,skill_development,structured,"English,Tamil",3
S2189,Student_2189,Male,SLIIT,IT,1,Networking,Security Analyst,Beginner,Galle,student_2189@student.edu,3.47,same_university,reading,job_search,formal,"English,Sinhala",1
S2190,Student_2190,Male,University of Colombo,CS,4,Software Engineering,Data Scientist,Advanced,Kurunegala,student_2190@student.edu,3.62,same_city,visual,job_search,structured,"English,Tamil",1
S2191,Student_2191,Female,IIT Sri Lanka,Data Science,4,Cybersecurity,Software Engineer,Intermediate,Galle,student_2191@student.edu,3.33,remote_only,kinesthetic,research_guidance,casual,English,5
S2192,Student_2192,Female,University of Kelaniya,CS,1,AI/ML,Data Scientist,Intermediate,Galle,student_2192@student.edu,2.63,same_university,visual,networking,casual,English,1
S2193,Student_2193,Male,University of Kelaniya,IT,4,Software Engineering,Data Scientist,Intermediate,Gampaha,student_2193@student.edu,2.92,same_city,reading,skill_development,formal,"English,Sinhala",3
S2194,Student_2194,Male,NSBM,Data Science,3,Data Science,Software Engineer,Advanced,Kurunegala,student_2194@student.edu,3.66,any,visual,job_search,structured,"English,Tamil",3
S2195,Student_2195,Female,University of Moratuwa,Data Science,2,AI/ML,Security Analyst,Beginner,Gampaha,student_2195@student.edu,3.11,any,reading,job_search,flexible,"English,Tamil",5
S2196,Student_2196,Male,University of Moratuwa,Data Science,3,Cybersecurity,Data Scientist,Intermediate,Galle,student_2196@student.edu,2.7,any,auditory,research_guidance,flexible,"English,Tamil",5
S2197,Student_2197,Male,NSBM,IT,3,Networking,Software Engineer,Intermediate,Kandy,student_2197@student.edu,3.57,same_university,auditory,research_guidance,structured,"English,Sinhala",6
S2198,Student_2198,Female,SLIIT,SE,2,Networking,Data Scientist,Intermediate,Galle,student_2198@student.edu,3.79,remote_only,kinesthetic,skill_development,flexible,"English,Tamil",4
S2199,Student_2199,Male,University of Kelaniya,Cybersecurity,2,Business IT,Software Engineer,Advanced,Galle,student_2199@student.edu,2.61,same_university,kinesthetic,job_search,structured,"English,Sinhala",5
S2200,Student_2200,Female,University of Kelaniya,Cybersecurity,1,Cybersecurity,Software Engineer,Beginner,Kandy,student_2200@student.edu,2.53,remote_only,reading,job_search,formal,"English,Sinhala",6
S2201,Student_2201,Male,University of Colombo,SE,3,Networking,Lecturer,Intermediate,Galle,student_2201@student.edu,2.97,same_university,visual,job_search,structured,"English,Tamil",5
S2202,Student_2202,Male,University of Peradeniya,Data Science,4,Software Engineering,Lecturer,Beginner,Kurunegala,student_2202@student.edu,3.61,same_university,reading,job_search,structured,"English,Tamil",1
S2203,Student_2203,Male,University of Moratuwa,Data Science,4,AI/ML,Data Scientist,Beginner,Kurunegala,student_2203@student.edu,3.87,same_city,reading,career_guidance,flexible,"English,Sinhala",5
S2204,Student_2204,Female,University of Kelaniya,IT,4,Cybersecurity,Lecturer,Beginner,Colombo,student_2204@student.edu,2.67,same_university,kinesthetic,skill_development,structured,English,2
S2205,Student_2205,Female,University of Peradeniya,Cybersecurity,4,Software Engineering,Data Scientist,Beginner,Galle,student_2205@student.edu,3.49,same_city,reading,career_guidance,flexible,"English,Tamil",4
S2206,Student_2206,Male,University of Moratuwa,CS,2,Business IT,Data Scientist,Advanced,Colombo,student_2206@student.edu,3.96,same_city,auditory,networking,casual,English,8
S2207,Student_2207,Female,IIT Sri Lanka,Cybersecurity,4,AI/ML,Software Engineer,Advanced,Kandy,student_2207@student.edu,3.7,same_university,visual,networking,casual,"English,Sinhala",6
S2208,Student_2208,Male,University of Kelaniya,CS,2,Data Science,Lecturer,Intermediate,Gampaha,student_2208@student.edu,3.33,same_city,auditory,skill_development,casual,"English,Tamil",6
S2209,Student_2209,Male,IIT Sri Lanka,IT,3,Cybersecurity,Software Engineer,Beginner,Gampaha,student_2209@student.edu,2.79,same_university,reading,networking,flexible,"English,Tamil",6
S2210,Student_2210,Male,NSBM,Cybersecurity,3,Software Engineering,Security Analyst,Intermediate,Kandy,student_2210@student.edu,3.07,same_university,auditory,networking,casual,English,6
S2211,Student_2211,Female,University of Colombo,Cybersecurity,1,Cybersecurity,Data Scientist,Beginner,Kurunegala,student_2211@student.edu,4.0,same_university,auditory,skill_development,casual,"English,Tamil",6
S2212,Student_2212,Male,University of Colombo,IT,4,AI/ML,Security Analyst,Advanced,Colombo,student_2212@student.edu,2.92,any,auditory,research_guidance,structured,English,7
S2213,Student_2213,Female,SLIIT,IT,3,Cybersecurity,Lecturer,Advanced,Colombo,student_2213@student.edu,2.67,remote_only,kinesthetic,career_guidance,flexible,English,1
S2214,Student_2214,Female,University of Peradeniya,IT,1,Cybersecurity,Data Scientist,Intermediate,Kandy,student_2214@student.edu,3.39,any,auditory,networking,casual,"English,Sinhala",1
S2215,Student_2215,Male,NSBM,SE,4,Cybersecurity,Lecturer,Advanced,Galle,student_2215@student.edu,3.52,same_city,auditory,skill_development,structured,"English,Sinhala",9
S2216,Student_2216,Male,University of Peradeniya,IT,3,AI/ML,Software Engineer,Advanced,Galle,student_2216@student.edu,3.79,any,auditory,skill_development,flexible,"English,Sinhala",4
S2217,Student_2217,Male,SLIIT,SE,1,Networking,Lecturer,Beginner,Kurunegala,student_2217@student.edu,3.74,same_university,reading,research_guidance,flexible,English,1
S2218,Student_2218,Male,NSBM,SE,4,Cybersecurity,Data Scientist,Advanced,Kurunegala,student_2218@student.edu,3.21,same_city,reading,job_search,casual,"English,Tamil",7
S2219,Student_2219,Male,IIT Sri Lanka,IT,4,Business IT,Security Analyst,Beginner,Kandy,student_2219@student.edu,3.16,same_city,visual,job_search,flexible,English,4
S2220,Student_2220,Male,University of Moratuwa,IT,3,AI/ML,Data Scientist,Advanced,Kurunegala,student_2220@student.edu,3.33,same_university,auditory,career_guidance,formal,"English,Sinhala",7
S2221,Student_2221,Female,University of Kelaniya,Data Science,1,Business IT,Data Scientist,Advanced,Galle,student_2221@student.edu,3.56,same_city,visual,skill_development,structured,"English,Tamil",5
S2222,Student_2222,Male,University of Kelaniya,SE,3,Business IT,Security Analyst,Advanced,Kandy,student_2222@student.edu,3.91,remote_only,reading,skill_development,casual,"English,Tamil",4
S2223,Student_2223,Female,NSBM,IT,1,Software Engineering,Security Analyst,Intermediate,Kurunegala,student_2223@student.edu,3.7,same_university,visual,skill_development,formal,"English,Tamil",2
S2224,Student_2224,Male,University of Colombo,Cybersecurity,3,Software Engineering,Security Analyst,Beginner,Galle,student_2224@student.edu,3.47,any,kinesthetic,job_search,formal,"English,Sinhala",8
S2225,Student_2225,Female,NSBM,IT,1,Business IT,Data Scientist,Beginner,Kurunegala,student_2225@student.edu,2.94,same_university,visual,skill_development,flexible,"English,Tamil",6
S2226,Student_2226,Female,NSBM,CS,2,Business IT,Lecturer,Beginner,Galle,student_2226@student.edu,2.92,same_city,visual,skill_development,casual,"English,Sinhala",3
S2227,Student_2227,Male,University of Moratuwa,CS,4,Software Engineering,Security Analyst,Intermediate,Kandy,student_2227@student.edu,3.82,remote_only,reading,networking,formal,"English,Tamil",7
S2228,Student_2228,Female,SLIIT,Cybersecurity,3,Networking,Security Analyst,Beginner,Galle,student_2228@student.edu,2.99,same_city,kinesthetic,career_guidance,flexible,"English,Tamil",7
S2229,Student_2229,Female,NSBM,Cybersecurity,2,Networking,Lecturer,Advanced,Galle,student_2229@student.edu,2.82,same_university,visual,skill_development,flexible,English,7
S2230,Student_2230,Female,University of Moratuwa,CS,1,Business IT,Lecturer,Beginner,Gampaha,student_2230@student.edu,2.97,same_city,reading,research_guidance,structured,"English,Tamil",8
S2231,Student_2231,Female,University of Kelaniya,IT,1,Networking,Lecturer,Beginner,Gampaha,student_2231@student.edu,2.98,same_city,visual,skill_development,formal,"English,Sinhala",5
S2232,Student_2232,Female,University of Colombo,Cybersecurity,3,Networking,Software Engineer,Intermediate,Galle,student_2232@student.edu,3.05,remote_only,kinesthetic,job_search,structured,"English,Sinhala",7
S2233,Student_2233,Male,NSBM,IT,4,Data Science,Data Scientist,Beginner,Galle,student_2233@student.edu,3.34,same_city,reading,career_guidance,formal,"English,Sinhala",5
S2234,Student_2234,Female,IIT Sri Lanka,SE,4,Networking,Lecturer,Intermediate,Kurunegala,student_2234@student.edu,3.69,same_university,auditory,skill_development,casual,"English,Tamil",4
S2235,Student_2235,Male,University of Peradeniya,Data Science,3,AI/ML,Software Engineer,Intermediate,Kurunegala,student_2235@student.edu,3.14,same_university,reading,skill_development,formal,English,2
S2236,Student_2236,Male,University of Kelaniya,Cybersecurity,1,Data Science,Security Analyst,Advanced,Colombo,student_2236@student.edu,3.61,any,kinesthetic,career_guidance,casual,English,6
S2237,Student_2237,Male,University of Peradeniya,CS,2,Business IT,Software Engineer,Beginner,Colombo,student_2237@student.edu,2.66,any,visual,job_search,structured,"English,Sinhala",2
S2238,Student_2238,Male,SLIIT,Data Science,2,Software Engineering,Data Scientist,Advanced,Kurunegala,student_2238@student.edu,3.85,any,auditory,career_guidance,flexible,English,1
S2239,Student_2239,Male,University of Peradeniya,SE,2,AI/ML,Software Engineer,Intermediate,Kurunegala,student_2239@student.edu,2.71,same_university,auditory,skill_development,casual,"English,Tamil",3
S2240,Student_2240,Male,University of Peradeniya,Data Science,2,AI/ML,Lecturer,Advanced,Gampaha,student_2240@student.edu,2.82,same_city,kinesthetic,career_guidance,casual,"English,Tamil",8
S2241,Student_2241,Male,University of Moratuwa,Cybersecurity,3,Networking,Software Engineer,Advanced,Colombo,student_2241@student.edu,3.94,same_university,auditory,skill_development,structured,"English,Sinhala",7
S2242,Student_2242,Female,University of Moratuwa,Data Science,1,Software Engineering,Data Scientist,Beginner,Kandy,student_2242@student.edu,3.2,remote_only,reading,networking,casual,"English,Tamil",3
S2243,Student_2243,Female,University of Peradeniya,Cybersecurity,3,Networking,Lecturer,Intermediate,Kandy,student_2243@student.edu,3.98,any,auditory,research_guidance,formal,"English,Tamil",6
S2244,Student_2244,Female,University of Colombo,Cybersecurity,3,Networking,Security Analyst,Advanced,Gampaha,student_2244@student.edu,3.91,any,reading,job_search,formal,"English,Sinhala",7
S2245,Student_2245,Male,University of Colombo,Cybersecurity,4,Networking,Software Engineer,Advanced,Kandy,student_2245@student.edu,3.77,same_city,reading,skill_development,flexible,English,9
S2246,Student_2246,Female,University of Kelaniya,IT,3,Cybersecurity,Data Scientist,Beginner,Gampaha,student_2246@student.edu,2.8,same_city,auditory,job_search,formal,"English,Sinhala",7
S2247,Student_2247,Female,NSBM,CS,2,Networking,Security Analyst,Advanced,Galle,student_2247@student.edu,3.55,remote_only,auditory,job_search,structured,"English,Sinhala",9
S2248,Student_2248,Female,IIT Sri Lanka,SE,4,Business IT,Software Engineer,Beginner,Colombo,student_2248@student.edu,3.05,remote_only,kinesthetic,skill_development,formal,English,6
S2249,Student_2249,Male,SLIIT,Data Science,4,AI/ML,Software Engineer,Advanced,Kandy,student_2249@student.edu,3.56,remote_only,auditory,networking,flexible,"English,Tamil",5
S2250,Student_2250,Male,University of Peradeniya,CS,4,Data Science,Data Scientist,Intermediate,Kandy,student_2250@student.edu,2.56,same_city,kinesthetic,skill_development,flexible,"English,Sinhala",2
S2251,Student_2251,Male,University of Kelaniya,Cybersecurity,4,Cybersecurity,Software Engineer,Beginner,Kandy,student_2251@student.edu,3.75,same_university,kinesthetic,job_search,formal,English,9
S2252,Student_2252,Male,SLIIT,CS,1,Data Science,Data Scientist,Advanced,Galle,student_2252@student.edu,3.43,any,kinesthetic,research_guidance,casual,"English,Tamil",1
S2253,Student_2253,Female,SLIIT,SE,4,Networking,Security Analyst,Beginner,Gampaha,student_2253@student.edu,3.7,any,auditory,networking,flexible,"English,Tamil",5
S2254,Student_2254,Male,University of Moratuwa,Data Science,4,Software Engineering,Lecturer,Advanced,Gampaha,student_2254@student.edu,2.81,same_city,kinesthetic,job_search,structured,"English,Tamil",9
S2255,Student_2255,Female,SLIIT,Cybersecurity,2,Business IT,Software Engineer,Advanced,Colombo,student_2255@student.edu,3.53,same_city,reading,skill_development,casual,"English,Tamil",5
S2256,Student_2256,Male,SLIIT,SE,3,Business IT,Software Engineer,Advanced,Galle,student_2256@student.edu,3.7,remote_only,reading,job_search,formal,"English,Sinhala",3
S2257,Student_2257,Female,SLIIT,IT,3,Networking,Data Scientist,Intermediate,Kurunegala,student_2257@student.edu,3.63,any,reading,career_guidance,formal,English,8
S2258,Student_2258,Male,University of Kelaniya,SE,1,Networking,Security Analyst,Intermediate,Kurunegala,student_2258@student.edu,3.97,same_city,auditory,networking,structured,"English,Tamil",3
S2259,Student_2259,Male,University of Colombo,IT,2,Networking,Data Scientist,Advanced,Colombo,student_2259@student.edu,2.78,same_university,auditory,research_guidance,structured,English,1
S2260,Student_2260,Female,University of Kelaniya,Data Science,1,AI/ML,Data Scientist,Intermediate,Colombo,student_2260@student.edu,3.92,remote_only,reading,job_search,casual,"English,Tamil",7
S2261,Student_2261,Male,NSBM,Cybersecurity,4,AI/ML,Lecturer,Intermediate,Colombo,student_2261@student.edu,3.01,same_university,kinesthetic,research_guidance,casual,English,1
S2262,Student_2262,Male,SLIIT,SE,1,Data Science,Security Analyst,Advanced,Colombo,student_2262@student.edu,3.4,same_city,auditory,career_guidance,casual,"English,Tamil",8
S2263,Student_2263,Female,University of Colombo,IT,4,Cybersecurity,Lecturer,Intermediate,Gampaha,student_2263@student.edu,3.45,same_university,auditory,skill_development,casual,English,9
S2264,Student_2264,Female,University of Moratuwa,CS,3,Networking,Security Analyst,Intermediate,Galle,student_2264@student.edu,3.75,any,kinesthetic,career_guidance,casual,"English,Sinhala",6
S2265,Student_2265,Female,University of Peradeniya,Cybersecurity,2,Networking,Software Engineer,Intermediate,Kandy,student_2265@student.edu,3.06,remote_only,visual,skill_development,casual,English,5
S2266,Student_2266,Male,NSBM,SE,3,Cybersecurity,Lecturer,Advanced,Gampaha,student_2266@student.edu,3.75,same_city,auditory,job_search,formal,"English,Tamil",7
S2267,Student_2267,Male,SLIIT,Cybersecurity,3,AI/ML,Lecturer,Intermediate,Kandy,student_2267@student.edu,3.29,remote_only,auditory,skill_development,structured,"English,Sinhala",5
S2268,Student_2268,Female,SLIIT,Data Science,1,Data Science,Security Analyst,Intermediate,Kandy,student_2268@student.edu,3.71,same_city,visual,job_search,casual,"English,Sinhala",1
S2269,Student_2269,Male,University of Colombo,CS,2,Business IT,Software Engineer,Advanced,Galle,student_2269@student.edu,3.15,any,kinesthetic,job_search,formal,"English,Sinhala",1
S2270,Student_2270,Male,SLIIT,Cybersecurity,3,Cybersecurity,Data Scientist,Beginner,Colombo,student_2270@student.edu,3.06,any,auditory,networking,flexible,English,2
S2271,Student_2271,Female,SLIIT,IT,2,Networking,Data Scientist,Advanced,Kandy,student_2271@student.edu,3.86,same_city,visual,networking,flexible,"English,Tamil",3
S2272,Student_2272,Male,University of Peradeniya,Cybersecurity,1,Business IT,Security Analyst,Intermediate,Colombo,student_2272@student.edu,2.82,any,auditory,research_guidance,flexible,"English,Tamil",2
S2273,Student_2273,Male,University of Moratuwa,IT,1,Data Science,Security Analyst,Beginner,Kurunegala,student_2273@student.edu,3.49,any,kinesthetic,job_search,flexible,"English,Sinhala",4
S2274,Student_2274,Male,University of Kelaniya,CS,4,Cybersecurity,Software Engineer,Intermediate,Gampaha,student_2274@student.edu,3.03,any,auditory,skill_development,structured,"English,Tamil",1
S2275,Student_2275,Female,University of Moratuwa,IT,2,Software Engineering,Security Analyst,Intermediate,Colombo,student_2275@student.edu,3.45,same_university,kinesthetic,networking,casual,"English,Sinhala",9
S2276,Student_2276,Male,University of Colombo,Data Science,4,Networking,Lecturer,Advanced,Colombo,student_2276@student.edu,3.22,remote_only,reading,networking,casual,"English,Tamil",6
S2277,Student_2277,Female,University of Peradeniya,Data Science,1,Networking,Security Analyst,Advanced,Gampaha,student_2277@student.edu,3.94,remote_only,auditory,job_search,casual,"English,Tamil",3
S2278,Student_2278,Male,SLIIT,CS,3,AI/ML,Security Analyst,Advanced,Colombo,student_2278@student.edu,2.63,remote_only,reading,research_guidance,structured,English,5
S2279,Student_2279,Male,University of Moratuwa,IT,4,Networking,Security Analyst,Beginner,Colombo,student_2279@student.edu,3.01,same_university,reading,job_search,structured,"English,Sinhala",3
S2280,Student_2280,Male,University of Colombo,SE,4,Data Science,Data Scientist,Advanced,Gampaha,student_2280@student.edu,3.41,same_university,visual,networking,structured,English,2
S2281,Student_2281,Female,University of Peradeniya,Cybersecurity,1,Data Science,Security Analyst,Advanced,Galle,student_2281@student.edu,3.45,same_university,visual,skill_development,flexible,"English,Sinhala",2
S2282,Student_2282,Male,NSBM,IT,1,Business IT,Security Analyst,Intermediate,Colombo,student_2282@student.edu,2.58,remote_only,reading,networking,flexible,"English,Sinhala",7
S2283,Student_2283,Male,University of Colombo,CS,3,Business IT,Lecturer,Beginner,Kurunegala,student_2283@student.edu,3.55,same_university,auditory,job_search,casual,English,2
S2284,Student_2284,Female,University of Moratuwa,Cybersecurity,3,AI/ML,Software Engineer,Intermediate,Kandy,student_2284@student.edu,2.76,any,kinesthetic,career_guidance,casual,"English,Sinhala",8
S2285,Student_2285,Female,SLIIT,SE,3,AI/ML,Data Scientist,Intermediate,Kandy,student_2285@student.edu,2.65,remote_only,kinesthetic,skill_development,casual,"English,Tamil",1
S2286,Student_2286,Female,IIT Sri Lanka,Data Science,4,Cybersecurity,Security Analyst,Intermediate,Colombo,student_2286@student.edu,2.79,remote_only,visual,networking,formal,"English,Tamil",2
S2287,Student_2287,Female,University of Colombo,Data Science,4,Cybersecurity,Data Scientist,Intermediate,Galle,student_2287@student.edu,2.7,same_city,visual,job_search,flexible,English,9
S2288,Student_2288,Female,IIT Sri Lanka,CS,3,Data Science,Data Scientist,Advanced,Kurunegala,student_2288@student.edu,2.84,same_city,auditory,career_guidance,structured,English,8
S2289,Student_2289,Male,University of Colombo,IT,4,Cybersecurity,Software Engineer,Advanced,Colombo,student_2289@student.edu,3.29,remote_only,kinesthetic,research_guidance,formal,English,7
S2290,Student_2290,Male,NSBM,Cybersecurity,4,Data Science,Software Engineer,Advanced,Kandy,student_2290@student.edu,3.18,remote_only,auditory,networking,flexible,"English,Tamil",3
S2291,Student_2291,Male,University of Colombo,Data Science,4,Data Science,Software Engineer,Intermediate,Colombo,student_2291@student.edu,3.37,same_city,reading,job_search,formal,"English,Tamil",9
S2292,Student_2292,Male,University of Colombo,Data Science,2,Cybersecurity,Lecturer,Beginner,Galle,student_2292@student.edu,2.97,any,reading,job_search,structured,"English,Sinhala",9
S2293,Student_2293,Male,University of Moratuwa,CS,2,Data Science,Lecturer,Intermediate,Colombo,student_2293@student.edu,3.09,remote_only,visual,job_search,casual,"English,Sinhala",1
S2294,Student_2294,Male,University of Colombo,SE,2,Software Engineering,Data Scientist,Advanced,Colombo,student_2294@student.edu,2.9,remote_only,kinesthetic,research_guidance,structured,"English,Sinhala",8
S2295,Student_2295,Male,IIT Sri Lanka,SE,2,Data Science,Security Analyst,Intermediate,Galle,student_2295@student.edu,3.34,same_university,reading,career_guidance,formal,"English,Tamil",4
S2296,Student_2296,Female,University of Colombo,IT,1,Cybersecurity,Data Scientist,Intermediate,Kandy,student_2296@student.edu,2.96,remote_only,auditory,skill_development,casual,"English,Tamil",5
S2297,Student_2297,Female,SLIIT,Data Science,4,AI/ML,Lecturer,Beginner,Galle,student_2297@student.edu,3.99,remote_only,kinesthetic,job_search,flexible,"English,Tamil",3
S2298,Student_2298,Female,University of Colombo,CS,4,Business IT,Security Analyst,Beginner,Colombo,student_2298@student.edu,3.69,same_university,visual,networking,formal,"English,Tamil",3
S2299,Student_2299,Female,University of Kelaniya,SE,3,Networking,Software Engineer,Intermediate,Gampaha,student_2299@student.edu,3.48,same_city,auditory,job_search,flexible,English,3
S2300,Student_2300,Male,University of Moratuwa,SE,1,Networking,Lecturer,Intermediate,Colombo,student_2300@student.edu,3.58,same_city,kinesthetic,research_guidance,formal,"English,Tamil",6
S2301,Student_2301,Female,IIT Sri Lanka,IT,1,AI/ML,Security Analyst,Advanced,Kurunegala,student_2301@student.edu,3.6,any,reading,networking,casual,"English,Tamil",4
S2302,Student_2302,Female,University of Peradeniya,SE,4,Business IT,Security Analyst,Beginner,Kandy,student_2302@student.edu,3.12,any,kinesthetic,skill_development,structured,"English,Sinhala",5
S2303,Student_2303,Female,IIT Sri Lanka,SE,1,Networking,Lecturer,Beginner,Colombo,student_2303@student.edu,3.9,same_city,visual,career_guidance,casual,"English,Tamil",7
S2304,Student_2304,Male,University of Peradeniya,CS,3,Cybersecurity,Software Engineer,Beginner,Galle,student_2304@student.edu,3.6,remote_only,visual,networking,structured,English,1
S2305,Student_2305,Female,University of Colombo,IT,3,Networking,Data Scientist,Intermediate,Kandy,student_2305@student.edu,3.3,same_city,auditory,job_search,casual,"English,Sinhala",4
S2306,Student_2306,Female,NSBM,Cybersecurity,4,Business IT,Software Engineer,Intermediate,Colombo,student_2306@student.edu,2.52,remote_only,visual,career_guidance,casual,"English,Sinhala",7
S2307,Student_2307,Female,University of Moratuwa,CS,4,Cybersecurity,Software Engineer,Advanced,Galle,student_2307@student.edu,3.83,remote_only,auditory,networking,casual,English,4
S2308,Student_2308,Female,University of Colombo,SE,1,Business IT,Data Scientist,Advanced,Colombo,student_2308@student.edu,2.81,same_city,auditory,job_search,structured,"English,Sinhala",7
S2309,Student_2309,Female,SLIIT,SE,3,Networking,Lecturer,Intermediate,Galle,student_2309@student.edu,2.53,same_city,visual,skill_development,structured,English,1
S2310,Student_2310,Female,University of Peradeniya,CS,2,Networking,Software Engineer,Advanced,Galle,student_2310@student.edu,3.33,remote_only,kinesthetic,skill_development,casual,"English,Sinhala",6
S2311,Student_2311,Male,University of Colombo,IT,2,Networking,Software Engineer,Intermediate,Kurunegala,student_2311@student.edu,2.74,remote_only,reading,research_guidance,structured,English,9
S2312,Student_2312,Male,University of Kelaniya,Data Science,1,Data Science,Software Engineer,Advanced,Galle,student_2312@student.edu,3.8,any,visual,research_guidance,flexible,"English,Tamil",6
S2313,Student_2313,Male,SLIIT,Data Science,1,AI/ML,Data Scientist,Beginner,Kurunegala,student_2313@student.edu,3.38,same_university,reading,networking,formal,"English,Tamil",5
S2314,Student_2314,Male,University of Moratuwa,Data Science,3,AI/ML,Data Scientist,Advanced,Gampaha,student_2314@student.edu,3.06,any,reading,career_guidance,flexible,"English,Sinhala",4
S2315,Student_2315,Male,University of Colombo,CS,1,AI/ML,Data Scientist,Beginner,Colombo,student_2315@student.edu,2.63,same_university,auditory,skill_development,structured,"English,Sinhala",7
S2316,Student_2316,Female,University of Moratuwa,IT,1,Data Science,Lecturer,Intermediate,Kurunegala,student_2316@student.edu,3.22,any,auditory,career_guidance,flexible,"English,Sinhala",8
S2317,Student_2317,Male,University of Moratuwa,CS,4,Networking,Software Engineer,Intermediate,Galle,student_2317@student.edu,2.55,same_university,kinesthetic,career_guidance,casual,"English,Tamil",5
S2318,Student_2318,Female,NSBM,SE,1,Software Engineering,Security Analyst,Advanced,Galle,student_2318@student.edu,3.72,any,auditory,skill_development,structured,"English,Tamil",5
S2319,Student_2319,Female,University of Kelaniya,IT,4,AI/ML,Lecturer,Intermediate,Kurunegala,student_2319@student.edu,3.58,same_university,reading,research_guidance,flexible,"English,Sinhala",1
S2320,Student_2320,Female,IIT Sri Lanka,CS,2,AI/ML,Data Scientist,Intermediate,Galle,student_2320@student.edu,2.8,remote_only,visual,career_guidance,formal,"English,Tamil",9
S2321,Student_2321,Male,NSBM,IT,1,Cybersecurity,Data Scientist,Beginner,Colombo,student_2321@student.edu,2.9,any,reading,skill_development,formal,English,5
S2322,Student_2322,Male,University of Peradeniya,CS,1,Networking,Data Scientist,Beginner,Kandy,student_2322@student.edu,3.04,remote_only,auditory,job_search,casual,English,7
S2323,Student_2323,Female,SLIIT,CS,3,Networking,Software Engineer,Advanced,Kurunegala,student_2323@student.edu,2.81,any,reading,networking,flexible,"English,Sinhala",2
S2324,Student_2324,Male,University of Moratuwa,Data Science,1,Data Science,Lecturer,Intermediate,Kurunegala,student_2324@student.edu,3.45,same_university,reading,job_search,casual,English,5
S2325,Student_2325,Female,University of Colombo,SE,3,AI/ML,Lecturer,Intermediate,Gampaha,student_2325@student.edu,2.72,remote_only,kinesthetic,job_search,casual,"English,Sinhala",3
S2326,Student_2326,Male,IIT Sri Lanka,Cybersecurity,1,Data Science,Security Analyst,Intermediate,Kurunegala,student_2326@student.edu,2.85,any,reading,job_search,formal,English,7
S2327,Student_2327,Female,University of Kelaniya,IT,2,Networking,Security Analyst,Intermediate,Kandy,student_2327@student.edu,3.14,same_city,auditory,career_guidance,flexible,"English,Tamil",7
S2328,Student_2328,Male,University of Peradeniya,IT,2,AI/ML,Security Analyst,Intermediate,Kandy,student_2328@student.edu,3.0,any,auditory,networking,structured,English,2
S2329,Student_2329,Male,University of Peradeniya,Cybersecurity,2,Business IT,Software Engineer,Beginner,Colombo,student_2329@student.edu,3.16,same_city,visual,research_guidance,structured,"English,Sinhala",9
S2330,Student_2330,Female,NSBM,Cybersecurity,2,Data Science,Software Engineer,Advanced,Gampaha,student_2330@student.edu,3.43,any,reading,career_guidance,structured,English,8
S2331,Student_2331,Male,University of Colombo,CS,1,Data Science,Security Analyst,Beginner,Gampaha,student_2331@student.edu,3.5,same_city,visual,career_guidance,formal,English,2
S2332,Student_2332,Male,University of Peradeniya,CS,2,Cybersecurity,Software Engineer,Beginner,Colombo,student_2332@student.edu,2.63,same_university,kinesthetic,networking,structured,"English,Tamil",7
S2333,Student_2333,Female,NSBM,CS,1,Software Engineering,Lecturer,Intermediate,Galle,student_2333@student.edu,2.94,same_city,auditory,job_search,flexible,"English,Tamil",7
S2334,Student_2334,Female,University of Moratuwa,CS,3,Networking,Lecturer,Beginner,Kandy,student_2334@student.edu,2.62,same_city,kinesthetic,career_guidance,structured,English,4
S2335,Student_2335,Male,University of Colombo,Cybersecurity,1,Cybersecurity,Data Scientist,Advanced,Gampaha,student_2335@student.edu,3.31,remote_only,visual,networking,formal,"English,Sinhala",5
S2336,Student_2336,Female,University of Peradeniya,Cybersecurity,2,Software Engineering,Data Scientist,Advanced,Kurunegala,student_2336@student.edu,2.76,remote_only,kinesthetic,research_guidance,structured,"English,Tamil",8
S2337,Student_2337,Male,University of Kelaniya,IT,2,Business IT,Software Engineer,Intermediate,Kurunegala,student_2337@student.edu,2.99,same_city,kinesthetic,job_search,flexible,"English,Sinhala",2
S2338,Student_2338,Male,NSBM,IT,4,AI/ML,Software Engineer,Advanced,Gampaha,student_2338@student.edu,3.16,any,kinesthetic,skill_development,flexible,English,9
S2339,Student_2339,Female,University of Moratuwa,Cybersecurity,2,Cybersecurity,Lecturer,Beginner,Galle,student_2339@student.edu,3.17,same_university,kinesthetic,networking,casual,"English,Tamil",8
S2340,Student_2340,Female,IIT Sri Lanka,Cybersecurity,2,Business IT,Software Engineer,Advanced,Gampaha,student_2340@student.edu,3.69,remote_only,reading,career_guidance,flexible,"English,Tamil",5
S2341,Student_2341,Female,University of Moratuwa,SE,2,Cybersecurity,Security Analyst,Intermediate,Gampaha,student_2341@student.edu,2.73,same_university,visual,job_search,casual,"English,Tamil",4
S2342,Student_2342,Female,SLIIT,Cybersecurity,1,AI/ML,Data Scientist,Beginner,Gampaha,student_2342@student.edu,2.93,same_city,auditory,skill_development,casual,"English,Tamil",5
S2343,Student_2343,Male,University of Peradeniya,IT,2,Business IT,Software Engineer,Intermediate,Kandy,student_2343@student.edu,2.97,any,reading,job_search,structured,"English,Sinhala",1
S2344,Student_2344,Male,University of Kelaniya,CS,1,AI/ML,Software Engineer,Intermediate,Colombo,student_2344@student.edu,3.99,any,kinesthetic,career_guidance,structured,"English,Sinhala",8
S2345,Student_2345,Male,University of Kelaniya,SE,4,AI/ML,Security Analyst,Intermediate,Colombo,student_2345@student.edu,2.95,remote_only,auditory,skill_development,formal,"English,Sinhala",1
S2346,Student_2346,Male,IIT Sri Lanka,CS,3,Software Engineering,Lecturer,Intermediate,Kurunegala,student_2346@student.edu,3.0,same_city,kinesthetic,job_search,formal,English,7
S2347,Student_2347,Male,NSBM,SE,2,Business IT,Data Scientist,Intermediate,Galle,student_2347@student.edu,3.92,same_university,kinesthetic,networking,casual,"English,Tamil",5
S2348,Student_2348,Male,IIT Sri Lanka,Data Science,2,Data Science,Lecturer,Beginner,Kurunegala,student_2348@student.edu,3.51,remote_only,visual,career_guidance,formal,"English,Tamil",2
S2349,Student_2349,Male,University of Kelaniya,Data Science,1,Cybersecurity,Lecturer,Advanced,Kandy,student_2349@student.edu,3.27,same_university,auditory,networking,structured,English,5
S2350,Student_2350,Female,NSBM,Cybersecurity,2,AI/ML,Lecturer,Advanced,Galle,student_2350@student.edu,2.73,remote_only,auditory,research_guidance,structured,English,2
S2351,Student_2351,Female,SLIIT,SE,1,Cybersecurity,Lecturer,Beginner,Galle,student_2351@student.edu,3.4,same_city,visual,skill_development,flexible,"English,Sinhala",9
S2352,Student_2352,Male,IIT Sri Lanka,SE,2,Software Engineering,Security Analyst,Intermediate,Kandy,student_2352@student.edu,3.37,same_city,reading,skill_development,flexible,"English,Tamil",2
S2353,Student_2353,Female,University of Colombo,CS,2,Business IT,Data Scientist,Beginner,Kurunegala,student_2353@student.edu,2.93,any,auditory,research_guidance,formal,"English,Tamil",9
S2354,Student_2354,Female,SLIIT,SE,4,Networking,Data Scientist,Beginner,Colombo,student_2354@student.edu,3.18,remote_only,reading,networking,flexible,"English,Tamil",2
S2355,Student_2355,Female,NSBM,SE,1,Cybersecurity,Security Analyst,Beginner,Colombo,student_2355@student.edu,3.04,same_city,auditory,job_search,structured,English,8
S2356,Student_2356,Male,University of Moratuwa,IT,3,Cybersecurity,Software Engineer,Advanced,Gampaha,student_2356@student.edu,3.45,remote_only,kinesthetic,networking,structured,"English,Tamil",9
S2357,Student_2357,Male,University of Colombo,Data Science,1,Cybersecurity,Lecturer,Intermediate,Colombo,student_2357@student.edu,3.58,same_university,reading,networking,formal,"English,Tamil",8
S2358,Student_2358,Female,University of Kelaniya,CS,2,Software Engineering,Data Scientist,Advanced,Kurunegala,student_2358@student.edu,3.97,remote_only,kinesthetic,networking,structured,English,2
S2359,Student_2359,Male,University of Peradeniya,Data Science,1,Cybersecurity,Security Analyst,Beginner,Gampaha,student_2359@student.edu,3.84,same_city,reading,job_search,formal,"English,Tamil",1
S2360,Student_2360,Male,University of Moratuwa,SE,4,Business IT,Software Engineer,Advanced,Kandy,student_2360@student.edu,2.55,remote_only,visual,networking,casual,English,6
S2361,Student_2361,Male,University of Peradeniya,Cybersecurity,2,Business IT,Software Engineer,Intermediate,Galle,student_2361@student.edu,2.74,remote_only,auditory,job_search,formal,"English,Sinhala",7
S2362,Student_2362,Male,IIT Sri Lanka,CS,3,Software Engineering,Software Engineer,Beginner,Kandy,student_2362@student.edu,3.76,same_university,visual,research_guidance,structured,"English,Tamil",8
S2363,Student_2363,Female,University of Peradeniya,Cybersecurity,1,Software Engineering,Security Analyst,Intermediate,Colombo,student_2363@student.edu,3.5,remote_only,kinesthetic,research_guidance,flexible,English,3
S2364,Student_2364,Male,NSBM,IT,2,Data Science,Security Analyst,Advanced,Galle,student_2364@student.edu,2.85,same_city,auditory,networking,structured,English,9
S2365,Student_2365,Male,University of Kelaniya,Cybersecurity,2,Business IT,Lecturer,Advanced,Colombo,student_2365@student.edu,2.6,same_city,kinesthetic,networking,casual,"English,Sinhala",8
S2366,Student_2366,Male,IIT Sri Lanka,SE,4,Data Science,Security Analyst,Intermediate,Kurunegala,student_2366@student.edu,3.62,any,kinesthetic,networking,formal,"English,Sinhala",3
S2367,Student_2367,Female,University of Colombo,IT,2,AI/ML,Lecturer,Beginner,Galle,student_2367@student.edu,3.47,same_city,auditory,skill_development,flexible,"English,Tamil",4
S2368,Student_2368,Female,University of Moratuwa,Data Science,4,Cybersecurity,Data Scientist,Intermediate,Kandy,student_2368@student.edu,3.87,same_university,reading,research_guidance,structured,"English,Tamil",8
S2369,Student_2369,Female,University of Peradeniya,Data Science,1,Data Science,Data Scientist,Beginner,Galle,student_2369@student.edu,3.35,same_university,reading,job_search,structured,English,6
S2370,Student_2370,Male,University of Peradeniya,Data Science,3,Software Engineering,Lecturer,Intermediate,Kurunegala,student_2370@student.edu,2.99,same_city,auditory,career_guidance,structured,"English,Tamil",6
S2371,Student_2371,Male,NSBM,Cybersecurity,2,Data Science,Data Scientist,Beginner,Gampaha,student_2371@student.edu,3.22,remote_only,auditory,networking,flexible,English,7
S2372,Student_2372,Female,University of Colombo,CS,1,Data Science,Data Scientist,Advanced,Gampaha,student_2372@student.edu,2.81,same_university,auditory,career_guidance,flexible,English,8
S2373,Student_2373,Male,University of Colombo,CS,3,Business IT,Security Analyst,Beginner,Kurunegala,student_2373@student.edu,3.73,same_university,visual,career_guidance,casual,"English,Sinhala",2
S2374,Student_2374,Male,University of Kelaniya,CS,1,Software Engineering,Lecturer,Intermediate,Colombo,student_2374@student.edu,3.82,same_university,kinesthetic,skill_development,flexible,"English,Sinhala",3
S2375,Student_2375,Female,University of Colombo,Cybersecurity,2,Networking,Software Engineer,Intermediate,Kandy,student_2375@student.edu,3.1,remote_only,visual,career_guidance,formal,"English,Sinhala",2
S2376,Student_2376,Female,IIT Sri Lanka,IT,1,Cybersecurity,Security Analyst,Intermediate,Kurunegala,student_2376@student.edu,2.98,remote_only,visual,research_guidance,structured,"English,Tamil",6
S2377,Student_2377,Male,IIT Sri Lanka,IT,4,Data Science,Lecturer,Beginner,Kandy,student_2377@student.edu,3.21,remote_only,visual,career_guidance,casual,English,6
S2378,Student_2378,Female,University of Peradeniya,CS,3,Data Science,Security Analyst,Intermediate,Kurunegala,student_2378@student.edu,3.08,same_university,visual,skill_development,flexible,English,1
S2379,Student_2379,Female,SLIIT,Cybersecurity,1,Networking,Software Engineer,Advanced,Kurunegala,student_2379@student.edu,2.95,remote_only,kinesthetic,job_search,casual,"English,Sinhala",9
S2380,Student_2380,Female,IIT Sri Lanka,SE,1,Networking,Security Analyst,Beginner,Kurunegala,student_2380@student.edu,3.78,any,kinesthetic,career_guidance,structured,English,9
S2381,Student_2381,Female,University of Colombo,SE,4,Software Engineering,Data Scientist,Intermediate,Kurunegala,student_2381@student.edu,2.93,remote_only,visual,networking,flexible,English,3
S2382,Student_2382,Female,SLIIT,Data Science,2,AI/ML,Security Analyst,Beginner,Kandy,student_2382@student.edu,3.6,any,visual,networking,structured,"English,Tamil",4
S2383,Student_2383,Male,University of Kelaniya,Data Science,3,Data Science,Lecturer,Beginner,Gampaha,student_2383@student.edu,3.21,same_university,visual,career_guidance,flexible,"English,Tamil",9
S2384,Student_2384,Female,SLIIT,Data Science,4,Networking,Lecturer,Beginner,Gampaha,student_2384@student.edu,2.87,remote_only,reading,job_search,formal,"English,Sinhala",1
S2385,Student_2385,Female,University of Moratuwa,IT,1,Software Engineering,Software Engineer,Advanced,Kandy,student_2385@student.edu,2.52,any,reading,job_search,formal,English,5
S2386,Student_2386,Male,University of Colombo,CS,2,AI/ML,Data Scientist,Advanced,Gampaha,student_2386@student.edu,2.83,same_university,visual,career_guidance,flexible,English,3
S2387,Student_2387,Male,University of Colombo,Cybersecurity,2,Data Science,Security Analyst,Beginner,Gampaha,student_2387@student.edu,3.34,same_university,reading,networking,formal,English,7
S2388,Student_2388,Male,University of Moratuwa,Cybersecurity,4,Software Engineering,Software Engineer,Advanced,Gampaha,student_2388@student.edu,3.8,same_city,auditory,skill_development,casual,"English,Tamil",4
S2389,Student_2389,Male,University of Kelaniya,Data Science,2,Cybersecurity,Data Scientist,Beginner,Kandy,student_2389@student.edu,2.75,same_university,reading,career_guidance,formal,"English,Tamil",1
S2390,Student_2390,Female,IIT Sri Lanka,Data Science,1,AI/ML,Data Scientist,Advanced,Kandy,student_2390@student.edu,3.59,remote_only,reading,networking,flexible,English,7
S2391,Student_2391,Female,University of Kelaniya,IT,3,Cybersecurity,Software Engineer,Intermediate,Colombo,student_2391@student.edu,2.98,any,kinesthetic,networking,formal,"English,Sinhala",7
S2392,Student_2392,Female,University of Kelaniya,IT,4,Networking,Lecturer,Intermediate,Galle,student_2392@student.edu,2.87,any,kinesthetic,networking,formal,"English,Tamil",3
S2393,Student_2393,Female,NSBM,SE,1,Data Science,Lecturer,Advanced,Galle,student_2393@student.edu,2.81,remote_only,kinesthetic,networking,casual,"English,Tamil",7
S2394,Student_2394,Female,IIT Sri Lanka,CS,3,Software Engineering,Security Analyst,Intermediate,Colombo,student_2394@student.edu,2.55,same_city,kinesthetic,job_search,structured,"English,Tamil",6
S2395,Student_2395,Male,NSBM,IT,1,Data Science,Software Engineer,Intermediate,Colombo,student_2395@student.edu,2.99,same_university,kinesthetic,research_guidance,structured,"English,Tamil",5
S2396,Student_2396,Male,University of Moratuwa,Data Science,3,Data Science,Data Scientist,Advanced,Kurunegala,student_2396@student.edu,3.8,any,visual,research_guidance,structured,"English,Sinhala",1
S2397,Student_2397,Female,University of Colombo,Cybersecurity,4,Cybersecurity,Data Scientist,Advanced,Kurunegala,student_2397@student.edu,3.29,remote_only,auditory,networking,formal,English,5
S2398,Student_2398,Female,University of Colombo,Cybersecurity,4,Cybersecurity,Security Analyst,Advanced,Kurunegala,student_2398@student.edu,3.04,remote_only,visual,job_search,formal,"English,Sinhala",3
S2399,Student_2399,Female,NSBM,IT,4,Cybersecurity,Security Analyst,Beginner,Colombo,student_2399@student.edu,2.82,same_city,auditory,job_search,flexible,"English,Tamil",2
S2400,Student_2400,Male,SLIIT,SE,1,AI/ML,Data Scientist,Intermediate,Gampaha,student_2400@student.edu,2.87,remote_only,kinesthetic,career_guidance,casual,"English,Tamil",9
S2401,Student_2401,Male,NSBM,CS,4,Cybersecurity,Data Scientist,Beginner,Galle,student_2401@student.edu,3.35,remote_only,kinesthetic,career_guidance,formal,"English,Tamil",3
S2402,Student_2402,Male,University of Moratuwa,IT,2,Software Engineering,Security Analyst,Intermediate,Kurunegala,student_2402@student.edu,3.49,same_city,reading,career_guidance,structured,"English,Sinhala",2
S2403,Student_2403,Female,University of Colombo,Data Science,1,Business IT,Software Engineer,Beginner,Galle,student_2403@student.edu,3.76,any,visual,job_search,formal,"English,Tamil",1
S2404,Student_2404,Female,University of Peradeniya,IT,1,Cybersecurity,Security Analyst,Intermediate,Galle,student_2404@student.edu,2.68,remote_only,auditory,job_search,formal,"English,Sinhala",3
S2405,Student_2405,Female,University of Colombo,Data Science,4,Cybersecurity,Software Engineer,Beginner,Colombo,student_2405@student.edu,2.83,same_city,reading,job_search,flexible,"English,Sinhala",3
S2406,Student_2406,Female,University of Kelaniya,SE,1,Business IT,Lecturer,Intermediate,Colombo,student_2406@student.edu,2.79,same_university,reading,research_guidance,structured,English,9
S2407,Student_2407,Male,University of Colombo,SE,1,Networking,Software Engineer,Beginner,Kurunegala,student_2407@student.edu,3.38,any,visual,networking,formal,English,4
S2408,Student_2408,Male,IIT Sri Lanka,Data Science,4,Cybersecurity,Security Analyst,Advanced,Gampaha,student_2408@student.edu,2.93,same_city,auditory,career_guidance,flexible,"English,Sinhala",6
S2409,Student_2409,Male,NSBM,Data Science,1,AI/ML,Security Analyst,Intermediate,Colombo,student_2409@student.edu,2.77,any,visual,skill_development,casual,"English,Sinhala",5
S2410,Student_2410,Female,SLIIT,Data Science,3,Software Engineering,Security Analyst,Intermediate,Colombo,student_2410@student.edu,3.96,any,visual,networking,structured,"English,Sinhala",1
S2411,Student_2411,Female,SLIIT,Cybersecurity,3,Software Engineering,Software Engineer,Beginner,Kurunegala,student_2411@student.edu,3.66,same_university,visual,job_search,structured,"English,Sinhala",6
S2412,Student_2412,Female,IIT Sri Lanka,SE,2,Networking,Lecturer,Intermediate,Kurunegala,student_2412@student.edu,3.11,same_university,kinesthetic,job_search,structured,"English,Tamil",9
S2413,Student_2413,Male,University of Moratuwa,IT,2,Networking,Security Analyst,Intermediate,Colombo,student_2413@student.edu,3.91,remote_only,visual,skill_development,formal,"English,Sinhala",4
S2414,Student_2414,Male,University of Kelaniya,SE,3,Data Science,Lecturer,Beginner,Gampaha,student_2414@student.edu,3.98,any,auditory,research_guidance,structured,"English,Tamil",6
S2415,Student_2415,Female,SLIIT,Cybersecurity,4,Cybersecurity,Lecturer,Beginner,Kurunegala,student_2415@student.edu,3.03,same_city,reading,skill_development,flexible,"English,Sinhala",1
S2416,Student_2416,Male,NSBM,SE,2,AI/ML,Lecturer,Beginner,Kurunegala,student_2416@student.edu,2.88,same_city,kinesthetic,networking,structured,English,4
S2417,Student_2417,Male,SLIIT,SE,3,Networking,Data Scientist,Advanced,Galle,student_2417@student.edu,3.22,same_city,kinesthetic,career_guidance,formal,"English,Sinhala",3
S2418,Student_2418,Female,University of Colombo,Data Science,1,Data Science,Software Engineer,Beginner,Galle,student_2418@student.edu,2.9,any,kinesthetic,networking,casual,English,8
S2419,Student_2419,Male,University of Kelaniya,Data Science,2,Software Engineering,Data Scientist,Beginner,Kurunegala,student_2419@student.edu,2.93,remote_only,kinesthetic,networking,formal,"English,Sinhala",9
S2420,Student_2420,Female,University of Colombo,Cybersecurity,2,Business IT,Data Scientist,Advanced,Kandy,student_2420@student.edu,3.34,same_university,visual,job_search,structured,English,4
S2421,Student_2421,Male,IIT Sri Lanka,IT,3,Business IT,Lecturer,Intermediate,Gampaha,student_2421@student.edu,3.39,same_university,visual,career_guidance,formal,"English,Sinhala",1
S2422,Student_2422,Male,University of Colombo,Cybersecurity,4,Data Science,Software Engineer,Beginner,Colombo,student_2422@student.edu,3.85,any,reading,skill_development,structured,"English,Tamil",8
S2423,Student_2423,Female,University of Kelaniya,SE,2,Data Science,Data Scientist,Intermediate,Colombo,student_2423@student.edu,3.97,same_university,visual,skill_development,casual,English,5
S2424,Student_2424,Female,University of Moratuwa,Cybersecurity,3,Data Science,Data Scientist,Beginner,Colombo,student_2424@student.edu,2.56,same_university,kinesthetic,skill_development,casual,English,8
S2425,Student_2425,Male,NSBM,CS,3,Data Science,Data Scientist,Beginner,Galle,student_2425@student.edu,2.55,remote_only,visual,career_guidance,structured,"English,Tamil",1
S2426,Student_2426,Male,University of Peradeniya,Cybersecurity,3,Software Engineering,Software Engineer,Advanced,Kurunegala,student_2426@student.edu,3.58,same_university,kinesthetic,job_search,formal,"English,Sinhala",4
S2427,Student_2427,Male,University of Peradeniya,SE,4,Business IT,Security Analyst,Advanced,Galle,student_2427@student.edu,2.69,same_city,reading,research_guidance,formal,"English,Sinhala",8
S2428,Student_2428,Female,University of Colombo,Cybersecurity,2,Networking,Lecturer,Intermediate,Galle,student_2428@student.edu,3.15,any,auditory,research_guidance,casual,English,1
S2429,Student_2429,Female,IIT Sri Lanka,Data Science,1,Networking,Data Scientist,Advanced,Kurunegala,student_2429@student.edu,3.16,same_city,kinesthetic,skill_development,flexible,"English,Tamil",7
S2430,Student_2430,Male,University of Moratuwa,CS,4,Business IT,Lecturer,Beginner,Kurunegala,student_2430@student.edu,2.87,same_city,kinesthetic,career_guidance,casual,"English,Sinhala",5
S2431,Student_2431,Male,University of Peradeniya,Data Science,4,Data Science,Software Engineer,Advanced,Colombo,student_2431@student.edu,3.96,same_city,reading,career_guidance,flexible,"English,Tamil",7
S2432,Student_2432,Male,University of Peradeniya,Cybersecurity,2,Software Engineering,Security Analyst,Advanced,Colombo,student_2432@student.edu,3.09,remote_only,reading,networking,casual,"English,Tamil",8
S2433,Student_2433,Male,SLIIT,SE,3,Software Engineering,Software Engineer,Beginner,Galle,student_2433@student.edu,3.12,any,visual,job_search,structured,"English,Sinhala",1
S2434,Student_2434,Male,IIT Sri Lanka,IT,1,Business IT,Data Scientist,Advanced,Kurunegala,student_2434@student.edu,2.84,any,kinesthetic,skill_development,formal,English,4
S2435,Student_2435,Female,IIT Sri Lanka,IT,1,Business IT,Security Analyst,Beginner,Kandy,student_2435@student.edu,3.02,same_city,kinesthetic,research_guidance,flexible,English,7
S2436,Student_2436,Male,University of Colombo,IT,3,Networking,Lecturer,Advanced,Kurunegala,student_2436@student.edu,2.64,same_city,reading,networking,flexible,English,2
S2437,Student_2437,Female,IIT Sri Lanka,IT,1,Business IT,Security Analyst,Intermediate,Galle,student_2437@student.edu,2.86,same_university,auditory,job_search,structured,"English,Sinhala",5
S2438,Student_2438,Male,University of Moratuwa,Data Science,3,Software Engineering,Software Engineer,Beginner,Gampaha,student_2438@student.edu,2.86,same_city,visual,skill_development,formal,English,1
S2439,Student_2439,Male,University of Moratuwa,SE,2,Business IT,Data Scientist,Advanced,Gampaha,student_2439@student.edu,3.95,any,reading,networking,casual,English,3
S2440,Student_2440,Male,University of Colombo,IT,3,AI/ML,Data Scientist,Beginner,Galle,student_2440@student.edu,3.09,remote_only,visual,networking,formal,"English,Tamil",5
S2441,Student_2441,Male,NSBM,IT,1,Data Science,Data Scientist,Beginner,Colombo,student_2441@student.edu,2.82,same_university,reading,networking,casual,"English,Tamil",6
S2442,Student_2442,Male,University of Peradeniya,CS,2,Networking,Software Engineer,Beginner,Colombo,student_2442@student.edu,3.54,same_city,reading,skill_development,flexible,English,9
S2443,Student_2443,Female,University of Kelaniya,SE,3,Data Science,Lecturer,Advanced,Galle,student_2443@student.edu,3.76,same_city,reading,job_search,flexible,"English,Sinhala",7
S2444,Student_2444,Male,University of Moratuwa,Cybersecurity,4,Software Engineering,Software Engineer,Beginner,Kandy,student_2444@student.edu,3.5,same_city,visual,career_guidance,formal,"English,Sinhala",7
S2445,Student_2445,Female,SLIIT,Data Science,2,Cybersecurity,Lecturer,Advanced,Colombo,student_2445@student.edu,3.77,remote_only,auditory,skill_development,flexible,English,6
S2446,Student_2446,Male,IIT Sri Lanka,SE,4,Data Science,Data Scientist,Beginner,Kandy,student_2446@student.edu,3.82,any,kinesthetic,career_guidance,casual,English,3
S2447,Student_2447,Male,University of Kelaniya,SE,4,AI/ML,Data Scientist,Advanced,Kurunegala,student_2447@student.edu,3.68,same_city,reading,networking,structured,English,4
S2448,Student_2448,Male,IIT Sri Lanka,IT,2,Business IT,Security Analyst,Intermediate,Kurunegala,student_2448@student.edu,3.19,same_university,reading,skill_development,casual,English,1
S2449,Student_2449,Male,University of Peradeniya,IT,3,Business IT,Lecturer,Intermediate,Galle,student_2449@student.edu,3.92,same_university,auditory,skill_development,formal,"English,Tamil",7
S2450,Student_2450,Male,University of Peradeniya,IT,2,Data Science,Data Scientist,Advanced,Kurunegala,student_2450@student.edu,3.97,same_city,reading,skill_development,flexible,"English,Tamil",7
S2451,Student_2451,Female,University of Colombo,SE,4,Networking,Security Analyst,Beginner,Gampaha,student_2451@student.edu,3.64,same_university,auditory,skill_development,structured,"English,Sinhala",6
S2452,Student_2452,Male,University of Moratuwa,Data Science,1,AI/ML,Lecturer,Intermediate,Kurunegala,student_2452@student.edu,2.93,same_university,kinesthetic,job_search,flexible,"English,Tamil",6
S2453,Student_2453,Female,University of Kelaniya,SE,4,Software Engineering,Software Engineer,Intermediate,Kurunegala,student_2453@student.edu,3.47,remote_only,visual,research_guidance,structured,English,3
S2454,Student_2454,Female,NSBM,IT,2,Networking,Data Scientist,Intermediate,Kurunegala,student_2454@student.edu,3.6,same_city,reading,job_search,formal,English,2
S2455,Student_2455,Female,University of Colombo,Cybersecurity,4,Cybersecurity,Software Engineer,Beginner,Colombo,student_2455@student.edu,3.96,same_city,kinesthetic,networking,flexible,English,7
S2456,Student_2456,Female,IIT Sri Lanka,Data Science,3,Software Engineering,Lecturer,Advanced,Galle,student_2456@student.edu,3.04,same_city,kinesthetic,skill_development,casual,English,6
S2457,Student_2457,Male,University of Colombo,IT,2,Software Engineering,Data Scientist,Advanced,Galle,student_2457@student.edu,3.49,same_city,auditory,career_guidance,formal,"English,Sinhala",3
S2458,Student_2458,Male,University of Colombo,Cybersecurity,3,Cybersecurity,Lecturer,Advanced,Galle,student_2458@student.edu,2.54,same_city,visual,career_guidance,structured,English,3
S2459,Student_2459,Female,University of Peradeniya,Data Science,3,Data Science,Lecturer,Advanced,Kandy,student_2459@student.edu,3.67,remote_only,auditory,research_guidance,flexible,English,3
S2460,Student_2460,Female,University of Peradeniya,IT,3,Networking,Security Analyst,Advanced,Kandy,student_2460@student.edu,2.9,same_city,reading,networking,formal,"English,Tamil",6
S2461,Student_2461,Male,University of Peradeniya,Data Science,3,AI/ML,Lecturer,Beginner,Gampaha,student_2461@student.edu,3.23,same_university,auditory,job_search,flexible,"English,Tamil",9
S2462,Student_2462,Male,University of Moratuwa,SE,1,Networking,Software Engineer,Advanced,Kandy,student_2462@student.edu,2.93,remote_only,visual,research_guidance,structured,English,9
S2463,Student_2463,Female,University of Peradeniya,IT,1,Software Engineering,Software Engineer,Beginner,Gampaha,student_2463@student.edu,2.8,remote_only,visual,career_guidance,casual,English,2
S2464,Student_2464,Male,University of Colombo,Cybersecurity,3,Software Engineering,Data Scientist,Advanced,Galle,student_2464@student.edu,3.41,remote_only,visual,research_guidance,formal,"English,Sinhala",3
S2465,Student_2465,Female,University of Moratuwa,Cybersecurity,1,Networking,Lecturer,Intermediate,Kandy,student_2465@student.edu,2.81,same_university,visual,networking,flexible,"English,Tamil",4
S2466,Student_2466,Female,NSBM,CS,1,Networking,Software Engineer,Advanced,Colombo,student_2466@student.edu,2.77,same_university,kinesthetic,research_guidance,casual,"English,Tamil",6
S2467,Student_2467,Female,University of Kelaniya,CS,3,Cybersecurity,Software Engineer,Intermediate,Kurunegala,student_2467@student.edu,3.39,remote_only,reading,job_search,casual,"English,Tamil",2
S2468,Student_2468,Female,NSBM,IT,3,Business IT,Lecturer,Advanced,Colombo,student_2468@student.edu,3.02,any,kinesthetic,job_search,casual,"English,Sinhala",3
S2469,Student_2469,Female,University of Colombo,IT,4,Business IT,Security Analyst,Intermediate,Galle,student_2469@student.edu,2.68,remote_only,visual,skill_development,formal,English,8
S2470,Student_2470,Female,SLIIT,Cybersecurity,3,Networking,Data Scientist,Beginner,Kandy,student_2470@student.edu,2.61,same_university,auditory,skill_development,casual,"English,Tamil",4
S2471,Student_2471,Male,University of Kelaniya,Data Science,4,Data Science,Data Scientist,Advanced,Kandy,student_2471@student.edu,3.07,any,kinesthetic,career_guidance,formal,"English,Sinhala",6
S2472,Student_2472,Female,University of Moratuwa,SE,1,Networking,Lecturer,Advanced,Kurunegala,student_2472@student.edu,2.6,same_university,reading,job_search,casual,"English,Sinhala",5
S2473,Student_2473,Female,University of Kelaniya,SE,4,Data Science,Lecturer,Intermediate,Kandy,student_2473@student.edu,3.93,same_city,auditory,skill_development,flexible,"English,Sinhala",1
S2474,Student_2474,Male,NSBM,CS,4,Software Engineering,Lecturer,Beginner,Kurunegala,student_2474@student.edu,3.11,same_university,reading,research_guidance,flexible,English,4
S2475,Student_2475,Male,IIT Sri Lanka,SE,2,Business IT,Data Scientist,Beginner,Gampaha,student_2475@student.edu,3.09,same_city,reading,job_search,formal,"English,Sinhala",7
S2476,Student_2476,Male,University of Colombo,Cybersecurity,2,Cybersecurity,Software Engineer,Beginner,Galle,student_2476@student.edu,3.36,same_city,auditory,job_search,structured,English,3
S2477,Student_2477,Female,NSBM,IT,2,Data Science,Lecturer,Beginner,Galle,student_2477@student.edu,3.68,remote_only,auditory,networking,structured,"English,Tamil",5
S2478,Student_2478,Female,SLIIT,SE,3,Cybersecurity,Data Scientist,Intermediate,Colombo,student_2478@student.edu,3.3,any,reading,job_search,casual,English,1
S2479,Student_2479,Female,IIT Sri Lanka,Data Science,3,Business IT,Security Analyst,Beginner,Kurunegala,student_2479@student.edu,3.96,same_university,auditory,research_guidance,casual,English,1
S2480,Student_2480,Female,University of Kelaniya,Data Science,1,AI/ML,Software Engineer,Beginner,Kurunegala,student_2480@student.edu,2.74,remote_only,visual,skill_development,structured,English,2
S2481,Student_2481,Male,University of Kelaniya,SE,3,AI/ML,Data Scientist,Advanced,Galle,student_2481@student.edu,2.88,same_city,kinesthetic,skill_development,casual,"English,Sinhala",3
S2482,Student_2482,Male,University of Kelaniya,CS,3,AI/ML,Software Engineer,Intermediate,Kurunegala,student_2482@student.edu,3.75,same_city,kinesthetic,skill_development,flexible,"English,Sinhala",1
S2483,Student_2483,Female,University of Moratuwa,CS,3,Networking,Software Engineer,Advanced,Colombo,student_2483@student.edu,3.19,any,kinesthetic,research_guidance,formal,"English,Sinhala",3
S2484,Student_2484,Male,IIT Sri Lanka,Data Science,3,Data Science,Lecturer,Beginner,Kurunegala,student_2484@student.edu,3.41,any,kinesthetic,skill_development,structured,"English,Sinhala",6
S2485,Student_2485,Male,University of Peradeniya,CS,3,Cybersecurity,Security Analyst,Intermediate,Galle,student_2485@student.edu,2.56,same_university,reading,career_guidance,casual,"English,Tamil",1
S2486,Student_2486,Female,SLIIT,IT,2,Software Engineering,Data Scientist,Intermediate,Colombo,student_2486@student.edu,3.9,same_city,visual,skill_development,structured,English,7
S2487,Student_2487,Female,IIT Sri Lanka,SE,3,Software Engineering,Lecturer,Intermediate,Gampaha,student_2487@student.edu,3.63,remote_only,visual,job_search,formal,"English,Tamil",6
S2488,Student_2488,Male,University of Colombo,CS,3,Software Engineering,Data Scientist,Intermediate,Kurunegala,student_2488@student.edu,3.16,remote_only,visual,skill_development,casual,"English,Tamil",9
S2489,Student_2489,Female,IIT Sri Lanka,Data Science,2,Business IT,Software Engineer,Advanced,Gampaha,student_2489@student.edu,3.95,any,kinesthetic,job_search,structured,"English,Sinhala",9
S2490,Student_2490,Female,University of Colombo,SE,2,Networking,Lecturer,Advanced,Colombo,student_2490@student.edu,2.56,same_university,reading,networking,structured,English,6
S2491,Student_2491,Female,University of Moratuwa,Data Science,3,Software Engineering,Software Engineer,Intermediate,Colombo,student_2491@student.edu,2.69,same_city,visual,career_guidance,structured,"English,Tamil",6
S2492,Student_2492,Male,University of Peradeniya,Data Science,2,AI/ML,Software Engineer,Intermediate,Kurunegala,student_2492@student.edu,3.75,any,kinesthetic,skill_development,formal,"English,Sinhala",7
S2493,Student_2493,Female,IIT Sri Lanka,SE,1,Data Science,Lecturer,Intermediate,Gampaha,student_2493@student.edu,3.52,any,auditory,job_search,flexible,"English,Sinhala",8
S2494,Student_2494,Female,University of Peradeniya,Data Science,2,Networking,Data Scientist,Intermediate,Galle,student_2494@student.edu,3.76,same_city,auditory,skill_development,structured,English,2
S2495,Student_2495,Male,University of Colombo,IT,2,AI/ML,Software Engineer,Advanced,Kurunegala,student_2495@student.edu,2.76,remote_only,reading,research_guidance,flexible,"English,Sinhala",5
S2496,Student_2496,Female,University of Kelaniya,Cybersecurity,3,AI/ML,Lecturer,Advanced,Gampaha,student_2496@student.edu,2.58,same_city,auditory,research_guidance,formal,English,5
S2497,Student_2497,Female,University of Moratuwa,IT,4,Business IT,Lecturer,Intermediate,Gampaha,student_2497@student.edu,3.13,same_university,auditory,job_search,formal,"English,Tamil",1
S2498,Student_2498,Male,University of Peradeniya,CS,1,Software Engineering,Data Scientist,Beginner,Kurunegala,student_2498@student.edu,3.39,same_city,reading,job_search,formal,"English,Tamil",8
S2499,Student_2499,Male,University of Colombo,CS,1,Data Science,Lecturer,Beginner,Colombo,student_2499@student.edu,3.06,any,kinesthetic,job_search,flexible,"English,Tamil",4
S2500,Student_2500,Male,SLIIT,IT,2,Business IT,Data Scientist,Advanced,Galle,student_2500@student.edu,2.66,same_university,reading,job_search,casual,English,2
S2501,Student_2501,Female,IIT Sri Lanka,Data Science,2,Software Engineering,Lecturer,Advanced,Gampaha,student_2501@student.edu,3.3,remote_only,kinesthetic,research_guidance,casual,"English,Tamil",3
S2502,Student_2502,Female,University of Moratuwa,Cybersecurity,1,Networking,Security Analyst,Intermediate,Colombo,student_2502@student.edu,3.89,same_university,reading,skill_development,casual,"English,Sinhala",2
S2503,Student_2503,Female,NSBM,IT,2,Cybersecurity,Data Scientist,Advanced,Galle,student_2503@student.edu,3.94,same_city,reading,networking,structured,"English,Sinhala",1
S2504,Student_2504,Female,University of Moratuwa,SE,4,Networking,Data Scientist,Intermediate,Gampaha,student_2504@student.edu,2.99,remote_only,kinesthetic,career_guidance,flexible,"English,Tamil",8
S2505,Student_2505,Female,University of Peradeniya,IT,4,Data Science,Data Scientist,Intermediate,Gampaha,student_2505@student.edu,3.22,remote_only,auditory,skill_development,casual,"English,Tamil",6
S2506,Student_2506,Female,University of Moratuwa,IT,4,Networking,Software Engineer,Beginner,Kurunegala,student_2506@student.edu,2.62,remote_only,kinesthetic,career_guidance,flexible,"English,Tamil",5
S2507,Student_2507,Male,NSBM,CS,4,Networking,Lecturer,Intermediate,Colombo,student_2507@student.edu,3.38,any,kinesthetic,research_guidance,structured,"English,Sinhala",4
S2508,Student_2508,Female,University of Peradeniya,CS,1,Software Engineering,Software Engineer,Beginner,Galle,student_2508@student.edu,2.85,remote_only,visual,research_guidance,formal,English,6
S2509,Student_2509,Female,University of Peradeniya,SE,2,Software Engineering,Software Engineer,Beginner,Gampaha,student_2509@student.edu,3.05,remote_only,kinesthetic,job_search,casual,"English,Sinhala",4
S2510,Student_2510,Female,NSBM,Data Science,2,Business IT,Data Scientist,Advanced,Gampaha,student_2510@student.edu,2.68,same_university,auditory,networking,formal,English,6
S2511,Student_2511,Male,SLIIT,SE,2,Networking,Data Scientist,Advanced,Colombo,student_2511@student.edu,3.3,same_university,auditory,career_guidance,structured,English,9
S2512,Student_2512,Male,University of Moratuwa,Data Science,2,AI/ML,Lecturer,Beginner,Kandy,student_2512@student.edu,2.66,any,visual,job_search,structured,"English,Tamil",4
S2513,Student_2513,Male,University of Peradeniya,Cybersecurity,4,AI/ML,Lecturer,Intermediate,Colombo,student_2513@student.edu,3.26,same_city,kinesthetic,skill_development,casual,English,9
S2514,Student_2514,Male,NSBM,Data Science,1,Business IT,Security Analyst,Beginner,Kandy,student_2514@student.edu,3.0,any,auditory,career_guidance,formal,"English,Tamil",9
S2515,Student_2515,Female,IIT Sri Lanka,SE,3,Software Engineering,Security Analyst,Advanced,Gampaha,student_2515@student.edu,3.95,any,reading,research_guidance,formal,"English,Sinhala",5
S2516,Student_2516,Male,University of Kelaniya,IT,4,AI/ML,Software Engineer,Beginner,Gampaha,student_2516@student.edu,2.59,any,reading,career_guidance,casual,"English,Tamil",8
S2517,Student_2517,Female,IIT Sri Lanka,Data Science,3,AI/ML,Software Engineer,Beginner,Kurunegala,student_2517@student.edu,2.84,any,reading,career_guidance,formal,"English,Tamil",5
S2518,Student_2518,Female,IIT Sri Lanka,IT,3,Business IT,Data Scientist,Advanced,Colombo,student_2518@student.edu,3.06,any,reading,job_search,structured,English,3
S2519,Student_2519,Female,IIT Sri Lanka,CS,4,Cybersecurity,Security Analyst,Intermediate,Kandy,student_2519@student.edu,2.94,remote_only,visual,skill_development,structured,"English,Tamil",5
S2520,Student_2520,Male,University of Moratuwa,IT,1,Networking,Data Scientist,Intermediate,Colombo,student_2520@student.edu,2.78,same_city,kinesthetic,skill_development,flexible,"English,Tamil",1
S2521,Student_2521,Male,University of Moratuwa,SE,4,Business IT,Security Analyst,Beginner,Kandy,student_2521@student.edu,3.4,remote_only,reading,career_guidance,structured,"English,Sinhala",8
S2522,Student_2522,Female,University of Kelaniya,Data Science,4,Business IT,Lecturer,Beginner,Colombo,student_2522@student.edu,2.84,remote_only,visual,skill_development,structured,"English,Tamil",8
S2523,Student_2523,Female,SLIIT,SE,1,AI/ML,Lecturer,Beginner,Colombo,student_2523@student.edu,3.2,same_university,auditory,skill_development,formal,"English,Tamil",8
S2524,Student_2524,Female,IIT Sri Lanka,SE,2,AI/ML,Data Scientist,Beginner,Kandy,student_2524@student.edu,3.13,remote_only,auditory,research_guidance,structured,English,6
S2525,Student_2525,Female,University of Colombo,Cybersecurity,3,Business IT,Data Scientist,Intermediate,Galle,student_2525@student.edu,3.32,any,auditory,research_guidance,formal,"English,Sinhala",1
S2526,Student_2526,Female,University of Kelaniya,SE,2,AI/ML,Data Scientist,Intermediate,Colombo,student_2526@student.edu,2.86,remote_only,auditory,job_search,structured,English,6
S2527,Student_2527,Male,University of Peradeniya,SE,1,Software Engineering,Security Analyst,Intermediate,Galle,student_2527@student.edu,2.56,same_university,kinesthetic,research_guidance,flexible,"English,Tamil",5
S2528,Student_2528,Male,University of Moratuwa,CS,3,Networking,Security Analyst,Intermediate,Gampaha,student_2528@student.edu,2.96,same_university,kinesthetic,networking,flexible,"English,Sinhala",3
S2529,Student_2529,Female,University of Kelaniya,Cybersecurity,3,Data Science,Data Scientist,Beginner,Kandy,student_2529@student.edu,3.52,remote_only,reading,networking,structured,"English,Sinhala",2
S2530,Student_2530,Female,University of Peradeniya,Cybersecurity,3,Data Science,Software Engineer,Beginner,Colombo,student_2530@student.edu,2.53,same_city,auditory,research_guidance,casual,English,4
S2531,Student_2531,Male,University of Peradeniya,CS,1,Business IT,Security Analyst,Beginner,Gampaha,student_2531@student.edu,2.79,any,visual,research_guidance,flexible,English,7
S2532,Student_2532,Female,IIT Sri Lanka,Data Science,3,Networking,Data Scientist,Advanced,Kandy,student_2532@student.edu,3.05,same_city,auditory,skill_development,structured,"English,Tamil",4
S2533,Student_2533,Female,University of Kelaniya,IT,1,Software Engineering,Software Engineer,Beginner,Colombo,student_2533@student.edu,2.6,same_city,visual,networking,casual,English,5
S2534,Student_2534,Female,University of Peradeniya,SE,3,Software Engineering,Lecturer,Beginner,Kandy,student_2534@student.edu,3.96,any,visual,research_guidance,casual,"English,Sinhala",7
S2535,Student_2535,Male,University of Kelaniya,Cybersecurity,1,Networking,Lecturer,Intermediate,Kandy,student_2535@student.edu,2.84,same_city,reading,skill_development,flexible,"English,Sinhala",8
S2536,Student_2536,Female,University of Peradeniya,Data Science,1,Business IT,Software Engineer,Beginner,Kandy,student_2536@student.edu,2.75,remote_only,auditory,networking,flexible,"English,Sinhala",7
S2537,Student_2537,Male,NSBM,SE,4,Software Engineering,Software Engineer,Advanced,Galle,student_2537@student.edu,2.73,any,reading,research_guidance,casual,"English,Tamil",3
S2538,Student_2538,Male,University of Kelaniya,CS,3,AI/ML,Data Scientist,Advanced,Kurunegala,student_2538@student.edu,2.66,remote_only,auditory,research_guidance,structured,English,8
S2539,Student_2539,Female,University of Moratuwa,Cybersecurity,4,Networking,Security Analyst,Intermediate,Gampaha,student_2539@student.edu,3.07,any,visual,career_guidance,casual,"English,Tamil",9
S2540,Student_2540,Male,SLIIT,SE,1,Cybersecurity,Data Scientist,Beginner,Gampaha,student_2540@student.edu,2.96,same_university,kinesthetic,networking,flexible,"English,Sinhala",4
S2541,Student_2541,Female,University of Colombo,IT,1,AI/ML,Data Scientist,Intermediate,Gampaha,student_2541@student.edu,2.82,any,reading,networking,casual,"English,Sinhala",9
S2542,Student_2542,Female,University of Peradeniya,CS,3,Data Science,Lecturer,Beginner,Gampaha,student_2542@student.edu,2.78,same_city,auditory,networking,formal,"English,Sinhala",2
S2543,Student_2543,Female,University of Peradeniya,CS,2,Business IT,Lecturer,Beginner,Colombo,student_2543@student.edu,3.6,same_city,auditory,job_search,structured,"English,Sinhala",9
S2544,Student_2544,Male,University of Colombo,IT,2,Business IT,Lecturer,Intermediate,Kandy,student_2544@student.edu,3.65,same_university,reading,research_guidance,formal,"English,Tamil",2
S2545,Student_2545,Female,University of Peradeniya,Cybersecurity,2,Software Engineering,Lecturer,Advanced,Galle,student_2545@student.edu,2.69,same_university,reading,research_guidance,structured,"English,Sinhala",6
S2546,Student_2546,Male,IIT Sri Lanka,SE,4,Business IT,Data Scientist,Advanced,Gampaha,student_2546@student.edu,2.96,remote_only,visual,research_guidance,flexible,English,1
S2547,Student_2547,Male,University of Peradeniya,SE,2,Software Engineering,Software Engineer,Beginner,Gampaha,student_2547@student.edu,3.02,same_city,auditory,career_guidance,structured,"English,Sinhala",6
S2548,Student_2548,Male,SLIIT,SE,3,Cybersecurity,Software Engineer,Intermediate,Kandy,student_2548@student.edu,3.94,same_city,reading,networking,flexible,"English,Tamil",4
S2549,Student_2549,Male,University of Peradeniya,SE,3,Business IT,Lecturer,Intermediate,Galle,student_2549@student.edu,3.15,same_university,kinesthetic,career_guidance,casual,"English,Sinhala",8
S2550,Student_2550,Female,University of Moratuwa,IT,2,Business IT,Software Engineer,Intermediate,Kurunegala,student_2550@student.edu,3.23,same_city,visual,networking,flexible,"English,Sinhala",8
S2551,Student_2551,Female,University of Moratuwa,CS,4,Data Science,Software Engineer,Beginner,Colombo,student_2551@student.edu,3.26,same_university,kinesthetic,networking,formal,English,1
S2552,Student_2552,Female,University of Kelaniya,Cybersecurity,4,Networking,Security Analyst,Beginner,Colombo,student_2552@student.edu,2.6,remote_only,auditory,skill_development,formal,"English,Tamil",4
S2553,Student_2553,Male,University of Peradeniya,SE,1,Business IT,Security Analyst,Beginner,Galle,student_2553@student.edu,3.75,same_university,visual,skill_development,casual,English,8
S2554,Student_2554,Female,SLIIT,SE,4,Data Science,Data Scientist,Advanced,Kurunegala,student_2554@student.edu,3.29,remote_only,visual,career_guidance,flexible,"English,Tamil",1
S2555,Student_2555,Male,University of Peradeniya,IT,1,Data Science,Security Analyst,Beginner,Kandy,student_2555@student.edu,2.73,same_city,auditory,skill_development,casual,"English,Tamil",1
S2556,Student_2556,Male,University of Colombo,Cybersecurity,4,Business IT,Software Engineer,Beginner,Gampaha,student_2556@student.edu,2.56,same_city,auditory,research_guidance,structured,English,9
S2557,Student_2557,Female,University of Moratuwa,IT,1,Networking,Security Analyst,Beginner,Colombo,student_2557@student.edu,3.51,remote_only,reading,career_guidance,casual,English,3
S2558,Student_2558,Female,University of Kelaniya,Data Science,3,Business IT,Software Engineer,Advanced,Galle,student_2558@student.edu,2.89,any,reading,career_guidance,structured,English,2
S2559,Student_2559,Male,University of Peradeniya,IT,1,Networking,Security Analyst,Intermediate,Gampaha,student_2559@student.edu,2.82,same_university,reading,career_guidance,structured,"English,Sinhala",1
S2560,Student_2560,Male,SLIIT,Cybersecurity,1,Software Engineering,Data Scientist,Intermediate,Galle,student_2560@student.edu,3.91,remote_only,auditory,research_guidance,casual,English,8
S2561,Student_2561,Female,University of Kelaniya,SE,4,Cybersecurity,Data Scientist,Intermediate,Kandy,student_2561@student.edu,2.82,same_city,reading,research_guidance,flexible,"English,Sinhala",3
S2562,Student_2562,Female,NSBM,Data Science,3,AI/ML,Security Analyst,Beginner,Colombo,student_2562@student.edu,3.78,any,auditory,networking,formal,"English,Sinhala",7
S2563,Student_2563,Male,University of Kelaniya,IT,1,Cybersecurity,Security Analyst,Beginner,Colombo,student_2563@student.edu,3.68,same_university,kinesthetic,networking,formal,"English,Sinhala",9
S2564,Student_2564,Male,University of Peradeniya,Data Science,2,Networking,Lecturer,Advanced,Kurunegala,student_2564@student.edu,3.09,same_university,auditory,research_guidance,casual,English,6
S2565,Student_2565,Male,IIT Sri Lanka,SE,3,Software Engineering,Software Engineer,Intermediate,Gampaha,student_2565@student.edu,2.74,remote_only,auditory,skill_development,structured,"English,Tamil",2
S2566,Student_2566,Female,University of Moratuwa,Data Science,2,Software Engineering,Data Scientist,Advanced,Galle,student_2566@student.edu,3.45,same_university,kinesthetic,career_guidance,flexible,English,4
S2567,Student_2567,Female,SLIIT,IT,2,Cybersecurity,Software Engineer,Advanced,Gampaha,student_2567@student.edu,3.85,same_university,auditory,networking,casual,English,6
S2568,Student_2568,Male,University of Kelaniya,Cybersecurity,1,Data Science,Security Analyst,Advanced,Kandy,student_2568@student.edu,2.53,any,kinesthetic,networking,casual,"English,Tamil",1
S2569,Student_2569,Female,University of Moratuwa,CS,4,Business IT,Software Engineer,Intermediate,Colombo,student_2569@student.edu,2.61,any,kinesthetic,career_guidance,flexible,"English,Tamil",9
S2570,Student_2570,Female,University of Moratuwa,Data Science,4,Networking,Security Analyst,Advanced,Kandy,student_2570@student.edu,3.85,same_city,visual,networking,structured,"English,Tamil",4
S2571,Student_2571,Male,NSBM,CS,2,AI/ML,Lecturer,Beginner,Galle,student_2571@student.edu,2.77,same_city,auditory,job_search,flexible,"English,Sinhala",7
S2572,Student_2572,Male,University of Peradeniya,IT,4,AI/ML,Security Analyst,Beginner,Kandy,student_2572@student.edu,2.89,any,reading,job_search,flexible,"English,Sinhala",6
S2573,Student_2573,Male,University of Kelaniya,SE,4,Business IT,Lecturer,Advanced,Kurunegala,student_2573@student.edu,2.86,same_city,auditory,research_guidance,casual,English,7
S2574,Student_2574,Male,NSBM,Cybersecurity,2,Software Engineering,Lecturer,Intermediate,Kurunegala,student_2574@student.edu,2.84,same_city,reading,career_guidance,casual,"English,Sinhala",9
S2575,Student_2575,Male,IIT Sri Lanka,CS,3,Networking,Data Scientist,Intermediate,Galle,student_2575@student.edu,3.07,same_city,reading,research_guidance,structured,"English,Sinhala",8
S2576,Student_2576,Female,NSBM,Data Science,4,Software Engineering,Software Engineer,Intermediate,Kurunegala,student_2576@student.edu,3.81,remote_only,auditory,job_search,casual,"English,Sinhala",1
S2577,Student_2577,Male,SLIIT,IT,2,Data Science,Lecturer,Intermediate,Gampaha,student_2577@student.edu,3.32,same_university,kinesthetic,networking,flexible,English,1
S2578,Student_2578,Female,University of Peradeniya,Data Science,3,AI/ML,Security Analyst,Beginner,Kurunegala,student_2578@student.edu,3.27,remote_only,auditory,networking,formal,"English,Tamil",6
S2579,Student_2579,Male,University of Kelaniya,CS,1,Cybersecurity,Lecturer,Advanced,Kurunegala,student_2579@student.edu,2.53,same_city,auditory,career_guidance,formal,"English,Sinhala",1
S2580,Student_2580,Male,University of Moratuwa,IT,1,Data Science,Lecturer,Intermediate,Gampaha,student_2580@student.edu,3.19,same_city,auditory,research_guidance,structured,English,9
S2581,Student_2581,Female,University of Colombo,Data Science,2,Business IT,Software Engineer,Intermediate,Kurunegala,student_2581@student.edu,3.26,any,reading,career_guidance,formal,English,3
S2582,Student_2582,Male,University of Colombo,CS,4,Business IT,Data Scientist,Advanced,Gampaha,student_2582@student.edu,3.1,remote_only,auditory,research_guidance,casual,"English,Tamil",6
S2583,Student_2583,Female,University of Moratuwa,CS,3,AI/ML,Lecturer,Advanced,Gampaha,student_2583@student.edu,3.21,any,auditory,job_search,casual,"English,Sinhala",2
S2584,Student_2584,Male,NSBM,CS,3,Networking,Data Scientist,Beginner,Kurunegala,student_2584@student.edu,2.92,remote_only,visual,skill_development,flexible,"English,Sinhala",6
S2585,Student_2585,Female,SLIIT,Data Science,2,Cybersecurity,Data Scientist,Beginner,Kandy,student_2585@student.edu,2.92,same_city,reading,career_guidance,casual,"English,Tamil",6
S2586,Student_2586,Female,University of Peradeniya,IT,3,Business IT,Lecturer,Intermediate,Kandy,student_2586@student.edu,3.56,remote_only,kinesthetic,skill_development,casual,"English,Sinhala",5
S2587,Student_2587,Female,University of Moratuwa,Data Science,2,Cybersecurity,Lecturer,Beginner,Colombo,student_2587@student.edu,3.44,any,auditory,career_guidance,formal,English,3
S2588,Student_2588,Female,NSBM,Cybersecurity,3,Cybersecurity,Security Analyst,Intermediate,Kandy,student_2588@student.edu,3.47,any,visual,skill_development,structured,"English,Tamil",1
S2589,Student_2589,Female,University of Peradeniya,SE,4,AI/ML,Data Scientist,Intermediate,Colombo,student_2589@student.edu,3.16,same_university,kinesthetic,career_guidance,structured,English,7
S2590,Student_2590,Male,University of Kelaniya,CS,4,Business IT,Security Analyst,Advanced,Gampaha,student_2590@student.edu,2.85,any,reading,research_guidance,flexible,"English,Tamil",8
S2591,Student_2591,Female,NSBM,SE,2,AI/ML,Data Scientist,Advanced,Kandy,student_2591@student.edu,3.53,remote_only,reading,networking,casual,"English,Tamil",7
S2592,Student_2592,Male,University of Moratuwa,Cybersecurity,3,Business IT,Lecturer,Advanced,Gampaha,student_2592@student.edu,2.92,same_city,visual,skill_development,structured,"English,Tamil",2
S2593,Student_2593,Male,NSBM,IT,3,AI/ML,Security Analyst,Beginner,Gampaha,student_2593@student.edu,2.55,remote_only,reading,skill_development,formal,"English,Tamil",7
S2594,Student_2594,Female,University of Moratuwa,Data Science,3,Cybersecurity,Software Engineer,Intermediate,Colombo,student_2594@student.edu,3.39,same_city,visual,skill_development,flexible,"English,Tamil",5
S2595,Student_2595,Female,SLIIT,Cybersecurity,2,Data Science,Lecturer,Intermediate,Kurunegala,student_2595@student.edu,3.11,same_city,kinesthetic,networking,structured,"English,Tamil",2
S2596,Student_2596,Female,NSBM,Cybersecurity,2,Business IT,Software Engineer,Beginner,Galle,student_2596@student.edu,2.52,same_city,kinesthetic,networking,casual,"English,Sinhala",9
S2597,Student_2597,Male,University of Kelaniya,Cybersecurity,4,Business IT,Data Scientist,Advanced,Galle,student_2597@student.edu,3.11,any,kinesthetic,job_search,casual,English,9
S2598,Student_2598,Female,SLIIT,CS,3,AI/ML,Software Engineer,Beginner,Kurunegala,student_2598@student.edu,3.96,any,auditory,career_guidance,formal,"English,Tamil",6
S2599,Student_2599,Male,University of Colombo,SE,4,Networking,Software Engineer,Advanced,Colombo,student_2599@student.edu,3.81,any,visual,career_guidance,structured,"English,Tamil",7
S2600,Student_2600,Female,University of Colombo,Data Science,3,Cybersecurity,Data Scientist,Intermediate,Colombo,student_2600@student.edu,2.9,same_university,auditory,research_guidance,casual,"English,Tamil",3
S2601,Student_2601,Male,IIT Sri Lanka,Data Science,4,Networking,Software Engineer,Beginner,Galle,student_2601@student.edu,3.83,any,reading,career_guidance,flexible,"English,Sinhala",7
S2602,Student_2602,Female,University of Colombo,Data Science,4,AI/ML,Data Scientist,Advanced,Galle,student_2602@student.edu,3.02,same_city,auditory,networking,structured,"English,Tamil",2
S2603,Student_2603,Male,IIT Sri Lanka,Cybersecurity,1,Cybersecurity,Data Scientist,Intermediate,Colombo,student_2603@student.edu,3.56,same_city,reading,networking,flexible,English,9
S2604,Student_2604,Male,SLIIT,IT,1,Software Engineering,Data Scientist,Advanced,Colombo,student_2604@student.edu,3.77,same_city,kinesthetic,career_guidance,flexible,"English,Sinhala",1
S2605,Student_2605,Male,SLIIT,Cybersecurity,1,Networking,Data Scientist,Intermediate,Kandy,student_2605@student.edu,2.75,remote_only,visual,job_search,formal,"English,Sinhala",4
S2606,Student_2606,Female,SLIIT,Data Science,4,AI/ML,Security Analyst,Advanced,Kandy,student_2606@student.edu,2.57,same_university,visual,networking,structured,English,5
S2607,Student_2607,Female,IIT Sri Lanka,Data Science,2,Data Science,Security Analyst,Beginner,Kurunegala,student_2607@student.edu,2.88,same_city,visual,job_search,casual,"English,Tamil",1
S2608,Student_2608,Male,University of Kelaniya,CS,2,Software Engineering,Security Analyst,Advanced,Colombo,student_2608@student.edu,3.42,any,visual,networking,casual,"English,Tamil",6
S2609,Student_2609,Female,NSBM,CS,1,Data Science,Software Engineer,Advanced,Gampaha,student_2609@student.edu,3.48,same_city,auditory,job_search,casual,"English,Sinhala",2
S2610,Student_2610,Female,NSBM,Data Science,2,Data Science,Software Engineer,Intermediate,Colombo,student_2610@student.edu,2.63,same_city,kinesthetic,research_guidance,flexible,"English,Tamil",5
S2611,Student_2611,Male,University of Colombo,Data Science,1,Data Science,Data Scientist,Advanced,Kandy,student_2611@student.edu,3.58,remote_only,kinesthetic,career_guidance,structured,English,7
S2612,Student_2612,Male,University of Colombo,CS,3,AI/ML,Software Engineer,Advanced,Kurunegala,student_2612@student.edu,3.79,any,auditory,research_guidance,structured,"English,Sinhala",2
S2613,Student_2613,Male,SLIIT,Cybersecurity,1,Networking,Software Engineer,Beginner,Galle,student_2613@student.edu,3.67,same_city,visual,research_guidance,formal,"English,Sinhala",8
S2614,Student_2614,Male,University of Moratuwa,Cybersecurity,2,Data Science,Lecturer,Intermediate,Kurunegala,student_2614@student.edu,2.59,same_university,auditory,job_search,structured,"English,Tamil",6
S2615,Student_2615,Male,University of Colombo,Data Science,3,Software Engineering,Lecturer,Advanced,Kandy,student_2615@student.edu,3.1,same_university,kinesthetic,skill_development,casual,English,3
S2616,Student_2616,Female,NSBM,IT,3,AI/ML,Data Scientist,Beginner,Gampaha,student_2616@student.edu,3.4,same_city,kinesthetic,networking,formal,English,8
S2617,Student_2617,Male,University of Moratuwa,CS,1,Software Engineering,Lecturer,Advanced,Kandy,student_2617@student.edu,3.22,same_city,visual,networking,structured,English,9
S2618,Student_2618,Male,University of Moratuwa,SE,4,Networking,Lecturer,Intermediate,Gampaha,student_2618@student.edu,3.67,same_university,kinesthetic,research_guidance,flexible,English,9
S2619,Student_2619,Male,SLIIT,Cybersecurity,4,Software Engineering,Security Analyst,Intermediate,Kurunegala,student_2619@student.edu,3.38,same_university,auditory,research_guidance,formal,English,3
S2620,Student_2620,Male,NSBM,IT,4,Networking,Security Analyst,Beginner,Gampaha,student_2620@student.edu,3.64,same_city,visual,networking,formal,English,1
S2621,Student_2621,Female,University of Moratuwa,Data Science,4,Cybersecurity,Security Analyst,Beginner,Galle,student_2621@student.edu,2.63,any,kinesthetic,skill_development,structured,"English,Tamil",4
S2622,Student_2622,Female,University of Colombo,CS,1,Business IT,Software Engineer,Intermediate,Kurunegala,student_2622@student.edu,2.81,same_city,reading,networking,structured,"English,Sinhala",1
S2623,Student_2623,Female,IIT Sri Lanka,Data Science,3,Networking,Security Analyst,Beginner,Kandy,student_2623@student.edu,3.79,same_city,visual,research_guidance,casual,"English,Tamil",5
S2624,Student_2624,Female,University of Moratuwa,CS,4,Cybersecurity,Data Scientist,Intermediate,Gampaha,student_2624@student.edu,2.64,remote_only,visual,job_search,casual,English,1
S2625,Student_2625,Female,University of Peradeniya,Cybersecurity,2,AI/ML,Software Engineer,Intermediate,Galle,student_2625@student.edu,2.69,remote_only,auditory,research_guidance,formal,English,7
S2626,Student_2626,Female,University of Moratuwa,IT,1,AI/ML,Security Analyst,Intermediate,Galle,student_2626@student.edu,3.68,remote_only,reading,networking,flexible,"English,Tamil",6
S2627,Student_2627,Female,IIT Sri Lanka,IT,2,Data Science,Software Engineer,Beginner,Gampaha,student_2627@student.edu,3.61,same_university,reading,research_guidance,structured,"English,Sinhala",1
S2628,Student_2628,Male,University of Colombo,CS,4,Networking,Lecturer,Intermediate,Colombo,student_2628@student.edu,3.75,same_city,visual,research_guidance,flexible,"English,Tamil",2
S2629,Student_2629,Female,SLIIT,Data Science,4,AI/ML,Security Analyst,Intermediate,Galle,student_2629@student.edu,3.26,remote_only,reading,job_search,casual,English,1
S2630,Student_2630,Male,University of Colombo,IT,4,Networking,Security Analyst,Advanced,Colombo,student_2630@student.edu,2.53,same_city,kinesthetic,research_guidance,structured,English,5
S2631,Student_2631,Male,University of Moratuwa,SE,4,Software Engineering,Data Scientist,Beginner,Kurunegala,student_2631@student.edu,3.89,same_university,reading,research_guidance,casual,English,4
S2632,Student_2632,Male,NSBM,SE,1,Data Science,Software Engineer,Advanced,Kandy,student_2632@student.edu,3.71,same_city,kinesthetic,skill_development,formal,"English,Sinhala",3
S2633,Student_2633,Female,University of Peradeniya,IT,2,Networking,Software Engineer,Advanced,Gampaha,student_2633@student.edu,3.82,same_city,kinesthetic,career_guidance,formal,English,5
S2634,Student_2634,Male,University of Colombo,IT,3,Business IT,Data Scientist,Beginner,Galle,student_2634@student.edu,2.57,remote_only,auditory,research_guidance,casual,"English,Sinhala",7
S2635,Student_2635,Male,University of Colombo,SE,1,Software Engineering,Software Engineer,Intermediate,Gampaha,student_2635@student.edu,3.22,same_university,reading,skill_development,flexible,English,7
S2636,Student_2636,Female,NSBM,CS,2,Networking,Security Analyst,Advanced,Kandy,student_2636@student.edu,3.24,same_city,auditory,research_guidance,flexible,"English,Sinhala",2
S2637,Student_2637,Male,University of Peradeniya,Cybersecurity,1,Data Science,Data Scientist,Intermediate,Colombo,student_2637@student.edu,2.96,same_university,visual,job_search,structured,"English,Sinhala",9
S2638,Student_2638,Female,University of Moratuwa,SE,4,Software Engineering,Security Analyst,Advanced,Kurunegala,student_2638@student.edu,3.37,remote_only,visual,skill_development,formal,"English,Sinhala",8
S2639,Student_2639,Female,University of Moratuwa,CS,2,Business IT,Data Scientist,Beginner,Colombo,student_2639@student.edu,2.66,same_university,reading,networking,structured,"English,Sinhala",8
S2640,Student_2640,Female,NSBM,IT,3,Networking,Lecturer,Advanced,Kandy,student_2640@student.edu,2.91,same_city,kinesthetic,networking,flexible,English,2
S2641,Student_2641,Male,IIT Sri Lanka,Cybersecurity,4,Data Science,Software Engineer,Advanced,Galle,student_2641@student.edu,3.63,remote_only,reading,research_guidance,flexible,"English,Sinhala",5
S2642,Student_2642,Male,SLIIT,Data Science,3,Software Engineering,Lecturer,Beginner,Galle,student_2642@student.edu,2.71,any,auditory,research_guidance,formal,"English,Sinhala",8
S2643,Student_2643,Female,IIT Sri Lanka,IT,3,Networking,Software Engineer,Beginner,Gampaha,student_2643@student.edu,2.99,same_city,kinesthetic,job_search,structured,"English,Tamil",4
S2644,Student_2644,Female,SLIIT,IT,2,Networking,Data Scientist,Advanced,Galle,student_2644@student.edu,3.23,any,kinesthetic,career_guidance,flexible,English,1
S2645,Student_2645,Female,SLIIT,IT,2,Software Engineering,Software Engineer,Beginner,Colombo,student_2645@student.edu,2.68,same_university,reading,career_guidance,formal,English,3
S2646,Student_2646,Male,IIT Sri Lanka,Data Science,3,Cybersecurity,Security Analyst,Beginner,Gampaha,student_2646@student.edu,3.54,any,kinesthetic,job_search,structured,English,1
S2647,Student_2647,Female,University of Moratuwa,Data Science,4,Software Engineering,Software Engineer,Beginner,Kandy,student_2647@student.edu,3.15,same_city,kinesthetic,skill_development,formal,"English,Sinhala",5
S2648,Student_2648,Male,University of Kelaniya,Data Science,4,Cybersecurity,Lecturer,Intermediate,Kandy,student_2648@student.edu,3.03,any,auditory,skill_development,flexible,"English,Sinhala",1
S2649,Student_2649,Male,University of Kelaniya,Cybersecurity,1,AI/ML,Data Scientist,Intermediate,Colombo,student_2649@student.edu,3.33,remote_only,kinesthetic,skill_development,flexible,"English,Tamil",4
S2650,Student_2650,Female,SLIIT,CS,4,Data Science,Data Scientist,Beginner,Colombo,student_2650@student.edu,2.54,same_city,visual,networking,structured,English,7
S2651,Student_2651,Male,NSBM,Data Science,4,Software Engineering,Security Analyst,Intermediate,Galle,student_2651@student.edu,2.72,same_city,auditory,job_search,flexible,English,9
S2652,Student_2652,Female,University of Moratuwa,SE,4,Cybersecurity,Software Engineer,Beginner,Gampaha,student_2652@student.edu,3.05,any,kinesthetic,skill_development,structured,"English,Sinhala",9
S2653,Student_2653,Female,University of Peradeniya,Cybersecurity,2,Networking,Lecturer,Intermediate,Gampaha,student_2653@student.edu,3.39,same_city,reading,research_guidance,casual,"English,Tamil",4
S2654,Student_2654,Female,University of Moratuwa,Cybersecurity,3,Software Engineering,Lecturer,Advanced,Kandy,student_2654@student.edu,2.56,same_university,kinesthetic,career_guidance,flexible,English,4
S2655,Student_2655,Female,NSBM,Data Science,4,AI/ML,Software Engineer,Intermediate,Galle,student_2655@student.edu,3.65,same_university,visual,skill_development,formal,English,4
S2656,Student_2656,Male,University of Peradeniya,SE,2,Data Science,Lecturer,Beginner,Gampaha,student_2656@student.edu,3.57,same_city,kinesthetic,research_guidance,formal,"English,Tamil",5
S2657,Student_2657,Male,University of Moratuwa,Data Science,4,Cybersecurity,Software Engineer,Beginner,Kurunegala,student_2657@student.edu,2.88,same_university,visual,job_search,formal,"English,Tamil",3
S2658,Student_2658,Female,University of Peradeniya,SE,3,Business IT,Security Analyst,Advanced,Colombo,student_2658@student.edu,3.98,any,reading,research_guidance,structured,"English,Sinhala",3
S2659,Student_2659,Male,University of Moratuwa,SE,3,Software Engineering,Software Engineer,Advanced,Kandy,student_2659@student.edu,3.3,any,auditory,career_guidance,casual,"English,Sinhala",2
S2660,Student_2660,Female,SLIIT,SE,2,Data Science,Security Analyst,Beginner,Gampaha,student_2660@student.edu,3.14,remote_only,visual,job_search,casual,"English,Tamil",6
S2661,Student_2661,Male,University of Peradeniya,Cybersecurity,4,Software Engineering,Lecturer,Intermediate,Gampaha,student_2661@student.edu,3.48,same_city,kinesthetic,research_guidance,structured,"English,Sinhala",8
S2662,Student_2662,Female,University of Peradeniya,Cybersecurity,2,Data Science,Security Analyst,Advanced,Colombo,student_2662@student.edu,3.91,same_city,reading,research_guidance,structured,"English,Tamil",4
S2663,Student_2663,Female,NSBM,SE,4,Cybersecurity,Software Engineer,Advanced,Colombo,student_2663@student.edu,3.58,same_city,reading,job_search,structured,"English,Sinhala",2
S2664,Student_2664,Female,University of Peradeniya,CS,3,Software Engineering,Lecturer,Advanced,Kurunegala,student_2664@student.edu,2.7,same_university,reading,research_guidance,structured,"English,Sinhala",4
S2665,Student_2665,Male,University of Peradeniya,Data Science,1,Data Science,Lecturer,Intermediate,Kandy,student_2665@student.edu,2.75,remote_only,auditory,research_guidance,structured,"English,Tamil",9
S2666,Student_2666,Male,NSBM,Data Science,1,Business IT,Software Engineer,Advanced,Kurunegala,student_2666@student.edu,3.45,any,visual,networking,structured,"English,Sinhala",3
S2667,Student_2667,Male,University of Peradeniya,Cybersecurity,4,AI/ML,Lecturer,Advanced,Colombo,student_2667@student.edu,3.41,same_city,reading,career_guidance,flexible,"English,Sinhala",3
S2668,Student_2668,Male,University of Moratuwa,Cybersecurity,2,AI/ML,Data Scientist,Intermediate,Galle,student_2668@student.edu,3.4,any,auditory,networking,casual,"English,Tamil",8
S2669,Student_2669,Male,SLIIT,CS,2,Business IT,Security Analyst,Advanced,Colombo,student_2669@student.edu,2.91,remote_only,kinesthetic,skill_development,casual,English,6
S2670,Student_2670,Female,University of Kelaniya,SE,3,Networking,Lecturer,Intermediate,Galle,student_2670@student.edu,3.29,same_university,visual,job_search,formal,"English,Sinhala",1
S2671,Student_2671,Female,SLIIT,Data Science,1,Data Science,Security Analyst,Beginner,Kurunegala,student_2671@student.edu,3.38,same_university,auditory,research_guidance,flexible,English,1
S2672,Student_2672,Female,University of Peradeniya,CS,3,AI/ML,Security Analyst,Beginner,Galle,student_2672@student.edu,3.4,remote_only,kinesthetic,research_guidance,structured,English,9
S2673,Student_2673,Male,University of Colombo,CS,3,Data Science,Lecturer,Advanced,Galle,student_2673@student.edu,3.62,any,reading,job_search,structured,"English,Sinhala",4
S2674,Student_2674,Male,University of Moratuwa,Data Science,2,Business IT,Data Scientist,Beginner,Kurunegala,student_2674@student.edu,2.82,remote_only,auditory,research_guidance,casual,"English,Sinhala",1
S2675,Student_2675,Male,University of Colombo,Cybersecurity,3,Networking,Lecturer,Advanced,Galle,student_2675@student.edu,3.23,same_university,auditory,career_guidance,structured,English,6
S2676,Student_2676,Male,University of Colombo,CS,4,Software Engineering,Security Analyst,Intermediate,Colombo,student_2676@student.edu,3.54,remote_only,visual,networking,formal,"English,Tamil",2
S2677,Student_2677,Male,NSBM,Data Science,4,Cybersecurity,Software Engineer,Beginner,Kandy,student_2677@student.edu,3.14,same_city,auditory,networking,formal,English,4
S2678,Student_2678,Female,IIT Sri Lanka,Cybersecurity,1,Networking,Lecturer,Intermediate,Gampaha,student_2678@student.edu,3.68,remote_only,auditory,skill_development,flexible,"English,Tamil",1
S2679,Student_2679,Female,University of Colombo,SE,1,AI/ML,Software Engineer,Intermediate,Kurunegala,student_2679@student.edu,2.7,same_city,kinesthetic,job_search,flexible,"English,Tamil",5
S2680,Student_2680,Female,University of Peradeniya,Data Science,1,Business IT,Data Scientist,Beginner,Galle,student_2680@student.edu,3.84,same_city,reading,networking,structured,"English,Sinhala",6
S2681,Student_2681,Male,NSBM,IT,4,Networking,Data Scientist,Advanced,Kurunegala,student_2681@student.edu,2.97,same_city,auditory,networking,formal,English,2
S2682,Student_2682,Male,University of Peradeniya,Data Science,4,Business IT,Software Engineer,Advanced,Kandy,student_2682@student.edu,3.16,remote_only,visual,skill_development,flexible,"English,Sinhala",2
S2683,Student_2683,Male,University of Colombo,CS,4,Cybersecurity,Data Scientist,Advanced,Galle,student_2683@student.edu,2.95,remote_only,auditory,job_search,flexible,"English,Sinhala",9
S2684,Student_2684,Male,NSBM,Data Science,2,Business IT,Security Analyst,Advanced,Kurunegala,student_2684@student.edu,3.75,remote_only,visual,job_search,formal,English,2
S2685,Student_2685,Female,SLIIT,Data Science,4,Networking,Lecturer,Beginner,Galle,student_2685@student.edu,3.7,any,reading,research_guidance,formal,English,5
S2686,Student_2686,Male,University of Peradeniya,CS,2,Business IT,Data Scientist,Intermediate,Gampaha,student_2686@student.edu,3.03,same_university,visual,skill_development,flexible,"English,Sinhala",5
S2687,Student_2687,Female,University of Colombo,SE,3,Business IT,Security Analyst,Advanced,Gampaha,student_2687@student.edu,3.96,remote_only,visual,job_search,structured,"English,Tamil",5
S2688,Student_2688,Female,SLIIT,IT,2,AI/ML,Software Engineer,Advanced,Kandy,student_2688@student.edu,3.15,same_university,auditory,job_search,flexible,"English,Sinhala",9
S2689,Student_2689,Female,NSBM,SE,2,Cybersecurity,Lecturer,Beginner,Gampaha,student_2689@student.edu,3.13,any,reading,career_guidance,flexible,English,4
S2690,Student_2690,Female,IIT Sri Lanka,IT,3,AI/ML,Software Engineer,Beginner,Colombo,student_2690@student.edu,2.64,remote_only,visual,research_guidance,formal,"English,Tamil",6
S2691,Student_2691,Female,SLIIT,Data Science,2,Software Engineering,Software Engineer,Intermediate,Gampaha,student_2691@student.edu,3.39,same_university,visual,networking,structured,"English,Sinhala",1
S2692,Student_2692,Male,IIT Sri Lanka,Data Science,2,Business IT,Software Engineer,Advanced,Kurunegala,student_2692@student.edu,3.45,same_city,visual,research_guidance,casual,"English,Tamil",6
S2693,Student_2693,Male,University of Kelaniya,CS,1,Software Engineering,Data Scientist,Advanced,Kurunegala,student_2693@student.edu,2.98,same_university,kinesthetic,networking,structured,"English,Tamil",3
S2694,Student_2694,Male,SLIIT,CS,3,Software Engineering,Data Scientist,Beginner,Galle,student_2694@student.edu,2.88,any,kinesthetic,skill_development,flexible,"English,Sinhala",8
S2695,Student_2695,Female,University of Peradeniya,Data Science,2,Cybersecurity,Software Engineer,Beginner,Kandy,student_2695@student.edu,2.93,remote_only,reading,career_guidance,flexible,English,5
S2696,Student_2696,Male,University of Peradeniya,CS,3,Networking,Data Scientist,Advanced,Gampaha,student_2696@student.edu,2.92,same_university,reading,networking,formal,"English,Sinhala",4
S2697,Student_2697,Male,IIT Sri Lanka,CS,4,Networking,Data Scientist,Intermediate,Gampaha,student_2697@student.edu,2.69,same_university,auditory,skill_development,flexible,"English,Tamil",4
S2698,Student_2698,Female,University of Colombo,IT,2,Data Science,Lecturer,Intermediate,Kandy,student_2698@student.edu,2.52,same_city,visual,skill_development,casual,"English,Sinhala",2
S2699,Student_2699,Male,University of Kelaniya,Data Science,1,Software Engineering,Security Analyst,Advanced,Galle,student_2699@student.edu,3.37,same_university,visual,skill_development,casual,English,5
S2700,Student_2700,Female,University of Peradeniya,Data Science,1,Software Engineering,Software Engineer,Advanced,Galle,student_2700@student.edu,3.65,same_city,reading,career_guidance,structured,English,2
S2701,Student_2701,Female,University of Peradeniya,SE,2,AI/ML,Security Analyst,Intermediate,Kurunegala,student_2701@student.edu,3.56,same_university,visual,skill_development,casual,"English,Sinhala",6
S2702,Student_2702,Female,University of Moratuwa,Data Science,3,Data Science,Data Scientist,Intermediate,Kurunegala,student_2702@student.edu,2.63,remote_only,kinesthetic,career_guidance,formal,English,4
S2703,Student_2703,Male,SLIIT,CS,1,Data Science,Software Engineer,Beginner,Gampaha,student_2703@student.edu,3.25,same_university,visual,research_guidance,casual,English,4
S2704,Student_2704,Male,IIT Sri Lanka,Cybersecurity,2,Software Engineering,Software Engineer,Beginner,Galle,student_2704@student.edu,2.56,same_city,visual,skill_development,formal,English,6
S2705,Student_2705,Female,University of Colombo,IT,3,Software Engineering,Software Engineer,Intermediate,Gampaha,student_2705@student.edu,2.78,any,visual,skill_development,formal,"English,Sinhala",1
S2706,Student_2706,Female,University of Moratuwa,Data Science,3,Business IT,Software Engineer,Advanced,Kandy,student_2706@student.edu,3.93,same_city,visual,job_search,formal,English,9
S2707,Student_2707,Female,NSBM,CS,2,Software Engineering,Software Engineer,Beginner,Gampaha,student_2707@student.edu,2.92,any,auditory,career_guidance,structured,English,8
S2708,Student_2708,Male,IIT Sri Lanka,CS,1,Business IT,Software Engineer,Advanced,Kurunegala,student_2708@student.edu,3.19,remote_only,kinesthetic,research_guidance,structured,"English,Tamil",1
S2709,Student_2709,Female,University of Kelaniya,IT,4,AI/ML,Software Engineer,Beginner,Kandy,student_2709@student.edu,2.81,any,reading,networking,casual,"English,Sinhala",3
S2710,Student_2710,Male,IIT Sri Lanka,Cybersecurity,3,Software Engineering,Data Scientist,Intermediate,Colombo,student_2710@student.edu,2.94,any,reading,skill_development,structured,"English,Sinhala",4
S2711,Student_2711,Male,SLIIT,Data Science,3,Networking,Data Scientist,Advanced,Colombo,student_2711@student.edu,2.78,remote_only,reading,networking,formal,English,6
S2712,Student_2712,Female,University of Moratuwa,IT,3,Software Engineering,Lecturer,Advanced,Gampaha,student_2712@student.edu,3.64,same_university,reading,job_search,structured,"English,Sinhala",1
S2713,Student_2713,Male,IIT Sri Lanka,CS,4,Data Science,Data Scientist,Advanced,Kandy,student_2713@student.edu,3.1,any,reading,career_guidance,formal,English,7
S2714,Student_2714,Male,University of Peradeniya,CS,1,Networking,Security Analyst,Beginner,Kandy,student_2714@student.edu,3.04,remote_only,reading,career_guidance,casual,"English,Sinhala",3
S2715,Student_2715,Female,SLIIT,SE,2,Cybersecurity,Security Analyst,Advanced,Kandy,student_2715@student.edu,3.76,remote_only,auditory,research_guidance,flexible,"English,Tamil",8
S2716,Student_2716,Female,University of Colombo,CS,3,Cybersecurity,Security Analyst,Advanced,Colombo,student_2716@student.edu,3.64,same_university,visual,job_search,flexible,"English,Sinhala",9
S2717,Student_2717,Female,University of Peradeniya,CS,1,AI/ML,Software Engineer,Advanced,Kurunegala,student_2717@student.edu,2.92,same_city,visual,job_search,formal,"English,Sinhala",7
S2718,Student_2718,Female,IIT Sri Lanka,Data Science,4,Data Science,Lecturer,Intermediate,Kurunegala,student_2718@student.edu,3.92,same_university,auditory,skill_development,formal,English,5
S2719,Student_2719,Female,SLIIT,Data Science,1,AI/ML,Security Analyst,Intermediate,Galle,student_2719@student.edu,3.95,same_university,kinesthetic,career_guidance,flexible,"English,Sinhala",6
S2720,Student_2720,Male,SLIIT,IT,3,Business IT,Data Scientist,Intermediate,Galle,student_2720@student.edu,2.75,remote_only,reading,skill_development,flexible,"English,Tamil",6
S2721,Student_2721,Female,NSBM,IT,4,Data Science,Lecturer,Advanced,Kandy,student_2721@student.edu,2.52,remote_only,reading,networking,flexible,English,5
S2722,Student_2722,Male,SLIIT,SE,2,Cybersecurity,Security Analyst,Intermediate,Galle,student_2722@student.edu,3.17,same_city,auditory,research_guidance,flexible,"English,Tamil",6
S2723,Student_2723,Male,University of Moratuwa,Data Science,1,Business IT,Data Scientist,Advanced,Kurunegala,student_2723@student.edu,2.94,any,kinesthetic,career_guidance,flexible,"English,Tamil",6
S2724,Student_2724,Male,IIT Sri Lanka,Cybersecurity,4,Business IT,Lecturer,Beginner,Galle,student_2724@student.edu,3.33,same_city,auditory,career_guidance,casual,"English,Sinhala",6
S2725,Student_2725,Male,SLIIT,CS,1,Software Engineering,Data Scientist,Beginner,Kurunegala,student_2725@student.edu,2.62,any,auditory,skill_development,casual,"English,Sinhala",5
S2726,Student_2726,Male,IIT Sri Lanka,Cybersecurity,3,Business IT,Security Analyst,Beginner,Colombo,student_2726@student.edu,2.84,remote_only,visual,career_guidance,formal,"English,Sinhala",5
S2727,Student_2727,Male,SLIIT,IT,2,Software Engineering,Software Engineer,Beginner,Colombo,student_2727@student.edu,3.74,remote_only,visual,research_guidance,structured,"English,Sinhala",7
S2728,Student_2728,Female,IIT Sri Lanka,IT,2,AI/ML,Software Engineer,Intermediate,Gampaha,student_2728@student.edu,2.57,any,visual,skill_development,flexible,"English,Sinhala",2
S2729,Student_2729,Female,University of Colombo,Cybersecurity,3,Data Science,Security Analyst,Beginner,Gampaha,student_2729@student.edu,2.73,same_university,reading,networking,formal,"English,Tamil",4
S2730,Student_2730,Female,SLIIT,SE,2,Cybersecurity,Lecturer,Intermediate,Galle,student_2730@student.edu,2.72,any,visual,networking,formal,English,2
S2731,Student_2731,Female,IIT Sri Lanka,CS,1,Business IT,Security Analyst,Advanced,Colombo,student_2731@student.edu,2.82,same_city,kinesthetic,career_guidance,casual,"English,Sinhala",4
S2732,Student_2732,Female,University of Kelaniya,SE,3,Software Engineering,Lecturer,Advanced,Kurunegala,student_2732@student.edu,3.95,same_university,kinesthetic,research_guidance,formal,English,2
S2733,Student_2733,Female,University of Colombo,IT,1,Networking,Software Engineer,Advanced,Kurunegala,student_2733@student.edu,3.04,remote_only,auditory,skill_development,casual,"English,Tamil",4
S2734,Student_2734,Male,University of Colombo,SE,3,Cybersecurity,Data Scientist,Beginner,Galle,student_2734@student.edu,3.24,same_city,kinesthetic,networking,formal,English,6
S2735,Student_2735,Male,University of Moratuwa,SE,3,Cybersecurity,Software Engineer,Beginner,Kurunegala,student_2735@student.edu,2.51,same_city,auditory,research_guidance,structured,"English,Tamil",9
S2736,Student_2736,Female,University of Moratuwa,SE,3,Data Science,Data Scientist,Intermediate,Gampaha,student_2736@student.edu,3.48,remote_only,visual,job_search,casual,"English,Sinhala",7
S2737,Student_2737,Male,University of Moratuwa,CS,1,Business IT,Lecturer,Beginner,Gampaha,student_2737@student.edu,3.85,same_university,reading,research_guidance,flexible,English,3
S2738,Student_2738,Male,University of Colombo,CS,4,Cybersecurity,Software Engineer,Intermediate,Kandy,student_2738@student.edu,3.79,any,visual,skill_development,formal,"English,Tamil",7
S2739,Student_2739,Female,SLIIT,Data Science,1,Cybersecurity,Lecturer,Intermediate,Gampaha,student_2739@student.edu,3.6,any,reading,research_guidance,casual,English,7
S2740,Student_2740,Female,NSBM,Cybersecurity,2,Software Engineering,Lecturer,Advanced,Colombo,student_2740@student.edu,3.05,same_city,visual,networking,flexible,"English,Sinhala",4
S2741,Student_2741,Female,University of Kelaniya,CS,2,Networking,Data Scientist,Advanced,Kandy,student_2741@student.edu,3.09,same_city,reading,skill_development,casual,English,5
S2742,Student_2742,Female,University of Peradeniya,SE,3,Networking,Lecturer,Intermediate,Kandy,student_2742@student.edu,3.31,any,kinesthetic,research_guidance,flexible,"English,Sinhala",3
S2743,Student_2743,Female,University of Colombo,Cybersecurity,3,Cybersecurity,Lecturer,Intermediate,Gampaha,student_2743@student.edu,3.12,same_city,reading,networking,flexible,"English,Tamil",6
S2744,Student_2744,Male,University of Kelaniya,Data Science,1,Software Engineering,Security Analyst,Advanced,Galle,student_2744@student.edu,2.51,remote_only,visual,job_search,formal,"English,Tamil",1
S2745,Student_2745,Male,NSBM,SE,4,Networking,Software Engineer,Intermediate,Kandy,student_2745@student.edu,3.84,any,visual,career_guidance,formal,"English,Sinhala",2
S2746,Student_2746,Male,University of Kelaniya,Cybersecurity,1,Business IT,Data Scientist,Intermediate,Colombo,student_2746@student.edu,2.65,same_university,auditory,research_guidance,flexible,"English,Sinhala",1
S2747,Student_2747,Male,IIT Sri Lanka,CS,1,Business IT,Security Analyst,Advanced,Kandy,student_2747@student.edu,3.43,same_city,visual,job_search,formal,English,7
S2748,Student_2748,Male,NSBM,SE,2,Business IT,Data Scientist,Beginner,Kurunegala,student_2748@student.edu,2.76,same_city,reading,career_guidance,casual,English,6
S2749,Student_2749,Male,University of Kelaniya,SE,2,Cybersecurity,Software Engineer,Beginner,Gampaha,student_2749@student.edu,3.97,remote_only,visual,career_guidance,flexible,"English,Sinhala",6
S2750,Student_2750,Female,University of Kelaniya,SE,2,Business IT,Security Analyst,Beginner,Gampaha,student_2750@student.edu,3.93,any,visual,job_search,structured,"English,Sinhala",5
S2751,Student_2751,Female,University of Moratuwa,Cybersecurity,4,Cybersecurity,Lecturer,Beginner,Kurunegala,student_2751@student.edu,3.17,remote_only,kinesthetic,networking,structured,"English,Sinhala",4
S2752,Student_2752,Male,SLIIT,SE,3,Cybersecurity,Lecturer,Beginner,Gampaha,student_2752@student.edu,2.64,same_city,visual,skill_development,flexible,"English,Sinhala",6
S2753,Student_2753,Female,University of Peradeniya,CS,2,Networking,Data Scientist,Advanced,Galle,student_2753@student.edu,2.99,same_university,kinesthetic,skill_development,flexible,"English,Sinhala",2
S2754,Student_2754,Female,University of Moratuwa,SE,2,Software Engineering,Software Engineer,Advanced,Kandy,student_2754@student.edu,3.28,same_city,auditory,career_guidance,structured,"English,Sinhala",4
S2755,Student_2755,Female,University of Peradeniya,IT,2,Software Engineering,Data Scientist,Advanced,Galle,student_2755@student.edu,2.51,same_city,reading,skill_development,structured,English,4
S2756,Student_2756,Male,University of Colombo,CS,4,Cybersecurity,Security Analyst,Advanced,Kandy,student_2756@student.edu,3.24,any,visual,career_guidance,structured,"English,Tamil",9
S2757,Student_2757,Female,IIT Sri Lanka,SE,2,Networking,Security Analyst,Intermediate,Kandy,student_2757@student.edu,3.76,same_city,auditory,skill_development,formal,"English,Sinhala",9
S2758,Student_2758,Female,IIT Sri Lanka,SE,3,Networking,Software Engineer,Advanced,Kandy,student_2758@student.edu,2.53,same_university,auditory,networking,flexible,English,8
S2759,Student_2759,Male,University of Peradeniya,Data Science,4,Business IT,Software Engineer,Advanced,Colombo,student_2759@student.edu,2.66,same_city,visual,career_guidance,structured,English,2
S2760,Student_2760,Female,NSBM,Data Science,4,Cybersecurity,Software Engineer,Beginner,Galle,student_2760@student.edu,3.56,any,reading,career_guidance,casual,"English,Sinhala",8
S2761,Student_2761,Male,University of Moratuwa,Cybersecurity,3,Networking,Security Analyst,Intermediate,Colombo,student_2761@student.edu,3.31,any,reading,career_guidance,flexible,"English,Sinhala",1
S2762,Student_2762,Female,University of Colombo,CS,3,Data Science,Lecturer,Beginner,Galle,student_2762@student.edu,2.5,any,kinesthetic,career_guidance,formal,English,1
S2763,Student_2763,Female,NSBM,IT,1,Cybersecurity,Lecturer,Intermediate,Colombo,student_2763@student.edu,3.85,any,reading,job_search,formal,English,7
S2764,Student_2764,Male,SLIIT,Data Science,2,Data Science,Data Scientist,Intermediate,Galle,student_2764@student.edu,3.74,any,kinesthetic,job_search,formal,English,7
S2765,Student_2765,Male,University of Colombo,Data Science,1,Business IT,Data Scientist,Intermediate,Galle,student_2765@student.edu,2.56,any,auditory,job_search,casual,English,7
S2766,Student_2766,Female,SLIIT,IT,4,Cybersecurity,Data Scientist,Beginner,Gampaha,student_2766@student.edu,3.31,same_city,kinesthetic,career_guidance,casual,English,8
S2767,Student_2767,Female,University of Moratuwa,SE,1,Data Science,Lecturer,Intermediate,Galle,student_2767@student.edu,2.98,same_university,auditory,skill_development,structured,English,4
S2768,Student_2768,Male,IIT Sri Lanka,SE,2,Cybersecurity,Lecturer,Intermediate,Kurunegala,student_2768@student.edu,3.31,remote_only,reading,job_search,casual,"English,Tamil",2
S2769,Student_2769,Male,NSBM,SE,2,Business IT,Lecturer,Advanced,Gampaha,student_2769@student.edu,3.71,same_university,visual,skill_development,casual,"English,Tamil",1
S2770,Student_2770,Male,SLIIT,CS,2,Cybersecurity,Security Analyst,Intermediate,Galle,student_2770@student.edu,3.25,remote_only,auditory,research_guidance,flexible,"English,Tamil",3
S2771,Student_2771,Female,University of Kelaniya,Cybersecurity,3,Cybersecurity,Software Engineer,Intermediate,Galle,student_2771@student.edu,3.71,any,reading,job_search,flexible,"English,Sinhala",3
S2772,Student_2772,Male,University of Peradeniya,IT,4,Cybersecurity,Software Engineer,Advanced,Kurunegala,student_2772@student.edu,3.5,remote_only,visual,career_guidance,structured,"English,Sinhala",9
S2773,Student_2773,Male,NSBM,IT,4,Cybersecurity,Security Analyst,Advanced,Gampaha,student_2773@student.edu,3.86,same_city,reading,career_guidance,flexible,"English,Tamil",9
S2774,Student_2774,Male,University of Moratuwa,CS,1,Cybersecurity,Data Scientist,Intermediate,Colombo,student_2774@student.edu,3.96,remote_only,kinesthetic,research_guidance,structured,"English,Sinhala",3
S2775,Student_2775,Male,University of Moratuwa,Data Science,1,Cybersecurity,Lecturer,Beginner,Kurunegala,student_2775@student.edu,2.85,same_city,visual,job_search,structured,"English,Tamil",5
S2776,Student_2776,Male,SLIIT,CS,4,Cybersecurity,Data Scientist,Beginner,Kandy,student_2776@student.edu,3.28,same_university,reading,career_guidance,formal,English,9
S2777,Student_2777,Female,University of Colombo,IT,3,Software Engineering,Data Scientist,Advanced,Kurunegala,student_2777@student.edu,2.85,any,visual,career_guidance,formal,"English,Tamil",1
S2778,Student_2778,Male,IIT Sri Lanka,Cybersecurity,4,AI/ML,Security Analyst,Advanced,Galle,student_2778@student.edu,3.74,remote_only,auditory,research_guidance,casual,"English,Sinhala",2
S2779,Student_2779,Female,NSBM,CS,4,Data Science,Lecturer,Beginner,Gampaha,student_2779@student.edu,3.79,same_city,auditory,research_guidance,structured,"English,Sinhala",8
S2780,Student_2780,Male,IIT Sri Lanka,SE,1,Software Engineering,Software Engineer,Advanced,Kurunegala,student_2780@student.edu,3.99,any,visual,career_guidance,flexible,English,9
S2781,Student_2781,Female,SLIIT,Cybersecurity,3,AI/ML,Security Analyst,Intermediate,Galle,student_2781@student.edu,2.77,remote_only,kinesthetic,research_guidance,flexible,English,2
S2782,Student_2782,Female,SLIIT,Data Science,2,AI/ML,Software Engineer,Beginner,Galle,student_2782@student.edu,2.9,any,reading,research_guidance,formal,"English,Sinhala",3
S2783,Student_2783,Female,NSBM,Cybersecurity,3,Software Engineering,Security Analyst,Intermediate,Colombo,student_2783@student.edu,3.45,same_city,kinesthetic,research_guidance,formal,English,7
S2784,Student_2784,Male,IIT Sri Lanka,Data Science,2,AI/ML,Data Scientist,Advanced,Gampaha,student_2784@student.edu,3.15,same_city,reading,job_search,casual,"English,Sinhala",3
S2785,Student_2785,Male,IIT Sri Lanka,SE,3,AI/ML,Security Analyst,Advanced,Gampaha,student_2785@student.edu,3.73,same_city,visual,career_guidance,structured,"English,Tamil",7
S2786,Student_2786,Male,IIT Sri Lanka,SE,2,Networking,Software Engineer,Advanced,Colombo,student_2786@student.edu,3.64,any,reading,skill_development,casual,"English,Tamil",4
S2787,Student_2787,Female,SLIIT,SE,3,Software Engineering,Security Analyst,Intermediate,Gampaha,student_2787@student.edu,3.22,same_city,reading,career_guidance,flexible,"English,Sinhala",2
S2788,Student_2788,Male,SLIIT,IT,1,Software Engineering,Software Engineer,Advanced,Galle,student_2788@student.edu,2.85,same_university,auditory,networking,casual,English,9
S2789,Student_2789,Male,SLIIT,Data Science,3,Business IT,Data Scientist,Advanced,Colombo,student_2789@student.edu,3.07,same_university,auditory,career_guidance,casual,"English,Tamil",7
S2790,Student_2790,Male,IIT Sri Lanka,Data Science,2,AI/ML,Data Scientist,Beginner,Galle,student_2790@student.edu,3.53,same_city,reading,research_guidance,casual,"English,Sinhala",2
S2791,Student_2791,Female,SLIIT,Data Science,2,Business IT,Software Engineer,Intermediate,Gampaha,student_2791@student.edu,3.21,any,reading,job_search,flexible,"English,Sinhala",9
S2792,Student_2792,Male,University of Moratuwa,IT,4,AI/ML,Lecturer,Intermediate,Kurunegala,student_2792@student.edu,3.63,remote_only,kinesthetic,skill_development,structured,"English,Tamil",2
S2793,Student_2793,Female,SLIIT,SE,2,Cybersecurity,Lecturer,Advanced,Gampaha,student_2793@student.edu,2.76,same_university,kinesthetic,skill_development,structured,"English,Sinhala",9
S2794,Student_2794,Female,University of Peradeniya,Cybersecurity,2,Cybersecurity,Data Scientist,Beginner,Colombo,student_2794@student.edu,2.9,same_city,visual,job_search,structured,English,1
S2795,Student_2795,Female,IIT Sri Lanka,SE,2,Cybersecurity,Lecturer,Intermediate,Colombo,student_2795@student.edu,2.86,any,kinesthetic,research_guidance,structured,English,9
S2796,Student_2796,Female,NSBM,Data Science,3,Software Engineering,Software Engineer,Advanced,Colombo,student_2796@student.edu,3.49,same_university,reading,networking,flexible,English,2
S2797,Student_2797,Male,University of Peradeniya,SE,4,Cybersecurity,Software Engineer,Beginner,Kandy,student_2797@student.edu,3.96,same_university,visual,job_search,flexible,English,1
S2798,Student_2798,Female,University of Peradeniya,IT,2,Software Engineering,Security Analyst,Beginner,Kandy,student_2798@student.edu,3.78,same_university,kinesthetic,research_guidance,flexible,"English,Sinhala",7
S2799,Student_2799,Male,University of Colombo,Data Science,4,Networking,Data Scientist,Beginner,Kandy,student_2799@student.edu,2.5,any,visual,research_guidance,flexible,"English,Sinhala",2
S2800,Student_2800,Female,SLIIT,SE,1,Networking,Software Engineer,Intermediate,Galle,student_2800@student.edu,3.32,same_city,reading,networking,formal,English,8
S2801,Student_2801,Male,University of Peradeniya,IT,2,Data Science,Software Engineer,Intermediate,Kurunegala,student_2801@student.edu,3.3,same_city,auditory,research_guidance,formal,English,5
S2802,Student_2802,Male,IIT Sri Lanka,Cybersecurity,4,Business IT,Security Analyst,Intermediate,Gampaha,student_2802@student.edu,2.93,same_city,reading,career_guidance,structured,"English,Sinhala",9
S2803,Student_2803,Female,University of Kelaniya,CS,2,Software Engineering,Data Scientist,Intermediate,Galle,student_2803@student.edu,3.95,any,visual,job_search,formal,English,9
S2804,Student_2804,Male,University of Kelaniya,Cybersecurity,3,Cybersecurity,Data Scientist,Advanced,Colombo,student_2804@student.edu,3.74,same_city,reading,networking,flexible,"English,Tamil",3
S2805,Student_2805,Male,University of Peradeniya,CS,1,Cybersecurity,Data Scientist,Intermediate,Kandy,student_2805@student.edu,2.51,remote_only,auditory,networking,formal,English,6
S2806,Student_2806,Female,University of Moratuwa,IT,1,Networking,Software Engineer,Beginner,Colombo,student_2806@student.edu,3.76,same_city,reading,job_search,casual,"English,Sinhala",5
S2807,Student_2807,Female,University of Peradeniya,CS,4,Networking,Security Analyst,Beginner,Kurunegala,student_2807@student.edu,3.86,same_university,reading,research_guidance,casual,"English,Sinhala",3
S2808,Student_2808,Male,University of Colombo,SE,2,Business IT,Data Scientist,Intermediate,Kandy,student_2808@student.edu,2.71,any,reading,job_search,casual,"English,Sinhala",7
S2809,Student_2809,Male,IIT Sri Lanka,IT,1,Cybersecurity,Lecturer,Advanced,Kandy,student_2809@student.edu,3.49,remote_only,visual,career_guidance,structured,"English,Tamil",6
S2810,Student_2810,Male,University of Colombo,Cybersecurity,2,Data Science,Security Analyst,Intermediate,Gampaha,student_2810@student.edu,3.73,remote_only,visual,research_guidance,structured,English,3
S2811,Student_2811,Female,SLIIT,CS,2,Cybersecurity,Software Engineer,Advanced,Kandy,student_2811@student.edu,3.5,same_university,auditory,networking,structured,"English,Sinhala",1
S2812,Student_2812,Male,IIT Sri Lanka,Cybersecurity,4,Software Engineering,Data Scientist,Advanced,Kandy,student_2812@student.edu,3.86,same_city,auditory,job_search,casual,"English,Sinhala",6
S2813,Student_2813,Female,University of Kelaniya,CS,1,Software Engineering,Software Engineer,Advanced,Kandy,student_2813@student.edu,2.74,remote_only,auditory,research_guidance,formal,English,3
S2814,Student_2814,Male,NSBM,CS,1,Networking,Security Analyst,Intermediate,Kandy,student_2814@student.edu,3.12,remote_only,reading,research_guidance,casual,English,4
S2815,Student_2815,Male,NSBM,IT,4,AI/ML,Software Engineer,Intermediate,Kurunegala,student_2815@student.edu,3.25,same_city,visual,skill_development,formal,English,8
S2816,Student_2816,Male,University of Moratuwa,Data Science,2,Cybersecurity,Data Scientist,Advanced,Kandy,student_2816@student.edu,3.69,same_city,kinesthetic,skill_development,casual,"English,Sinhala",6
S2817,Student_2817,Female,University of Colombo,IT,3,Cybersecurity,Lecturer,Advanced,Kurunegala,student_2817@student.edu,2.81,remote_only,auditory,job_search,casual,"English,Sinhala",4
S2818,Student_2818,Male,IIT Sri Lanka,CS,2,Networking,Security Analyst,Advanced,Kandy,student_2818@student.edu,3.3,remote_only,reading,career_guidance,structured,English,5
S2819,Student_2819,Female,IIT Sri Lanka,CS,1,AI/ML,Software Engineer,Intermediate,Colombo,student_2819@student.edu,3.46,any,auditory,networking,flexible,"English,Tamil",9
S2820,Student_2820,Female,University of Kelaniya,Cybersecurity,4,Networking,Software Engineer,Beginner,Kandy,student_2820@student.edu,3.44,same_city,visual,research_guidance,structured,"English,Tamil",5
S2821,Student_2821,Female,NSBM,Data Science,2,Business IT,Security Analyst,Beginner,Galle,student_2821@student.edu,3.84,same_city,reading,skill_development,casual,"English,Sinhala",7
S2822,Student_2822,Male,IIT Sri Lanka,SE,3,Business IT,Security Analyst,Advanced,Colombo,student_2822@student.edu,3.97,same_university,auditory,research_guidance,casual,English,3
S2823,Student_2823,Female,University of Moratuwa,CS,1,Networking,Data Scientist,Beginner,Kandy,student_2823@student.edu,3.32,any,auditory,networking,formal,"English,Tamil",1
S2824,Student_2824,Female,IIT Sri Lanka,Cybersecurity,3,Networking,Lecturer,Beginner,Kurunegala,student_2824@student.edu,3.43,any,kinesthetic,research_guidance,formal,"English,Tamil",4
S2825,Student_2825,Male,University of Moratuwa,Data Science,1,Data Science,Data Scientist,Advanced,Colombo,student_2825@student.edu,2.52,any,auditory,job_search,flexible,"English,Sinhala",4
S2826,Student_2826,Female,IIT Sri Lanka,Data Science,1,Business IT,Software Engineer,Beginner,Kurunegala,student_2826@student.edu,2.74,same_city,auditory,research_guidance,formal,"English,Tamil",1
S2827,Student_2827,Female,University of Kelaniya,CS,1,Business IT,Software Engineer,Advanced,Kurunegala,student_2827@student.edu,3.81,same_university,auditory,career_guidance,flexible,English,8
S2828,Student_2828,Male,NSBM,CS,3,Networking,Data Scientist,Advanced,Kandy,student_2828@student.edu,2.76,same_university,visual,career_guidance,casual,"English,Tamil",2
S2829,Student_2829,Female,SLIIT,Cybersecurity,4,Data Science,Security Analyst,Beginner,Colombo,student_2829@student.edu,3.67,remote_only,kinesthetic,skill_development,structured,"English,Sinhala",9
S2830,Student_2830,Male,University of Colombo,IT,2,Software Engineering,Lecturer,Intermediate,Gampaha,student_2830@student.edu,3.78,remote_only,kinesthetic,job_search,casual,English,4
S2831,Student_2831,Male,SLIIT,Data Science,4,Data Science,Software Engineer,Beginner,Colombo,student_2831@student.edu,3.3,same_university,kinesthetic,career_guidance,casual,English,6
S2832,Student_2832,Female,University of Kelaniya,IT,2,Networking,Security Analyst,Advanced,Colombo,student_2832@student.edu,2.69,any,visual,research_guidance,casual,English,1
S2833,Student_2833,Male,SLIIT,SE,3,Networking,Security Analyst,Advanced,Colombo,student_2833@student.edu,2.56,any,kinesthetic,career_guidance,flexible,English,9
S2834,Student_2834,Female,University of Colombo,SE,4,Software Engineering,Data Scientist,Intermediate,Kandy,student_2834@student.edu,2.68,any,auditory,skill_development,casual,"English,Sinhala",4
S2835,Student_2835,Female,University of Kelaniya,CS,1,Business IT,Security Analyst,Intermediate,Galle,student_2835@student.edu,3.74,remote_only,kinesthetic,skill_development,casual,"English,Sinhala",1
S2836,Student_2836,Female,NSBM,Cybersecurity,1,Data Science,Lecturer,Intermediate,Kandy,student_2836@student.edu,3.2,remote_only,visual,job_search,structured,English,7
S2837,Student_2837,Male,SLIIT,Data Science,1,AI/ML,Data Scientist,Intermediate,Kurunegala,student_2837@student.edu,2.98,same_university,auditory,networking,flexible,English,4
S2838,Student_2838,Male,NSBM,Data Science,1,Business IT,Software Engineer,Advanced,Gampaha,student_2838@student.edu,3.74,same_city,reading,skill_development,structured,"English,Sinhala",4
S2839,Student_2839,Female,University of Peradeniya,SE,2,Cybersecurity,Data Scientist,Intermediate,Galle,student_2839@student.edu,3.38,same_city,auditory,career_guidance,structured,"English,Tamil",3
S2840,Student_2840,Male,University of Kelaniya,Cybersecurity,3,Networking,Data Scientist,Intermediate,Kurunegala,student_2840@student.edu,3.24,any,kinesthetic,career_guidance,casual,English,6
S2841,Student_2841,Female,IIT Sri Lanka,IT,2,Cybersecurity,Data Scientist,Advanced,Kandy,student_2841@student.edu,3.32,same_university,auditory,career_guidance,formal,English,9
S2842,Student_2842,Male,SLIIT,IT,1,Software Engineering,Security Analyst,Beginner,Kurunegala,student_2842@student.edu,2.86,remote_only,kinesthetic,research_guidance,casual,"English,Tamil",6
S2843,Student_2843,Male,NSBM,SE,1,Software Engineering,Security Analyst,Intermediate,Galle,student_2843@student.edu,2.62,any,auditory,job_search,flexible,English,3
S2844,Student_2844,Female,IIT Sri Lanka,Data Science,1,Data Science,Security Analyst,Intermediate,Gampaha,student_2844@student.edu,2.59,any,visual,skill_development,flexible,"English,Tamil",1
S2845,Student_2845,Female,SLIIT,SE,3,Cybersecurity,Data Scientist,Beginner,Colombo,student_2845@student.edu,2.95,remote_only,reading,networking,formal,"English,Tamil",7
S2846,Student_2846,Female,University of Colombo,Cybersecurity,1,Data Science,Lecturer,Intermediate,Gampaha,student_2846@student.edu,2.61,same_city,kinesthetic,job_search,casual,English,2
S2847,Student_2847,Female,University of Peradeniya,CS,2,Networking,Software Engineer,Beginner,Galle,student_2847@student.edu,2.98,same_city,reading,networking,flexible,"English,Tamil",1
S2848,Student_2848,Female,IIT Sri Lanka,IT,1,Data Science,Security Analyst,Advanced,Galle,student_2848@student.edu,2.72,same_city,auditory,research_guidance,formal,English,6
S2849,Student_2849,Male,University of Peradeniya,CS,4,Cybersecurity,Software Engineer,Advanced,Colombo,student_2849@student.edu,2.77,same_city,reading,career_guidance,formal,"English,Sinhala",5
S2850,Student_2850,Female,University of Peradeniya,IT,3,Networking,Data Scientist,Advanced,Kurunegala,student_2850@student.edu,3.12,any,visual,skill_development,casual,"English,Sinhala",8
S2851,Student_2851,Female,University of Kelaniya,SE,2,Software Engineering,Lecturer,Intermediate,Gampaha,student_2851@student.edu,2.78,remote_only,reading,skill_development,flexible,"English,Sinhala",2
S2852,Student_2852,Female,University of Peradeniya,CS,1,Cybersecurity,Software Engineer,Intermediate,Kandy,student_2852@student.edu,2.66,remote_only,auditory,career_guidance,structured,"English,Sinhala",5
S2853,Student_2853,Male,IIT Sri Lanka,IT,3,Cybersecurity,Data Scientist,Advanced,Gampaha,student_2853@student.edu,2.71,remote_only,reading,career_guidance,formal,"English,Tamil",5
S2854,Student_2854,Female,NSBM,CS,1,Networking,Data Scientist,Advanced,Colombo,student_2854@student.edu,2.64,same_city,reading,skill_development,formal,English,2
S2855,Student_2855,Male,SLIIT,Cybersecurity,2,Networking,Data Scientist,Intermediate,Colombo,student_2855@student.edu,2.87,any,reading,networking,formal,"English,Sinhala",1
S2856,Student_2856,Female,IIT Sri Lanka,SE,2,Cybersecurity,Software Engineer,Intermediate,Kandy,student_2856@student.edu,3.7,same_city,auditory,job_search,flexible,English,2
S2857,Student_2857,Female,University of Kelaniya,SE,1,Cybersecurity,Software Engineer,Intermediate,Gampaha,student_2857@student.edu,3.73,same_university,auditory,job_search,formal,English,8
S2858,Student_2858,Female,University of Moratuwa,SE,4,Data Science,Lecturer,Intermediate,Gampaha,student_2858@student.edu,3.16,same_city,reading,networking,flexible,"English,Sinhala",2
S2859,Student_2859,Female,University of Peradeniya,IT,4,Cybersecurity,Security Analyst,Intermediate,Galle,student_2859@student.edu,2.84,any,auditory,job_search,structured,English,7
S2860,Student_2860,Male,University of Kelaniya,Data Science,4,Business IT,Software Engineer,Advanced,Galle,student_2860@student.edu,3.46,same_city,auditory,research_guidance,casual,"English,Tamil",2
S2861,Student_2861,Male,NSBM,SE,2,AI/ML,Security Analyst,Beginner,Kandy,student_2861@student.edu,2.58,same_city,visual,skill_development,formal,"English,Tamil",7
S2862,Student_2862,Male,IIT Sri Lanka,SE,3,Cybersecurity,Lecturer,Advanced,Colombo,student_2862@student.edu,2.63,same_city,visual,job_search,flexible,"English,Tamil",7
S2863,Student_2863,Female,SLIIT,SE,2,Software Engineering,Software Engineer,Beginner,Kurunegala,student_2863@student.edu,3.54,same_university,visual,skill_development,casual,"English,Tamil",7
S2864,Student_2864,Female,University of Peradeniya,IT,1,Business IT,Software Engineer,Intermediate,Gampaha,student_2864@student.edu,2.55,remote_only,auditory,job_search,flexible,"English,Tamil",4
S2865,Student_2865,Female,University of Moratuwa,IT,1,Business IT,Data Scientist,Advanced,Colombo,student_2865@student.edu,3.77,same_city,reading,job_search,structured,"English,Sinhala",6
S2866,Student_2866,Female,University of Kelaniya,IT,1,Business IT,Software Engineer,Intermediate,Gampaha,student_2866@student.edu,3.47,remote_only,kinesthetic,job_search,formal,"English,Tamil",9
S2867,Student_2867,Female,University of Kelaniya,IT,1,Software Engineering,Data Scientist,Advanced,Gampaha,student_2867@student.edu,3.47,same_city,visual,job_search,casual,"English,Tamil",3
S2868,Student_2868,Female,University of Peradeniya,Data Science,2,Cybersecurity,Data Scientist,Beginner,Kandy,student_2868@student.edu,3.76,remote_only,visual,networking,structured,"English,Tamil",2
S2869,Student_2869,Female,University of Peradeniya,Data Science,3,Networking,Software Engineer,Intermediate,Galle,student_2869@student.edu,3.9,same_university,reading,networking,structured,"English,Sinhala",2
S2870,Student_2870,Female,SLIIT,IT,3,Software Engineering,Data Scientist,Intermediate,Colombo,student_2870@student.edu,2.9,any,auditory,networking,casual,"English,Tamil",9
S2871,Student_2871,Female,University of Kelaniya,Data Science,1,Networking,Security Analyst,Beginner,Kurunegala,student_2871@student.edu,3.38,remote_only,auditory,career_guidance,structured,"English,Tamil",3
S2872,Student_2872,Male,University of Peradeniya,Data Science,4,Cybersecurity,Security Analyst,Advanced,Galle,student_2872@student.edu,3.28,same_university,auditory,job_search,flexible,English,7
S2873,Student_2873,Female,University of Moratuwa,Cybersecurity,2,AI/ML,Data Scientist,Intermediate,Kurunegala,student_2873@student.edu,2.58,any,auditory,research_guidance,structured,"English,Tamil",6
S2874,Student_2874,Female,University of Peradeniya,Cybersecurity,4,Networking,Software Engineer,Beginner,Gampaha,student_2874@student.edu,3.14,any,kinesthetic,job_search,structured,"English,Sinhala",9
S2875,Student_2875,Male,University of Colombo,CS,2,AI/ML,Data Scientist,Advanced,Kandy,student_2875@student.edu,2.56,same_city,kinesthetic,job_search,structured,"English,Sinhala",7
S2876,Student_2876,Female,NSBM,Cybersecurity,3,Software Engineering,Data Scientist,Advanced,Kurunegala,student_2876@student.edu,2.75,any,reading,networking,structured,"English,Sinhala",4
S2877,Student_2877,Male,University of Peradeniya,Cybersecurity,4,Cybersecurity,Software Engineer,Intermediate,Gampaha,student_2877@student.edu,2.77,any,reading,job_search,casual,English,5
S2878,Student_2878,Female,IIT Sri Lanka,Cybersecurity,4,AI/ML,Software Engineer,Intermediate,Gampaha,student_2878@student.edu,3.46,remote_only,auditory,research_guidance,flexible,English,8
S2879,Student_2879,Female,IIT Sri Lanka,IT,1,Software Engineering,Software Engineer,Advanced,Gampaha,student_2879@student.edu,2.87,remote_only,kinesthetic,research_guidance,flexible,"English,Tamil",9
S2880,Student_2880,Female,University of Peradeniya,Data Science,1,AI/ML,Data Scientist,Advanced,Kurunegala,student_2880@student.edu,3.32,remote_only,kinesthetic,networking,flexible,"English,Tamil",7
S2881,Student_2881,Female,University of Kelaniya,Cybersecurity,4,Software Engineering,Security Analyst,Advanced,Kurunegala,student_2881@student.edu,3.65,remote_only,auditory,networking,casual,English,5
S2882,Student_2882,Female,University of Moratuwa,CS,1,Cybersecurity,Data Scientist,Advanced,Colombo,student_2882@student.edu,3.47,remote_only,kinesthetic,research_guidance,structured,English,6
S2883,Student_2883,Female,University of Peradeniya,CS,2,Data Science,Software Engineer,Intermediate,Gampaha,student_2883@student.edu,2.58,any,reading,research_guidance,formal,English,4
S2884,Student_2884,Male,University of Peradeniya,Cybersecurity,2,AI/ML,Security Analyst,Beginner,Kurunegala,student_2884@student.edu,2.87,remote_only,reading,networking,casual,"English,Tamil",7
S2885,Student_2885,Male,NSBM,Data Science,3,Data Science,Security Analyst,Beginner,Gampaha,student_2885@student.edu,2.72,same_city,visual,networking,formal,English,2
S2886,Student_2886,Male,IIT Sri Lanka,IT,2,Software Engineering,Software Engineer,Intermediate,Gampaha,student_2886@student.edu,3.51,same_university,reading,skill_development,casual,"English,Tamil",2
S2887,Student_2887,Male,University of Peradeniya,CS,2,Data Science,Data Scientist,Beginner,Kurunegala,student_2887@student.edu,3.37,remote_only,visual,skill_development,structured,"English,Tamil",2
S2888,Student_2888,Male,University of Peradeniya,SE,4,AI/ML,Security Analyst,Advanced,Kandy,student_2888@student.edu,2.77,same_city,kinesthetic,research_guidance,structured,"English,Sinhala",8
S2889,Student_2889,Female,NSBM,Cybersecurity,4,AI/ML,Data Scientist,Advanced,Kurunegala,student_2889@student.edu,2.84,remote_only,kinesthetic,job_search,structured,"English,Tamil",1
S2890,Student_2890,Male,NSBM,Cybersecurity,4,Business IT,Security Analyst,Beginner,Gampaha,student_2890@student.edu,3.91,same_city,kinesthetic,networking,formal,English,1
S2891,Student_2891,Male,SLIIT,IT,2,Software Engineering,Software Engineer,Intermediate,Kandy,student_2891@student.edu,3.16,any,auditory,networking,flexible,"English,Sinhala",2
S2892,Student_2892,Male,University of Colombo,IT,4,Software Engineering,Security Analyst,Advanced,Kandy,student_2892@student.edu,2.61,same_city,visual,career_guidance,casual,English,9
S2893,Student_2893,Male,University of Kelaniya,Data Science,3,Cybersecurity,Security Analyst,Advanced,Kurunegala,student_2893@student.edu,2.56,any,reading,career_guidance,formal,English,2
S2894,Student_2894,Male,SLIIT,Data Science,4,AI/ML,Security Analyst,Beginner,Kurunegala,student_2894@student.edu,3.69,same_university,reading,job_search,formal,"English,Tamil",6
S2895,Student_2895,Male,University of Kelaniya,IT,3,Software Engineering,Software Engineer,Intermediate,Kurunegala,student_2895@student.edu,3.07,same_university,kinesthetic,job_search,casual,English,4
S2896,Student_2896,Female,IIT Sri Lanka,Data Science,3,Data Science,Security Analyst,Beginner,Colombo,student_2896@student.edu,3.98,same_university,kinesthetic,job_search,casual,English,9
S2897,Student_2897,Male,NSBM,CS,4,Networking,Data Scientist,Intermediate,Kandy,student_2897@student.edu,2.73,same_university,reading,networking,structured,"English,Tamil",7
S2898,Student_2898,Male,University of Peradeniya,Cybersecurity,2,Data Science,Software Engineer,Intermediate,Gampaha,student_2898@student.edu,3.97,same_university,kinesthetic,career_guidance,formal,English,3
S2899,Student_2899,Male,University of Moratuwa,Cybersecurity,3,Data Science,Software Engineer,Intermediate,Colombo,student_2899@student.edu,3.82,any,reading,research_guidance,casual,"English,Sinhala",5
S2900,Student_2900,Female,University of Peradeniya,SE,3,Software Engineering,Software Engineer,Advanced,Colombo,student_2900@student.edu,3.25,same_city,kinesthetic,career_guidance,formal,"English,Sinhala",6
S2901,Student_2901,Male,University of Colombo,CS,3,Business IT,Lecturer,Advanced,Colombo,student_2901@student.edu,2.63,any,reading,skill_development,casual,English,3
S2902,Student_2902,Male,University of Colombo,IT,4,AI/ML,Security Analyst,Intermediate,Galle,student_2902@student.edu,2.8,same_university,auditory,networking,structured,English,6
S2903,Student_2903,Male,University of Colombo,SE,3,Cybersecurity,Software Engineer,Advanced,Kandy,student_2903@student.edu,3.87,remote_only,visual,job_search,structured,English,6
S2904,Student_2904,Male,University of Peradeniya,IT,3,Networking,Software Engineer,Advanced,Colombo,student_2904@student.edu,3.61,same_city,kinesthetic,skill_development,formal,"English,Sinhala",7
S2905,Student_2905,Male,IIT Sri Lanka,Cybersecurity,3,Software Engineering,Security Analyst,Intermediate,Kurunegala,student_2905@student.edu,2.81,same_city,visual,job_search,formal,English,1
S2906,Student_2906,Female,University of Moratuwa,Data Science,1,AI/ML,Data Scientist,Advanced,Kurunegala,student_2906@student.edu,3.83,any,kinesthetic,skill_development,structured,"English,Tamil",5
S2907,Student_2907,Male,University of Moratuwa,Cybersecurity,2,Data Science,Data Scientist,Advanced,Kurunegala,student_2907@student.edu,2.78,same_city,reading,research_guidance,flexible,"English,Sinhala",9
S2908,Student_2908,Female,NSBM,Cybersecurity,3,Networking,Data Scientist,Advanced,Kandy,student_2908@student.edu,2.77,same_city,visual,networking,formal,English,5
S2909,Student_2909,Male,SLIIT,Cybersecurity,2,Cybersecurity,Security Analyst,Beginner,Galle,student_2909@student.edu,2.54,same_city,visual,skill_development,structured,"English,Sinhala",8
S2910,Student_2910,Female,University of Moratuwa,Cybersecurity,4,Software Engineering,Security Analyst,Beginner,Galle,student_2910@student.edu,3.03,same_city,auditory,research_guidance,flexible,English,6
S2911,Student_2911,Male,University of Moratuwa,SE,2,AI/ML,Security Analyst,Beginner,Kurunegala,student_2911@student.edu,3.27,any,reading,career_guidance,structured,English,6
S2912,Student_2912,Female,SLIIT,Data Science,1,Software Engineering,Software Engineer,Intermediate,Kurunegala,student_2912@student.edu,3.98,remote_only,kinesthetic,job_search,structured,"English,Tamil",8
S2913,Student_2913,Male,SLIIT,SE,2,Cybersecurity,Data Scientist,Beginner,Kandy,student_2913@student.edu,2.91,remote_only,kinesthetic,career_guidance,casual,"English,Sinhala",1
S2914,Student_2914,Male,SLIIT,Cybersecurity,3,Networking,Lecturer,Beginner,Kandy,student_2914@student.edu,3.82,any,kinesthetic,networking,casual,"English,Sinhala",4
S2915,Student_2915,Female,University of Kelaniya,Cybersecurity,2,Software Engineering,Security Analyst,Advanced,Gampaha,student_2915@student.edu,3.59,same_university,auditory,networking,structured,"English,Tamil",6
S2916,Student_2916,Male,SLIIT,IT,2,Data Science,Security Analyst,Intermediate,Colombo,student_2916@student.edu,3.38,same_university,reading,skill_development,casual,"English,Tamil",4
S2917,Student_2917,Female,University of Peradeniya,SE,4,Business IT,Security Analyst,Intermediate,Kandy,student_2917@student.edu,3.07,any,auditory,skill_development,structured,"English,Sinhala",1
S2918,Student_2918,Female,University of Peradeniya,Data Science,1,Business IT,Security Analyst,Advanced,Gampaha,student_2918@student.edu,3.67,remote_only,reading,research_guidance,structured,English,3
S2919,Student_2919,Male,University of Peradeniya,Cybersecurity,4,Networking,Data Scientist,Beginner,Colombo,student_2919@student.edu,3.85,remote_only,visual,research_guidance,casual,English,6
S2920,Student_2920,Female,University of Colombo,Cybersecurity,2,Networking,Lecturer,Intermediate,Gampaha,student_2920@student.edu,3.59,remote_only,reading,research_guidance,flexible,"English,Sinhala",2
S2921,Student_2921,Male,IIT Sri Lanka,Cybersecurity,2,Software Engineering,Data Scientist,Advanced,Kandy,student_2921@student.edu,2.87,same_university,kinesthetic,research_guidance,formal,"English,Tamil",4
S2922,Student_2922,Male,SLIIT,Cybersecurity,3,Networking,Security Analyst,Intermediate,Kurunegala,student_2922@student.edu,3.59,same_city,visual,networking,casual,"English,Tamil",2
S2923,Student_2923,Male,SLIIT,IT,4,Networking,Data Scientist,Advanced,Galle,student_2923@student.edu,3.81,remote_only,auditory,job_search,flexible,"English,Tamil",6
S2924,Student_2924,Male,University of Moratuwa,CS,3,Software Engineering,Lecturer,Beginner,Colombo,student_2924@student.edu,3.45,remote_only,kinesthetic,job_search,formal,English,5
S2925,Student_2925,Female,NSBM,Cybersecurity,1,Data Science,Lecturer,Intermediate,Gampaha,student_2925@student.edu,2.71,remote_only,auditory,career_guidance,casual,"English,Sinhala",9
S2926,Student_2926,Female,IIT Sri Lanka,SE,2,Networking,Security Analyst,Beginner,Gampaha,student_2926@student.edu,3.06,same_university,kinesthetic,research_guidance,structured,"English,Sinhala",6
S2927,Student_2927,Male,University of Moratuwa,Cybersecurity,3,Cybersecurity,Data Scientist,Beginner,Galle,student_2927@student.edu,2.7,any,reading,job_search,formal,"English,Tamil",5
S2928,Student_2928,Female,University of Peradeniya,SE,3,Business IT,Software Engineer,Intermediate,Gampaha,student_2928@student.edu,2.91,any,visual,skill_development,flexible,English,8
S2929,Student_2929,Female,SLIIT,CS,2,AI/ML,Security Analyst,Advanced,Kurunegala,student_2929@student.edu,2.54,same_university,kinesthetic,research_guidance,structured,"English,Sinhala",5
S2930,Student_2930,Female,University of Peradeniya,SE,4,Software Engineering,Lecturer,Beginner,Galle,student_2930@student.edu,3.31,any,auditory,job_search,formal,English,6
S2931,Student_2931,Female,NSBM,SE,2,Business IT,Lecturer,Intermediate,Kurunegala,student_2931@student.edu,3.8,remote_only,visual,networking,casual,"English,Tamil",6
S2932,Student_2932,Male,University of Moratuwa,CS,1,Cybersecurity,Software Engineer,Intermediate,Galle,student_2932@student.edu,3.11,same_city,reading,networking,formal,"English,Tamil",4
S2933,Student_2933,Female,University of Colombo,IT,3,Cybersecurity,Security Analyst,Advanced,Kandy,student_2933@student.edu,3.13,same_city,auditory,research_guidance,casual,"English,Tamil",9
S2934,Student_2934,Male,IIT Sri Lanka,Data Science,2,Data Science,Data Scientist,Intermediate,Kandy,student_2934@student.edu,3.05,same_university,visual,networking,casual,English,4
S2935,Student_2935,Male,SLIIT,Data Science,2,Data Science,Lecturer,Advanced,Colombo,student_2935@student.edu,3.23,same_city,auditory,career_guidance,structured,"English,Tamil",9
S2936,Student_2936,Male,University of Kelaniya,Cybersecurity,4,Software Engineering,Software Engineer,Intermediate,Colombo,student_2936@student.edu,3.25,any,visual,skill_development,casual,"English,Tamil",7
S2937,Student_2937,Male,University of Peradeniya,IT,2,Software Engineering,Software Engineer,Beginner,Galle,student_2937@student.edu,3.6,any,visual,networking,formal,"English,Tamil",9
S2938,Student_2938,Female,University of Moratuwa,SE,3,Business IT,Software Engineer,Intermediate,Colombo,student_2938@student.edu,3.06,same_university,visual,job_search,formal,English,3
S2939,Student_2939,Male,IIT Sri Lanka,Data Science,3,AI/ML,Software Engineer,Advanced,Colombo,student_2939@student.edu,3.27,remote_only,visual,career_guidance,flexible,English,2
S2940,Student_2940,Female,University of Kelaniya,CS,2,Cybersecurity,Lecturer,Advanced,Colombo,student_2940@student.edu,3.26,remote_only,auditory,skill_development,formal,"English,Sinhala",5
S2941,Student_2941,Male,University of Peradeniya,Data Science,1,Business IT,Software Engineer,Advanced,Galle,student_2941@student.edu,2.7,remote_only,visual,career_guidance,flexible,English,5
S2942,Student_2942,Female,University of Moratuwa,Data Science,2,Software Engineering,Lecturer,Advanced,Kurunegala,student_2942@student.edu,3.85,same_city,kinesthetic,networking,casual,"English,Tamil",1
S2943,Student_2943,Female,University of Colombo,CS,1,Business IT,Security Analyst,Beginner,Gampaha,student_2943@student.edu,3.2,remote_only,reading,career_guidance,formal,English,5
S2944,Student_2944,Male,IIT Sri Lanka,CS,3,Cybersecurity,Lecturer,Beginner,Gampaha,student_2944@student.edu,3.37,any,visual,job_search,structured,"English,Tamil",8
S2945,Student_2945,Female,NSBM,SE,3,Networking,Data Scientist,Beginner,Gampaha,student_2945@student.edu,2.56,same_city,auditory,job_search,structured,"English,Sinhala",3
S2946,Student_2946,Female,University of Peradeniya,Data Science,3,Cybersecurity,Security Analyst,Intermediate,Colombo,student_2946@student.edu,2.71,same_university,kinesthetic,networking,formal,English,9
S2947,Student_2947,Female,IIT Sri Lanka,SE,4,Networking,Lecturer,Beginner,Gampaha,student_2947@student.edu,3.02,same_university,reading,job_search,formal,English,5
S2948,Student_2948,Male,University of Peradeniya,IT,4,Cybersecurity,Lecturer,Advanced,Gampaha,student_2948@student.edu,2.7,any,reading,networking,casual,English,8
S2949,Student_2949,Male,University of Peradeniya,IT,1,Software Engineering,Lecturer,Beginner,Kandy,student_2949@student.edu,3.28,remote_only,kinesthetic,job_search,casual,"English,Sinhala",1
S2950,Student_2950,Female,SLIIT,IT,2,Software Engineering,Data Scientist,Beginner,Gampaha,student_2950@student.edu,2.64,same_university,auditory,research_guidance,flexible,"English,Sinhala",4
S2951,Student_2951,Male,University of Colombo,SE,4,Data Science,Data Scientist,Beginner,Gampaha,student_2951@student.edu,3.49,same_city,reading,networking,casual,"English,Sinhala",2
S2952,Student_2952,Male,University of Moratuwa,CS,1,Networking,Lecturer,Advanced,Kurunegala,student_2952@student.edu,3.47,any,auditory,job_search,formal,"English,Tamil",2
S2953,Student_2953,Female,University of Colombo,CS,1,Data Science,Data Scientist,Intermediate,Galle,student_2953@student.edu,2.55,same_university,kinesthetic,career_guidance,casual,English,9
S2954,Student_2954,Female,NSBM,CS,2,Networking,Software Engineer,Intermediate,Kurunegala,student_2954@student.edu,3.91,same_university,auditory,research_guidance,flexible,"English,Tamil",1
S2955,Student_2955,Male,IIT Sri Lanka,IT,2,Business IT,Security Analyst,Intermediate,Galle,student_2955@student.edu,3.73,same_university,auditory,career_guidance,formal,"English,Sinhala",2
S2956,Student_2956,Male,SLIIT,Data Science,2,Data Science,Lecturer,Advanced,Galle,student_2956@student.edu,2.78,any,reading,networking,structured,English,5
S2957,Student_2957,Female,IIT Sri Lanka,Data Science,3,AI/ML,Software Engineer,Advanced,Gampaha,student_2957@student.edu,2.76,any,kinesthetic,networking,casual,"English,Sinhala",1
S2958,Student_2958,Female,SLIIT,Data Science,3,Networking,Security Analyst,Intermediate,Colombo,student_2958@student.edu,2.77,same_university,auditory,networking,structured,"English,Tamil",7
S2959,Student_2959,Male,University of Peradeniya,Cybersecurity,3,Software Engineering,Software Engineer,Beginner,Kurunegala,student_2959@student.edu,3.64,remote_only,visual,job_search,formal,English,4
S2960,Student_2960,Female,University of Moratuwa,Data Science,4,Cybersecurity,Security Analyst,Beginner,Gampaha,student_2960@student.edu,3.77,remote_only,auditory,skill_development,casual,"English,Sinhala",2
S2961,Student_2961,Female,University of Peradeniya,Data Science,2,Software Engineering,Lecturer,Advanced,Colombo,student_2961@student.edu,3.4,any,visual,career_guidance,structured,"English,Tamil",5
S2962,Student_2962,Male,SLIIT,Cybersecurity,3,Networking,Security Analyst,Intermediate,Kandy,student_2962@student.edu,3.13,same_city,reading,networking,casual,"English,Tamil",5
S2963,Student_2963,Female,University of Kelaniya,SE,4,Business IT,Security Analyst,Beginner,Kandy,student_2963@student.edu,3.65,same_city,kinesthetic,job_search,flexible,"English,Sinhala",3
S2964,Student_2964,Male,NSBM,IT,1,Software Engineering,Data Scientist,Advanced,Gampaha,student_2964@student.edu,2.93,same_city,auditory,job_search,formal,English,1
S2965,Student_2965,Female,University of Moratuwa,SE,4,Data Science,Data Scientist,Advanced,Gampaha,student_2965@student.edu,4.0,same_city,kinesthetic,research_guidance,formal,"English,Tamil",3
S2966,Student_2966,Female,University of Moratuwa,CS,1,Data Science,Software Engineer,Intermediate,Kandy,student_2966@student.edu,3.24,any,auditory,research_guidance,casual,"English,Sinhala",8
S2967,Student_2967,Male,University of Colombo,SE,1,Cybersecurity,Software Engineer,Advanced,Galle,student_2967@student.edu,3.28,same_university,reading,research_guidance,flexible,"English,Sinhala",8
S2968,Student_2968,Male,University of Moratuwa,IT,2,AI/ML,Security Analyst,Beginner,Kurunegala,student_2968@student.edu,2.66,same_city,kinesthetic,skill_development,formal,"English,Tamil",8
S2969,Student_2969,Male,NSBM,Cybersecurity,4,Cybersecurity,Data Scientist,Advanced,Kandy,student_2969@student.edu,2.99,same_university,auditory,career_guidance,formal,"English,Sinhala",9
S2970,Student_2970,Male,University of Colombo,Cybersecurity,1,Business IT,Lecturer,Beginner,Kurunegala,student_2970@student.edu,3.09,remote_only,auditory,skill_development,formal,"English,Tamil",8
S2971,Student_2971,Female,SLIIT,Cybersecurity,1,Networking,Data Scientist,Beginner,Galle,student_2971@student.edu,3.71,remote_only,visual,job_search,flexible,English,9
S2972,Student_2972,Female,University of Colombo,IT,2,Data Science,Lecturer,Intermediate,Gampaha,student_2972@student.edu,2.51,remote_only,visual,skill_development,flexible,"English,Tamil",8
S2973,Student_2973,Male,University of Colombo,IT,4,Software Engineering,Security Analyst,Beginner,Gampaha,student_2973@student.edu,3.89,any,auditory,skill_development,structured,"English,Sinhala",1
S2974,Student_2974,Female,University of Peradeniya,Data Science,3,Cybersecurity,Lecturer,Beginner,Galle,student_2974@student.edu,2.87,any,kinesthetic,career_guidance,casual,"English,Sinhala",7
S2975,Student_2975,Male,University of Peradeniya,IT,1,Business IT,Software Engineer,Intermediate,Kandy,student_2975@student.edu,3.37,same_university,kinesthetic,networking,structured,"English,Tamil",2
S2976,Student_2976,Female,University of Kelaniya,CS,1,Software Engineering,Data Scientist,Intermediate,Kurunegala,student_2976@student.edu,2.9,same_city,auditory,job_search,flexible,"English,Tamil",5
S2977,Student_2977,Male,SLIIT,Cybersecurity,2,Cybersecurity,Lecturer,Beginner,Kurunegala,student_2977@student.edu,3.88,any,reading,research_guidance,flexible,"English,Sinhala",3
S2978,Student_2978,Male,University of Moratuwa,IT,1,Business IT,Security Analyst,Advanced,Kandy,student_2978@student.edu,2.89,any,auditory,job_search,flexible,"English,Sinhala",8
S2979,Student_2979,Male,IIT Sri Lanka,CS,4,Business IT,Software Engineer,Advanced,Galle,student_2979@student.edu,3.01,same_university,kinesthetic,skill_development,formal,"English,Sinhala",8
S2980,Student_2980,Male,University of Moratuwa,SE,1,AI/ML,Software Engineer,Beginner,Galle,student_2980@student.edu,2.7,remote_only,kinesthetic,career_guidance,structured,"English,Sinhala",2
S2981,Student_2981,Male,IIT Sri Lanka,CS,4,AI/ML,Security Analyst,Advanced,Kandy,student_2981@student.edu,3.74,same_university,reading,career_guidance,casual,"English,Tamil",6
S2982,Student_2982,Male,University of Colombo,Cybersecurity,1,Data Science,Software Engineer,Beginner,Gampaha,student_2982@student.edu,2.62,remote_only,reading,research_guidance,formal,"English,Sinhala",6
S2983,Student_2983,Male,IIT Sri Lanka,Data Science,4,AI/ML,Lecturer,Beginner,Kandy,student_2983@student.edu,3.7,any,kinesthetic,career_guidance,flexible,"English,Sinhala",5
S2984,Student_2984,Male,SLIIT,SE,2,Software Engineering,Data Scientist,Beginner,Kandy,student_2984@student.edu,2.74,same_university,kinesthetic,networking,structured,English,8
S2985,Student_2985,Male,NSBM,Cybersecurity,3,Data Science,Lecturer,Intermediate,Gampaha,student_2985@student.edu,3.95,any,kinesthetic,research_guidance,formal,"English,Sinhala",5
S2986,Student_2986,Male,University of Colombo,CS,1,AI/ML,Software Engineer,Beginner,Gampaha,student_2986@student.edu,2.59,any,visual,skill_development,formal,"English,Tamil",9
S2987,Student_2987,Male,University of Colombo,Cybersecurity,3,AI/ML,Security Analyst,Intermediate,Kurunegala,student_2987@student.edu,3.72,remote_only,reading,job_search,flexible,"English,Tamil",6
S2988,Student_2988,Female,NSBM,CS,2,Software Engineering,Lecturer,Intermediate,Gampaha,student_2988@student.edu,2.59,same_university,reading,job_search,casual,English,1
S2989,Student_2989,Female,University of Peradeniya,Data Science,3,Software Engineering,Lecturer,Beginner,Gampaha,student_2989@student.edu,3.72,remote_only,visual,career_guidance,flexible,"English,Sinhala",2
S2990,Student_2990,Female,University of Colombo,Data Science,1,Business IT,Security Analyst,Advanced,Galle,student_2990@student.edu,2.55,same_city,kinesthetic,job_search,formal,English,3
S2991,Student_2991,Female,University of Kelaniya,SE,1,Business IT,Security Analyst,Advanced,Gampaha,student_2991@student.edu,3.14,same_university,kinesthetic,research_guidance,flexible,English,6
S2992,Student_2992,Male,NSBM,Cybersecurity,2,Business IT,Lecturer,Advanced,Colombo,student_2992@student.edu,2.63,remote_only,visual,job_search,casual,"English,Tamil",7
S2993,Student_2993,Female,NSBM,Data Science,2,Business IT,Security Analyst,Intermediate,Galle,student_2993@student.edu,2.97,same_city,kinesthetic,skill_development,flexible,"English,Sinhala",7
S2994,Student_2994,Female,NSBM,Data Science,4,Networking,Software Engineer,Intermediate,Gampaha,student_2994@student.edu,3.06,same_city,auditory,networking,flexible,"English,Sinhala",8
S2995,Student_2995,Male,IIT Sri Lanka,CS,4,Networking,Software Engineer,Beginner,Kurunegala,student_2995@student.edu,2.65,same_university,reading,networking,structured,English,5
S2996,Student_2996,Male,University of Peradeniya,IT,2,Networking,Lecturer,Intermediate,Gampaha,student_2996@student.edu,2.67,any,reading,networking,structured,"English,Sinhala",2
S2997,Student_2997,Male,SLIIT,Cybersecurity,4,Business IT,Data Scientist,Advanced,Galle,student_2997@student.edu,3.89,same_university,visual,research_guidance,formal,"English,Sinhala",1
S2998,Student_2998,Male,University of Colombo,CS,1,Cybersecurity,Data Scientist,Beginner,Kurunegala,student_2998@student.edu,3.07,same_city,kinesthetic,research_guidance,formal,English,8
S2999,Student_2999,Male,SLIIT,CS,1,AI/ML,Security Analyst,Beginner,Kandy,student_2999@student.edu,3.41,same_city,visual,research_guidance,structured,"English,Sinhala",5
S3000,Student_3000,Male,University of Moratuwa,Cybersecurity,2,Business IT,Security Analyst,Advanced,Colombo,student_3000@student.edu,3.21,same_city,auditory,networking,flexible,"English,Sinhala",5
S3001,Student_3001,Female,IIT Sri Lanka,Data Science,2,Networking,Software Engineer,Intermediate,Colombo,student_3001@student.edu,2.85,remote_only,kinesthetic,job_search,casual,English,6
S3002,Student_3002,Male,University of Peradeniya,Data Science,4,Software Engineering,Software Engineer,Advanced,Colombo,student_3002@student.edu,3.41,remote_only,visual,career_guidance,structured,"English,Sinhala",4
S3003,Student_3003,Male,University of Moratuwa,SE,3,Software Engineering,Lecturer,Beginner,Galle,student_3003@student.edu,3.94,same_university,auditory,career_guidance,structured,"English,Tamil",6
S3004,Student_3004,Male,University of Moratuwa,IT,1,Cybersecurity,Software Engineer,Advanced,Kandy,student_3004@student.edu,2.54,same_university,kinesthetic,career_guidance,casual,English,9
S3005,Student_3005,Male,University of Moratuwa,Data Science,2,Cybersecurity,Software Engineer,Beginner,Colombo,student_3005@student.edu,3.59,remote_only,auditory,networking,flexible,"English,Tamil",1
S3006,Student_3006,Female,University of Moratuwa,SE,1,Software Engineering,Data Scientist,Advanced,Gampaha,student_3006@student.edu,2.82,any,reading,networking,casual,"English,Tamil",5
S3007,Student_3007,Female,University of Peradeniya,IT,3,Business IT,Data Scientist,Advanced,Colombo,student_3007@student.edu,3.99,remote_only,visual,networking,formal,"English,Tamil",6
S3008,Student_3008,Female,University of Moratuwa,IT,1,Software Engineering,Security Analyst,Beginner,Kandy,student_3008@student.edu,3.53,any,kinesthetic,networking,casual,"English,Sinhala",2
S3009,Student_3009,Male,University of Colombo,IT,4,AI/ML,Software Engineer,Beginner,Colombo,student_3009@student.edu,3.57,any,kinesthetic,skill_development,casual,English,8
S3010,Student_3010,Female,IIT Sri Lanka,IT,2,Cybersecurity,Lecturer,Beginner,Colombo,student_3010@student.edu,3.24,same_city,auditory,career_guidance,flexible,"English,Sinhala",7
S3011,Student_3011,Female,IIT Sri Lanka,Data Science,4,Software Engineering,Data Scientist,Beginner,Kandy,student_3011@student.edu,3.26,any,visual,research_guidance,flexible,English,2
S3012,Student_3012,Male,University of Kelaniya,Cybersecurity,3,Cybersecurity,Security Analyst,Advanced,Gampaha,student_3012@student.edu,3.76,same_university,auditory,job_search,casual,"English,Sinhala",2
S3013,Student_3013,Female,NSBM,IT,4,Data Science,Data Scientist,Beginner,Kandy,student_3013@student.edu,3.31,any,kinesthetic,networking,casual,"English,Sinhala",7
S3014,Student_3014,Male,University of Moratuwa,CS,3,AI/ML,Lecturer,Advanced,Gampaha,student_3014@student.edu,2.54,same_university,reading,skill_development,formal,"English,Tamil",3
S3015,Student_3015,Male,NSBM,IT,1,AI/ML,Lecturer,Advanced,Kandy,student_3015@student.edu,3.7,same_city,reading,skill_development,casual,"English,Sinhala",8
S3016,Student_3016,Female,University of Peradeniya,IT,1,Business IT,Lecturer,Advanced,Kandy,student_3016@student.edu,3.73,remote_only,reading,skill_development,casual,"English,Sinhala",3
S3017,Student_3017,Male,University of Colombo,IT,3,Networking,Data Scientist,Beginner,Colombo,student_3017@student.edu,3.59,same_city,kinesthetic,networking,structured,English,3
S3018,Student_3018,Male,University of Moratuwa,Cybersecurity,2,Cybersecurity,Lecturer,Intermediate,Kurunegala,student_3018@student.edu,3.31,same_city,auditory,job_search,structured,"English,Sinhala",1
S3019,Student_3019,Female,University of Colombo,Data Science,1,Data Science,Security Analyst,Beginner,Kandy,student_3019@student.edu,2.78,remote_only,auditory,career_guidance,flexible,English,4
S3020,Student_3020,Female,University of Peradeniya,SE,1,Data Science,Software Engineer,Intermediate,Kurunegala,student_3020@student.edu,2.55,any,reading,career_guidance,casual,"English,Tamil",8
S3021,Student_3021,Male,NSBM,Data Science,3,Business IT,Security Analyst,Intermediate,Kandy,student_3021@student.edu,3.6,same_university,reading,job_search,casual,"English,Tamil",2
S3022,Student_3022,Female,University of Peradeniya,Cybersecurity,2,Data Science,Data Scientist,Intermediate,Kandy,student_3022@student.edu,3.43,remote_only,visual,skill_development,flexible,"English,Tamil",4
S3023,Student_3023,Male,University of Peradeniya,Cybersecurity,4,AI/ML,Security Analyst,Intermediate,Kurunegala,student_3023@student.edu,2.64,any,kinesthetic,career_guidance,structured,"English,Sinhala",9
S3024,Student_3024,Male,University of Colombo,IT,1,Networking,Lecturer,Advanced,Kandy,student_3024@student.edu,3.91,same_city,kinesthetic,networking,casual,"English,Tamil",1
S3025,Student_3025,Male,University of Peradeniya,CS,2,Networking,Data Scientist,Intermediate,Gampaha,student_3025@student.edu,2.96,same_city,visual,job_search,casual,English,6
S3026,Student_3026,Female,University of Peradeniya,Data Science,3,Networking,Software Engineer,Intermediate,Kandy,student_3026@student.edu,2.9,remote_only,reading,career_guidance,formal,"English,Tamil",3
S3027,Student_3027,Female,University of Moratuwa,SE,3,Business IT,Security Analyst,Advanced,Gampaha,student_3027@student.edu,3.15,remote_only,reading,skill_development,flexible,English,8
S3028,Student_3028,Male,University of Peradeniya,Data Science,2,Networking,Security Analyst,Intermediate,Colombo,student_3028@student.edu,2.63,same_city,kinesthetic,skill_development,casual,English,6
S3029,Student_3029,Male,NSBM,Cybersecurity,3,Business IT,Lecturer,Beginner,Colombo,student_3029@student.edu,2.77,same_city,auditory,job_search,casual,"English,Sinhala",5
S3030,Student_3030,Female,SLIIT,IT,2,Data Science,Data Scientist,Advanced,Kurunegala,student_3030@student.edu,3.68,remote_only,auditory,career_guidance,flexible,English,1
S3031,Student_3031,Female,IIT Sri Lanka,CS,1,Networking,Software Engineer,Advanced,Gampaha,student_3031@student.edu,3.63,any,kinesthetic,career_guidance,flexible,"English,Sinhala",7
S3032,Student_3032,Female,SLIIT,CS,1,Business IT,Software Engineer,Intermediate,Gampaha,student_3032@student.edu,3.36,same_city,auditory,networking,formal,English,7
S3033,Student_3033,Female,SLIIT,Data Science,2,AI/ML,Software Engineer,Beginner,Galle,student_3033@student.edu,3.27,same_city,visual,career_guidance,casual,English,3
S3034,Student_3034,Male,IIT Sri Lanka,SE,4,AI/ML,Security Analyst,Intermediate,Kandy,student_3034@student.edu,3.04,any,reading,networking,formal,English,4
S3035,Student_3035,Female,University of Kelaniya,SE,4,Software Engineering,Data Scientist,Advanced,Gampaha,student_3035@student.edu,3.72,same_university,reading,job_search,casual,"English,Sinhala",5
S3036,Student_3036,Male,University of Kelaniya,CS,4,AI/ML,Software Engineer,Beginner,Kandy,student_3036@student.edu,3.27,same_university,auditory,skill_development,casual,"English,Tamil",7
S3037,Student_3037,Female,University of Colombo,IT,3,AI/ML,Security Analyst,Beginner,Gampaha,student_3037@student.edu,2.88,any,auditory,networking,formal,"English,Tamil",9
S3038,Student_3038,Female,SLIIT,CS,3,Data Science,Software Engineer,Intermediate,Galle,student_3038@student.edu,2.6,remote_only,kinesthetic,networking,structured,"English,Sinhala",8
S3039,Student_3039,Male,NSBM,Data Science,3,Business IT,Data Scientist,Advanced,Gampaha,student_3039@student.edu,2.77,any,visual,skill_development,structured,"English,Tamil",4
S3040,Student_3040,Male,University of Moratuwa,Data Science,4,Cybersecurity,Lecturer,Intermediate,Galle,student_3040@student.edu,3.53,any,auditory,networking,structured,English,7
S3041,Student_3041,Male,SLIIT,SE,2,Cybersecurity,Lecturer,Intermediate,Galle,student_3041@student.edu,2.76,same_university,reading,networking,flexible,"English,Tamil",8
S3042,Student_3042,Female,University of Kelaniya,SE,3,Business IT,Security Analyst,Intermediate,Colombo,student_3042@student.edu,2.61,same_university,kinesthetic,skill_development,flexible,English,6
S3043,Student_3043,Female,IIT Sri Lanka,SE,4,Business IT,Security Analyst,Advanced,Gampaha,student_3043@student.edu,3.34,same_university,kinesthetic,networking,flexible,English,9
S3044,Student_3044,Male,IIT Sri Lanka,IT,2,Cybersecurity,Lecturer,Beginner,Kurunegala,student_3044@student.edu,3.13,same_university,reading,skill_development,flexible,English,1
S3045,Student_3045,Male,SLIIT,CS,3,AI/ML,Security Analyst,Advanced,Colombo,student_3045@student.edu,3.7,same_university,visual,job_search,formal,"English,Sinhala",8
S3046,Student_3046,Male,University of Colombo,IT,4,Business IT,Data Scientist,Beginner,Kurunegala,student_3046@student.edu,3.28,same_university,reading,networking,flexible,English,9
S3047,Student_3047,Female,NSBM,Data Science,2,AI/ML,Data Scientist,Intermediate,Gampaha,student_3047@student.edu,2.74,remote_only,auditory,career_guidance,casual,"English,Sinhala",9
S3048,Student_3048,Male,NSBM,Data Science,3,Software Engineering,Security Analyst,Intermediate,Kurunegala,student_3048@student.edu,2.84,same_university,visual,skill_development,structured,"English,Tamil",7
S3049,Student_3049,Male,University of Kelaniya,CS,2,Software Engineering,Data Scientist,Advanced,Galle,student_3049@student.edu,2.86,same_university,visual,job_search,structured,"English,Tamil",3
S3050,Student_3050,Female,NSBM,Cybersecurity,3,AI/ML,Software Engineer,Intermediate,Kurunegala,student_3050@student.edu,3.49,same_university,auditory,skill_development,formal,"English,Tamil",8
S3051,Student_3051,Male,University of Peradeniya,Data Science,2,Software Engineering,Data Scientist,Advanced,Galle,student_3051@student.edu,3.64,any,visual,networking,formal,English,3
S3052,Student_3052,Male,University of Peradeniya,Cybersecurity,2,Data Science,Data Scientist,Intermediate,Gampaha,student_3052@student.edu,2.76,same_city,kinesthetic,research_guidance,flexible,"English,Tamil",5
S3053,Student_3053,Female,IIT Sri Lanka,Cybersecurity,3,Networking,Data Scientist,Beginner,Kandy,student_3053@student.edu,2.85,remote_only,visual,research_guidance,formal,English,3
S3054,Student_3054,Male,University of Colombo,CS,1,AI/ML,Lecturer,Advanced,Galle,student_3054@student.edu,3.12,remote_only,reading,job_search,formal,"English,Tamil",2
S3055,Student_3055,Female,NSBM,Data Science,4,Networking,Data Scientist,Advanced,Kurunegala,student_3055@student.edu,3.64,remote_only,visual,career_guidance,formal,"English,Tamil",6
S3056,Student_3056,Female,SLIIT,Data Science,2,Cybersecurity,Security Analyst,Advanced,Gampaha,student_3056@student.edu,2.66,same_city,reading,job_search,casual,"English,Sinhala",1
S3057,Student_3057,Female,IIT Sri Lanka,Cybersecurity,1,Cybersecurity,Data Scientist,Beginner,Gampaha,student_3057@student.edu,2.97,same_city,kinesthetic,job_search,casual,"English,Sinhala",9
S3058,Student_3058,Male,University of Kelaniya,SE,4,Software Engineering,Lecturer,Intermediate,Colombo,student_3058@student.edu,2.82,same_city,kinesthetic,skill_development,casual,"English,Tamil",4
S3059,Student_3059,Male,University of Colombo,Cybersecurity,2,Networking,Software Engineer,Advanced,Gampaha,student_3059@student.edu,2.84,remote_only,reading,skill_development,flexible,"English,Tamil",3
S3060,Student_3060,Female,University of Moratuwa,IT,2,Data Science,Lecturer,Beginner,Kurunegala,student_3060@student.edu,2.76,remote_only,visual,research_guidance,structured,"English,Sinhala",1
S3061,Student_3061,Female,University of Colombo,Cybersecurity,1,AI/ML,Data Scientist,Beginner,Colombo,student_3061@student.edu,3.76,remote_only,auditory,career_guidance,formal,"English,Tamil",8
S3062,Student_3062,Male,IIT Sri Lanka,CS,1,Cybersecurity,Lecturer,Advanced,Kandy,student_3062@student.edu,3.0,remote_only,auditory,job_search,formal,"English,Tamil",4
S3063,Student_3063,Female,University of Colombo,Data Science,4,Cybersecurity,Lecturer,Intermediate,Galle,student_3063@student.edu,2.94,any,kinesthetic,skill_development,structured,"English,Tamil",7
S3064,Student_3064,Male,University of Peradeniya,IT,3,AI/ML,Data Scientist,Beginner,Colombo,student_3064@student.edu,2.91,any,kinesthetic,networking,flexible,"English,Tamil",9
S3065,Student_3065,Female,University of Kelaniya,IT,1,Software Engineering,Security Analyst,Intermediate,Gampaha,student_3065@student.edu,3.1,any,kinesthetic,job_search,structured,English,7
S3066,Student_3066,Male,University of Colombo,IT,4,Software Engineering,Software Engineer,Beginner,Gampaha,student_3066@student.edu,2.85,any,visual,research_guidance,casual,"English,Tamil",7
S3067,Student_3067,Male,IIT Sri Lanka,Cybersecurity,4,AI/ML,Software Engineer,Advanced,Kurunegala,student_3067@student.edu,3.01,same_university,kinesthetic,research_guidance,structured,"English,Tamil",5
S3068,Student_3068,Male,University of Moratuwa,Cybersecurity,4,Data Science,Lecturer,Beginner,Colombo,student_3068@student.edu,2.82,any,auditory,career_guidance,casual,"English,Sinhala",6
S3069,Student_3069,Female,University of Peradeniya,CS,2,Data Science,Data Scientist,Advanced,Galle,student_3069@student.edu,3.42,any,reading,career_guidance,formal,"English,Tamil",4
S3070,Student_3070,Male,University of Moratuwa,SE,1,Data Science,Software Engineer,Beginner,Gampaha,student_3070@student.edu,3.69,same_university,auditory,networking,structured,"English,Sinhala",9
S3071,Student_3071,Female,SLIIT,CS,3,Data Science,Security Analyst,Advanced,Kandy,student_3071@student.edu,2.96,same_university,reading,career_guidance,structured,"English,Sinhala",9
S3072,Student_3072,Male,University of Kelaniya,IT,4,AI/ML,Lecturer,Beginner,Kurunegala,student_3072@student.edu,3.82,any,visual,research_guidance,flexible,"English,Tamil",6
S3073,Student_3073,Male,University of Colombo,IT,1,Software Engineering,Lecturer,Beginner,Gampaha,student_3073@student.edu,3.23,remote_only,kinesthetic,career_guidance,casual,"English,Sinhala",2
S3074,Student_3074,Male,IIT Sri Lanka,IT,4,Data Science,Software Engineer,Intermediate,Galle,student_3074@student.edu,3.66,remote_only,reading,career_guidance,formal,English,1
S3075,Student_3075,Female,University of Peradeniya,CS,2,Cybersecurity,Data Scientist,Intermediate,Colombo,student_3075@student.edu,2.88,same_university,auditory,skill_development,casual,"English,Tamil",1
S3076,Student_3076,Female,University of Peradeniya,CS,3,Networking,Lecturer,Beginner,Colombo,student_3076@student.edu,3.77,any,auditory,job_search,flexible,English,1
S3077,Student_3077,Male,University of Colombo,CS,1,Software Engineering,Data Scientist,Intermediate,Gampaha,student_3077@student.edu,3.17,same_university,auditory,job_search,flexible,"English,Sinhala",7
S3078,Student_3078,Male,University of Colombo,Data Science,2,Networking,Security Analyst,Advanced,Galle,student_3078@student.edu,2.65,remote_only,reading,job_search,formal,English,5
S3079,Student_3079,Female,University of Colombo,Cybersecurity,1,Business IT,Data Scientist,Advanced,Colombo,student_3079@student.edu,2.57,any,visual,research_guidance,formal,"English,Sinhala",1
S3080,Student_3080,Male,NSBM,Cybersecurity,4,AI/ML,Lecturer,Intermediate,Galle,student_3080@student.edu,3.24,any,auditory,career_guidance,casual,"English,Tamil",5
S3081,Student_3081,Male,University of Peradeniya,Cybersecurity,1,Cybersecurity,Security Analyst,Advanced,Kandy,student_3081@student.edu,2.77,same_city,reading,networking,formal,"English,Sinhala",2
S3082,Student_3082,Male,IIT Sri Lanka,CS,1,Cybersecurity,Data Scientist,Advanced,Galle,student_3082@student.edu,3.45,same_city,kinesthetic,networking,casual,"English,Tamil",9
S3083,Student_3083,Male,SLIIT,Cybersecurity,4,Networking,Lecturer,Advanced,Colombo,student_3083@student.edu,2.69,same_university,kinesthetic,networking,flexible,English,5
S3084,Student_3084,Female,IIT Sri Lanka,SE,2,Networking,Lecturer,Advanced,Kandy,student_3084@student.edu,3.8,any,reading,job_search,structured,English,8
S3085,Student_3085,Female,University of Kelaniya,Cybersecurity,2,Data Science,Lecturer,Intermediate,Kurunegala,student_3085@student.edu,2.59,any,visual,skill_development,casual,"English,Tamil",8
S3086,Student_3086,Female,SLIIT,Cybersecurity,3,Data Science,Software Engineer,Advanced,Kurunegala,student_3086@student.edu,3.94,same_city,visual,career_guidance,casual,"English,Sinhala",4
S3087,Student_3087,Female,NSBM,SE,4,Networking,Lecturer,Intermediate,Gampaha,student_3087@student.edu,3.95,remote_only,kinesthetic,career_guidance,flexible,"English,Tamil",5
S3088,Student_3088,Female,University of Peradeniya,Cybersecurity,2,Software Engineering,Software Engineer,Intermediate,Gampaha,student_3088@student.edu,3.17,remote_only,visual,research_guidance,formal,"English,Sinhala",9
S3089,Student_3089,Male,SLIIT,Cybersecurity,3,Cybersecurity,Security Analyst,Advanced,Galle,student_3089@student.edu,3.43,any,reading,skill_development,structured,"English,Tamil",5
S3090,Student_3090,Female,NSBM,Data Science,1,Software Engineering,Security Analyst,Beginner,Gampaha,student_3090@student.edu,3.68,same_university,kinesthetic,research_guidance,structured,English,2
S3091,Student_3091,Male,University of Moratuwa,Data Science,3,Software Engineering,Software Engineer,Beginner,Gampaha,student_3091@student.edu,2.72,any,reading,research_guidance,structured,English,7
S3092,Student_3092,Male,NSBM,Cybersecurity,4,Software Engineering,Software Engineer,Beginner,Gampaha,student_3092@student.edu,3.12,same_university,reading,skill_development,flexible,English,3
S3093,Student_3093,Male,University of Colombo,Data Science,3,AI/ML,Software Engineer,Intermediate,Kurunegala,student_3093@student.edu,3.87,same_university,visual,job_search,structured,English,8
S3094,Student_3094,Female,University of Moratuwa,Cybersecurity,4,Networking,Software Engineer,Advanced,Gampaha,student_3094@student.edu,3.12,any,auditory,career_guidance,formal,"English,Tamil",9
S3095,Student_3095,Female,University of Moratuwa,Cybersecurity,4,Cybersecurity,Security Analyst,Intermediate,Gampaha,student_3095@student.edu,2.54,same_university,visual,research_guidance,structured,English,9
S3096,Student_3096,Female,University of Kelaniya,CS,4,Data Science,Lecturer,Advanced,Kurunegala,student_3096@student.edu,3.79,any,visual,job_search,flexible,"English,Sinhala",8
S3097,Student_3097,Female,SLIIT,SE,3,Cybersecurity,Lecturer,Advanced,Gampaha,student_3097@student.edu,3.18,same_university,kinesthetic,skill_development,structured,English,7
S3098,Student_3098,Male,University of Moratuwa,CS,4,AI/ML,Data Scientist,Intermediate,Galle,student_3098@student.edu,3.63,same_university,auditory,job_search,flexible,"English,Tamil",2
S3099,Student_3099,Female,University of Moratuwa,Cybersecurity,2,Software Engineering,Lecturer,Beginner,Kandy,student_3099@student.edu,3.67,remote_only,visual,job_search,flexible,"English,Tamil",3
S3100,Student_3100,Male,University of Kelaniya,CS,2,Business IT,Lecturer,Intermediate,Kurunegala,student_3100@student.edu,3.73,any,auditory,career_guidance,structured,"English,Tamil",4
S3101,Student_3101,Female,SLIIT,Data Science,3,Software Engineering,Software Engineer,Intermediate,Gampaha,student_3101@student.edu,3.81,any,visual,career_guidance,casual,English,5
S3102,Student_3102,Female,University of Peradeniya,SE,2,Software Engineering,Data Scientist,Beginner,Gampaha,student_3102@student.edu,2.93,any,reading,research_guidance,structured,"English,Sinhala",3
S3103,Student_3103,Male,NSBM,IT,2,Business IT,Data Scientist,Advanced,Gampaha,student_3103@student.edu,2.73,same_city,auditory,networking,flexible,"English,Tamil",3
S3104,Student_3104,Male,University of Colombo,SE,1,Software Engineering,Data Scientist,Advanced,Gampaha,student_3104@student.edu,2.88,remote_only,auditory,skill_development,structured,English,7
S3105,Student_3105,Female,University of Colombo,IT,1,Data Science,Lecturer,Advanced,Kandy,student_3105@student.edu,3.36,same_city,reading,career_guidance,flexible,"English,Sinhala",7
S3106,Student_3106,Male,University of Moratuwa,Data Science,1,Data Science,Security Analyst,Advanced,Colombo,student_3106@student.edu,3.58,remote_only,reading,skill_development,flexible,"English,Tamil",9
S3107,Student_3107,Female,University of Peradeniya,Data Science,3,AI/ML,Lecturer,Beginner,Kandy,student_3107@student.edu,3.95,same_city,auditory,research_guidance,flexible,"English,Tamil",3
S3108,Student_3108,Male,University of Kelaniya,SE,1,Data Science,Security Analyst,Advanced,Colombo,student_3108@student.edu,3.65,same_university,reading,networking,flexible,English,3
S3109,Student_3109,Male,University of Peradeniya,CS,4,Networking,Security Analyst,Advanced,Galle,student_3109@student.edu,2.98,same_city,kinesthetic,skill_development,formal,English,6
S3110,Student_3110,Female,University of Kelaniya,Cybersecurity,4,Networking,Data Scientist,Intermediate,Gampaha,student_3110@student.edu,2.57,remote_only,visual,networking,casual,"English,Tamil",5
S3111,Student_3111,Female,IIT Sri Lanka,Data Science,4,AI/ML,Security Analyst,Advanced,Gampaha,student_3111@student.edu,2.67,remote_only,kinesthetic,networking,formal,"English,Sinhala",4
S3112,Student_3112,Male,NSBM,Cybersecurity,1,AI/ML,Software Engineer,Intermediate,Kurunegala,student_3112@student.edu,3.05,remote_only,auditory,networking,formal,"English,Tamil",3
S3113,Student_3113,Female,NSBM,Cybersecurity,2,Software Engineering,Software Engineer,Advanced,Kurunegala,student_3113@student.edu,3.15,remote_only,auditory,career_guidance,structured,"English,Tamil",4
S3114,Student_3114,Male,IIT Sri Lanka,CS,4,Software Engineering,Security Analyst,Beginner,Kurunegala,student_3114@student.edu,3.12,remote_only,reading,career_guidance,casual,English,1
S3115,Student_3115,Female,University of Kelaniya,IT,1,Networking,Software Engineer,Beginner,Galle,student_3115@student.edu,3.78,same_university,reading,skill_development,formal,English,1
S3116,Student_3116,Female,SLIIT,Data Science,3,Data Science,Data Scientist,Advanced,Colombo,student_3116@student.edu,3.05,same_university,reading,skill_development,structured,"English,Tamil",8
S3117,Student_3117,Female,University of Moratuwa,SE,3,AI/ML,Lecturer,Advanced,Galle,student_3117@student.edu,3.03,same_university,auditory,job_search,flexible,English,3
S3118,Student_3118,Male,University of Peradeniya,SE,1,AI/ML,Data Scientist,Beginner,Galle,student_3118@student.edu,3.63,remote_only,auditory,job_search,flexible,"English,Sinhala",2
S3119,Student_3119,Male,University of Peradeniya,IT,1,Software Engineering,Lecturer,Intermediate,Kandy,student_3119@student.edu,3.48,any,reading,skill_development,formal,"English,Sinhala",9
S3120,Student_3120,Female,IIT Sri Lanka,IT,4,Data Science,Security Analyst,Intermediate,Kurunegala,student_3120@student.edu,3.24,any,visual,networking,structured,"English,Sinhala",5
S3121,Student_3121,Male,SLIIT,IT,2,Cybersecurity,Data Scientist,Advanced,Kandy,student_3121@student.edu,3.75,same_city,kinesthetic,career_guidance,casual,"English,Tamil",3
S3122,Student_3122,Female,University of Kelaniya,SE,4,Networking,Software Engineer,Advanced,Kurunegala,student_3122@student.edu,3.34,same_city,auditory,job_search,formal,"English,Sinhala",6
S3123,Student_3123,Female,University of Colombo,CS,3,Business IT,Software Engineer,Intermediate,Colombo,student_3123@student.edu,2.5,same_city,reading,career_guidance,structured,"English,Sinhala",7
S3124,Student_3124,Male,University of Colombo,SE,1,Software Engineering,Data Scientist,Advanced,Galle,student_3124@student.edu,3.72,same_city,auditory,job_search,casual,"English,Tamil",8
S3125,Student_3125,Female,University of Colombo,IT,1,Networking,Data Scientist,Beginner,Gampaha,student_3125@student.edu,3.52,any,kinesthetic,research_guidance,formal,English,1
S3126,Student_3126,Female,SLIIT,SE,4,Business IT,Lecturer,Intermediate,Galle,student_3126@student.edu,3.1,any,kinesthetic,networking,casual,"English,Sinhala",1
S3127,Student_3127,Female,IIT Sri Lanka,Cybersecurity,1,Data Science,Data Scientist,Intermediate,Kurunegala,student_3127@student.edu,3.79,same_city,kinesthetic,skill_development,casual,"English,Sinhala",3
S3128,Student_3128,Male,NSBM,CS,3,Business IT,Data Scientist,Beginner,Kurunegala,student_3128@student.edu,2.57,same_city,kinesthetic,skill_development,formal,"English,Tamil",2
S3129,Student_3129,Female,NSBM,SE,2,Cybersecurity,Lecturer,Beginner,Gampaha,student_3129@student.edu,2.92,same_university,visual,networking,formal,"English,Tamil",5
S3130,Student_3130,Female,SLIIT,Data Science,1,Data Science,Lecturer,Intermediate,Kandy,student_3130@student.edu,3.67,remote_only,auditory,career_guidance,flexible,"English,Sinhala",8
S3131,Student_3131,Female,NSBM,Data Science,1,AI/ML,Security Analyst,Advanced,Kurunegala,student_3131@student.edu,3.4,remote_only,visual,job_search,formal,"English,Tamil",4
S3132,Student_3132,Male,NSBM,IT,4,Networking,Security Analyst,Advanced,Kurunegala,student_3132@student.edu,3.75,same_university,auditory,research_guidance,formal,English,9
S3133,Student_3133,Male,SLIIT,CS,3,Networking,Software Engineer,Intermediate,Kandy,student_3133@student.edu,2.94,any,reading,career_guidance,casual,"English,Tamil",8
S3134,Student_3134,Female,NSBM,IT,1,Software Engineering,Security Analyst,Intermediate,Kurunegala,student_3134@student.edu,2.57,same_university,kinesthetic,skill_development,casual,English,3
S3135,Student_3135,Female,NSBM,SE,1,AI/ML,Software Engineer,Advanced,Galle,student_3135@student.edu,3.63,same_city,auditory,career_guidance,casual,"English,Tamil",2
S3136,Student_3136,Male,University of Peradeniya,IT,3,Cybersecurity,Data Scientist,Beginner,Galle,student_3136@student.edu,2.54,same_city,kinesthetic,career_guidance,formal,"English,Tamil",5
S3137,Student_3137,Male,University of Kelaniya,SE,4,AI/ML,Lecturer,Beginner,Galle,student_3137@student.edu,2.96,any,reading,career_guidance,formal,"English,Sinhala",9
S3138,Student_3138,Female,University of Peradeniya,IT,2,Business IT,Data Scientist,Beginner,Galle,student_3138@student.edu,2.84,any,reading,networking,structured,"English,Sinhala",4
S3139,Student_3139,Male,University of Moratuwa,Cybersecurity,2,AI/ML,Lecturer,Beginner,Kurunegala,student_3139@student.edu,3.75,any,auditory,research_guidance,flexible,"English,Tamil",3
S3140,Student_3140,Male,University of Kelaniya,IT,3,AI/ML,Lecturer,Advanced,Kandy,student_3140@student.edu,3.56,remote_only,visual,networking,flexible,"English,Sinhala",9
S3141,Student_3141,Male,University of Peradeniya,CS,3,AI/ML,Lecturer,Intermediate,Colombo,student_3141@student.edu,3.19,remote_only,auditory,job_search,structured,"English,Sinhala",6
S3142,Student_3142,Male,University of Kelaniya,Cybersecurity,3,Cybersecurity,Lecturer,Advanced,Kandy,student_3142@student.edu,3.92,any,kinesthetic,networking,structured,"English,Tamil",2
S3143,Student_3143,Female,IIT Sri Lanka,Data Science,1,Cybersecurity,Data Scientist,Intermediate,Kurunegala,student_3143@student.edu,2.69,same_city,visual,networking,structured,"English,Tamil",6
S3144,Student_3144,Male,University of Moratuwa,SE,3,Cybersecurity,Security Analyst,Beginner,Kandy,student_3144@student.edu,3.4,same_university,kinesthetic,job_search,formal,"English,Sinhala",3
S3145,Student_3145,Male,NSBM,Cybersecurity,2,Cybersecurity,Lecturer,Advanced,Kurunegala,student_3145@student.edu,2.76,same_university,visual,research_guidance,casual,"English,Sinhala",2
S3146,Student_3146,Female,SLIIT,Data Science,1,Business IT,Lecturer,Beginner,Kandy,student_3146@student.edu,3.2,remote_only,kinesthetic,networking,casual,"English,Sinhala",2
S3147,Student_3147,Female,University of Kelaniya,Data Science,3,Networking,Security Analyst,Advanced,Kandy,student_3147@student.edu,3.89,same_city,visual,job_search,structured,English,7
S3148,Student_3148,Male,SLIIT,IT,1,Software Engineering,Security Analyst,Advanced,Kandy,student_3148@student.edu,3.94,remote_only,kinesthetic,skill_development,casual,"English,Tamil",3
S3149,Student_3149,Male,University of Kelaniya,Cybersecurity,4,Software Engineering,Security Analyst,Intermediate,Galle,student_3149@student.edu,3.53,same_city,reading,networking,structured,English,5
S3150,Student_3150,Male,University of Colombo,Cybersecurity,4,Business IT,Data Scientist,Beginner,Colombo,student_3150@student.edu,2.73,any,visual,networking,structured,"English,Sinhala",3
S3151,Student_3151,Female,SLIIT,IT,1,Software Engineering,Security Analyst,Advanced,Gampaha,student_3151@student.edu,3.49,remote_only,kinesthetic,career_guidance,flexible,"English,Tamil",7
S3152,Student_3152,Female,SLIIT,CS,1,Data Science,Data Scientist,Beginner,Galle,student_3152@student.edu,3.25,same_city,reading,networking,flexible,"English,Sinhala",5
S3153,Student_3153,Male,University of Moratuwa,Cybersecurity,2,Data Science,Software Engineer,Advanced,Kurunegala,student_3153@student.edu,2.87,same_university,auditory,career_guidance,structured,"English,Tamil",7
S3154,Student_3154,Male,University of Peradeniya,Cybersecurity,3,Networking,Data Scientist,Advanced,Kurunegala,student_3154@student.edu,3.03,same_city,kinesthetic,research_guidance,flexible,"English,Tamil",4
S3155,Student_3155,Male,SLIIT,CS,2,Data Science,Data Scientist,Beginner,Galle,student_3155@student.edu,2.68,same_university,reading,skill_development,casual,"English,Sinhala",3
S3156,Student_3156,Male,IIT Sri Lanka,CS,2,Business IT,Data Scientist,Beginner,Colombo,student_3156@student.edu,3.37,any,kinesthetic,networking,casual,"English,Sinhala",2
S3157,Student_3157,Male,IIT Sri Lanka,SE,3,Data Science,Security Analyst,Intermediate,Galle,student_3157@student.edu,2.5,same_city,visual,research_guidance,structured,"English,Tamil",9
S3158,Student_3158,Female,University of Colombo,Data Science,4,Data Science,Software Engineer,Intermediate,Kandy,student_3158@student.edu,3.89,same_city,reading,skill_development,flexible,"English,Tamil",3
S3159,Student_3159,Male,University of Colombo,Data Science,1,Data Science,Security Analyst,Intermediate,Colombo,student_3159@student.edu,3.01,same_city,visual,job_search,structured,"English,Tamil",3
S3160,Student_3160,Male,IIT Sri Lanka,Data Science,4,AI/ML,Lecturer,Advanced,Kandy,student_3160@student.edu,3.2,remote_only,auditory,job_search,structured,"English,Sinhala",3
S3161,Student_3161,Female,NSBM,SE,1,AI/ML,Software Engineer,Advanced,Colombo,student_3161@student.edu,2.52,any,visual,job_search,casual,English,4
S3162,Student_3162,Male,University of Moratuwa,SE,1,Data Science,Software Engineer,Intermediate,Kurunegala,student_3162@student.edu,2.86,any,auditory,job_search,flexible,English,8
S3163,Student_3163,Male,University of Moratuwa,CS,4,Cybersecurity,Data Scientist,Intermediate,Colombo,student_3163@student.edu,3.4,same_city,visual,career_guidance,structured,English,6
S3164,Student_3164,Female,University of Peradeniya,IT,1,Business IT,Security Analyst,Beginner,Kurunegala,student_3164@student.edu,3.32,same_city,kinesthetic,career_guidance,structured,"English,Sinhala",7
S3165,Student_3165,Male,University of Moratuwa,Cybersecurity,4,Networking,Software Engineer,Intermediate,Gampaha,student_3165@student.edu,3.78,same_city,kinesthetic,career_guidance,structured,"English,Tamil",2
S3166,Student_3166,Female,University of Kelaniya,Data Science,2,Cybersecurity,Security Analyst,Advanced,Gampaha,student_3166@student.edu,3.9,same_university,visual,job_search,flexible,"English,Sinhala",3
S3167,Student_3167,Male,University of Peradeniya,Cybersecurity,1,Networking,Data Scientist,Advanced,Gampaha,student_3167@student.edu,3.57,any,visual,skill_development,formal,"English,Sinhala",6
S3168,Student_3168,Female,University of Colombo,Cybersecurity,2,Networking,Software Engineer,Intermediate,Kandy,student_3168@student.edu,2.78,same_city,auditory,career_guidance,casual,"English,Sinhala",1
S3169,Student_3169,Female,University of Moratuwa,Data Science,3,Software Engineering,Software Engineer,Intermediate,Colombo,student_3169@student.edu,3.24,any,kinesthetic,research_guidance,formal,English,5
S3170,Student_3170,Female,University of Peradeniya,IT,4,Business IT,Security Analyst,Beginner,Gampaha,student_3170@student.edu,3.09,remote_only,kinesthetic,research_guidance,flexible,"English,Tamil",7
S3171,Student_3171,Male,SLIIT,Cybersecurity,1,AI/ML,Data Scientist,Advanced,Kandy,student_3171@student.edu,3.13,remote_only,auditory,career_guidance,formal,English,6
S3172,Student_3172,Female,University of Peradeniya,Cybersecurity,4,Business IT,Lecturer,Intermediate,Colombo,student_3172@student.edu,3.63,same_university,reading,job_search,flexible,"English,Tamil",4
S3173,Student_3173,Male,University of Moratuwa,SE,1,AI/ML,Lecturer,Intermediate,Gampaha,student_3173@student.edu,2.76,remote_only,visual,career_guidance,flexible,"English,Sinhala",8
S3174,Student_3174,Male,NSBM,CS,3,Software Engineering,Software Engineer,Beginner,Kandy,student_3174@student.edu,3.32,same_university,kinesthetic,job_search,structured,"English,Tamil",6
S3175,Student_3175,Female,NSBM,IT,2,Software Engineering,Lecturer,Advanced,Galle,student_3175@student.edu,3.91,same_university,kinesthetic,job_search,structured,"English,Tamil",5
S3176,Student_3176,Male,University of Colombo,IT,3,Networking,Security Analyst,Beginner,Galle,student_3176@student.edu,2.58,any,auditory,skill_development,casual,"English,Sinhala",5
S3177,Student_3177,Male,IIT Sri Lanka,CS,3,Networking,Lecturer,Beginner,Kurunegala,student_3177@student.edu,2.8,any,kinesthetic,career_guidance,formal,"English,Tamil",7
S3178,Student_3178,Female,University of Colombo,SE,3,Cybersecurity,Security Analyst,Beginner,Kandy,student_3178@student.edu,3.29,remote_only,auditory,job_search,flexible,"English,Tamil",1
S3179,Student_3179,Female,SLIIT,Cybersecurity,2,Networking,Lecturer,Beginner,Galle,student_3179@student.edu,3.22,remote_only,visual,research_guidance,formal,"English,Sinhala",8
S3180,Student_3180,Female,University of Moratuwa,IT,2,Data Science,Software Engineer,Beginner,Kandy,student_3180@student.edu,3.6,same_city,kinesthetic,networking,structured,"English,Tamil",3
S3181,Student_3181,Male,University of Moratuwa,Cybersecurity,3,Cybersecurity,Software Engineer,Advanced,Gampaha,student_3181@student.edu,2.71,same_city,reading,career_guidance,casual,"English,Tamil",9
S3182,Student_3182,Female,University of Colombo,IT,3,Cybersecurity,Data Scientist,Intermediate,Kandy,student_3182@student.edu,2.88,same_city,visual,research_guidance,structured,"English,Tamil",7
S3183,Student_3183,Male,NSBM,Cybersecurity,1,Software Engineering,Software Engineer,Advanced,Gampaha,student_3183@student.edu,3.2,any,visual,job_search,flexible,"English,Tamil",6
S3184,Student_3184,Female,University of Peradeniya,SE,4,Data Science,Lecturer,Intermediate,Kurunegala,student_3184@student.edu,3.18,any,reading,career_guidance,formal,English,6
S3185,Student_3185,Female,SLIIT,IT,3,Networking,Data Scientist,Advanced,Kurunegala,student_3185@student.edu,2.66,same_city,auditory,skill_development,formal,"English,Sinhala",1
S3186,Student_3186,Male,University of Colombo,Data Science,3,Networking,Software Engineer,Beginner,Kandy,student_3186@student.edu,2.88,same_city,kinesthetic,skill_development,formal,"English,Sinhala",4
S3187,Student_3187,Female,SLIIT,Cybersecurity,1,Business IT,Security Analyst,Intermediate,Gampaha,student_3187@student.edu,2.67,same_university,visual,skill_development,structured,"English,Sinhala",7
S3188,Student_3188,Female,NSBM,CS,3,Networking,Lecturer,Beginner,Gampaha,student_3188@student.edu,3.64,same_university,kinesthetic,skill_development,flexible,English,3
S3189,Student_3189,Female,University of Kelaniya,Cybersecurity,4,Business IT,Software Engineer,Beginner,Gampaha,student_3189@student.edu,3.93,same_university,auditory,job_search,casual,"English,Sinhala",1
S3190,Student_3190,Female,University of Moratuwa,IT,2,Cybersecurity,Security Analyst,Intermediate,Gampaha,student_3190@student.edu,3.59,same_city,auditory,networking,formal,"English,Sinhala",6
S3191,Student_3191,Female,University of Kelaniya,Data Science,1,Networking,Lecturer,Beginner,Kandy,student_3191@student.edu,3.78,any,visual,job_search,structured,"English,Tamil",7
S3192,Student_3192,Female,SLIIT,SE,1,Cybersecurity,Software Engineer,Advanced,Galle,student_3192@student.edu,2.9,any,visual,skill_development,formal,"English,Tamil",4
S3193,Student_3193,Female,SLIIT,IT,1,Business IT,Software Engineer,Advanced,Kurunegala,student_3193@student.edu,3.01,remote_only,auditory,skill_development,structured,English,9
S3194,Student_3194,Male,SLIIT,SE,1,Cybersecurity,Lecturer,Advanced,Colombo,student_3194@student.edu,3.98,same_university,reading,networking,casual,"English,Tamil",5
S3195,Student_3195,Male,NSBM,Data Science,1,AI/ML,Security Analyst,Intermediate,Colombo,student_3195@student.edu,2.51,any,reading,job_search,formal,"English,Sinhala",5
S3196,Student_3196,Male,SLIIT,Data Science,3,Networking,Lecturer,Beginner,Kandy,student_3196@student.edu,3.81,remote_only,kinesthetic,networking,flexible,"English,Sinhala",5
S3197,Student_3197,Female,NSBM,Cybersecurity,3,Networking,Lecturer,Intermediate,Kurunegala,student_3197@student.edu,3.57,same_city,auditory,job_search,formal,"English,Sinhala",8
S3198,Student_3198,Male,IIT Sri Lanka,Data Science,2,Networking,Data Scientist,Advanced,Galle,student_3198@student.edu,2.57,remote_only,auditory,job_search,casual,"English,Sinhala",7
S3199,Student_3199,Female,SLIIT,SE,4,Cybersecurity,Data Scientist,Beginner,Kandy,student_3199@student.edu,2.73,same_city,reading,skill_development,flexible,English,4
S3200,Student_3200,Male,NSBM,CS,1,Business IT,Lecturer,Beginner,Kurunegala,student_3200@student.edu,3.31,remote_only,auditory,job_search,casual,English,3
S3201,Student_3201,Male,University of Peradeniya,SE,4,Cybersecurity,Lecturer,Beginner,Colombo,student_3201@student.edu,3.66,remote_only,reading,job_search,formal,"English,Tamil",8
S3202,Student_3202,Female,IIT Sri Lanka,Cybersecurity,3,Data Science,Security Analyst,Beginner,Gampaha,student_3202@student.edu,3.99,same_university,reading,job_search,flexible,English,8
S3203,Student_3203,Male,NSBM,Cybersecurity,2,Data Science,Lecturer,Intermediate,Kurunegala,student_3203@student.edu,2.52,any,reading,job_search,flexible,"English,Sinhala",7
S3204,Student_3204,Male,University of Kelaniya,Data Science,4,Networking,Lecturer,Advanced,Gampaha,student_3204@student.edu,3.94,remote_only,auditory,research_guidance,flexible,"English,Tamil",4
S3205,Student_3205,Male,University of Kelaniya,Cybersecurity,1,Software Engineering,Security Analyst,Intermediate,Kurunegala,student_3205@student.edu,3.11,remote_only,visual,networking,flexible,English,1
S3206,Student_3206,Female,University of Colombo,CS,2,Cybersecurity,Lecturer,Beginner,Kandy,student_3206@student.edu,3.14,same_city,visual,job_search,flexible,"English,Tamil",2
S3207,Student_3207,Female,IIT Sri Lanka,Cybersecurity,4,Software Engineering,Data Scientist,Advanced,Kandy,student_3207@student.edu,2.65,same_university,visual,research_guidance,formal,English,8
S3208,Student_3208,Male,University of Kelaniya,IT,4,Data Science,Lecturer,Intermediate,Galle,student_3208@student.edu,3.04,any,auditory,research_guidance,flexible,"English,Tamil",3
S3209,Student_3209,Male,University of Kelaniya,Cybersecurity,2,Business IT,Data Scientist,Intermediate,Gampaha,student_3209@student.edu,2.68,same_city,reading,research_guidance,structured,"English,Sinhala",7
S3210,Student_3210,Male,IIT Sri Lanka,CS,2,AI/ML,Lecturer,Beginner,Kurunegala,student_3210@student.edu,3.93,any,reading,career_guidance,casual,"English,Tamil",5
S3211,Student_3211,Male,University of Peradeniya,IT,4,Software Engineering,Security Analyst,Intermediate,Gampaha,student_3211@student.edu,2.68,remote_only,reading,career_guidance,formal,English,7
S3212,Student_3212,Male,NSBM,IT,1,Networking,Data Scientist,Intermediate,Colombo,student_3212@student.edu,2.58,same_university,reading,networking,structured,"English,Tamil",9
S3213,Student_3213,Female,University of Colombo,SE,4,Software Engineering,Software Engineer,Beginner,Kandy,student_3213@student.edu,3.69,same_city,auditory,research_guidance,flexible,English,2
S3214,Student_3214,Female,University of Colombo,SE,4,Networking,Software Engineer,Beginner,Colombo,student_3214@student.edu,3.86,same_city,kinesthetic,networking,structured,English,9
S3215,Student_3215,Female,IIT Sri Lanka,Data Science,4,Networking,Data Scientist,Advanced,Kandy,student_3215@student.edu,2.85,remote_only,visual,career_guidance,flexible,English,8
S3216,Student_3216,Female,IIT Sri Lanka,SE,3,Networking,Security Analyst,Intermediate,Gampaha,student_3216@student.edu,3.96,same_university,auditory,skill_development,flexible,"English,Tamil",9
S3217,Student_3217,Female,SLIIT,SE,1,Cybersecurity,Lecturer,Intermediate,Colombo,student_3217@student.edu,3.99,any,auditory,job_search,structured,English,9
S3218,Student_3218,Female,University of Peradeniya,IT,2,Business IT,Software Engineer,Intermediate,Kurunegala,student_3218@student.edu,2.86,same_university,reading,career_guidance,casual,"English,Sinhala",8
S3219,Student_3219,Male,University of Moratuwa,SE,3,Cybersecurity,Data Scientist,Beginner,Colombo,student_3219@student.edu,3.36,same_city,visual,skill_development,formal,English,8
S3220,Student_3220,Female,NSBM,Data Science,1,Data Science,Data Scientist,Intermediate,Gampaha,student_3220@student.edu,3.89,same_city,reading,research_guidance,structured,"English,Tamil",9
S3221,Student_3221,Female,SLIIT,Cybersecurity,4,Business IT,Security Analyst,Beginner,Colombo,student_3221@student.edu,3.25,any,kinesthetic,networking,formal,"English,Sinhala",6
S3222,Student_3222,Male,NSBM,SE,2,Cybersecurity,Lecturer,Intermediate,Gampaha,student_3222@student.edu,3.12,same_university,reading,networking,formal,"English,Tamil",2
S3223,Student_3223,Female,University of Colombo,Data Science,4,Cybersecurity,Security Analyst,Beginner,Galle,student_3223@student.edu,3.49,same_university,auditory,job_search,formal,"English,Tamil",4
S3224,Student_3224,Female,University of Moratuwa,IT,4,Data Science,Software Engineer,Advanced,Galle,student_3224@student.edu,2.86,remote_only,kinesthetic,skill_development,casual,English,5
S3225,Student_3225,Male,SLIIT,CS,2,Cybersecurity,Security Analyst,Intermediate,Kandy,student_3225@student.edu,2.99,remote_only,auditory,research_guidance,formal,"English,Tamil",9
S3226,Student_3226,Female,NSBM,Cybersecurity,3,Networking,Software Engineer,Beginner,Gampaha,student_3226@student.edu,3.6,any,kinesthetic,skill_development,formal,"English,Tamil",8
S3227,Student_3227,Male,University of Peradeniya,Cybersecurity,4,Data Science,Data Scientist,Beginner,Gampaha,student_3227@student.edu,3.66,same_university,auditory,job_search,formal,"English,Sinhala",2
S3228,Student_3228,Female,University of Kelaniya,Data Science,1,Data Science,Software Engineer,Advanced,Gampaha,student_3228@student.edu,3.5,same_university,kinesthetic,career_guidance,flexible,"English,Tamil",9
S3229,Student_3229,Female,University of Colombo,Cybersecurity,4,Software Engineering,Lecturer,Beginner,Colombo,student_3229@student.edu,2.81,any,kinesthetic,skill_development,flexible,"English,Tamil",9
S3230,Student_3230,Male,University of Peradeniya,SE,4,Data Science,Security Analyst,Beginner,Kandy,student_3230@student.edu,2.9,same_city,kinesthetic,skill_development,flexible,"English,Sinhala",6
S3231,Student_3231,Male,University of Peradeniya,CS,4,Data Science,Security Analyst,Intermediate,Kurunegala,student_3231@student.edu,3.87,any,auditory,job_search,structured,"English,Tamil",1
S3232,Student_3232,Male,NSBM,IT,4,Software Engineering,Software Engineer,Advanced,Kurunegala,student_3232@student.edu,3.1,remote_only,kinesthetic,job_search,casual,English,8
S3233,Student_3233,Male,NSBM,CS,3,AI/ML,Software Engineer,Beginner,Kandy,student_3233@student.edu,3.55,same_city,reading,job_search,flexible,"English,Tamil",3
S3234,Student_3234,Male,University of Colombo,CS,1,Networking,Security Analyst,Intermediate,Galle,student_3234@student.edu,3.3,same_university,kinesthetic,job_search,formal,English,4
S3235,Student_3235,Male,University of Kelaniya,CS,3,Business IT,Security Analyst,Intermediate,Gampaha,student_3235@student.edu,3.23,remote_only,visual,job_search,formal,"English,Tamil",4
S3236,Student_3236,Male,University of Colombo,Data Science,1,Software Engineering,Data Scientist,Advanced,Gampaha,student_3236@student.edu,2.87,same_university,reading,skill_development,formal,"English,Tamil",3
S3237,Student_3237,Male,SLIIT,IT,3,Data Science,Security Analyst,Beginner,Kurunegala,student_3237@student.edu,3.18,remote_only,kinesthetic,job_search,formal,"English,Tamil",6
S3238,Student_3238,Male,University of Colombo,CS,1,Data Science,Lecturer,Intermediate,Gampaha,student_3238@student.edu,3.21,any,reading,career_guidance,structured,English,8
S3239,Student_3239,Male,IIT Sri Lanka,Data Science,1,AI/ML,Software Engineer,Beginner,Kurunegala,student_3239@student.edu,3.6,same_city,auditory,job_search,casual,English,4
S3240,Student_3240,Female,University of Colombo,Cybersecurity,3,Cybersecurity,Lecturer,Beginner,Kandy,student_3240@student.edu,3.62,remote_only,reading,career_guidance,structured,"English,Tamil",4
S3241,Student_3241,Male,IIT Sri Lanka,Data Science,4,Software Engineering,Data Scientist,Advanced,Kandy,student_3241@student.edu,3.2,any,reading,job_search,casual,"English,Tamil",3
S3242,Student_3242,Female,IIT Sri Lanka,Cybersecurity,3,AI/ML,Software Engineer,Advanced,Galle,student_3242@student.edu,2.67,remote_only,auditory,research_guidance,flexible,"English,Tamil",1
S3243,Student_3243,Female,IIT Sri Lanka,CS,3,Data Science,Software Engineer,Advanced,Kandy,student_3243@student.edu,2.57,remote_only,auditory,research_guidance,flexible,"English,Sinhala",4
S3244,Student_3244,Female,SLIIT,Cybersecurity,2,Data Science,Security Analyst,Beginner,Gampaha,student_3244@student.edu,3.12,same_university,auditory,job_search,structured,English,6
S3245,Student_3245,Female,SLIIT,Data Science,2,AI/ML,Security Analyst,Intermediate,Gampaha,student_3245@student.edu,2.61,any,visual,research_guidance,casual,"English,Tamil",3
S3246,Student_3246,Female,IIT Sri Lanka,IT,1,AI/ML,Security Analyst,Beginner,Kandy,student_3246@student.edu,3.2,remote_only,visual,skill_development,flexible,English,2
S3247,Student_3247,Male,University of Moratuwa,Cybersecurity,1,Business IT,Data Scientist,Intermediate,Kandy,student_3247@student.edu,2.75,same_university,kinesthetic,career_guidance,formal,"English,Tamil",1
S3248,Student_3248,Male,University of Moratuwa,SE,2,Networking,Software Engineer,Advanced,Kandy,student_3248@student.edu,2.54,same_university,reading,career_guidance,casual,"English,Tamil",7
S3249,Student_3249,Female,NSBM,IT,3,Business IT,Security Analyst,Advanced,Gampaha,student_3249@student.edu,2.58,same_city,kinesthetic,networking,casual,"English,Tamil",1
S3250,Student_3250,Male,University of Colombo,CS,1,Data Science,Software Engineer,Advanced,Galle,student_3250@student.edu,3.6,same_university,kinesthetic,career_guidance,formal,"English,Sinhala",4
S3251,Student_3251,Female,University of Peradeniya,SE,1,Cybersecurity,Security Analyst,Intermediate,Gampaha,student_3251@student.edu,2.83,same_city,auditory,job_search,formal,"English,Tamil",8
S3252,Student_3252,Female,University of Moratuwa,IT,1,AI/ML,Lecturer,Intermediate,Kurunegala,student_3252@student.edu,3.62,any,kinesthetic,research_guidance,flexible,"English,Tamil",9
S3253,Student_3253,Male,University of Colombo,SE,2,Networking,Data Scientist,Advanced,Colombo,student_3253@student.edu,3.93,same_city,reading,skill_development,flexible,"English,Tamil",2
S3254,Student_3254,Female,SLIIT,SE,1,Data Science,Software Engineer,Beginner,Kandy,student_3254@student.edu,3.73,same_university,visual,job_search,casual,"English,Tamil",1
S3255,Student_3255,Male,University of Kelaniya,CS,4,Networking,Lecturer,Advanced,Kurunegala,student_3255@student.edu,3.58,any,kinesthetic,job_search,flexible,"English,Sinhala",9
S3256,Student_3256,Male,NSBM,Cybersecurity,2,AI/ML,Security Analyst,Beginner,Kurunegala,student_3256@student.edu,3.3,any,visual,career_guidance,formal,"English,Sinhala",8
S3257,Student_3257,Male,University of Peradeniya,Cybersecurity,1,Data Science,Lecturer,Intermediate,Gampaha,student_3257@student.edu,3.92,same_university,auditory,networking,formal,"English,Tamil",2
S3258,Student_3258,Male,IIT Sri Lanka,Cybersecurity,2,Networking,Lecturer,Intermediate,Gampaha,student_3258@student.edu,3.36,any,kinesthetic,career_guidance,flexible,English,7
S3259,Student_3259,Female,SLIIT,Data Science,4,Cybersecurity,Data Scientist,Advanced,Galle,student_3259@student.edu,2.74,same_university,kinesthetic,skill_development,casual,"English,Sinhala",2
S3260,Student_3260,Female,NSBM,Cybersecurity,1,Cybersecurity,Lecturer,Intermediate,Gampaha,student_3260@student.edu,3.88,same_university,kinesthetic,research_guidance,formal,English,1
S3261,Student_3261,Male,SLIIT,Data Science,1,Cybersecurity,Lecturer,Advanced,Kandy,student_3261@student.edu,2.64,same_city,visual,job_search,formal,"English,Tamil",5
S3262,Student_3262,Female,SLIIT,IT,2,Software Engineering,Data Scientist,Advanced,Gampaha,student_3262@student.edu,3.97,any,kinesthetic,job_search,formal,"English,Sinhala",1
S3263,Student_3263,Male,NSBM,Cybersecurity,1,Business IT,Software Engineer,Advanced,Kurunegala,student_3263@student.edu,3.55,any,visual,job_search,flexible,"English,Sinhala",4
S3264,Student_3264,Female,University of Peradeniya,IT,1,AI/ML,Security Analyst,Intermediate,Kandy,student_3264@student.edu,2.62,same_university,kinesthetic,networking,casual,"English,Tamil",9
S3265,Student_3265,Female,NSBM,Cybersecurity,2,Cybersecurity,Security Analyst,Beginner,Gampaha,student_3265@student.edu,3.88,remote_only,visual,career_guidance,casual,English,1
S3266,Student_3266,Female,University of Peradeniya,Cybersecurity,3,Data Science,Software Engineer,Beginner,Galle,student_3266@student.edu,3.53,same_university,visual,networking,casual,"English,Sinhala",6
S3267,Student_3267,Male,SLIIT,Cybersecurity,1,AI/ML,Data Scientist,Beginner,Kandy,student_3267@student.edu,2.56,any,kinesthetic,skill_development,formal,"English,Tamil",9
S3268,Student_3268,Male,University of Moratuwa,SE,3,Software Engineering,Security Analyst,Beginner,Galle,student_3268@student.edu,3.21,same_university,reading,research_guidance,casual,"English,Sinhala",6
S3269,Student_3269,Male,University of Colombo,Cybersecurity,1,Cybersecurity,Lecturer,Beginner,Kandy,student_3269@student.edu,2.89,same_university,reading,networking,formal,"English,Tamil",2
S3270,Student_3270,Male,University of Peradeniya,CS,2,Cybersecurity,Lecturer,Beginner,Kandy,student_3270@student.edu,2.91,same_city,auditory,job_search,flexible,English,5
S3271,Student_3271,Female,NSBM,Data Science,4,Business IT,Security Analyst,Beginner,Galle,student_3271@student.edu,3.38,same_city,reading,job_search,structured,English,6
S3272,Student_3272,Male,University of Moratuwa,Data Science,1,Cybersecurity,Lecturer,Beginner,Colombo,student_3272@student.edu,2.63,same_university,auditory,job_search,flexible,"English,Tamil",4
S3273,Student_3273,Female,University of Kelaniya,SE,3,Software Engineering,Data Scientist,Intermediate,Kandy,student_3273@student.edu,3.89,any,auditory,job_search,structured,"English,Tamil",6
S3274,Student_3274,Female,IIT Sri Lanka,CS,4,Data Science,Data Scientist,Intermediate,Kandy,student_3274@student.edu,2.59,any,auditory,research_guidance,casual,"English,Tamil",9
S3275,Student_3275,Female,NSBM,Cybersecurity,1,Networking,Security Analyst,Beginner,Colombo,student_3275@student.edu,2.97,same_city,kinesthetic,career_guidance,formal,"English,Tamil",6
S3276,Student_3276,Male,University of Peradeniya,CS,4,AI/ML,Software Engineer,Beginner,Kurunegala,student_3276@student.edu,3.05,remote_only,kinesthetic,networking,flexible,English,4
S3277,Student_3277,Female,SLIIT,Cybersecurity,3,Business IT,Security Analyst,Intermediate,Kurunegala,student_3277@student.edu,3.4,same_university,auditory,career_guidance,structured,"English,Tamil",1
S3278,Student_3278,Female,University of Kelaniya,Cybersecurity,2,Data Science,Software Engineer,Beginner,Kurunegala,student_3278@student.edu,2.85,same_city,reading,career_guidance,casual,"English,Sinhala",2
S3279,Student_3279,Male,SLIIT,Data Science,2,Cybersecurity,Lecturer,Intermediate,Colombo,student_3279@student.edu,3.3,same_city,auditory,skill_development,flexible,"English,Sinhala",3
S3280,Student_3280,Male,University of Kelaniya,Data Science,2,AI/ML,Data Scientist,Intermediate,Galle,student_3280@student.edu,2.88,same_university,kinesthetic,skill_development,formal,"English,Sinhala",3
S3281,Student_3281,Male,SLIIT,IT,3,Networking,Data Scientist,Beginner,Kurunegala,student_3281@student.edu,3.29,same_city,kinesthetic,networking,casual,"English,Sinhala",8
S3282,Student_3282,Female,IIT Sri Lanka,SE,2,Cybersecurity,Data Scientist,Beginner,Galle,student_3282@student.edu,2.92,remote_only,auditory,research_guidance,formal,"English,Sinhala",1
S3283,Student_3283,Female,University of Colombo,Cybersecurity,3,Business IT,Software Engineer,Intermediate,Gampaha,student_3283@student.edu,3.46,any,reading,career_guidance,formal,"English,Tamil",3
S3284,Student_3284,Female,University of Peradeniya,CS,1,Data Science,Lecturer,Intermediate,Galle,student_3284@student.edu,2.68,remote_only,visual,networking,structured,"English,Sinhala",3
S3285,Student_3285,Female,IIT Sri Lanka,Data Science,1,Business IT,Lecturer,Intermediate,Galle,student_3285@student.edu,3.05,any,auditory,skill_development,flexible,"English,Sinhala",1
S3286,Student_3286,Female,SLIIT,Data Science,2,Data Science,Software Engineer,Advanced,Galle,student_3286@student.edu,3.38,remote_only,auditory,job_search,flexible,"English,Tamil",1
S3287,Student_3287,Female,NSBM,Cybersecurity,1,Cybersecurity,Software Engineer,Beginner,Colombo,student_3287@student.edu,2.51,same_city,visual,research_guidance,casual,"English,Tamil",8
S3288,Student_3288,Male,University of Colombo,Data Science,3,AI/ML,Software Engineer,Advanced,Colombo,student_3288@student.edu,3.32,remote_only,visual,job_search,structured,English,3
S3289,Student_3289,Male,University of Peradeniya,Data Science,4,Networking,Software Engineer,Beginner,Kurunegala,student_3289@student.edu,3.02,remote_only,visual,research_guidance,structured,"English,Sinhala",3
S3290,Student_3290,Male,University of Kelaniya,IT,4,Business IT,Data Scientist,Advanced,Galle,student_3290@student.edu,2.58,same_city,reading,career_guidance,structured,"English,Sinhala",1
S3291,Student_3291,Female,University of Moratuwa,SE,2,AI/ML,Data Scientist,Advanced,Galle,student_3291@student.edu,3.77,remote_only,visual,career_guidance,formal,"English,Sinhala",3
S3292,Student_3292,Male,NSBM,IT,1,Business IT,Lecturer,Beginner,Kurunegala,student_3292@student.edu,2.85,remote_only,visual,job_search,flexible,English,2
S3293,Student_3293,Female,University of Peradeniya,IT,3,Software Engineering,Security Analyst,Beginner,Colombo,student_3293@student.edu,3.92,remote_only,auditory,skill_development,structured,"English,Sinhala",7
S3294,Student_3294,Male,University of Peradeniya,IT,4,Software Engineering,Security Analyst,Intermediate,Gampaha,student_3294@student.edu,2.59,same_city,reading,career_guidance,flexible,"English,Tamil",8
S3295,Student_3295,Female,University of Moratuwa,Cybersecurity,3,AI/ML,Security Analyst,Beginner,Kurunegala,student_3295@student.edu,2.52,same_city,reading,skill_development,structured,"English,Sinhala",5
S3296,Student_3296,Male,University of Kelaniya,CS,1,Software Engineering,Security Analyst,Intermediate,Gampaha,student_3296@student.edu,3.3,same_city,visual,research_guidance,casual,English,2
S3297,Student_3297,Female,University of Peradeniya,CS,4,Networking,Security Analyst,Advanced,Galle,student_3297@student.edu,3.01,remote_only,visual,networking,flexible,"English,Tamil",2
S3298,Student_3298,Female,IIT Sri Lanka,Data Science,3,Networking,Data Scientist,Beginner,Kurunegala,student_3298@student.edu,2.82,remote_only,kinesthetic,skill_development,structured,"English,Sinhala",5
S3299,Student_3299,Male,University of Moratuwa,Data Science,2,AI/ML,Security Analyst,Intermediate,Galle,student_3299@student.edu,3.44,any,auditory,networking,casual,English,4
S3300,Student_3300,Female,NSBM,Cybersecurity,1,Software Engineering,Data Scientist,Beginner,Colombo,student_3300@student.edu,3.29,remote_only,auditory,networking,structured,"English,Tamil",9
S3301,Student_3301,Male,NSBM,CS,2,Data Science,Security Analyst,Beginner,Kandy,student_3301@student.edu,3.15,same_university,kinesthetic,networking,formal,"English,Tamil",1
S3302,Student_3302,Male,University of Kelaniya,Cybersecurity,1,AI/ML,Data Scientist,Intermediate,Galle,student_3302@student.edu,3.9,any,reading,career_guidance,flexible,"English,Tamil",5
S3303,Student_3303,Male,IIT Sri Lanka,CS,4,Networking,Security Analyst,Beginner,Kurunegala,student_3303@student.edu,3.61,same_university,kinesthetic,research_guidance,casual,"English,Sinhala",1
S3304,Student_3304,Female,University of Peradeniya,SE,1,Cybersecurity,Security Analyst,Beginner,Colombo,student_3304@student.edu,2.91,remote_only,auditory,research_guidance,structured,"English,Sinhala",1
S3305,Student_3305,Female,University of Kelaniya,Cybersecurity,4,Cybersecurity,Software Engineer,Beginner,Galle,student_3305@student.edu,3.17,same_university,reading,research_guidance,flexible,English,7
S3306,Student_3306,Female,IIT Sri Lanka,CS,4,Networking,Security Analyst,Intermediate,Colombo,student_3306@student.edu,3.63,same_university,reading,research_guidance,casual,"English,Tamil",4
S3307,Student_3307,Female,NSBM,Cybersecurity,1,AI/ML,Lecturer,Intermediate,Galle,student_3307@student.edu,3.96,same_university,auditory,career_guidance,formal,English,3
S3308,Student_3308,Female,University of Peradeniya,CS,3,AI/ML,Lecturer,Intermediate,Kandy,student_3308@student.edu,3.44,any,kinesthetic,skill_development,flexible,English,7
S3309,Student_3309,Male,University of Peradeniya,Cybersecurity,2,Software Engineering,Security Analyst,Beginner,Kandy,student_3309@student.edu,2.67,remote_only,auditory,networking,flexible,"English,Tamil",4
S3310,Student_3310,Female,IIT Sri Lanka,SE,4,Data Science,Lecturer,Intermediate,Kurunegala,student_3310@student.edu,3.71,remote_only,kinesthetic,research_guidance,structured,English,2
S3311,Student_3311,Female,NSBM,CS,4,AI/ML,Security Analyst,Advanced,Kurunegala,student_3311@student.edu,3.79,same_university,reading,networking,structured,English,2
S3312,Student_3312,Female,University of Colombo,IT,4,Software Engineering,Data Scientist,Beginner,Galle,student_3312@student.edu,3.38,remote_only,kinesthetic,skill_development,formal,"English,Sinhala",8
S3313,Student_3313,Male,University of Kelaniya,CS,2,Software Engineering,Software Engineer,Intermediate,Gampaha,student_3313@student.edu,3.5,remote_only,kinesthetic,skill_development,formal,"English,Tamil",1
S3314,Student_3314,Male,University of Kelaniya,Data Science,4,AI/ML,Data Scientist,Intermediate,Colombo,student_3314@student.edu,3.96,same_city,visual,job_search,flexible,English,3
S3315,Student_3315,Male,University of Colombo,Data Science,1,Software Engineering,Lecturer,Intermediate,Kandy,student_3315@student.edu,3.19,same_city,visual,skill_development,casual,"English,Tamil",1
S3316,Student_3316,Male,University of Kelaniya,Cybersecurity,1,Networking,Software Engineer,Beginner,Colombo,student_3316@student.edu,3.63,any,reading,skill_development,structured,"English,Tamil",1
S3317,Student_3317,Male,NSBM,SE,3,Business IT,Software Engineer,Advanced,Kandy,student_3317@student.edu,3.56,any,reading,networking,structured,"English,Tamil",5
S3318,Student_3318,Male,University of Kelaniya,CS,3,Data Science,Security Analyst,Intermediate,Galle,student_3318@student.edu,3.95,remote_only,kinesthetic,job_search,casual,English,2
S3319,Student_3319,Female,University of Colombo,Data Science,3,Networking,Software Engineer,Advanced,Kurunegala,student_3319@student.edu,3.14,remote_only,visual,skill_development,flexible,English,1
S3320,Student_3320,Male,University of Moratuwa,Data Science,3,Cybersecurity,Software Engineer,Intermediate,Kurunegala,student_3320@student.edu,2.82,same_city,kinesthetic,skill_development,flexible,English,3
S3321,Student_3321,Female,SLIIT,Cybersecurity,4,Networking,Security Analyst,Beginner,Colombo,student_3321@student.edu,3.6,remote_only,reading,job_search,flexible,"English,Tamil",8
S3322,Student_3322,Male,University of Kelaniya,IT,4,Business IT,Lecturer,Advanced,Kurunegala,student_3322@student.edu,3.27,same_city,auditory,career_guidance,casual,English,3
S3323,Student_3323,Male,University of Kelaniya,Data Science,3,Business IT,Software Engineer,Beginner,Kurunegala,student_3323@student.edu,3.96,same_city,auditory,networking,casual,"English,Tamil",6
S3324,Student_3324,Female,University of Peradeniya,Data Science,3,AI/ML,Security Analyst,Advanced,Kandy,student_3324@student.edu,3.47,remote_only,reading,networking,formal,"English,Tamil",1
S3325,Student_3325,Male,University of Peradeniya,Data Science,1,Data Science,Software Engineer,Beginner,Galle,student_3325@student.edu,2.54,any,visual,skill_development,formal,"English,Sinhala",9
S3326,Student_3326,Male,University of Peradeniya,Cybersecurity,3,Business IT,Software Engineer,Intermediate,Galle,student_3326@student.edu,3.79,same_city,reading,career_guidance,casual,English,4
S3327,Student_3327,Male,University of Moratuwa,CS,1,Networking,Software Engineer,Intermediate,Gampaha,student_3327@student.edu,3.91,same_university,visual,networking,structured,"English,Tamil",1
S3328,Student_3328,Female,University of Colombo,CS,1,Data Science,Lecturer,Advanced,Kandy,student_3328@student.edu,3.34,same_city,visual,career_guidance,flexible,"English,Sinhala",8
S3329,Student_3329,Male,University of Colombo,Cybersecurity,1,Data Science,Data Scientist,Beginner,Gampaha,student_3329@student.edu,3.85,same_city,visual,career_guidance,formal,"English,Tamil",7
S3330,Student_3330,Female,NSBM,Data Science,4,Business IT,Data Scientist,Beginner,Kurunegala,student_3330@student.edu,3.62,same_city,reading,skill_development,formal,"English,Sinhala",1
S3331,Student_3331,Female,University of Colombo,Data Science,1,Networking,Security Analyst,Intermediate,Kandy,student_3331@student.edu,3.86,same_university,reading,skill_development,structured,"English,Tamil",6
S3332,Student_3332,Male,University of Moratuwa,Data Science,4,Software Engineering,Security Analyst,Beginner,Galle,student_3332@student.edu,3.56,any,reading,career_guidance,casual,"English,Sinhala",1
S3333,Student_3333,Male,NSBM,Cybersecurity,1,Cybersecurity,Security Analyst,Advanced,Kurunegala,student_3333@student.edu,3.53,same_city,visual,career_guidance,formal,"English,Sinhala",4
S3334,Student_3334,Male,SLIIT,Data Science,4,AI/ML,Lecturer,Advanced,Gampaha,student_3334@student.edu,3.04,any,reading,research_guidance,casual,"English,Tamil",1
S3335,Student_3335,Female,University of Kelaniya,IT,4,AI/ML,Data Scientist,Advanced,Colombo,student_3335@student.edu,2.95,same_city,kinesthetic,networking,structured,"English,Tamil",9
S3336,Student_3336,Female,University of Moratuwa,SE,4,Software Engineering,Data Scientist,Intermediate,Galle,student_3336@student.edu,3.53,any,auditory,research_guidance,flexible,English,8
S3337,Student_3337,Female,NSBM,SE,4,Business IT,Software Engineer,Advanced,Colombo,student_3337@student.edu,3.23,remote_only,auditory,research_guidance,structured,English,8
S3338,Student_3338,Male,NSBM,IT,2,Data Science,Data Scientist,Intermediate,Colombo,student_3338@student.edu,2.73,any,visual,skill_development,structured,"English,Sinhala",3
S3339,Student_3339,Male,NSBM,Data Science,4,Data Science,Software Engineer,Intermediate,Galle,student_3339@student.edu,3.9,same_city,kinesthetic,skill_development,formal,English,5
S3340,Student_3340,Male,IIT Sri Lanka,Data Science,2,AI/ML,Software Engineer,Advanced,Kurunegala,student_3340@student.edu,3.45,same_city,visual,skill_development,structured,English,4
S3341,Student_3341,Male,NSBM,SE,3,Cybersecurity,Security Analyst,Intermediate,Kandy,student_3341@student.edu,2.61,same_city,kinesthetic,research_guidance,casual,"English,Tamil",6
S3342,Student_3342,Male,University of Kelaniya,CS,2,AI/ML,Lecturer,Intermediate,Galle,student_3342@student.edu,3.27,any,auditory,career_guidance,flexible,English,8
S3343,Student_3343,Female,University of Moratuwa,Data Science,2,Software Engineering,Security Analyst,Intermediate,Gampaha,student_3343@student.edu,2.67,same_university,kinesthetic,networking,structured,English,8
S3344,Student_3344,Male,University of Peradeniya,SE,2,Software Engineering,Software Engineer,Beginner,Kandy,student_3344@student.edu,3.18,same_city,reading,job_search,casual,"English,Tamil",6
S3345,Student_3345,Male,IIT Sri Lanka,SE,2,Data Science,Lecturer,Beginner,Colombo,student_3345@student.edu,3.64,same_city,reading,research_guidance,structured,"English,Tamil",8
S3346,Student_3346,Female,University of Peradeniya,Data Science,3,Networking,Security Analyst,Intermediate,Kandy,student_3346@student.edu,3.17,same_city,kinesthetic,research_guidance,casual,"English,Tamil",4
S3347,Student_3347,Female,IIT Sri Lanka,Data Science,4,Software Engineering,Lecturer,Advanced,Kandy,student_3347@student.edu,3.56,same_university,auditory,networking,casual,"English,Sinhala",3
S3348,Student_3348,Male,University of Colombo,Cybersecurity,1,AI/ML,Security Analyst,Advanced,Kandy,student_3348@student.edu,3.58,same_university,visual,networking,formal,"English,Sinhala",8
S3349,Student_3349,Male,SLIIT,IT,1,Networking,Software Engineer,Advanced,Colombo,student_3349@student.edu,3.22,any,auditory,networking,formal,English,8
S3350,Student_3350,Female,University of Peradeniya,SE,3,AI/ML,Security Analyst,Advanced,Kandy,student_3350@student.edu,2.83,same_university,reading,networking,structured,"English,Tamil",4
S3351,Student_3351,Male,IIT Sri Lanka,Cybersecurity,3,AI/ML,Security Analyst,Beginner,Kurunegala,student_3351@student.edu,2.72,same_university,visual,career_guidance,flexible,English,9
S3352,Student_3352,Male,University of Kelaniya,IT,1,Software Engineering,Lecturer,Beginner,Kandy,student_3352@student.edu,2.62,any,kinesthetic,networking,formal,"English,Sinhala",3
S3353,Student_3353,Female,University of Moratuwa,Data Science,4,AI/ML,Lecturer,Advanced,Colombo,student_3353@student.edu,3.27,remote_only,visual,research_guidance,formal,"English,Tamil",6
S3354,Student_3354,Female,NSBM,CS,1,AI/ML,Software Engineer,Advanced,Kandy,student_3354@student.edu,3.8,same_city,kinesthetic,networking,formal,English,9
S3355,Student_3355,Female,NSBM,Data Science,2,Software Engineering,Lecturer,Advanced,Colombo,student_3355@student.edu,3.17,same_city,kinesthetic,career_guidance,formal,English,4
S3356,Student_3356,Male,University of Moratuwa,SE,2,Software Engineering,Data Scientist,Advanced,Kandy,student_3356@student.edu,2.87,same_city,kinesthetic,career_guidance,formal,"English,Tamil",1
S3357,Student_3357,Male,NSBM,Cybersecurity,4,Business IT,Data Scientist,Intermediate,Gampaha,student_3357@student.edu,3.52,remote_only,auditory,research_guidance,casual,"English,Sinhala",6
S3358,Student_3358,Male,IIT Sri Lanka,SE,3,Cybersecurity,Software Engineer,Beginner,Colombo,student_3358@student.edu,3.76,any,kinesthetic,career_guidance,formal,English,9
S3359,Student_3359,Female,NSBM,CS,1,Cybersecurity,Software Engineer,Intermediate,Kurunegala,student_3359@student.edu,2.6,same_city,kinesthetic,career_guidance,casual,"English,Sinhala",3
S3360,Student_3360,Female,SLIIT,Data Science,3,Business IT,Software Engineer,Intermediate,Kandy,student_3360@student.edu,3.74,same_city,kinesthetic,career_guidance,formal,English,6
S3361,Student_3361,Male,University of Peradeniya,CS,4,Networking,Lecturer,Beginner,Gampaha,student_3361@student.edu,3.72,any,visual,networking,flexible,English,3
S3362,Student_3362,Female,IIT Sri Lanka,SE,2,Networking,Data Scientist,Advanced,Colombo,student_3362@student.edu,2.7,any,reading,career_guidance,structured,English,9
S3363,Student_3363,Female,SLIIT,IT,3,Software Engineering,Lecturer,Advanced,Colombo,student_3363@student.edu,3.99,same_university,kinesthetic,job_search,casual,"English,Sinhala",6
S3364,Student_3364,Male,University of Colombo,SE,1,Software Engineering,Security Analyst,Beginner,Gampaha,student_3364@student.edu,2.7,same_university,reading,career_guidance,structured,"English,Sinhala",3
S3365,Student_3365,Male,University of Colombo,CS,4,Cybersecurity,Lecturer,Beginner,Kandy,student_3365@student.edu,2.58,same_city,auditory,research_guidance,structured,"English,Tamil",5
S3366,Student_3366,Male,University of Kelaniya,IT,3,Cybersecurity,Lecturer,Advanced,Gampaha,student_3366@student.edu,2.56,same_university,reading,networking,flexible,"English,Sinhala",6
S3367,Student_3367,Male,University of Peradeniya,IT,4,AI/ML,Lecturer,Beginner,Kandy,student_3367@student.edu,2.58,same_university,kinesthetic,skill_development,formal,"English,Sinhala",4
S3368,Student_3368,Male,University of Kelaniya,Cybersecurity,4,Cybersecurity,Software Engineer,Intermediate,Colombo,student_3368@student.edu,3.81,remote_only,kinesthetic,networking,flexible,English,7
S3369,Student_3369,Female,IIT Sri Lanka,CS,2,Business IT,Data Scientist,Intermediate,Gampaha,student_3369@student.edu,3.55,same_city,kinesthetic,career_guidance,casual,English,3
S3370,Student_3370,Female,SLIIT,Cybersecurity,3,AI/ML,Data Scientist,Beginner,Galle,student_3370@student.edu,2.94,same_university,reading,skill_development,flexible,"English,Tamil",1
S3371,Student_3371,Male,University of Kelaniya,CS,3,AI/ML,Security Analyst,Advanced,Gampaha,student_3371@student.edu,2.84,remote_only,auditory,career_guidance,formal,"English,Sinhala",2
S3372,Student_3372,Female,University of Kelaniya,Data Science,2,Cybersecurity,Data Scientist,Intermediate,Gampaha,student_3372@student.edu,2.67,same_university,visual,career_guidance,casual,"English,Sinhala",4
S3373,Student_3373,Male,IIT Sri Lanka,Data Science,4,Software Engineering,Software Engineer,Advanced,Colombo,student_3373@student.edu,3.32,any,auditory,skill_development,formal,"English,Tamil",1
S3374,Student_3374,Male,University of Peradeniya,SE,2,Data Science,Lecturer,Advanced,Kurunegala,student_3374@student.edu,3.48,any,auditory,research_guidance,flexible,"English,Tamil",8
S3375,Student_3375,Female,NSBM,SE,2,AI/ML,Security Analyst,Intermediate,Gampaha,student_3375@student.edu,3.79,remote_only,kinesthetic,networking,flexible,English,9
S3376,Student_3376,Female,SLIIT,Data Science,2,Cybersecurity,Software Engineer,Intermediate,Colombo,student_3376@student.edu,3.26,remote_only,kinesthetic,career_guidance,flexible,English,3
S3377,Student_3377,Male,University of Moratuwa,Data Science,1,Software Engineering,Security Analyst,Advanced,Colombo,student_3377@student.edu,3.6,remote_only,kinesthetic,job_search,casual,"English,Tamil",7
S3378,Student_3378,Female,SLIIT,CS,4,AI/ML,Security Analyst,Beginner,Kurunegala,student_3378@student.edu,2.73,same_university,reading,career_guidance,casual,English,5
S3379,Student_3379,Male,University of Moratuwa,Cybersecurity,3,Software Engineering,Data Scientist,Advanced,Kandy,student_3379@student.edu,3.59,same_university,kinesthetic,job_search,casual,"English,Tamil",8
S3380,Student_3380,Male,University of Peradeniya,Data Science,1,AI/ML,Lecturer,Advanced,Kandy,student_3380@student.edu,2.7,any,kinesthetic,networking,structured,English,9
S3381,Student_3381,Female,IIT Sri Lanka,IT,2,Data Science,Lecturer,Intermediate,Colombo,student_3381@student.edu,3.84,same_city,reading,skill_development,casual,English,8
S3382,Student_3382,Female,University of Moratuwa,Cybersecurity,3,Cybersecurity,Security Analyst,Beginner,Kandy,student_3382@student.edu,3.24,same_university,visual,skill_development,casual,"English,Sinhala",5
S3383,Student_3383,Male,NSBM,SE,4,Data Science,Software Engineer,Beginner,Gampaha,student_3383@student.edu,2.75,same_city,kinesthetic,networking,formal,"English,Tamil",2
S3384,Student_3384,Female,NSBM,SE,4,Data Science,Lecturer,Beginner,Kurunegala,student_3384@student.edu,3.89,same_university,reading,research_guidance,formal,English,5
S3385,Student_3385,Male,University of Moratuwa,IT,1,Cybersecurity,Security Analyst,Beginner,Colombo,student_3385@student.edu,3.77,any,reading,job_search,casual,English,7
S3386,Student_3386,Female,University of Kelaniya,IT,2,Data Science,Data Scientist,Advanced,Gampaha,student_3386@student.edu,3.17,same_university,kinesthetic,job_search,structured,"English,Tamil",3
S3387,Student_3387,Male,University of Colombo,Cybersecurity,3,AI/ML,Data Scientist,Beginner,Galle,student_3387@student.edu,3.74,remote_only,reading,skill_development,flexible,"English,Sinhala",7
S3388,Student_3388,Male,IIT Sri Lanka,IT,4,Data Science,Data Scientist,Advanced,Kurunegala,student_3388@student.edu,2.75,same_university,visual,networking,casual,"English,Sinhala",2
S3389,Student_3389,Female,University of Moratuwa,SE,4,Cybersecurity,Security Analyst,Beginner,Colombo,student_3389@student.edu,2.79,remote_only,kinesthetic,networking,formal,English,1
S3390,Student_3390,Female,NSBM,SE,4,Business IT,Security Analyst,Intermediate,Galle,student_3390@student.edu,3.58,any,visual,research_guidance,formal,"English,Tamil",5
S3391,Student_3391,Male,University of Moratuwa,Data Science,3,Software Engineering,Security Analyst,Intermediate,Kurunegala,student_3391@student.edu,3.19,same_city,auditory,skill_development,structured,"English,Sinhala",9
S3392,Student_3392,Female,IIT Sri Lanka,IT,1,AI/ML,Lecturer,Advanced,Kurunegala,student_3392@student.edu,3.24,any,kinesthetic,skill_development,casual,"English,Sinhala",6
S3393,Student_3393,Female,University of Colombo,SE,4,AI/ML,Software Engineer,Beginner,Colombo,student_3393@student.edu,2.65,any,auditory,job_search,casual,"English,Sinhala",4
S3394,Student_3394,Female,University of Colombo,IT,3,Data Science,Software Engineer,Beginner,Kurunegala,student_3394@student.edu,3.61,same_university,kinesthetic,networking,casual,"English,Sinhala",4
S3395,Student_3395,Female,University of Peradeniya,CS,2,Networking,Lecturer,Advanced,Colombo,student_3395@student.edu,3.47,same_university,kinesthetic,skill_development,structured,"English,Sinhala",7
S3396,Student_3396,Male,NSBM,CS,3,AI/ML,Data Scientist,Beginner,Gampaha,student_3396@student.edu,2.8,any,kinesthetic,research_guidance,casual,English,7
S3397,Student_3397,Male,University of Peradeniya,CS,2,Cybersecurity,Security Analyst,Beginner,Kurunegala,student_3397@student.edu,3.26,same_university,reading,research_guidance,flexible,"English,Sinhala",5
S3398,Student_3398,Male,SLIIT,Cybersecurity,4,Networking,Software Engineer,Advanced,Kandy,student_3398@student.edu,2.95,any,kinesthetic,networking,structured,English,9
S3399,Student_3399,Male,University of Moratuwa,Data Science,4,Business IT,Data Scientist,Intermediate,Gampaha,student_3399@student.edu,3.49,same_university,visual,research_guidance,formal,English,2
S3400,Student_3400,Female,SLIIT,Cybersecurity,1,Software Engineering,Lecturer,Beginner,Galle,student_3400@student.edu,3.21,same_city,reading,skill_development,structured,"English,Sinhala",2
S3401,Student_3401,Female,University of Peradeniya,Cybersecurity,4,Software Engineering,Data Scientist,Beginner,Kandy,student_3401@student.edu,2.73,same_university,reading,skill_development,flexible,"English,Sinhala",1
S3402,Student_3402,Female,NSBM,IT,1,Business IT,Data Scientist,Intermediate,Gampaha,student_3402@student.edu,3.13,remote_only,reading,skill_development,flexible,"English,Tamil",9
S3403,Student_3403,Male,SLIIT,IT,2,AI/ML,Software Engineer,Advanced,Galle,student_3403@student.edu,2.56,same_city,auditory,job_search,flexible,English,5
S3404,Student_3404,Male,University of Moratuwa,Cybersecurity,4,Business IT,Data Scientist,Intermediate,Kandy,student_3404@student.edu,2.85,same_city,auditory,research_guidance,casual,"English,Tamil",3
S3405,Student_3405,Female,University of Kelaniya,Cybersecurity,1,AI/ML,Data Scientist,Advanced,Kurunegala,student_3405@student.edu,3.46,any,auditory,skill_development,casual,English,8
S3406,Student_3406,Male,University of Moratuwa,CS,1,AI/ML,Software Engineer,Beginner,Kurunegala,student_3406@student.edu,3.53,any,auditory,skill_development,formal,"English,Sinhala",9
S3407,Student_3407,Female,University of Kelaniya,Data Science,3,Data Science,Security Analyst,Advanced,Galle,student_3407@student.edu,3.12,remote_only,auditory,skill_development,formal,"English,Sinhala",8
S3408,Student_3408,Female,University of Peradeniya,CS,1,Business IT,Security Analyst,Intermediate,Galle,student_3408@student.edu,2.83,same_city,visual,skill_development,casual,English,8
S3409,Student_3409,Female,University of Moratuwa,Cybersecurity,1,Software Engineering,Lecturer,Intermediate,Colombo,student_3409@student.edu,3.87,same_city,auditory,skill_development,structured,English,6
S3410,Student_3410,Female,SLIIT,SE,4,AI/ML,Lecturer,Beginner,Kurunegala,student_3410@student.edu,2.8,same_university,visual,career_guidance,structured,"English,Tamil",6
S3411,Student_3411,Male,University of Colombo,IT,2,AI/ML,Data Scientist,Intermediate,Kandy,student_3411@student.edu,3.19,same_university,kinesthetic,job_search,casual,"English,Tamil",5
S3412,Student_3412,Female,University of Colombo,Data Science,3,AI/ML,Data Scientist,Beginner,Galle,student_3412@student.edu,2.8,same_university,kinesthetic,skill_development,formal,English,6
S3413,Student_3413,Female,University of Colombo,Data Science,3,Business IT,Software Engineer,Beginner,Kurunegala,student_3413@student.edu,3.0,any,auditory,job_search,structured,English,4
S3414,Student_3414,Female,University of Kelaniya,Cybersecurity,2,AI/ML,Security Analyst,Advanced,Galle,student_3414@student.edu,2.86,same_university,auditory,research_guidance,structured,English,9
S3415,Student_3415,Female,University of Kelaniya,CS,1,AI/ML,Lecturer,Advanced,Kurunegala,student_3415@student.edu,3.63,same_city,visual,networking,flexible,English,8
S3416,Student_3416,Male,IIT Sri Lanka,IT,3,Cybersecurity,Data Scientist,Beginner,Kandy,student_3416@student.edu,2.95,any,auditory,skill_development,casual,"English,Sinhala",5
S3417,Student_3417,Male,IIT Sri Lanka,IT,3,Business IT,Data Scientist,Beginner,Kandy,student_3417@student.edu,3.92,any,auditory,networking,structured,"English,Tamil",6
S3418,Student_3418,Male,NSBM,Cybersecurity,1,Business IT,Data Scientist,Beginner,Kurunegala,student_3418@student.edu,2.63,any,reading,networking,formal,English,9
S3419,Student_3419,Female,IIT Sri Lanka,IT,3,Cybersecurity,Lecturer,Advanced,Gampaha,student_3419@student.edu,2.58,same_city,auditory,research_guidance,formal,"English,Tamil",2
S3420,Student_3420,Male,University of Kelaniya,IT,2,AI/ML,Security Analyst,Beginner,Kurunegala,student_3420@student.edu,2.88,remote_only,visual,skill_development,casual,"English,Sinhala",2
S3421,Student_3421,Female,University of Colombo,CS,2,Data Science,Software Engineer,Beginner,Gampaha,student_3421@student.edu,3.66,any,kinesthetic,career_guidance,casual,"English,Sinhala",8
S3422,Student_3422,Male,IIT Sri Lanka,Data Science,3,Networking,Software Engineer,Advanced,Gampaha,student_3422@student.edu,3.08,same_university,auditory,skill_development,structured,English,9
S3423,Student_3423,Male,IIT Sri Lanka,IT,2,AI/ML,Software Engineer,Beginner,Galle,student_3423@student.edu,3.55,same_university,visual,skill_development,formal,English,3
S3424,Student_3424,Male,University of Peradeniya,Cybersecurity,1,Data Science,Security Analyst,Advanced,Gampaha,student_3424@student.edu,3.13,any,visual,job_search,flexible,"English,Sinhala",4
S3425,Student_3425,Male,NSBM,CS,3,Business IT,Security Analyst,Beginner,Kurunegala,student_3425@student.edu,2.63,remote_only,auditory,career_guidance,casual,"English,Tamil",9
S3426,Student_3426,Female,University of Kelaniya,Data Science,2,Cybersecurity,Lecturer,Advanced,Kurunegala,student_3426@student.edu,3.84,same_university,reading,research_guidance,flexible,"English,Tamil",5
S3427,Student_3427,Male,University of Kelaniya,IT,2,Data Science,Security Analyst,Intermediate,Galle,student_3427@student.edu,3.93,remote_only,visual,research_guidance,casual,English,4
S3428,Student_3428,Female,SLIIT,IT,2,Software Engineering,Software Engineer,Beginner,Galle,student_3428@student.edu,3.88,any,reading,job_search,structured,"English,Tamil",6
S3429,Student_3429,Male,University of Peradeniya,IT,4,Data Science,Lecturer,Intermediate,Galle,student_3429@student.edu,3.0,same_university,kinesthetic,skill_development,casual,"English,Sinhala",5
S3430,Student_3430,Female,University of Peradeniya,Cybersecurity,3,Networking,Lecturer,Advanced,Gampaha,student_3430@student.edu,2.87,same_university,reading,job_search,formal,"English,Sinhala",6
S3431,Student_3431,Female,University of Moratuwa,SE,3,Business IT,Security Analyst,Beginner,Galle,student_3431@student.edu,2.88,same_city,kinesthetic,networking,casual,"English,Tamil",1
S3432,Student_3432,Male,IIT Sri Lanka,CS,4,AI/ML,Lecturer,Intermediate,Colombo,student_3432@student.edu,3.72,any,visual,career_guidance,structured,"English,Tamil",5
S3433,Student_3433,Female,University of Colombo,IT,3,Cybersecurity,Data Scientist,Intermediate,Galle,student_3433@student.edu,2.52,same_university,visual,research_guidance,casual,"English,Tamil",7
S3434,Student_3434,Female,SLIIT,CS,3,Data Science,Lecturer,Advanced,Kandy,student_3434@student.edu,3.67,same_university,reading,networking,casual,English,3
S3435,Student_3435,Male,University of Moratuwa,Cybersecurity,2,Software Engineering,Lecturer,Advanced,Colombo,student_3435@student.edu,3.0,same_city,kinesthetic,career_guidance,structured,"English,Sinhala",9
S3436,Student_3436,Female,NSBM,Data Science,2,Software Engineering,Data Scientist,Intermediate,Kurunegala,student_3436@student.edu,3.42,same_city,reading,job_search,casual,"English,Sinhala",6
S3437,Student_3437,Male,NSBM,Cybersecurity,4,Cybersecurity,Lecturer,Advanced,Kurunegala,student_3437@student.edu,3.37,any,reading,research_guidance,flexible,English,2
S3438,Student_3438,Male,University of Kelaniya,CS,3,Data Science,Lecturer,Intermediate,Kandy,student_3438@student.edu,3.39,any,auditory,networking,flexible,English,4
S3439,Student_3439,Female,University of Kelaniya,Data Science,2,Business IT,Lecturer,Advanced,Kurunegala,student_3439@student.edu,3.93,any,visual,job_search,flexible,English,7
S3440,Student_3440,Male,IIT Sri Lanka,SE,3,Cybersecurity,Software Engineer,Advanced,Kandy,student_3440@student.edu,2.85,same_university,auditory,networking,formal,English,1
S3441,Student_3441,Male,University of Peradeniya,Data Science,2,AI/ML,Security Analyst,Advanced,Kandy,student_3441@student.edu,3.86,same_university,kinesthetic,research_guidance,casual,"English,Sinhala",4
S3442,Student_3442,Male,SLIIT,Cybersecurity,2,AI/ML,Security Analyst,Intermediate,Kandy,student_3442@student.edu,3.03,same_city,kinesthetic,research_guidance,formal,"English,Sinhala",6
S3443,Student_3443,Male,University of Moratuwa,SE,2,Networking,Data Scientist,Beginner,Kandy,student_3443@student.edu,3.09,remote_only,reading,career_guidance,formal,English,6
S3444,Student_3444,Male,NSBM,Data Science,4,Software Engineering,Data Scientist,Advanced,Kandy,student_3444@student.edu,3.86,same_city,reading,skill_development,flexible,"English,Sinhala",1
S3445,Student_3445,Female,SLIIT,Cybersecurity,4,Data Science,Data Scientist,Beginner,Kandy,student_3445@student.edu,3.41,remote_only,kinesthetic,research_guidance,structured,"English,Sinhala",8
S3446,Student_3446,Male,IIT Sri Lanka,Data Science,1,Cybersecurity,Data Scientist,Beginner,Kandy,student_3446@student.edu,2.84,same_university,auditory,research_guidance,casual,English,3
S3447,Student_3447,Male,NSBM,IT,3,Software Engineering,Software Engineer,Beginner,Gampaha,student_3447@student.edu,3.09,same_university,visual,skill_development,casual,English,2
S3448,Student_3448,Female,University of Moratuwa,SE,2,AI/ML,Software Engineer,Intermediate,Galle,student_3448@student.edu,3.25,same_university,auditory,research_guidance,casual,"English,Sinhala",7
S3449,Student_3449,Male,University of Colombo,IT,2,Cybersecurity,Data Scientist,Intermediate,Colombo,student_3449@student.edu,3.56,remote_only,auditory,networking,flexible,"English,Sinhala",9
S3450,Student_3450,Female,University of Moratuwa,SE,3,Networking,Security Analyst,Intermediate,Colombo,student_3450@student.edu,3.07,same_university,kinesthetic,job_search,structured,"English,Sinhala",4
S3451,Student_3451,Female,SLIIT,CS,1,AI/ML,Software Engineer,Advanced,Kandy,student_3451@student.edu,3.61,same_city,kinesthetic,career_guidance,flexible,English,3
S3452,Student_3452,Male,IIT Sri Lanka,SE,1,Business IT,Software Engineer,Advanced,Kurunegala,student_3452@student.edu,2.95,same_university,visual,job_search,structured,English,9
S3453,Student_3453,Male,University of Peradeniya,Cybersecurity,4,Business IT,Security Analyst,Intermediate,Galle,student_3453@student.edu,2.68,same_city,visual,skill_development,casual,"English,Tamil",7
S3454,Student_3454,Male,IIT Sri Lanka,Data Science,1,Data Science,Security Analyst,Advanced,Kurunegala,student_3454@student.edu,3.03,any,reading,research_guidance,casual,"English,Tamil",2
S3455,Student_3455,Male,University of Moratuwa,SE,3,Data Science,Data Scientist,Intermediate,Kurunegala,student_3455@student.edu,3.65,remote_only,auditory,skill_development,structured,"English,Tamil",8
S3456,Student_3456,Male,University of Peradeniya,CS,4,Business IT,Data Scientist,Intermediate,Gampaha,student_3456@student.edu,3.23,any,visual,career_guidance,casual,"English,Sinhala",5
S3457,Student_3457,Female,University of Peradeniya,CS,1,Networking,Data Scientist,Intermediate,Kurunegala,student_3457@student.edu,2.92,same_city,auditory,job_search,flexible,"English,Tamil",5
S3458,Student_3458,Female,University of Moratuwa,Cybersecurity,4,Networking,Data Scientist,Beginner,Colombo,student_3458@student.edu,3.16,any,kinesthetic,skill_development,casual,English,6
S3459,Student_3459,Male,NSBM,Cybersecurity,3,AI/ML,Data Scientist,Intermediate,Colombo,student_3459@student.edu,3.94,remote_only,kinesthetic,career_guidance,casual,English,4
S3460,Student_3460,Male,University of Kelaniya,SE,2,Networking,Security Analyst,Intermediate,Kurunegala,student_3460@student.edu,3.3,remote_only,kinesthetic,skill_development,formal,"English,Sinhala",8
S3461,Student_3461,Male,University of Moratuwa,Data Science,2,Networking,Security Analyst,Advanced,Kandy,student_3461@student.edu,2.71,same_city,auditory,job_search,flexible,English,8
S3462,Student_3462,Female,University of Colombo,Data Science,2,Cybersecurity,Security Analyst,Beginner,Colombo,student_3462@student.edu,3.03,same_university,auditory,networking,formal,"English,Tamil",4
S3463,Student_3463,Female,SLIIT,Cybersecurity,2,AI/ML,Software Engineer,Advanced,Colombo,student_3463@student.edu,3.23,same_city,visual,job_search,casual,English,7
S3464,Student_3464,Female,University of Kelaniya,IT,4,Software Engineering,Security Analyst,Intermediate,Colombo,student_3464@student.edu,2.65,same_university,kinesthetic,job_search,formal,English,6
S3465,Student_3465,Male,NSBM,Data Science,2,Business IT,Lecturer,Beginner,Kurunegala,student_3465@student.edu,3.81,same_university,kinesthetic,job_search,structured,"English,Tamil",5
S3466,Student_3466,Male,University of Moratuwa,Cybersecurity,1,Networking,Data Scientist,Beginner,Gampaha,student_3466@student.edu,3.27,same_university,auditory,career_guidance,casual,"English,Sinhala",1
S3467,Student_3467,Male,SLIIT,CS,4,Cybersecurity,Lecturer,Intermediate,Gampaha,student_3467@student.edu,3.66,same_university,kinesthetic,networking,structured,English,4
S3468,Student_3468,Female,SLIIT,IT,4,Software Engineering,Software Engineer,Beginner,Gampaha,student_3468@student.edu,3.74,remote_only,kinesthetic,job_search,flexible,"English,Tamil",9
S3469,Student_3469,Female,University of Kelaniya,Data Science,3,AI/ML,Data Scientist,Intermediate,Gampaha,student_3469@student.edu,3.22,remote_only,visual,networking,casual,English,3
S3470,Student_3470,Male,University of Kelaniya,Cybersecurity,1,Business IT,Data Scientist,Beginner,Galle,student_3470@student.edu,2.8,any,reading,networking,structured,"English,Tamil",7
S3471,Student_3471,Female,University of Moratuwa,IT,3,Cybersecurity,Data Scientist,Beginner,Colombo,student_3471@student.edu,3.34,any,kinesthetic,networking,structured,English,7
S3472,Student_3472,Female,University of Kelaniya,Cybersecurity,2,Cybersecurity,Security Analyst,Beginner,Gampaha,student_3472@student.edu,3.4,same_city,kinesthetic,research_guidance,casual,"English,Sinhala",9
S3473,Student_3473,Female,NSBM,Cybersecurity,3,Cybersecurity,Software Engineer,Intermediate,Kurunegala,student_3473@student.edu,3.5,same_city,auditory,career_guidance,casual,English,7
S3474,Student_3474,Male,IIT Sri Lanka,SE,2,AI/ML,Security Analyst,Intermediate,Gampaha,student_3474@student.edu,2.98,any,kinesthetic,job_search,formal,"English,Sinhala",2
S3475,Student_3475,Male,University of Moratuwa,SE,1,Networking,Security Analyst,Intermediate,Colombo,student_3475@student.edu,2.87,same_city,auditory,skill_development,flexible,"English,Sinhala",7
S3476,Student_3476,Female,SLIIT,SE,4,Data Science,Software Engineer,Advanced,Kurunegala,student_3476@student.edu,2.67,same_university,reading,research_guidance,flexible,English,1
S3477,Student_3477,Female,University of Peradeniya,IT,1,Data Science,Data Scientist,Advanced,Colombo,student_3477@student.edu,3.91,same_city,visual,job_search,flexible,English,5
S3478,Student_3478,Male,University of Moratuwa,IT,3,AI/ML,Security Analyst,Beginner,Gampaha,student_3478@student.edu,3.19,same_university,kinesthetic,job_search,flexible,"English,Tamil",1
S3479,Student_3479,Male,University of Moratuwa,CS,4,Cybersecurity,Data Scientist,Advanced,Kandy,student_3479@student.edu,3.09,same_university,visual,skill_development,formal,"English,Tamil",6
S3480,Student_3480,Male,SLIIT,Cybersecurity,2,Software Engineering,Security Analyst,Intermediate,Gampaha,student_3480@student.edu,3.9,remote_only,visual,skill_development,casual,"English,Tamil",2
S3481,Student_3481,Male,IIT Sri Lanka,SE,3,Business IT,Lecturer,Beginner,Kandy,student_3481@student.edu,2.94,remote_only,visual,career_guidance,structured,English,2
S3482,Student_3482,Male,SLIIT,SE,4,Business IT,Data Scientist,Intermediate,Gampaha,student_3482@student.edu,2.87,same_university,auditory,career_guidance,flexible,"English,Tamil",4
S3483,Student_3483,Female,IIT Sri Lanka,Cybersecurity,1,Networking,Lecturer,Intermediate,Gampaha,student_3483@student.edu,2.85,same_university,kinesthetic,career_guidance,formal,"English,Tamil",5
S3484,Student_3484,Male,University of Moratuwa,SE,2,Data Science,Software Engineer,Advanced,Kurunegala,student_3484@student.edu,2.94,same_city,auditory,skill_development,formal,English,1
S3485,Student_3485,Male,SLIIT,CS,2,Data Science,Data Scientist,Advanced,Kurunegala,student_3485@student.edu,3.37,any,visual,skill_development,casual,English,4
S3486,Student_3486,Female,University of Kelaniya,Data Science,4,Networking,Software Engineer,Advanced,Galle,student_3486@student.edu,2.85,same_university,auditory,career_guidance,structured,English,8
S3487,Student_3487,Female,NSBM,Data Science,2,AI/ML,Data Scientist,Advanced,Gampaha,student_3487@student.edu,3.3,any,visual,skill_development,formal,"English,Sinhala",5
S3488,Student_3488,Female,University of Peradeniya,SE,2,Software Engineering,Data Scientist,Beginner,Kandy,student_3488@student.edu,3.22,same_city,kinesthetic,networking,casual,English,8
S3489,Student_3489,Female,NSBM,CS,1,Data Science,Data Scientist,Advanced,Galle,student_3489@student.edu,3.22,remote_only,reading,skill_development,formal,"English,Tamil",1
S3490,Student_3490,Male,University of Peradeniya,Cybersecurity,1,AI/ML,Security Analyst,Advanced,Galle,student_3490@student.edu,2.82,same_city,kinesthetic,research_guidance,formal,English,2
S3491,Student_3491,Female,University of Moratuwa,Data Science,1,Networking,Data Scientist,Advanced,Galle,student_3491@student.edu,3.22,same_university,auditory,networking,flexible,English,7
S3492,Student_3492,Female,IIT Sri Lanka,Data Science,2,Cybersecurity,Security Analyst,Intermediate,Galle,student_3492@student.edu,2.87,same_university,visual,networking,formal,English,4
S3493,Student_3493,Female,SLIIT,SE,4,Software Engineering,Security Analyst,Advanced,Kandy,student_3493@student.edu,2.58,same_university,auditory,job_search,formal,"English,Sinhala",6
S3494,Student_3494,Female,University of Peradeniya,SE,2,Networking,Software Engineer,Advanced,Galle,student_3494@student.edu,3.06,same_city,visual,research_guidance,structured,"English,Sinhala",8
S3495,Student_3495,Male,IIT Sri Lanka,Data Science,1,Business IT,Software Engineer,Beginner,Gampaha,student_3495@student.edu,3.4,any,auditory,research_guidance,formal,"English,Tamil",6
S3496,Student_3496,Female,University of Kelaniya,SE,1,AI/ML,Security Analyst,Advanced,Kurunegala,student_3496@student.edu,3.33,same_city,auditory,networking,casual,"English,Tamil",5
S3497,Student_3497,Male,University of Moratuwa,IT,3,Software Engineering,Data Scientist,Advanced,Kandy,student_3497@student.edu,3.81,remote_only,visual,job_search,structured,English,2
S3498,Student_3498,Male,University of Kelaniya,Data Science,4,Software Engineering,Data Scientist,Beginner,Kurunegala,student_3498@student.edu,3.02,same_city,auditory,career_guidance,flexible,English,5
S3499,Student_3499,Male,University of Moratuwa,Data Science,1,Networking,Data Scientist,Intermediate,Gampaha,student_3499@student.edu,3.43,same_university,reading,skill_development,flexible,"English,Tamil",3
S3500,Student_3500,Female,University of Kelaniya,CS,2,Cybersecurity,Software Engineer,Beginner,Kurunegala,student_3500@student.edu,3.36,remote_only,kinesthetic,networking,flexible,"English,Tamil",4
S3501,Student_3501,Male,University of Colombo,Cybersecurity,4,Networking,Lecturer,Advanced,Gampaha,student_3501@student.edu,3.64,same_university,visual,job_search,formal,English,1
S3502,Student_3502,Female,University of Colombo,Data Science,2,Data Science,Lecturer,Advanced,Gampaha,student_3502@student.edu,2.92,any,visual,job_search,structured,English,9
S3503,Student_3503,Male,SLIIT,Data Science,1,Data Science,Software Engineer,Beginner,Gampaha,student_3503@student.edu,3.95,remote_only,reading,career_guidance,casual,"English,Tamil",8
S3504,Student_3504,Female,SLIIT,Cybersecurity,1,AI/ML,Lecturer,Intermediate,Gampaha,student_3504@student.edu,3.7,any,visual,job_search,formal,"English,Tamil",2
S3505,Student_3505,Male,NSBM,Data Science,4,Business IT,Data Scientist,Beginner,Kandy,student_3505@student.edu,3.5,remote_only,reading,research_guidance,formal,English,4
S3506,Student_3506,Male,University of Kelaniya,Data Science,2,Data Science,Lecturer,Intermediate,Kurunegala,student_3506@student.edu,3.75,same_university,visual,job_search,flexible,"English,Tamil",8
S3507,Student_3507,Female,University of Colombo,SE,3,Business IT,Security Analyst,Intermediate,Kurunegala,student_3507@student.edu,3.34,any,visual,research_guidance,casual,"English,Tamil",8
S3508,Student_3508,Male,IIT Sri Lanka,SE,3,Business IT,Software Engineer,Advanced,Galle,student_3508@student.edu,2.91,remote_only,kinesthetic,skill_development,formal,"English,Sinhala",4
S3509,Student_3509,Female,University of Colombo,CS,4,Business IT,Security Analyst,Beginner,Kandy,student_3509@student.edu,3.18,same_city,reading,research_guidance,formal,"English,Tamil",5
S3510,Student_3510,Female,IIT Sri Lanka,IT,3,AI/ML,Lecturer,Intermediate,Colombo,student_3510@student.edu,2.67,same_city,reading,research_guidance,formal,English,7
S3511,Student_3511,Female,IIT Sri Lanka,SE,1,Software Engineering,Lecturer,Intermediate,Kandy,student_3511@student.edu,3.51,remote_only,reading,job_search,flexible,English,6
S3512,Student_3512,Male,University of Kelaniya,Cybersecurity,2,Networking,Data Scientist,Advanced,Galle,student_3512@student.edu,2.61,same_city,reading,job_search,formal,"English,Sinhala",2
S3513,Student_3513,Female,University of Moratuwa,CS,4,Business IT,Software Engineer,Beginner,Kandy,student_3513@student.edu,3.53,same_city,auditory,networking,formal,"English,Sinhala",1
S3514,Student_3514,Male,University of Moratuwa,Data Science,3,Networking,Data Scientist,Beginner,Colombo,student_3514@student.edu,2.69,any,reading,research_guidance,formal,"English,Sinhala",9
S3515,Student_3515,Male,NSBM,IT,3,Data Science,Data Scientist,Advanced,Gampaha,student_3515@student.edu,3.84,same_city,reading,skill_development,structured,English,8
S3516,Student_3516,Female,IIT Sri Lanka,IT,2,Business IT,Data Scientist,Beginner,Galle,student_3516@student.edu,3.46,same_city,visual,career_guidance,casual,"English,Tamil",4
S3517,Student_3517,Female,NSBM,Data Science,4,Software Engineering,Lecturer,Beginner,Kurunegala,student_3517@student.edu,3.87,remote_only,visual,skill_development,structured,"English,Tamil",2
S3518,Student_3518,Female,NSBM,IT,4,Cybersecurity,Data Scientist,Beginner,Kurunegala,student_3518@student.edu,3.34,remote_only,kinesthetic,research_guidance,flexible,"English,Tamil",5
S3519,Student_3519,Female,University of Moratuwa,IT,2,Networking,Data Scientist,Advanced,Colombo,student_3519@student.edu,3.79,same_city,auditory,career_guidance,flexible,English,8
S3520,Student_3520,Male,University of Kelaniya,CS,3,Cybersecurity,Lecturer,Intermediate,Galle,student_3520@student.edu,3.43,remote_only,kinesthetic,research_guidance,formal,"English,Sinhala",4
S3521,Student_3521,Female,IIT Sri Lanka,IT,3,Business IT,Data Scientist,Advanced,Kandy,student_3521@student.edu,3.64,same_university,auditory,networking,flexible,English,2
S3522,Student_3522,Female,University of Moratuwa,Data Science,2,Networking,Lecturer,Beginner,Kandy,student_3522@student.edu,2.98,same_university,kinesthetic,job_search,flexible,"English,Sinhala",8
S3523,Student_3523,Male,University of Colombo,Data Science,1,Data Science,Software Engineer,Advanced,Colombo,student_3523@student.edu,2.72,same_city,auditory,networking,casual,"English,Tamil",2
S3524,Student_3524,Female,University of Peradeniya,CS,3,Software Engineering,Security Analyst,Beginner,Kandy,student_3524@student.edu,2.63,same_city,visual,networking,formal,"English,Sinhala",7
S3525,Student_3525,Male,University of Moratuwa,IT,4,Software Engineering,Data Scientist,Intermediate,Gampaha,student_3525@student.edu,3.16,same_city,auditory,career_guidance,formal,"English,Tamil",6
S3526,Student_3526,Male,IIT Sri Lanka,Data Science,2,Software Engineering,Security Analyst,Intermediate,Colombo,student_3526@student.edu,2.68,same_university,visual,skill_development,structured,"English,Sinhala",4
S3527,Student_3527,Male,NSBM,Cybersecurity,4,Cybersecurity,Lecturer,Advanced,Galle,student_3527@student.edu,3.33,remote_only,kinesthetic,job_search,structured,English,5
S3528,Student_3528,Female,University of Peradeniya,Data Science,3,Software Engineering,Security Analyst,Intermediate,Kurunegala,student_3528@student.edu,3.66,remote_only,reading,networking,flexible,"English,Sinhala",1
S3529,Student_3529,Female,University of Moratuwa,SE,1,Cybersecurity,Software Engineer,Beginner,Gampaha,student_3529@student.edu,3.01,same_city,reading,research_guidance,flexible,English,8
S3530,Student_3530,Male,NSBM,CS,1,Data Science,Data Scientist,Beginner,Kurunegala,student_3530@student.edu,2.98,same_university,auditory,research_guidance,formal,"English,Sinhala",7
S3531,Student_3531,Female,University of Colombo,IT,2,Business IT,Data Scientist,Advanced,Galle,student_3531@student.edu,2.83,same_city,reading,networking,flexible,English,7
S3532,Student_3532,Female,University of Peradeniya,Cybersecurity,4,Business IT,Data Scientist,Beginner,Kandy,student_3532@student.edu,3.72,remote_only,kinesthetic,research_guidance,formal,English,8
S3533,Student_3533,Female,University of Peradeniya,Data Science,4,Networking,Security Analyst,Intermediate,Kurunegala,student_3533@student.edu,3.82,any,kinesthetic,career_guidance,flexible,"English,Sinhala",2
S3534,Student_3534,Male,SLIIT,IT,1,Cybersecurity,Lecturer,Intermediate,Gampaha,student_3534@student.edu,2.69,same_university,visual,networking,casual,English,7
S3535,Student_3535,Female,SLIIT,SE,3,Cybersecurity,Software Engineer,Advanced,Galle,student_3535@student.edu,2.59,remote_only,reading,career_guidance,formal,English,9
S3536,Student_3536,Male,SLIIT,Data Science,1,Software Engineering,Lecturer,Advanced,Colombo,student_3536@student.edu,3.8,remote_only,reading,networking,structured,"English,Tamil",5
S3537,Student_3537,Female,University of Colombo,SE,3,AI/ML,Software Engineer,Intermediate,Kandy,student_3537@student.edu,3.51,same_university,visual,career_guidance,flexible,English,3
S3538,Student_3538,Male,University of Colombo,IT,2,Software Engineering,Lecturer,Intermediate,Galle,student_3538@student.edu,3.41,same_university,auditory,research_guidance,casual,"English,Tamil",5
S3539,Student_3539,Female,University of Kelaniya,IT,4,Software Engineering,Lecturer,Intermediate,Kurunegala,student_3539@student.edu,3.95,same_city,auditory,skill_development,formal,"English,Tamil",2
S3540,Student_3540,Male,University of Kelaniya,SE,2,Networking,Data Scientist,Intermediate,Kandy,student_3540@student.edu,3.84,same_university,visual,networking,formal,English,5
S3541,Student_3541,Female,IIT Sri Lanka,CS,3,Software Engineering,Data Scientist,Advanced,Kurunegala,student_3541@student.edu,3.78,any,kinesthetic,networking,flexible,"English,Tamil",5
S3542,Student_3542,Female,SLIIT,CS,4,Data Science,Software Engineer,Beginner,Galle,student_3542@student.edu,3.49,any,reading,research_guidance,structured,"English,Sinhala",2
S3543,Student_3543,Female,University of Peradeniya,Data Science,2,AI/ML,Software Engineer,Advanced,Galle,student_3543@student.edu,2.92,same_city,visual,career_guidance,structured,English,1
S3544,Student_3544,Female,University of Colombo,Data Science,1,Networking,Software Engineer,Intermediate,Colombo,student_3544@student.edu,2.72,same_city,visual,career_guidance,flexible,"English,Tamil",1
S3545,Student_3545,Male,University of Moratuwa,Cybersecurity,3,Cybersecurity,Security Analyst,Intermediate,Gampaha,student_3545@student.edu,3.71,same_university,visual,networking,formal,English,1
S3546,Student_3546,Male,University of Moratuwa,Cybersecurity,2,Software Engineering,Security Analyst,Advanced,Galle,student_3546@student.edu,2.59,same_city,auditory,skill_development,structured,"English,Sinhala",4
S3547,Student_3547,Male,University of Kelaniya,SE,1,Networking,Software Engineer,Intermediate,Galle,student_3547@student.edu,3.44,same_university,visual,career_guidance,casual,"English,Tamil",9
S3548,Student_3548,Female,University of Peradeniya,Cybersecurity,1,AI/ML,Lecturer,Beginner,Colombo,student_3548@student.edu,2.64,same_city,auditory,networking,casual,"English,Sinhala",1
S3549,Student_3549,Female,University of Colombo,CS,2,Software Engineering,Data Scientist,Intermediate,Colombo,student_3549@student.edu,3.18,any,reading,job_search,formal,English,5
S3550,Student_3550,Male,University of Colombo,CS,1,Data Science,Security Analyst,Intermediate,Kurunegala,student_3550@student.edu,3.92,any,auditory,job_search,formal,"English,Sinhala",1
S3551,Student_3551,Female,SLIIT,SE,2,Data Science,Software Engineer,Beginner,Colombo,student_3551@student.edu,3.35,remote_only,kinesthetic,research_guidance,formal,"English,Tamil",9
S3552,Student_3552,Male,NSBM,Cybersecurity,1,Networking,Security Analyst,Beginner,Kurunegala,student_3552@student.edu,3.3,same_university,kinesthetic,networking,flexible,English,9
S3553,Student_3553,Male,University of Moratuwa,IT,1,Business IT,Lecturer,Beginner,Kurunegala,student_3553@student.edu,3.83,any,visual,skill_development,formal,"English,Tamil",2
S3554,Student_3554,Male,SLIIT,Cybersecurity,4,Data Science,Security Analyst,Intermediate,Galle,student_3554@student.edu,3.16,same_city,visual,research_guidance,structured,"English,Tamil",3
S3555,Student_3555,Female,University of Peradeniya,IT,4,Cybersecurity,Software Engineer,Beginner,Colombo,student_3555@student.edu,3.81,same_university,reading,skill_development,formal,"English,Sinhala",4
S3556,Student_3556,Male,University of Kelaniya,Data Science,1,Business IT,Software Engineer,Beginner,Colombo,student_3556@student.edu,2.77,same_city,kinesthetic,skill_development,casual,English,7
S3557,Student_3557,Male,University of Colombo,Cybersecurity,2,Data Science,Software Engineer,Intermediate,Kandy,student_3557@student.edu,3.91,any,auditory,career_guidance,structured,"English,Tamil",2
S3558,Student_3558,Female,IIT Sri Lanka,SE,1,Data Science,Security Analyst,Intermediate,Gampaha,student_3558@student.edu,2.61,same_university,reading,research_guidance,flexible,"English,Tamil",3
S3559,Student_3559,Female,NSBM,Cybersecurity,3,Business IT,Lecturer,Advanced,Colombo,student_3559@student.edu,3.79,remote_only,reading,networking,structured,"English,Sinhala",8
S3560,Student_3560,Male,IIT Sri Lanka,Cybersecurity,2,Data Science,Lecturer,Beginner,Kurunegala,student_3560@student.edu,2.79,same_university,auditory,networking,casual,"English,Tamil",6
S3561,Student_3561,Male,University of Moratuwa,SE,4,Networking,Security Analyst,Advanced,Galle,student_3561@student.edu,3.57,remote_only,visual,research_guidance,formal,"English,Sinhala",1
S3562,Student_3562,Female,University of Peradeniya,IT,4,Networking,Security Analyst,Intermediate,Kurunegala,student_3562@student.edu,2.87,any,kinesthetic,career_guidance,structured,"English,Sinhala",2
S3563,Student_3563,Male,University of Kelaniya,SE,1,Software Engineering,Data Scientist,Intermediate,Kurunegala,student_3563@student.edu,3.66,any,reading,research_guidance,casual,"English,Tamil",4
S3564,Student_3564,Male,IIT Sri Lanka,Cybersecurity,1,Networking,Software Engineer,Beginner,Colombo,student_3564@student.edu,3.39,remote_only,reading,networking,flexible,"English,Sinhala",4
S3565,Student_3565,Male,University of Moratuwa,Cybersecurity,4,Business IT,Data Scientist,Intermediate,Kurunegala,student_3565@student.edu,3.94,any,auditory,career_guidance,structured,English,4
S3566,Student_3566,Female,University of Colombo,Cybersecurity,4,Networking,Data Scientist,Intermediate,Colombo,student_3566@student.edu,2.93,same_university,kinesthetic,job_search,structured,"English,Sinhala",9
S3567,Student_3567,Female,University of Kelaniya,IT,3,AI/ML,Lecturer,Intermediate,Colombo,student_3567@student.edu,3.99,same_university,auditory,job_search,casual,"English,Sinhala",7
S3568,Student_3568,Male,University of Colombo,IT,3,Networking,Data Scientist,Intermediate,Colombo,student_3568@student.edu,2.82,same_university,kinesthetic,skill_development,structured,"English,Tamil",8
S3569,Student_3569,Female,University of Moratuwa,IT,3,Cybersecurity,Data Scientist,Intermediate,Gampaha,student_3569@student.edu,2.69,remote_only,auditory,skill_development,structured,English,8
S3570,Student_3570,Female,SLIIT,CS,2,AI/ML,Software Engineer,Advanced,Gampaha,student_3570@student.edu,3.78,same_university,auditory,skill_development,formal,"English,Tamil",4
S3571,Student_3571,Male,NSBM,Data Science,2,Software Engineering,Lecturer,Beginner,Kandy,student_3571@student.edu,3.43,same_city,visual,skill_development,flexible,"English,Tamil",3
S3572,Student_3572,Female,SLIIT,Data Science,3,Software Engineering,Lecturer,Advanced,Kurunegala,student_3572@student.edu,3.38,same_university,kinesthetic,job_search,flexible,"English,Tamil",1
S3573,Student_3573,Female,University of Colombo,SE,4,Cybersecurity,Software Engineer,Beginner,Kandy,student_3573@student.edu,3.99,same_city,kinesthetic,career_guidance,casual,"English,Sinhala",1
S3574,Student_3574,Male,SLIIT,CS,2,Software Engineering,Security Analyst,Beginner,Colombo,student_3574@student.edu,3.68,remote_only,auditory,networking,structured,English,5
S3575,Student_3575,Male,NSBM,Cybersecurity,2,Networking,Security Analyst,Beginner,Kandy,student_3575@student.edu,2.92,same_city,kinesthetic,job_search,casual,English,9
S3576,Student_3576,Female,IIT Sri Lanka,SE,1,Software Engineering,Data Scientist,Intermediate,Gampaha,student_3576@student.edu,3.06,same_university,auditory,networking,structured,English,9
S3577,Student_3577,Female,NSBM,IT,1,Networking,Software Engineer,Intermediate,Kurunegala,student_3577@student.edu,3.2,same_city,kinesthetic,research_guidance,formal,"English,Tamil",1
S3578,Student_3578,Female,University of Colombo,IT,2,Business IT,Lecturer,Beginner,Colombo,student_3578@student.edu,2.95,remote_only,reading,career_guidance,structured,English,9
S3579,Student_3579,Male,University of Peradeniya,CS,4,Networking,Data Scientist,Intermediate,Kurunegala,student_3579@student.edu,3.88,same_university,kinesthetic,networking,formal,English,5
S3580,Student_3580,Female,University of Kelaniya,SE,3,Software Engineering,Security Analyst,Intermediate,Colombo,student_3580@student.edu,2.66,any,reading,job_search,flexible,"English,Sinhala",5
S3581,Student_3581,Male,University of Moratuwa,IT,4,Networking,Security Analyst,Beginner,Kurunegala,student_3581@student.edu,2.53,remote_only,reading,networking,formal,"English,Sinhala",3
S3582,Student_3582,Female,University of Moratuwa,IT,2,Cybersecurity,Data Scientist,Intermediate,Colombo,student_3582@student.edu,3.6,same_city,reading,networking,formal,"English,Sinhala",5
S3583,Student_3583,Male,NSBM,Cybersecurity,1,Cybersecurity,Software Engineer,Advanced,Colombo,student_3583@student.edu,2.76,same_city,visual,career_guidance,flexible,"English,Sinhala",8
S3584,Student_3584,Male,University of Colombo,Data Science,1,Data Science,Lecturer,Intermediate,Galle,student_3584@student.edu,3.76,remote_only,kinesthetic,skill_development,casual,"English,Sinhala",1
S3585,Student_3585,Female,University of Moratuwa,SE,1,Data Science,Data Scientist,Intermediate,Kurunegala,student_3585@student.edu,2.63,same_university,reading,networking,casual,"English,Tamil",9
S3586,Student_3586,Female,University of Peradeniya,SE,1,Data Science,Lecturer,Beginner,Kurunegala,student_3586@student.edu,2.99,same_city,auditory,job_search,casual,English,5
S3587,Student_3587,Female,University of Colombo,Data Science,2,Cybersecurity,Lecturer,Intermediate,Kandy,student_3587@student.edu,3.8,same_city,reading,career_guidance,formal,"English,Sinhala",8
S3588,Student_3588,Female,University of Moratuwa,CS,1,Cybersecurity,Software Engineer,Beginner,Galle,student_3588@student.edu,3.42,any,reading,career_guidance,structured,English,8
S3589,Student_3589,Female,University of Colombo,Cybersecurity,1,Software Engineering,Security Analyst,Beginner,Gampaha,student_3589@student.edu,3.83,same_city,kinesthetic,skill_development,formal,"English,Sinhala",8
S3590,Student_3590,Female,University of Kelaniya,IT,2,Networking,Software Engineer,Advanced,Kandy,student_3590@student.edu,2.59,same_city,reading,networking,casual,English,7
S3591,Student_3591,Female,IIT Sri Lanka,CS,3,Software Engineering,Data Scientist,Intermediate,Gampaha,student_3591@student.edu,3.88,any,reading,skill_development,formal,"English,Sinhala",8
S3592,Student_3592,Female,University of Kelaniya,SE,4,Networking,Security Analyst,Beginner,Gampaha,student_3592@student.edu,2.56,same_city,auditory,skill_development,flexible,"English,Sinhala",8
S3593,Student_3593,Female,University of Kelaniya,Data Science,2,Networking,Data Scientist,Beginner,Gampaha,student_3593@student.edu,3.77,same_city,visual,career_guidance,casual,"English,Tamil",5
S3594,Student_3594,Male,University of Kelaniya,IT,3,AI/ML,Data Scientist,Intermediate,Gampaha,student_3594@student.edu,3.26,remote_only,auditory,career_guidance,flexible,"English,Sinhala",9
S3595,Student_3595,Female,University of Peradeniya,CS,1,AI/ML,Security Analyst,Intermediate,Kandy,student_3595@student.edu,3.32,same_city,kinesthetic,career_guidance,formal,English,4
S3596,Student_3596,Male,NSBM,Data Science,1,Cybersecurity,Security Analyst,Beginner,Colombo,student_3596@student.edu,2.62,remote_only,auditory,career_guidance,formal,"English,Sinhala",4
S3597,Student_3597,Female,University of Moratuwa,Data Science,2,Networking,Security Analyst,Intermediate,Kandy,student_3597@student.edu,2.62,any,visual,career_guidance,formal,"English,Tamil",6
S3598,Student_3598,Female,NSBM,CS,1,Business IT,Security Analyst,Beginner,Galle,student_3598@student.edu,2.95,same_university,kinesthetic,job_search,flexible,English,2
S3599,Student_3599,Male,University of Colombo,IT,3,AI/ML,Lecturer,Advanced,Kurunegala,student_3599@student.edu,3.71,same_university,kinesthetic,skill_development,casual,"English,Tamil",6
S3600,Student_3600,Male,University of Colombo,Cybersecurity,4,Business IT,Lecturer,Beginner,Kurunegala,student_3600@student.edu,2.98,remote_only,reading,networking,casual,"English,Tamil",2
S3601,Student_3601,Female,NSBM,CS,1,Networking,Software Engineer,Advanced,Galle,student_3601@student.edu,3.02,any,auditory,networking,structured,"English,Tamil",3
S3602,Student_3602,Female,NSBM,Cybersecurity,4,Cybersecurity,Security Analyst,Beginner,Colombo,student_3602@student.edu,2.58,any,visual,career_guidance,flexible,"English,Sinhala",2
S3603,Student_3603,Female,IIT Sri Lanka,IT,1,Cybersecurity,Security Analyst,Intermediate,Kandy,student_3603@student.edu,2.8,same_city,reading,career_guidance,casual,"English,Tamil",4
S3604,Student_3604,Male,SLIIT,Cybersecurity,2,AI/ML,Security Analyst,Advanced,Galle,student_3604@student.edu,2.84,same_city,auditory,career_guidance,formal,"English,Sinhala",3
S3605,Student_3605,Male,University of Moratuwa,IT,1,Data Science,Data Scientist,Beginner,Colombo,student_3605@student.edu,3.82,same_university,reading,skill_development,casual,"English,Tamil",2
S3606,Student_3606,Male,University of Peradeniya,Cybersecurity,2,AI/ML,Security Analyst,Intermediate,Gampaha,student_3606@student.edu,2.68,same_university,auditory,job_search,structured,"English,Sinhala",3
S3607,Student_3607,Female,University of Moratuwa,CS,1,Business IT,Software Engineer,Advanced,Gampaha,student_3607@student.edu,2.62,remote_only,reading,networking,casual,"English,Sinhala",6
S3608,Student_3608,Male,University of Kelaniya,SE,1,Data Science,Software Engineer,Intermediate,Kandy,student_3608@student.edu,3.57,same_university,auditory,career_guidance,structured,"English,Sinhala",2
S3609,Student_3609,Male,University of Kelaniya,IT,1,Cybersecurity,Software Engineer,Beginner,Gampaha,student_3609@student.edu,2.87,same_city,kinesthetic,skill_development,structured,English,7
S3610,Student_3610,Male,NSBM,SE,1,Data Science,Security Analyst,Intermediate,Gampaha,student_3610@student.edu,2.75,any,visual,job_search,formal,"English,Sinhala",8
S3611,Student_3611,Male,IIT Sri Lanka,Cybersecurity,3,Data Science,Data Scientist,Intermediate,Kandy,student_3611@student.edu,3.9,same_city,auditory,research_guidance,flexible,"English,Sinhala",6
S3612,Student_3612,Male,University of Colombo,SE,3,Data Science,Software Engineer,Beginner,Galle,student_3612@student.edu,3.3,same_university,reading,career_guidance,casual,"English,Tamil",9
S3613,Student_3613,Female,University of Peradeniya,CS,4,AI/ML,Security Analyst,Beginner,Galle,student_3613@student.edu,3.07,remote_only,kinesthetic,job_search,flexible,"English,Sinhala",1
S3614,Student_3614,Female,University of Colombo,IT,4,Data Science,Lecturer,Advanced,Gampaha,student_3614@student.edu,3.67,same_city,kinesthetic,research_guidance,formal,"English,Tamil",4
S3615,Student_3615,Male,SLIIT,IT,4,Software Engineering,Data Scientist,Advanced,Gampaha,student_3615@student.edu,3.93,remote_only,visual,networking,formal,"English,Tamil",2
S3616,Student_3616,Female,NSBM,SE,1,Cybersecurity,Security Analyst,Intermediate,Gampaha,student_3616@student.edu,3.14,same_university,reading,career_guidance,casual,"English,Tamil",6
S3617,Student_3617,Male,University of Colombo,CS,4,Software Engineering,Data Scientist,Beginner,Kandy,student_3617@student.edu,3.58,same_city,kinesthetic,career_guidance,formal,"English,Tamil",7
S3618,Student_3618,Female,University of Colombo,CS,4,Networking,Data Scientist,Advanced,Colombo,student_3618@student.edu,3.96,remote_only,kinesthetic,job_search,casual,"English,Tamil",4
S3619,Student_3619,Male,IIT Sri Lanka,Cybersecurity,4,Networking,Software Engineer,Beginner,Kandy,student_3619@student.edu,2.95,same_city,reading,job_search,casual,English,9
S3620,Student_3620,Female,University of Moratuwa,CS,3,Data Science,Security Analyst,Intermediate,Colombo,student_3620@student.edu,2.73,same_university,auditory,career_guidance,structured,"English,Tamil",3
S3621,Student_3621,Female,University of Moratuwa,SE,1,Networking,Security Analyst,Intermediate,Gampaha,student_3621@student.edu,3.81,remote_only,visual,skill_development,structured,"English,Sinhala",7
S3622,Student_3622,Male,University of Peradeniya,SE,1,Data Science,Data Scientist,Beginner,Colombo,student_3622@student.edu,2.74,any,reading,skill_development,structured,"English,Sinhala",3
S3623,Student_3623,Male,University of Colombo,CS,2,Data Science,Lecturer,Advanced,Galle,student_3623@student.edu,3.35,remote_only,kinesthetic,skill_development,structured,English,6
S3624,Student_3624,Female,University of Kelaniya,Data Science,4,Networking,Data Scientist,Advanced,Colombo,student_3624@student.edu,2.5,same_university,auditory,job_search,casual,"English,Tamil",4
S3625,Student_3625,Male,NSBM,IT,1,Data Science,Data Scientist,Intermediate,Kurunegala,student_3625@student.edu,3.78,same_university,kinesthetic,networking,formal,English,8
S3626,Student_3626,Female,IIT Sri Lanka,IT,4,Networking,Software Engineer,Advanced,Gampaha,student_3626@student.edu,2.99,any,auditory,job_search,flexible,English,7
S3627,Student_3627,Female,NSBM,CS,3,Business IT,Data Scientist,Beginner,Gampaha,student_3627@student.edu,3.88,same_university,reading,job_search,formal,"English,Tamil",6
S3628,Student_3628,Female,University of Peradeniya,Cybersecurity,4,AI/ML,Data Scientist,Intermediate,Gampaha,student_3628@student.edu,3.31,remote_only,auditory,skill_development,casual,"English,Tamil",1
S3629,Student_3629,Male,University of Colombo,Data Science,4,Networking,Security Analyst,Beginner,Galle,student_3629@student.edu,3.87,any,visual,networking,casual,English,4
S3630,Student_3630,Female,University of Kelaniya,Data Science,3,Data Science,Software Engineer,Beginner,Kurunegala,student_3630@student.edu,2.81,same_university,kinesthetic,job_search,structured,"English,Sinhala",7
S3631,Student_3631,Female,University of Peradeniya,Data Science,4,Software Engineering,Security Analyst,Intermediate,Colombo,student_3631@student.edu,2.73,remote_only,kinesthetic,job_search,structured,"English,Tamil",4
S3632,Student_3632,Female,University of Kelaniya,IT,4,Cybersecurity,Lecturer,Beginner,Galle,student_3632@student.edu,2.9,any,kinesthetic,job_search,casual,"English,Tamil",9
S3633,Student_3633,Female,University of Kelaniya,IT,3,Software Engineering,Data Scientist,Beginner,Galle,student_3633@student.edu,2.53,any,reading,research_guidance,casual,English,4
S3634,Student_3634,Male,University of Colombo,SE,2,Networking,Lecturer,Advanced,Kurunegala,student_3634@student.edu,2.62,same_university,reading,career_guidance,casual,English,8
S3635,Student_3635,Male,University of Colombo,SE,2,Software Engineering,Data Scientist,Intermediate,Kandy,student_3635@student.edu,2.59,any,visual,job_search,formal,"English,Sinhala",4
S3636,Student_3636,Male,University of Colombo,Cybersecurity,1,Cybersecurity,Data Scientist,Intermediate,Kurunegala,student_3636@student.edu,3.82,same_city,visual,job_search,casual,English,6
S3637,Student_3637,Female,NSBM,Cybersecurity,1,Software Engineering,Software Engineer,Beginner,Kurunegala,student_3637@student.edu,3.62,remote_only,visual,networking,formal,"English,Sinhala",7
S3638,Student_3638,Male,SLIIT,SE,3,Networking,Security Analyst,Intermediate,Galle,student_3638@student.edu,3.41,remote_only,kinesthetic,job_search,flexible,"English,Sinhala",5
S3639,Student_3639,Male,University of Moratuwa,CS,2,Software Engineering,Lecturer,Intermediate,Colombo,student_3639@student.edu,3.83,same_city,auditory,career_guidance,casual,"English,Sinhala",5
S3640,Student_3640,Female,University of Peradeniya,IT,4,Networking,Security Analyst,Advanced,Kandy,student_3640@student.edu,3.58,same_university,reading,career_guidance,flexible,"English,Sinhala",2
S3641,Student_3641,Male,SLIIT,IT,1,Networking,Security Analyst,Advanced,Colombo,student_3641@student.edu,3.76,remote_only,kinesthetic,networking,casual,"English,Tamil",1
S3642,Student_3642,Female,NSBM,Data Science,2,Business IT,Lecturer,Intermediate,Colombo,student_3642@student.edu,3.41,same_city,auditory,research_guidance,formal,"English,Tamil",7
S3643,Student_3643,Male,University of Kelaniya,SE,4,Cybersecurity,Lecturer,Intermediate,Colombo,student_3643@student.edu,3.24,any,visual,skill_development,structured,English,8
S3644,Student_3644,Male,University of Peradeniya,Cybersecurity,4,Software Engineering,Software Engineer,Beginner,Kandy,student_3644@student.edu,2.73,same_city,visual,career_guidance,formal,English,3
S3645,Student_3645,Female,University of Moratuwa,IT,2,AI/ML,Security Analyst,Advanced,Colombo,student_3645@student.edu,3.81,any,visual,job_search,structured,English,1
S3646,Student_3646,Male,University of Moratuwa,SE,4,Business IT,Data Scientist,Intermediate,Kandy,student_3646@student.edu,2.71,same_city,auditory,career_guidance,structured,"English,Tamil",8
S3647,Student_3647,Male,University of Kelaniya,Data Science,4,Cybersecurity,Security Analyst,Advanced,Kurunegala,student_3647@student.edu,3.58,same_city,reading,skill_development,formal,English,2
S3648,Student_3648,Male,SLIIT,CS,1,Data Science,Security Analyst,Intermediate,Kandy,student_3648@student.edu,3.4,same_city,visual,networking,flexible,"English,Tamil",2
S3649,Student_3649,Female,NSBM,Cybersecurity,3,Networking,Data Scientist,Intermediate,Kurunegala,student_3649@student.edu,3.31,same_university,visual,research_guidance,casual,"English,Sinhala",3
S3650,Student_3650,Male,University of Peradeniya,CS,4,Cybersecurity,Lecturer,Beginner,Kandy,student_3650@student.edu,2.95,remote_only,visual,networking,flexible,"English,Tamil",5
S3651,Student_3651,Female,SLIIT,Data Science,3,Business IT,Software Engineer,Advanced,Gampaha,student_3651@student.edu,2.6,any,reading,skill_development,flexible,"English,Sinhala",8
S3652,Student_3652,Male,NSBM,IT,4,Business IT,Software Engineer,Advanced,Colombo,student_3652@student.edu,2.63,remote_only,visual,networking,casual,"English,Sinhala",3
S3653,Student_3653,Female,SLIIT,SE,1,Data Science,Security Analyst,Intermediate,Gampaha,student_3653@student.edu,3.54,any,kinesthetic,networking,formal,English,7
S3654,Student_3654,Female,University of Kelaniya,Data Science,1,Business IT,Software Engineer,Beginner,Colombo,student_3654@student.edu,3.95,same_university,auditory,career_guidance,structured,"English,Sinhala",4
S3655,Student_3655,Male,University of Moratuwa,IT,3,Business IT,Software Engineer,Beginner,Galle,student_3655@student.edu,3.27,same_university,auditory,career_guidance,flexible,English,7
S3656,Student_3656,Female,University of Colombo,SE,4,Networking,Security Analyst,Beginner,Colombo,student_3656@student.edu,3.4,any,visual,skill_development,formal,"English,Tamil",9
S3657,Student_3657,Female,University of Colombo,IT,1,Cybersecurity,Lecturer,Advanced,Gampaha,student_3657@student.edu,3.95,same_city,reading,networking,formal,"English,Sinhala",1
S3658,Student_3658,Male,SLIIT,Cybersecurity,2,Data Science,Data Scientist,Intermediate,Gampaha,student_3658@student.edu,3.56,same_university,reading,job_search,formal,"English,Sinhala",3
S3659,Student_3659,Male,University of Kelaniya,IT,4,Networking,Security Analyst,Advanced,Kandy,student_3659@student.edu,3.61,remote_only,kinesthetic,research_guidance,formal,"English,Tamil",5
S3660,Student_3660,Female,University of Peradeniya,CS,2,Software Engineering,Software Engineer,Advanced,Galle,student_3660@student.edu,2.64,any,reading,skill_development,structured,"English,Tamil",6
S3661,Student_3661,Male,NSBM,SE,1,AI/ML,Lecturer,Intermediate,Colombo,student_3661@student.edu,3.32,remote_only,reading,research_guidance,casual,English,3
S3662,Student_3662,Male,University of Kelaniya,Cybersecurity,4,Data Science,Data Scientist,Intermediate,Galle,student_3662@student.edu,3.06,remote_only,auditory,career_guidance,flexible,"English,Tamil",7
S3663,Student_3663,Female,University of Peradeniya,Cybersecurity,3,Cybersecurity,Lecturer,Beginner,Galle,student_3663@student.edu,3.79,same_city,visual,research_guidance,formal,"English,Tamil",4
S3664,Student_3664,Female,SLIIT,Cybersecurity,2,Business IT,Data Scientist,Intermediate,Gampaha,student_3664@student.edu,2.56,same_university,auditory,research_guidance,structured,English,3
S3665,Student_3665,Male,NSBM,SE,4,Networking,Security Analyst,Advanced,Galle,student_3665@student.edu,3.15,same_university,kinesthetic,skill_development,casual,"English,Sinhala",2
S3666,Student_3666,Female,NSBM,Cybersecurity,1,Software Engineering,Data Scientist,Advanced,Kandy,student_3666@student.edu,3.01,same_city,reading,networking,flexible,"English,Sinhala",7
S3667,Student_3667,Male,NSBM,Cybersecurity,4,AI/ML,Data Scientist,Intermediate,Gampaha,student_3667@student.edu,3.35,any,kinesthetic,career_guidance,formal,"English,Sinhala",9
S3668,Student_3668,Male,University of Peradeniya,CS,1,Networking,Data Scientist,Advanced,Kurunegala,student_3668@student.edu,3.28,remote_only,kinesthetic,career_guidance,flexible,"English,Tamil",3
S3669,Student_3669,Female,University of Kelaniya,IT,2,Data Science,Lecturer,Beginner,Colombo,student_3669@student.edu,2.64,same_city,reading,job_search,formal,English,6
S3670,Student_3670,Female,IIT Sri Lanka,CS,4,Data Science,Lecturer,Advanced,Gampaha,student_3670@student.edu,2.63,remote_only,reading,networking,structured,"English,Sinhala",4
S3671,Student_3671,Male,University of Moratuwa,Data Science,2,AI/ML,Software Engineer,Beginner,Galle,student_3671@student.edu,3.04,any,reading,skill_development,casual,English,8
S3672,Student_3672,Male,University of Moratuwa,Cybersecurity,3,Cybersecurity,Data Scientist,Beginner,Galle,student_3672@student.edu,3.41,any,visual,career_guidance,structured,English,7
S3673,Student_3673,Female,IIT Sri Lanka,CS,4,Data Science,Security Analyst,Beginner,Gampaha,student_3673@student.edu,3.15,remote_only,visual,job_search,flexible,English,7
S3674,Student_3674,Female,University of Peradeniya,Data Science,2,Software Engineering,Software Engineer,Beginner,Kurunegala,student_3674@student.edu,3.98,any,visual,career_guidance,structured,"English,Tamil",6
S3675,Student_3675,Female,IIT Sri Lanka,IT,1,Data Science,Security Analyst,Intermediate,Galle,student_3675@student.edu,3.61,remote_only,auditory,networking,formal,English,1
S3676,Student_3676,Male,IIT Sri Lanka,Data Science,3,Software Engineering,Lecturer,Advanced,Galle,student_3676@student.edu,2.66,any,kinesthetic,research_guidance,formal,"English,Tamil",1
S3677,Student_3677,Male,NSBM,Data Science,4,AI/ML,Data Scientist,Advanced,Gampaha,student_3677@student.edu,2.74,same_city,kinesthetic,career_guidance,formal,"English,Sinhala",4
S3678,Student_3678,Male,University of Colombo,Data Science,1,Business IT,Software Engineer,Advanced,Galle,student_3678@student.edu,2.71,remote_only,visual,skill_development,casual,"English,Tamil",8
S3679,Student_3679,Male,University of Peradeniya,SE,4,Business IT,Lecturer,Beginner,Galle,student_3679@student.edu,3.45,same_city,visual,career_guidance,structured,"English,Tamil",8
S3680,Student_3680,Male,University of Colombo,IT,1,Networking,Security Analyst,Advanced,Kurunegala,student_3680@student.edu,3.53,same_city,auditory,job_search,structured,English,9
S3681,Student_3681,Male,University of Kelaniya,CS,1,Networking,Security Analyst,Beginner,Colombo,student_3681@student.edu,2.77,any,kinesthetic,job_search,structured,"English,Sinhala",7
S3682,Student_3682,Male,SLIIT,Data Science,2,Cybersecurity,Data Scientist,Beginner,Gampaha,student_3682@student.edu,3.07,remote_only,kinesthetic,career_guidance,structured,English,7
S3683,Student_3683,Male,University of Moratuwa,CS,2,Networking,Software Engineer,Advanced,Gampaha,student_3683@student.edu,3.44,any,kinesthetic,networking,flexible,"English,Tamil",4
S3684,Student_3684,Female,University of Kelaniya,Cybersecurity,1,Business IT,Security Analyst,Intermediate,Galle,student_3684@student.edu,3.37,same_university,reading,skill_development,structured,English,3
S3685,Student_3685,Female,NSBM,Cybersecurity,3,Cybersecurity,Lecturer,Advanced,Colombo,student_3685@student.edu,3.31,remote_only,kinesthetic,career_guidance,flexible,"English,Tamil",1
S3686,Student_3686,Female,NSBM,Cybersecurity,4,Software Engineering,Data Scientist,Beginner,Colombo,student_3686@student.edu,3.36,remote_only,auditory,networking,formal,"English,Sinhala",2
S3687,Student_3687,Male,University of Colombo,Data Science,3,Cybersecurity,Lecturer,Intermediate,Kurunegala,student_3687@student.edu,3.14,remote_only,auditory,research_guidance,flexible,"English,Sinhala",8
S3688,Student_3688,Male,SLIIT,Data Science,1,Business IT,Software Engineer,Beginner,Galle,student_3688@student.edu,3.12,any,auditory,research_guidance,flexible,"English,Tamil",2
S3689,Student_3689,Male,University of Colombo,IT,3,Data Science,Security Analyst,Intermediate,Kandy,student_3689@student.edu,2.69,same_university,visual,job_search,casual,English,1
S3690,Student_3690,Male,IIT Sri Lanka,Data Science,1,Data Science,Data Scientist,Intermediate,Kandy,student_3690@student.edu,2.77,remote_only,visual,skill_development,structured,English,4
S3691,Student_3691,Female,University of Peradeniya,CS,4,Cybersecurity,Lecturer,Beginner,Gampaha,student_3691@student.edu,3.81,any,kinesthetic,career_guidance,formal,"English,Sinhala",2
S3692,Student_3692,Male,University of Colombo,CS,2,Networking,Data Scientist,Beginner,Galle,student_3692@student.edu,3.5,same_university,reading,career_guidance,flexible,"English,Tamil",8
S3693,Student_3693,Male,University of Colombo,Data Science,4,Software Engineering,Data Scientist,Beginner,Kandy,student_3693@student.edu,2.74,remote_only,auditory,career_guidance,casual,English,6
S3694,Student_3694,Male,SLIIT,Data Science,1,Software Engineering,Software Engineer,Intermediate,Gampaha,student_3694@student.edu,2.9,same_city,visual,career_guidance,formal,"English,Sinhala",6
S3695,Student_3695,Female,University of Moratuwa,Data Science,1,Software Engineering,Software Engineer,Advanced,Colombo,student_3695@student.edu,3.38,same_university,auditory,job_search,structured,"English,Sinhala",4
S3696,Student_3696,Male,SLIIT,Cybersecurity,4,Software Engineering,Software Engineer,Advanced,Kurunegala,student_3696@student.edu,3.37,same_university,auditory,career_guidance,formal,"English,Sinhala",4
S3697,Student_3697,Female,University of Moratuwa,SE,4,Networking,Lecturer,Intermediate,Kandy,student_3697@student.edu,3.38,same_university,kinesthetic,career_guidance,casual,"English,Tamil",6
S3698,Student_3698,Male,SLIIT,Cybersecurity,2,Business IT,Software Engineer,Intermediate,Kandy,student_3698@student.edu,2.69,any,visual,skill_development,flexible,"English,Sinhala",7
S3699,Student_3699,Female,University of Moratuwa,Data Science,3,Networking,Software Engineer,Advanced,Kurunegala,student_3699@student.edu,3.31,remote_only,auditory,career_guidance,formal,"English,Tamil",7
S3700,Student_3700,Female,SLIIT,SE,1,Cybersecurity,Security Analyst,Advanced,Colombo,student_3700@student.edu,3.41,same_city,reading,skill_development,flexible,"English,Tamil",8
S3701,Student_3701,Male,SLIIT,Cybersecurity,3,Software Engineering,Security Analyst,Advanced,Gampaha,student_3701@student.edu,2.95,any,auditory,job_search,flexible,"English,Tamil",8
S3702,Student_3702,Male,IIT Sri Lanka,IT,4,Data Science,Security Analyst,Intermediate,Kandy,student_3702@student.edu,3.0,remote_only,reading,research_guidance,casual,English,1
S3703,Student_3703,Male,IIT Sri Lanka,IT,3,Cybersecurity,Data Scientist,Advanced,Kurunegala,student_3703@student.edu,3.8,remote_only,reading,skill_development,structured,"English,Tamil",4
S3704,Student_3704,Male,University of Moratuwa,SE,2,Software Engineering,Lecturer,Beginner,Kandy,student_3704@student.edu,3.68,same_city,reading,skill_development,casual,"English,Tamil",5
S3705,Student_3705,Male,University of Peradeniya,IT,2,Networking,Security Analyst,Advanced,Colombo,student_3705@student.edu,3.01,same_university,auditory,networking,formal,"English,Sinhala",4
S3706,Student_3706,Male,University of Colombo,SE,4,Data Science,Data Scientist,Intermediate,Galle,student_3706@student.edu,3.73,remote_only,reading,research_guidance,formal,"English,Tamil",8
S3707,Student_3707,Female,University of Moratuwa,CS,2,Software Engineering,Security Analyst,Beginner,Kandy,student_3707@student.edu,2.8,same_university,auditory,research_guidance,formal,English,8
S3708,Student_3708,Male,University of Peradeniya,CS,2,Networking,Software Engineer,Beginner,Kurunegala,student_3708@student.edu,3.38,same_university,reading,research_guidance,formal,"English,Sinhala",6
S3709,Student_3709,Female,NSBM,Cybersecurity,4,Data Science,Lecturer,Advanced,Kandy,student_3709@student.edu,3.39,same_university,kinesthetic,networking,structured,English,7
S3710,Student_3710,Female,University of Kelaniya,SE,3,Data Science,Security Analyst,Intermediate,Colombo,student_3710@student.edu,3.97,any,reading,networking,flexible,English,5
S3711,Student_3711,Female,NSBM,IT,3,Software Engineering,Lecturer,Intermediate,Gampaha,student_3711@student.edu,2.63,same_city,reading,skill_development,flexible,"English,Tamil",3
S3712,Student_3712,Male,University of Peradeniya,CS,4,Business IT,Security Analyst,Intermediate,Galle,student_3712@student.edu,3.12,remote_only,kinesthetic,career_guidance,structured,English,9
S3713,Student_3713,Female,University of Peradeniya,CS,2,Networking,Data Scientist,Intermediate,Kurunegala,student_3713@student.edu,2.83,same_university,reading,research_guidance,formal,"English,Sinhala",7
S3714,Student_3714,Male,University of Kelaniya,Cybersecurity,4,Cybersecurity,Software Engineer,Advanced,Kurunegala,student_3714@student.edu,3.75,remote_only,kinesthetic,career_guidance,flexible,"English,Tamil",1
S3715,Student_3715,Male,University of Kelaniya,IT,3,Networking,Data Scientist,Advanced,Kandy,student_3715@student.edu,3.84,remote_only,visual,job_search,casual,English,6
S3716,Student_3716,Female,University of Peradeniya,IT,4,Data Science,Software Engineer,Advanced,Kurunegala,student_3716@student.edu,4.0,any,reading,skill_development,formal,"English,Tamil",3
S3717,Student_3717,Male,IIT Sri Lanka,Cybersecurity,4,AI/ML,Software Engineer,Beginner,Gampaha,student_3717@student.edu,2.65,same_university,auditory,research_guidance,flexible,English,2
S3718,Student_3718,Female,University of Peradeniya,Cybersecurity,1,Business IT,Lecturer,Beginner,Kurunegala,student_3718@student.edu,2.81,same_university,kinesthetic,networking,formal,"English,Tamil",3
S3719,Student_3719,Female,University of Moratuwa,Data Science,1,AI/ML,Security Analyst,Beginner,Kurunegala,student_3719@student.edu,3.83,remote_only,visual,job_search,flexible,"English,Sinhala",2
S3720,Student_3720,Male,University of Moratuwa,IT,4,Networking,Data Scientist,Intermediate,Colombo,student_3720@student.edu,2.75,any,kinesthetic,skill_development,flexible,"English,Sinhala",2
S3721,Student_3721,Male,NSBM,IT,1,Data Science,Lecturer,Advanced,Colombo,student_3721@student.edu,3.69,same_city,reading,research_guidance,casual,"English,Tamil",8
S3722,Student_3722,Female,IIT Sri Lanka,IT,1,Business IT,Security Analyst,Beginner,Colombo,student_3722@student.edu,3.81,same_university,reading,skill_development,formal,"English,Tamil",4
S3723,Student_3723,Male,IIT Sri Lanka,Cybersecurity,3,Cybersecurity,Lecturer,Intermediate,Galle,student_3723@student.edu,3.85,any,visual,skill_development,structured,"English,Tamil",1
S3724,Student_3724,Female,University of Peradeniya,Data Science,1,Business IT,Lecturer,Beginner,Colombo,student_3724@student.edu,3.27,remote_only,auditory,career_guidance,structured,"English,Sinhala",7
S3725,Student_3725,Male,University of Colombo,CS,4,Cybersecurity,Security Analyst,Advanced,Kurunegala,student_3725@student.edu,3.03,remote_only,kinesthetic,career_guidance,flexible,"English,Tamil",8
S3726,Student_3726,Female,University of Moratuwa,SE,1,Networking,Lecturer,Advanced,Gampaha,student_3726@student.edu,3.61,remote_only,auditory,career_guidance,flexible,"English,Sinhala",2
S3727,Student_3727,Female,SLIIT,IT,1,Business IT,Software Engineer,Advanced,Kurunegala,student_3727@student.edu,3.85,remote_only,kinesthetic,career_guidance,flexible,"English,Tamil",7
S3728,Student_3728,Female,SLIIT,Cybersecurity,2,Data Science,Lecturer,Beginner,Gampaha,student_3728@student.edu,2.57,same_city,visual,job_search,flexible,"English,Sinhala",3
S3729,Student_3729,Male,University of Peradeniya,Cybersecurity,1,AI/ML,Security Analyst,Beginner,Gampaha,student_3729@student.edu,2.71,same_university,reading,research_guidance,formal,"English,Tamil",9
S3730,Student_3730,Male,University of Kelaniya,Cybersecurity,3,Business IT,Lecturer,Beginner,Colombo,student_3730@student.edu,3.46,any,kinesthetic,job_search,flexible,English,2
S3731,Student_3731,Male,University of Moratuwa,Cybersecurity,2,Software Engineering,Security Analyst,Advanced,Galle,student_3731@student.edu,3.06,same_city,auditory,research_guidance,flexible,"English,Sinhala",1
S3732,Student_3732,Female,SLIIT,IT,3,Business IT,Software Engineer,Intermediate,Galle,student_3732@student.edu,2.99,same_city,kinesthetic,research_guidance,formal,"English,Sinhala",3
S3733,Student_3733,Male,University of Peradeniya,Data Science,3,Data Science,Data Scientist,Beginner,Gampaha,student_3733@student.edu,3.89,remote_only,kinesthetic,research_guidance,casual,"English,Tamil",4
S3734,Student_3734,Female,University of Colombo,IT,3,Business IT,Software Engineer,Advanced,Colombo,student_3734@student.edu,3.04,any,auditory,job_search,formal,English,7
S3735,Student_3735,Male,NSBM,Cybersecurity,4,AI/ML,Security Analyst,Advanced,Galle,student_3735@student.edu,2.98,remote_only,auditory,job_search,flexible,"English,Tamil",2
S3736,Student_3736,Male,University of Peradeniya,Data Science,3,Cybersecurity,Lecturer,Beginner,Kurunegala,student_3736@student.edu,3.22,same_university,reading,skill_development,formal,"English,Tamil",9
S3737,Student_3737,Female,NSBM,Data Science,2,Cybersecurity,Security Analyst,Beginner,Galle,student_3737@student.edu,2.56,same_city,visual,job_search,formal,"English,Tamil",2
S3738,Student_3738,Female,IIT Sri Lanka,SE,1,Data Science,Security Analyst,Advanced,Kurunegala,student_3738@student.edu,3.61,same_university,kinesthetic,networking,structured,"English,Sinhala",5
S3739,Student_3739,Male,University of Moratuwa,SE,4,AI/ML,Software Engineer,Advanced,Kandy,student_3739@student.edu,3.88,any,visual,research_guidance,formal,English,3
S3740,Student_3740,Male,SLIIT,Cybersecurity,4,Cybersecurity,Security Analyst,Advanced,Gampaha,student_3740@student.edu,2.92,any,visual,career_guidance,structured,"English,Tamil",2
S3741,Student_3741,Female,University of Moratuwa,Cybersecurity,3,Data Science,Lecturer,Intermediate,Kandy,student_3741@student.edu,3.99,any,visual,career_guidance,formal,"English,Tamil",9
S3742,Student_3742,Female,University of Peradeniya,Data Science,3,Software Engineering,Software Engineer,Beginner,Gampaha,student_3742@student.edu,4.0,remote_only,auditory,networking,structured,"English,Sinhala",7
S3743,Student_3743,Male,University of Moratuwa,Data Science,3,Software Engineering,Lecturer,Intermediate,Kurunegala,student_3743@student.edu,2.71,any,visual,networking,structured,"English,Tamil",3
S3744,Student_3744,Female,University of Colombo,CS,1,Software Engineering,Data Scientist,Beginner,Colombo,student_3744@student.edu,3.09,remote_only,kinesthetic,career_guidance,casual,English,5
S3745,Student_3745,Male,University of Moratuwa,IT,3,Data Science,Security Analyst,Intermediate,Kurunegala,student_3745@student.edu,3.95,same_city,reading,skill_development,casual,"English,Tamil",7
S3746,Student_3746,Male,SLIIT,CS,1,Networking,Data Scientist,Intermediate,Kandy,student_3746@student.edu,3.04,remote_only,auditory,career_guidance,structured,"English,Tamil",8
S3747,Student_3747,Female,University of Moratuwa,Data Science,2,Business IT,Lecturer,Advanced,Colombo,student_3747@student.edu,2.94,remote_only,kinesthetic,career_guidance,casual,English,5
S3748,Student_3748,Male,University of Kelaniya,Data Science,3,Networking,Software Engineer,Beginner,Gampaha,student_3748@student.edu,2.89,same_city,auditory,job_search,structured,"English,Tamil",4
S3749,Student_3749,Female,University of Kelaniya,IT,2,Business IT,Software Engineer,Intermediate,Gampaha,student_3749@student.edu,3.25,same_city,visual,networking,flexible,English,9
S3750,Student_3750,Male,University of Moratuwa,Data Science,1,Business IT,Data Scientist,Intermediate,Kurunegala,student_3750@student.edu,3.96,remote_only,kinesthetic,research_guidance,structured,English,7
S3751,Student_3751,Male,University of Kelaniya,Cybersecurity,1,AI/ML,Lecturer,Intermediate,Kandy,student_3751@student.edu,3.21,same_city,auditory,research_guidance,structured,English,3
S3752,Student_3752,Male,NSBM,Data Science,1,Software Engineering,Security Analyst,Advanced,Gampaha,student_3752@student.edu,3.23,same_city,kinesthetic,networking,casual,"English,Sinhala",5
S3753,Student_3753,Female,University of Colombo,IT,1,AI/ML,Security Analyst,Advanced,Kandy,student_3753@student.edu,3.53,same_university,auditory,career_guidance,casual,English,5
S3754,Student_3754,Female,NSBM,IT,1,Business IT,Software Engineer,Intermediate,Galle,student_3754@student.edu,3.03,any,visual,career_guidance,formal,"English,Tamil",4
S3755,Student_3755,Female,University of Moratuwa,CS,1,Networking,Lecturer,Intermediate,Galle,student_3755@student.edu,2.67,remote_only,visual,networking,flexible,"English,Sinhala",5
S3756,Student_3756,Female,University of Colombo,Cybersecurity,1,Networking,Lecturer,Advanced,Colombo,student_3756@student.edu,3.35,same_university,reading,networking,formal,"English,Sinhala",8
S3757,Student_3757,Female,NSBM,Data Science,2,Data Science,Lecturer,Beginner,Gampaha,student_3757@student.edu,2.71,same_city,visual,networking,structured,"English,Tamil",9
S3758,Student_3758,Female,IIT Sri Lanka,SE,3,Networking,Lecturer,Beginner,Kandy,student_3758@student.edu,2.8,any,kinesthetic,job_search,structured,"English,Tamil",9
S3759,Student_3759,Female,University of Moratuwa,Cybersecurity,2,Software Engineering,Security Analyst,Advanced,Kandy,student_3759@student.edu,2.92,remote_only,kinesthetic,research_guidance,flexible,"English,Sinhala",8
S3760,Student_3760,Female,University of Moratuwa,SE,2,Data Science,Data Scientist,Advanced,Kandy,student_3760@student.edu,3.99,same_university,reading,research_guidance,flexible,"English,Sinhala",7
S3761,Student_3761,Male,IIT Sri Lanka,Cybersecurity,3,Business IT,Software Engineer,Intermediate,Colombo,student_3761@student.edu,2.53,same_city,reading,research_guidance,structured,English,4
S3762,Student_3762,Female,University of Colombo,CS,4,Cybersecurity,Security Analyst,Beginner,Galle,student_3762@student.edu,3.15,any,visual,research_guidance,formal,"English,Sinhala",1
S3763,Student_3763,Male,University of Peradeniya,Cybersecurity,2,Software Engineering,Software Engineer,Beginner,Gampaha,student_3763@student.edu,2.82,any,kinesthetic,networking,structured,"English,Sinhala",3
S3764,Student_3764,Male,IIT Sri Lanka,CS,2,Cybersecurity,Software Engineer,Beginner,Colombo,student_3764@student.edu,3.47,same_city,auditory,job_search,formal,"English,Tamil",3
S3765,Student_3765,Female,NSBM,Data Science,3,Cybersecurity,Lecturer,Advanced,Colombo,student_3765@student.edu,3.69,same_city,reading,career_guidance,flexible,"English,Sinhala",5
S3766,Student_3766,Male,NSBM,SE,1,Data Science,Security Analyst,Intermediate,Kandy,student_3766@student.edu,2.95,same_city,visual,networking,formal,"English,Sinhala",8
S3767,Student_3767,Male,University of Colombo,IT,4,Cybersecurity,Lecturer,Advanced,Kurunegala,student_3767@student.edu,3.79,remote_only,auditory,career_guidance,casual,"English,Tamil",4
S3768,Student_3768,Female,IIT Sri Lanka,SE,1,Data Science,Security Analyst,Beginner,Colombo,student_3768@student.edu,3.24,any,reading,career_guidance,structured,English,2
S3769,Student_3769,Female,University of Moratuwa,SE,3,AI/ML,Software Engineer,Advanced,Galle,student_3769@student.edu,3.84,remote_only,auditory,skill_development,flexible,"English,Tamil",9
S3770,Student_3770,Male,University of Moratuwa,Data Science,2,Software Engineering,Software Engineer,Advanced,Gampaha,student_3770@student.edu,3.86,same_city,auditory,networking,structured,"English,Tamil",2
S3771,Student_3771,Female,SLIIT,CS,2,Data Science,Data Scientist,Intermediate,Kandy,student_3771@student.edu,2.81,same_university,kinesthetic,job_search,structured,"English,Tamil",9
S3772,Student_3772,Male,University of Peradeniya,SE,3,Software Engineering,Data Scientist,Beginner,Kandy,student_3772@student.edu,3.8,same_city,reading,research_guidance,formal,"English,Sinhala",4
S3773,Student_3773,Female,University of Peradeniya,IT,2,Cybersecurity,Security Analyst,Intermediate,Kurunegala,student_3773@student.edu,3.49,same_university,kinesthetic,research_guidance,casual,"English,Tamil",4
S3774,Student_3774,Male,SLIIT,Cybersecurity,3,Software Engineering,Lecturer,Beginner,Kandy,student_3774@student.edu,3.53,any,kinesthetic,career_guidance,formal,"English,Tamil",7
S3775,Student_3775,Male,IIT Sri Lanka,CS,1,Cybersecurity,Data Scientist,Intermediate,Kandy,student_3775@student.edu,2.55,same_city,visual,career_guidance,formal,English,6
S3776,Student_3776,Male,University of Colombo,SE,3,Business IT,Software Engineer,Advanced,Colombo,student_3776@student.edu,3.68,same_university,reading,job_search,flexible,"English,Tamil",6
S3777,Student_3777,Female,NSBM,Data Science,3,Cybersecurity,Lecturer,Advanced,Galle,student_3777@student.edu,2.94,remote_only,reading,career_guidance,formal,"English,Tamil",8
S3778,Student_3778,Female,University of Kelaniya,SE,1,Cybersecurity,Lecturer,Advanced,Kandy,student_3778@student.edu,2.53,same_city,reading,research_guidance,casual,"English,Tamil",3
S3779,Student_3779,Male,University of Peradeniya,IT,2,Software Engineering,Software Engineer,Advanced,Gampaha,student_3779@student.edu,2.89,remote_only,kinesthetic,networking,casual,English,6
S3780,Student_3780,Female,SLIIT,SE,2,Software Engineering,Software Engineer,Intermediate,Gampaha,student_3780@student.edu,3.8,remote_only,auditory,networking,flexible,English,5
S3781,Student_3781,Female,University of Colombo,Data Science,1,AI/ML,Software Engineer,Beginner,Kandy,student_3781@student.edu,3.39,same_city,reading,research_guidance,structured,"English,Tamil",8
S3782,Student_3782,Male,University of Kelaniya,CS,2,Networking,Security Analyst,Beginner,Kandy,student_3782@student.edu,2.61,remote_only,kinesthetic,skill_development,formal,English,2
S3783,Student_3783,Female,University of Peradeniya,SE,1,Business IT,Lecturer,Intermediate,Gampaha,student_3783@student.edu,2.71,remote_only,auditory,career_guidance,casual,English,5
S3784,Student_3784,Male,NSBM,Cybersecurity,2,Business IT,Security Analyst,Advanced,Colombo,student_3784@student.edu,2.84,same_university,kinesthetic,career_guidance,formal,English,6
S3785,Student_3785,Male,IIT Sri Lanka,IT,4,Data Science,Lecturer,Beginner,Gampaha,student_3785@student.edu,3.75,remote_only,visual,research_guidance,structured,"English,Tamil",5
S3786,Student_3786,Female,NSBM,SE,2,AI/ML,Data Scientist,Advanced,Kurunegala,student_3786@student.edu,2.85,any,kinesthetic,job_search,formal,English,6
S3787,Student_3787,Female,University of Kelaniya,IT,3,Software Engineering,Data Scientist,Intermediate,Gampaha,student_3787@student.edu,2.56,same_university,kinesthetic,skill_development,formal,"English,Sinhala",4
S3788,Student_3788,Female,NSBM,Data Science,4,AI/ML,Data Scientist,Intermediate,Gampaha,student_3788@student.edu,2.75,any,visual,skill_development,structured,"English,Sinhala",4
S3789,Student_3789,Female,IIT Sri Lanka,CS,1,Software Engineering,Software Engineer,Intermediate,Kandy,student_3789@student.edu,3.93,remote_only,reading,skill_development,flexible,"English,Tamil",8
S3790,Student_3790,Male,SLIIT,SE,1,Business IT,Security Analyst,Advanced,Kandy,student_3790@student.edu,3.16,same_city,reading,research_guidance,casual,"English,Tamil",2
S3791,Student_3791,Female,SLIIT,IT,2,Business IT,Data Scientist,Beginner,Kandy,student_3791@student.edu,3.48,same_university,reading,networking,structured,"English,Tamil",2
S3792,Student_3792,Male,University of Moratuwa,IT,1,Cybersecurity,Security Analyst,Intermediate,Kandy,student_3792@student.edu,3.95,remote_only,kinesthetic,networking,formal,"English,Tamil",2
S3793,Student_3793,Female,NSBM,IT,4,Networking,Lecturer,Beginner,Kurunegala,student_3793@student.edu,3.2,any,auditory,skill_development,casual,"English,Sinhala",3
S3794,Student_3794,Female,University of Colombo,Cybersecurity,1,Data Science,Data Scientist,Beginner,Gampaha,student_3794@student.edu,3.58,any,reading,career_guidance,flexible,"English,Tamil",4
S3795,Student_3795,Male,NSBM,Data Science,4,Data Science,Software Engineer,Advanced,Gampaha,student_3795@student.edu,2.51,same_university,kinesthetic,skill_development,flexible,"English,Tamil",2
S3796,Student_3796,Female,University of Colombo,Cybersecurity,1,Data Science,Data Scientist,Beginner,Colombo,student_3796@student.edu,3.7,same_university,kinesthetic,career_guidance,casual,"English,Tamil",9
S3797,Student_3797,Male,SLIIT,CS,1,Software Engineering,Security Analyst,Intermediate,Galle,student_3797@student.edu,3.12,remote_only,kinesthetic,networking,formal,"English,Sinhala",8
S3798,Student_3798,Male,SLIIT,Cybersecurity,4,Data Science,Software Engineer,Advanced,Galle,student_3798@student.edu,3.38,same_university,visual,skill_development,formal,"English,Sinhala",4
S3799,Student_3799,Female,IIT Sri Lanka,IT,3,Software Engineering,Data Scientist,Beginner,Kurunegala,student_3799@student.edu,3.29,same_city,auditory,networking,flexible,English,4
S3800,Student_3800,Female,University of Colombo,SE,3,Data Science,Lecturer,Intermediate,Kurunegala,student_3800@student.edu,2.98,same_university,auditory,networking,casual,"English,Tamil",1
S3801,Student_3801,Male,University of Moratuwa,CS,3,Software Engineering,Lecturer,Advanced,Kurunegala,student_3801@student.edu,2.9,any,visual,career_guidance,flexible,"English,Tamil",2
S3802,Student_3802,Male,University of Colombo,SE,1,Software Engineering,Security Analyst,Intermediate,Kurunegala,student_3802@student.edu,2.57,same_university,kinesthetic,job_search,casual,"English,Sinhala",2
S3803,Student_3803,Male,IIT Sri Lanka,Data Science,4,AI/ML,Security Analyst,Beginner,Colombo,student_3803@student.edu,2.65,any,kinesthetic,networking,flexible,English,2
S3804,Student_3804,Male,University of Colombo,CS,4,Software Engineering,Security Analyst,Beginner,Kandy,student_3804@student.edu,3.99,any,kinesthetic,research_guidance,casual,English,5
S3805,Student_3805,Female,University of Kelaniya,SE,4,Networking,Security Analyst,Intermediate,Gampaha,student_3805@student.edu,3.13,same_city,reading,career_guidance,flexible,English,1
S3806,Student_3806,Male,SLIIT,SE,1,AI/ML,Security Analyst,Intermediate,Gampaha,student_3806@student.edu,3.4,any,reading,career_guidance,formal,"English,Sinhala",7
S3807,Student_3807,Female,University of Moratuwa,CS,2,Cybersecurity,Security Analyst,Advanced,Kandy,student_3807@student.edu,2.63,same_university,kinesthetic,career_guidance,flexible,"English,Tamil",4
S3808,Student_3808,Female,University of Kelaniya,CS,2,AI/ML,Software Engineer,Advanced,Galle,student_3808@student.edu,2.9,remote_only,auditory,research_guidance,casual,"English,Tamil",3
S3809,Student_3809,Female,NSBM,CS,4,Networking,Data Scientist,Intermediate,Galle,student_3809@student.edu,2.94,remote_only,reading,research_guidance,formal,"English,Tamil",6
S3810,Student_3810,Female,University of Peradeniya,IT,4,AI/ML,Software Engineer,Beginner,Kurunegala,student_3810@student.edu,2.56,any,reading,job_search,formal,English,8
S3811,Student_3811,Male,NSBM,CS,4,Cybersecurity,Lecturer,Beginner,Gampaha,student_3811@student.edu,2.87,same_city,reading,job_search,flexible,"English,Sinhala",4
S3812,Student_3812,Female,University of Peradeniya,Cybersecurity,1,AI/ML,Data Scientist,Intermediate,Colombo,student_3812@student.edu,3.36,same_city,reading,skill_development,casual,"English,Sinhala",8
S3813,Student_3813,Female,University of Peradeniya,IT,3,Cybersecurity,Security Analyst,Intermediate,Kandy,student_3813@student.edu,2.67,any,reading,career_guidance,structured,"English,Tamil",9
S3814,Student_3814,Female,NSBM,SE,3,Software Engineering,Software Engineer,Advanced,Kandy,student_3814@student.edu,3.36,remote_only,reading,skill_development,formal,English,9
S3815,Student_3815,Male,University of Kelaniya,Cybersecurity,1,Networking,Data Scientist,Intermediate,Kurunegala,student_3815@student.edu,2.79,any,auditory,career_guidance,casual,"English,Tamil",1
S3816,Student_3816,Male,IIT Sri Lanka,SE,1,Networking,Lecturer,Beginner,Colombo,student_3816@student.edu,3.21,remote_only,reading,job_search,formal,"English,Tamil",3
S3817,Student_3817,Female,University of Kelaniya,SE,3,Data Science,Software Engineer,Advanced,Kandy,student_3817@student.edu,3.29,remote_only,auditory,research_guidance,structured,"English,Sinhala",9
S3818,Student_3818,Female,University of Moratuwa,Cybersecurity,3,Cybersecurity,Software Engineer,Intermediate,Kurunegala,student_3818@student.edu,3.87,same_city,kinesthetic,job_search,structured,English,6
S3819,Student_3819,Male,University of Moratuwa,Cybersecurity,2,AI/ML,Security Analyst,Intermediate,Colombo,student_3819@student.edu,2.76,same_city,reading,skill_development,flexible,"English,Tamil",7
S3820,Student_3820,Female,IIT Sri Lanka,Cybersecurity,4,Business IT,Software Engineer,Beginner,Colombo,student_3820@student.edu,3.27,any,kinesthetic,skill_development,flexible,"English,Tamil",6
S3821,Student_3821,Female,IIT Sri Lanka,IT,4,Business IT,Security Analyst,Advanced,Galle,student_3821@student.edu,4.0,remote_only,auditory,career_guidance,structured,English,9
S3822,Student_3822,Male,University of Moratuwa,Data Science,1,Networking,Security Analyst,Intermediate,Kandy,student_3822@student.edu,3.76,same_university,auditory,research_guidance,flexible,"English,Sinhala",8
S3823,Student_3823,Female,University of Moratuwa,CS,4,Data Science,Data Scientist,Beginner,Gampaha,student_3823@student.edu,2.72,same_university,visual,job_search,structured,"English,Sinhala",3
S3824,Student_3824,Female,University of Moratuwa,IT,3,Cybersecurity,Software Engineer,Intermediate,Colombo,student_3824@student.edu,3.84,any,visual,skill_development,formal,English,3
S3825,Student_3825,Female,University of Colombo,SE,3,Cybersecurity,Lecturer,Advanced,Galle,student_3825@student.edu,2.68,same_city,kinesthetic,networking,casual,English,5
S3826,Student_3826,Male,University of Colombo,Cybersecurity,3,Software Engineering,Lecturer,Intermediate,Colombo,student_3826@student.edu,3.41,same_university,reading,job_search,formal,English,9
S3827,Student_3827,Male,University of Kelaniya,CS,4,Cybersecurity,Lecturer,Beginner,Kurunegala,student_3827@student.edu,3.6,any,auditory,research_guidance,structured,English,4
S3828,Student_3828,Male,University of Kelaniya,IT,4,Cybersecurity,Data Scientist,Intermediate,Kurunegala,student_3828@student.edu,3.29,same_city,reading,job_search,formal,English,8
S3829,Student_3829,Female,NSBM,Data Science,3,Software Engineering,Data Scientist,Intermediate,Kurunegala,student_3829@student.edu,3.07,any,auditory,networking,casual,"English,Tamil",3
S3830,Student_3830,Female,SLIIT,IT,2,Data Science,Software Engineer,Intermediate,Kandy,student_3830@student.edu,3.17,any,reading,networking,formal,English,4
S3831,Student_3831,Female,IIT Sri Lanka,IT,4,Cybersecurity,Data Scientist,Intermediate,Kurunegala,student_3831@student.edu,2.7,same_city,auditory,research_guidance,formal,"English,Sinhala",2
S3832,Student_3832,Male,University of Colombo,SE,3,Data Science,Security Analyst,Beginner,Colombo,student_3832@student.edu,3.01,same_university,auditory,research_guidance,flexible,"English,Tamil",3
S3833,Student_3833,Female,SLIIT,CS,1,Software Engineering,Lecturer,Beginner,Gampaha,student_3833@student.edu,3.4,same_university,kinesthetic,networking,formal,"English,Sinhala",6
S3834,Student_3834,Female,NSBM,Data Science,1,Software Engineering,Security Analyst,Advanced,Galle,student_3834@student.edu,3.28,same_university,auditory,skill_development,flexible,"English,Tamil",9
S3835,Student_3835,Male,NSBM,CS,1,Business IT,Data Scientist,Intermediate,Gampaha,student_3835@student.edu,3.42,same_city,kinesthetic,job_search,casual,"English,Tamil",2
S3836,Student_3836,Male,University of Moratuwa,SE,2,Cybersecurity,Data Scientist,Advanced,Kandy,student_3836@student.edu,2.7,same_university,kinesthetic,skill_development,structured,English,9
S3837,Student_3837,Male,University of Peradeniya,Cybersecurity,2,Cybersecurity,Data Scientist,Beginner,Kurunegala,student_3837@student.edu,2.99,same_university,reading,research_guidance,flexible,"English,Sinhala",9
S3838,Student_3838,Male,IIT Sri Lanka,CS,2,Cybersecurity,Security Analyst,Intermediate,Kurunegala,student_3838@student.edu,3.38,same_city,auditory,job_search,casual,"English,Tamil",6
S3839,Student_3839,Female,SLIIT,IT,4,Data Science,Software Engineer,Advanced,Kandy,student_3839@student.edu,3.68,same_university,auditory,networking,formal,"English,Tamil",4
S3840,Student_3840,Male,University of Peradeniya,Data Science,3,Networking,Security Analyst,Advanced,Kandy,student_3840@student.edu,3.4,same_university,kinesthetic,research_guidance,formal,"English,Sinhala",5
S3841,Student_3841,Female,University of Colombo,Cybersecurity,2,Networking,Security Analyst,Advanced,Colombo,student_3841@student.edu,3.07,any,auditory,networking,formal,"English,Sinhala",4
S3842,Student_3842,Female,NSBM,Data Science,4,Business IT,Software Engineer,Advanced,Colombo,student_3842@student.edu,3.48,any,kinesthetic,research_guidance,casual,"English,Tamil",5
S3843,Student_3843,Female,SLIIT,IT,3,Data Science,Security Analyst,Beginner,Kurunegala,student_3843@student.edu,2.64,same_city,kinesthetic,skill_development,structured,"English,Sinhala",9
S3844,Student_3844,Female,NSBM,SE,3,Networking,Lecturer,Advanced,Kandy,student_3844@student.edu,3.74,remote_only,reading,networking,formal,"English,Sinhala",6
S3845,Student_3845,Male,IIT Sri Lanka,IT,2,Networking,Data Scientist,Intermediate,Galle,student_3845@student.edu,3.41,remote_only,visual,career_guidance,flexible,"English,Sinhala",4
S3846,Student_3846,Male,University of Peradeniya,Data Science,2,Data Science,Software Engineer,Beginner,Kandy,student_3846@student.edu,3.98,remote_only,kinesthetic,networking,casual,"English,Tamil",8
S3847,Student_3847,Male,University of Kelaniya,IT,3,AI/ML,Data Scientist,Beginner,Colombo,student_3847@student.edu,3.89,any,kinesthetic,job_search,casual,English,8
S3848,Student_3848,Female,NSBM,Cybersecurity,2,Data Science,Security Analyst,Intermediate,Kandy,student_3848@student.edu,2.52,same_university,auditory,job_search,formal,English,7
S3849,Student_3849,Female,SLIIT,Cybersecurity,1,Networking,Software Engineer,Beginner,Gampaha,student_3849@student.edu,3.5,same_city,kinesthetic,career_guidance,flexible,"English,Sinhala",6
S3850,Student_3850,Male,SLIIT,SE,1,AI/ML,Security Analyst,Beginner,Kurunegala,student_3850@student.edu,2.87,any,visual,job_search,structured,"English,Tamil",8
S3851,Student_3851,Female,University of Moratuwa,IT,2,Software Engineering,Security Analyst,Intermediate,Gampaha,student_3851@student.edu,3.82,any,reading,job_search,flexible,"English,Tamil",2
S3852,Student_3852,Male,NSBM,Data Science,2,Cybersecurity,Data Scientist,Intermediate,Kandy,student_3852@student.edu,3.9,remote_only,kinesthetic,networking,casual,"English,Sinhala",9
S3853,Student_3853,Female,SLIIT,SE,3,AI/ML,Software Engineer,Beginner,Colombo,student_3853@student.edu,2.96,same_university,kinesthetic,research_guidance,flexible,"English,Tamil",3
S3854,Student_3854,Male,NSBM,Data Science,3,Data Science,Lecturer,Intermediate,Kurunegala,student_3854@student.edu,3.53,same_city,kinesthetic,job_search,formal,"English,Sinhala",6
S3855,Student_3855,Male,SLIIT,SE,2,Networking,Software Engineer,Intermediate,Galle,student_3855@student.edu,2.68,same_university,visual,job_search,flexible,English,3
S3856,Student_3856,Female,NSBM,Data Science,4,Cybersecurity,Data Scientist,Intermediate,Kurunegala,student_3856@student.edu,2.59,remote_only,kinesthetic,skill_development,formal,"English,Sinhala",1
S3857,Student_3857,Female,University of Moratuwa,Cybersecurity,2,AI/ML,Software Engineer,Advanced,Kurunegala,student_3857@student.edu,2.73,any,kinesthetic,job_search,flexible,"English,Sinhala",9
S3858,Student_3858,Female,IIT Sri Lanka,Data Science,4,Data Science,Data Scientist,Advanced,Galle,student_3858@student.edu,3.74,remote_only,reading,job_search,formal,English,4
S3859,Student_3859,Female,SLIIT,IT,1,Data Science,Software Engineer,Intermediate,Colombo,student_3859@student.edu,3.72,same_university,kinesthetic,networking,flexible,English,1
S3860,Student_3860,Male,University of Kelaniya,CS,4,Data Science,Security Analyst,Beginner,Kurunegala,student_3860@student.edu,3.95,same_city,visual,job_search,structured,English,6
S3861,Student_3861,Female,University of Peradeniya,Cybersecurity,2,Networking,Software Engineer,Intermediate,Gampaha,student_3861@student.edu,2.93,same_university,reading,job_search,structured,"English,Tamil",8
S3862,Student_3862,Female,University of Colombo,IT,3,Business IT,Lecturer,Advanced,Kandy,student_3862@student.edu,2.69,same_university,auditory,skill_development,structured,"English,Sinhala",6
S3863,Student_3863,Female,University of Kelaniya,SE,2,Cybersecurity,Data Scientist,Beginner,Galle,student_3863@student.edu,3.46,same_city,visual,skill_development,structured,"English,Sinhala",9
S3864,Student_3864,Female,IIT Sri Lanka,IT,2,Cybersecurity,Data Scientist,Advanced,Kurunegala,student_3864@student.edu,3.9,same_city,auditory,career_guidance,casual,"English,Sinhala",9
S3865,Student_3865,Male,University of Colombo,CS,2,AI/ML,Data Scientist,Intermediate,Galle,student_3865@student.edu,3.15,same_university,kinesthetic,research_guidance,formal,English,3
S3866,Student_3866,Female,University of Kelaniya,CS,2,AI/ML,Data Scientist,Intermediate,Colombo,student_3866@student.edu,3.23,remote_only,auditory,research_guidance,casual,"English,Sinhala",5
S3867,Student_3867,Female,University of Moratuwa,Cybersecurity,3,Networking,Security Analyst,Advanced,Kurunegala,student_3867@student.edu,3.62,same_city,auditory,networking,casual,English,3
S3868,Student_3868,Male,IIT Sri Lanka,CS,2,Business IT,Data Scientist,Beginner,Gampaha,student_3868@student.edu,3.68,any,visual,skill_development,formal,"English,Sinhala",7
S3869,Student_3869,Female,NSBM,Data Science,3,AI/ML,Data Scientist,Advanced,Kandy,student_3869@student.edu,3.28,same_city,visual,skill_development,casual,"English,Sinhala",1
S3870,Student_3870,Male,IIT Sri Lanka,SE,1,Business IT,Lecturer,Advanced,Galle,student_3870@student.edu,3.37,any,auditory,networking,casual,"English,Sinhala",8
S3871,Student_3871,Male,NSBM,CS,1,Networking,Security Analyst,Beginner,Galle,student_3871@student.edu,2.54,same_city,reading,networking,structured,"English,Sinhala",1
S3872,Student_3872,Female,IIT Sri Lanka,SE,2,Software Engineering,Data Scientist,Advanced,Gampaha,student_3872@student.edu,2.8,same_university,visual,job_search,flexible,"English,Sinhala",2
S3873,Student_3873,Female,NSBM,CS,2,Software Engineering,Software Engineer,Intermediate,Galle,student_3873@student.edu,2.53,any,visual,networking,formal,English,2
S3874,Student_3874,Female,University of Colombo,CS,3,Cybersecurity,Data Scientist,Advanced,Gampaha,student_3874@student.edu,2.82,remote_only,visual,job_search,casual,English,7
S3875,Student_3875,Female,University of Moratuwa,Cybersecurity,2,Data Science,Security Analyst,Advanced,Galle,student_3875@student.edu,3.87,any,reading,networking,casual,English,2
S3876,Student_3876,Female,SLIIT,IT,2,Cybersecurity,Data Scientist,Beginner,Galle,student_3876@student.edu,3.18,any,auditory,skill_development,flexible,"English,Sinhala",3
S3877,Student_3877,Female,SLIIT,Cybersecurity,3,Cybersecurity,Security Analyst,Advanced,Galle,student_3877@student.edu,3.71,same_university,auditory,career_guidance,casual,"English,Tamil",9
S3878,Student_3878,Female,IIT Sri Lanka,Data Science,3,Data Science,Lecturer,Beginner,Gampaha,student_3878@student.edu,3.18,remote_only,visual,networking,casual,"English,Sinhala",4
S3879,Student_3879,Female,University of Kelaniya,CS,1,Cybersecurity,Software Engineer,Intermediate,Colombo,student_3879@student.edu,3.65,same_university,reading,career_guidance,structured,English,3
S3880,Student_3880,Female,SLIIT,SE,3,Cybersecurity,Lecturer,Intermediate,Kandy,student_3880@student.edu,3.31,remote_only,kinesthetic,skill_development,casual,English,3
S3881,Student_3881,Male,NSBM,SE,3,Business IT,Lecturer,Advanced,Colombo,student_3881@student.edu,3.0,same_university,visual,career_guidance,flexible,English,3
S3882,Student_3882,Female,University of Colombo,Data Science,4,Software Engineering,Security Analyst,Beginner,Kandy,student_3882@student.edu,3.18,same_city,reading,job_search,flexible,"English,Sinhala",3
S3883,Student_3883,Female,University of Colombo,CS,1,Data Science,Software Engineer,Advanced,Kurunegala,student_3883@student.edu,3.22,any,visual,job_search,flexible,"English,Tamil",7
S3884,Student_3884,Female,University of Peradeniya,CS,3,Business IT,Software Engineer,Intermediate,Galle,student_3884@student.edu,3.7,any,auditory,job_search,flexible,"English,Tamil",3
S3885,Student_3885,Male,University of Kelaniya,IT,3,Business IT,Data Scientist,Advanced,Colombo,student_3885@student.edu,2.95,remote_only,visual,career_guidance,flexible,"English,Tamil",3
S3886,Student_3886,Female,SLIIT,SE,4,Business IT,Lecturer,Advanced,Galle,student_3886@student.edu,3.63,same_university,visual,skill_development,flexible,"English,Sinhala",2
S3887,Student_3887,Male,IIT Sri Lanka,Cybersecurity,4,Cybersecurity,Software Engineer,Advanced,Colombo,student_3887@student.edu,3.79,any,visual,networking,formal,"English,Tamil",7
S3888,Student_3888,Female,University of Kelaniya,SE,2,Data Science,Software Engineer,Advanced,Kandy,student_3888@student.edu,3.77,remote_only,auditory,skill_development,formal,"English,Tamil",4
S3889,Student_3889,Male,NSBM,CS,2,Networking,Software Engineer,Beginner,Kurunegala,student_3889@student.edu,2.61,remote_only,kinesthetic,career_guidance,structured,English,1
S3890,Student_3890,Male,IIT Sri Lanka,Data Science,2,Cybersecurity,Data Scientist,Beginner,Kurunegala,student_3890@student.edu,3.76,same_city,visual,career_guidance,casual,"English,Sinhala",4
S3891,Student_3891,Female,IIT Sri Lanka,SE,1,Cybersecurity,Data Scientist,Intermediate,Colombo,student_3891@student.edu,3.63,remote_only,visual,job_search,casual,"English,Sinhala",9
S3892,Student_3892,Female,IIT Sri Lanka,Cybersecurity,1,Networking,Data Scientist,Intermediate,Kandy,student_3892@student.edu,3.43,any,reading,career_guidance,casual,English,4
S3893,Student_3893,Male,University of Kelaniya,IT,4,Business IT,Data Scientist,Beginner,Kurunegala,student_3893@student.edu,2.73,any,auditory,skill_development,formal,"English,Sinhala",2
S3894,Student_3894,Female,University of Moratuwa,IT,1,Business IT,Data Scientist,Beginner,Gampaha,student_3894@student.edu,2.82,any,reading,skill_development,formal,"English,Sinhala",5
S3895,Student_3895,Female,NSBM,SE,4,AI/ML,Lecturer,Intermediate,Colombo,student_3895@student.edu,3.87,any,visual,networking,flexible,"English,Sinhala",7
S3896,Student_3896,Female,IIT Sri Lanka,IT,1,Business IT,Software Engineer,Beginner,Kandy,student_3896@student.edu,3.96,same_city,reading,job_search,flexible,"English,Tamil",9
S3897,Student_3897,Male,NSBM,IT,4,AI/ML,Data Scientist,Advanced,Colombo,student_3897@student.edu,2.69,any,visual,career_guidance,flexible,English,6
S3898,Student_3898,Female,University of Colombo,IT,2,Cybersecurity,Software Engineer,Advanced,Galle,student_3898@student.edu,3.17,same_university,visual,skill_development,formal,English,1
S3899,Student_3899,Female,NSBM,Data Science,4,Networking,Data Scientist,Intermediate,Colombo,student_3899@student.edu,3.95,same_city,kinesthetic,job_search,flexible,English,3
S3900,Student_3900,Male,University of Colombo,IT,3,Business IT,Data Scientist,Beginner,Kandy,student_3900@student.edu,3.47,any,reading,networking,structured,"English,Tamil",7
S3901,Student_3901,Male,University of Colombo,Data Science,4,Cybersecurity,Data Scientist,Beginner,Kandy,student_3901@student.edu,3.19,remote_only,kinesthetic,job_search,structured,"English,Sinhala",7
S3902,Student_3902,Female,University of Peradeniya,SE,2,AI/ML,Data Scientist,Advanced,Galle,student_3902@student.edu,2.88,any,kinesthetic,career_guidance,flexible,English,9
S3903,Student_3903,Female,University of Kelaniya,SE,1,AI/ML,Lecturer,Intermediate,Kurunegala,student_3903@student.edu,2.54,same_city,visual,job_search,formal,English,4
S3904,Student_3904,Male,University of Moratuwa,CS,1,Networking,Software Engineer,Advanced,Galle,student_3904@student.edu,3.81,remote_only,kinesthetic,research_guidance,casual,"English,Sinhala",3
S3905,Student_3905,Female,University of Moratuwa,SE,3,AI/ML,Data Scientist,Intermediate,Colombo,student_3905@student.edu,3.83,same_city,visual,job_search,casual,English,4
S3906,Student_3906,Female,University of Colombo,CS,3,Data Science,Data Scientist,Advanced,Galle,student_3906@student.edu,3.69,same_university,reading,networking,formal,"English,Tamil",2
S3907,Student_3907,Female,IIT Sri Lanka,Cybersecurity,1,Business IT,Security Analyst,Intermediate,Galle,student_3907@student.edu,2.76,same_university,kinesthetic,job_search,flexible,English,6
S3908,Student_3908,Female,University of Peradeniya,Cybersecurity,2,Data Science,Software Engineer,Advanced,Colombo,student_3908@student.edu,3.89,remote_only,auditory,networking,formal,English,6
S3909,Student_3909,Female,IIT Sri Lanka,CS,4,Software Engineering,Lecturer,Advanced,Gampaha,student_3909@student.edu,3.28,same_city,kinesthetic,career_guidance,flexible,"English,Sinhala",1
S3910,Student_3910,Male,IIT Sri Lanka,Cybersecurity,1,Networking,Data Scientist,Intermediate,Colombo,student_3910@student.edu,3.91,same_city,kinesthetic,networking,formal,English,4
S3911,Student_3911,Male,University of Peradeniya,IT,4,Software Engineering,Data Scientist,Advanced,Gampaha,student_3911@student.edu,3.48,any,auditory,research_guidance,structured,"English,Tamil",2
S3912,Student_3912,Female,University of Colombo,Data Science,3,Cybersecurity,Lecturer,Advanced,Galle,student_3912@student.edu,2.88,any,reading,job_search,structured,English,3
S3913,Student_3913,Female,University of Peradeniya,Cybersecurity,2,Cybersecurity,Software Engineer,Intermediate,Kandy,student_3913@student.edu,2.57,any,auditory,research_guidance,structured,English,1
S3914,Student_3914,Male,University of Peradeniya,SE,1,Data Science,Data Scientist,Beginner,Galle,student_3914@student.edu,3.28,any,kinesthetic,job_search,flexible,"English,Tamil",4
S3915,Student_3915,Male,University of Moratuwa,CS,1,Data Science,Software Engineer,Intermediate,Kandy,student_3915@student.edu,2.92,same_city,kinesthetic,career_guidance,structured,English,2
S3916,Student_3916,Male,SLIIT,CS,3,Cybersecurity,Security Analyst,Intermediate,Galle,student_3916@student.edu,3.45,any,auditory,skill_development,casual,"English,Sinhala",4
S3917,Student_3917,Male,University of Moratuwa,Data Science,4,Data Science,Data Scientist,Intermediate,Kandy,student_3917@student.edu,3.58,any,visual,career_guidance,casual,"English,Tamil",2
S3918,Student_3918,Male,SLIIT,CS,1,Data Science,Software Engineer,Beginner,Gampaha,student_3918@student.edu,3.65,same_city,auditory,skill_development,formal,"English,Sinhala",7
S3919,Student_3919,Female,IIT Sri Lanka,SE,4,Networking,Lecturer,Advanced,Colombo,student_3919@student.edu,3.94,same_city,kinesthetic,career_guidance,casual,"English,Sinhala",2
S3920,Student_3920,Male,University of Moratuwa,CS,2,Data Science,Data Scientist,Beginner,Kurunegala,student_3920@student.edu,3.82,any,auditory,career_guidance,flexible,English,8
S3921,Student_3921,Female,University of Colombo,CS,3,Data Science,Security Analyst,Advanced,Kandy,student_3921@student.edu,3.71,same_university,visual,career_guidance,flexible,"English,Sinhala",8
S3922,Student_3922,Male,University of Colombo,IT,3,Cybersecurity,Lecturer,Beginner,Galle,student_3922@student.edu,3.94,remote_only,auditory,career_guidance,casual,English,8
S3923,Student_3923,Male,University of Peradeniya,Cybersecurity,3,Cybersecurity,Security Analyst,Intermediate,Kandy,student_3923@student.edu,3.95,same_city,visual,career_guidance,formal,"English,Sinhala",1
S3924,Student_3924,Male,University of Colombo,Data Science,1,Data Science,Data Scientist,Intermediate,Colombo,student_3924@student.edu,3.88,remote_only,kinesthetic,skill_development,formal,"English,Tamil",3
S3925,Student_3925,Female,SLIIT,Cybersecurity,2,AI/ML,Data Scientist,Intermediate,Galle,student_3925@student.edu,2.96,same_city,auditory,skill_development,casual,"English,Tamil",4
S3926,Student_3926,Male,NSBM,SE,4,AI/ML,Lecturer,Intermediate,Gampaha,student_3926@student.edu,3.86,remote_only,auditory,job_search,formal,English,4
S3927,Student_3927,Male,University of Peradeniya,CS,2,Cybersecurity,Lecturer,Beginner,Galle,student_3927@student.edu,3.42,any,reading,job_search,structured,"English,Sinhala",8
S3928,Student_3928,Male,University of Peradeniya,Cybersecurity,4,Data Science,Software Engineer,Advanced,Colombo,student_3928@student.edu,3.24,remote_only,visual,job_search,casual,"English,Tamil",5
S3929,Student_3929,Male,SLIIT,IT,3,AI/ML,Data Scientist,Intermediate,Kandy,student_3929@student.edu,3.42,same_university,visual,networking,flexible,"English,Tamil",3
S3930,Student_3930,Male,IIT Sri Lanka,Cybersecurity,2,Cybersecurity,Data Scientist,Beginner,Kandy,student_3930@student.edu,3.26,remote_only,kinesthetic,research_guidance,casual,"English,Sinhala",9
S3931,Student_3931,Male,IIT Sri Lanka,SE,1,AI/ML,Security Analyst,Advanced,Galle,student_3931@student.edu,3.8,any,reading,networking,casual,English,5
S3932,Student_3932,Female,University of Colombo,CS,1,AI/ML,Data Scientist,Intermediate,Gampaha,student_3932@student.edu,3.89,same_city,kinesthetic,job_search,structured,English,1
S3933,Student_3933,Female,University of Moratuwa,SE,1,Cybersecurity,Security Analyst,Beginner,Kandy,student_3933@student.edu,3.9,same_city,auditory,career_guidance,casual,"English,Sinhala",7
S3934,Student_3934,Female,University of Peradeniya,CS,2,Business IT,Security Analyst,Beginner,Kandy,student_3934@student.edu,2.94,remote_only,kinesthetic,skill_development,casual,"English,Sinhala",9
S3935,Student_3935,Female,University of Moratuwa,CS,4,Business IT,Security Analyst,Advanced,Kandy,student_3935@student.edu,3.17,same_city,kinesthetic,career_guidance,casual,"English,Tamil",2
S3936,Student_3936,Female,University of Peradeniya,IT,3,Business IT,Data Scientist,Advanced,Kurunegala,student_3936@student.edu,2.76,remote_only,visual,networking,formal,English,6
S3937,Student_3937,Female,SLIIT,SE,2,Data Science,Data Scientist,Beginner,Colombo,student_3937@student.edu,2.9,same_city,visual,research_guidance,casual,English,9
S3938,Student_3938,Female,University of Moratuwa,Cybersecurity,3,Cybersecurity,Security Analyst,Beginner,Gampaha,student_3938@student.edu,3.5,remote_only,auditory,skill_development,flexible,"English,Sinhala",4
S3939,Student_3939,Male,University of Moratuwa,SE,2,Software Engineering,Security Analyst,Intermediate,Kurunegala,student_3939@student.edu,3.42,any,auditory,skill_development,flexible,"English,Sinhala",8
S3940,Student_3940,Male,University of Peradeniya,IT,3,Business IT,Security Analyst,Beginner,Gampaha,student_3940@student.edu,2.67,any,reading,research_guidance,formal,"English,Tamil",1
S3941,Student_3941,Female,University of Colombo,Data Science,3,Data Science,Lecturer,Advanced,Galle,student_3941@student.edu,3.21,remote_only,auditory,skill_development,formal,"English,Tamil",9
S3942,Student_3942,Female,University of Colombo,CS,2,Data Science,Lecturer,Beginner,Kandy,student_3942@student.edu,3.22,any,reading,career_guidance,structured,"English,Sinhala",2
S3943,Student_3943,Female,University of Moratuwa,Cybersecurity,3,Data Science,Lecturer,Advanced,Gampaha,student_3943@student.edu,2.63,same_city,auditory,job_search,casual,English,1
S3944,Student_3944,Male,SLIIT,CS,3,Networking,Data Scientist,Advanced,Galle,student_3944@student.edu,3.46,remote_only,auditory,skill_development,flexible,English,3
S3945,Student_3945,Female,University of Moratuwa,Cybersecurity,1,Networking,Security Analyst,Intermediate,Kandy,student_3945@student.edu,3.33,same_university,kinesthetic,career_guidance,formal,"English,Tamil",1
S3946,Student_3946,Male,University of Kelaniya,SE,4,Software Engineering,Data Scientist,Advanced,Kandy,student_3946@student.edu,2.8,same_university,reading,research_guidance,flexible,"English,Tamil",5
S3947,Student_3947,Male,NSBM,SE,3,Business IT,Lecturer,Intermediate,Kandy,student_3947@student.edu,3.26,same_city,kinesthetic,job_search,flexible,"English,Tamil",2
S3948,Student_3948,Male,IIT Sri Lanka,Data Science,4,Software Engineering,Lecturer,Beginner,Kandy,student_3948@student.edu,3.64,same_university,reading,job_search,structured,"English,Sinhala",1
S3949,Student_3949,Female,IIT Sri Lanka,Cybersecurity,2,Networking,Software Engineer,Advanced,Kurunegala,student_3949@student.edu,2.56,same_university,auditory,networking,flexible,"English,Tamil",1
S3950,Student_3950,Female,University of Moratuwa,IT,3,Networking,Security Analyst,Advanced,Galle,student_3950@student.edu,3.33,remote_only,kinesthetic,networking,casual,English,8
S3951,Student_3951,Male,SLIIT,SE,2,Data Science,Software Engineer,Beginner,Kandy,student_3951@student.edu,3.39,same_university,auditory,research_guidance,structured,"English,Sinhala",6
S3952,Student_3952,Female,University of Peradeniya,CS,1,AI/ML,Lecturer,Advanced,Colombo,student_3952@student.edu,3.7,same_university,visual,job_search,casual,"English,Tamil",8
S3953,Student_3953,Male,University of Colombo,Cybersecurity,1,Data Science,Lecturer,Intermediate,Gampaha,student_3953@student.edu,2.62,any,kinesthetic,career_guidance,casual,"English,Sinhala",8
S3954,Student_3954,Male,University of Colombo,IT,3,AI/ML,Software Engineer,Intermediate,Gampaha,student_3954@student.edu,3.97,same_city,reading,career_guidance,casual,English,7
S3955,Student_3955,Female,SLIIT,SE,3,Networking,Software Engineer,Beginner,Kurunegala,student_3955@student.edu,3.48,any,reading,job_search,casual,English,2
S3956,Student_3956,Male,SLIIT,Data Science,4,Data Science,Security Analyst,Intermediate,Colombo,student_3956@student.edu,2.99,any,kinesthetic,networking,formal,English,7
S3957,Student_3957,Male,University of Peradeniya,Data Science,2,Software Engineering,Lecturer,Advanced,Kandy,student_3957@student.edu,2.55,same_city,visual,career_guidance,flexible,English,2
S3958,Student_3958,Male,IIT Sri Lanka,Cybersecurity,1,Cybersecurity,Data Scientist,Beginner,Kandy,student_3958@student.edu,3.75,same_university,visual,skill_development,casual,"English,Sinhala",9
S3959,Student_3959,Male,University of Kelaniya,CS,1,AI/ML,Data Scientist,Beginner,Gampaha,student_3959@student.edu,2.74,any,auditory,skill_development,casual,"English,Tamil",5
S3960,Student_3960,Female,University of Colombo,Cybersecurity,1,Networking,Software Engineer,Beginner,Gampaha,student_3960@student.edu,3.15,any,reading,networking,formal,English,7
S3961,Student_3961,Female,SLIIT,Cybersecurity,4,Data Science,Software Engineer,Beginner,Kandy,student_3961@student.edu,3.99,same_university,kinesthetic,research_guidance,formal,"English,Sinhala",9
S3962,Student_3962,Male,University of Peradeniya,SE,2,Business IT,Lecturer,Advanced,Colombo,student_3962@student.edu,3.81,remote_only,reading,networking,formal,English,6
S3963,Student_3963,Male,University of Colombo,Data Science,2,Business IT,Data Scientist,Beginner,Kandy,student_3963@student.edu,2.83,remote_only,auditory,skill_development,formal,"English,Sinhala",8
S3964,Student_3964,Female,University of Moratuwa,SE,2,AI/ML,Lecturer,Intermediate,Kurunegala,student_3964@student.edu,3.05,remote_only,auditory,job_search,structured,"English,Sinhala",8
S3965,Student_3965,Male,SLIIT,Cybersecurity,4,Networking,Security Analyst,Intermediate,Colombo,student_3965@student.edu,3.71,any,kinesthetic,research_guidance,formal,"English,Sinhala",4
S3966,Student_3966,Male,University of Peradeniya,Data Science,3,Data Science,Data Scientist,Intermediate,Colombo,student_3966@student.edu,3.46,remote_only,kinesthetic,skill_development,structured,"English,Tamil",7
S3967,Student_3967,Male,University of Moratuwa,Data Science,4,Business IT,Lecturer,Advanced,Kandy,student_3967@student.edu,2.86,same_city,reading,research_guidance,casual,"English,Tamil",4
S3968,Student_3968,Female,SLIIT,IT,3,AI/ML,Data Scientist,Intermediate,Colombo,student_3968@student.edu,2.63,remote_only,auditory,career_guidance,flexible,"English,Tamil",7
S3969,Student_3969,Female,University of Colombo,CS,2,AI/ML,Lecturer,Advanced,Kurunegala,student_3969@student.edu,3.72,same_university,kinesthetic,networking,casual,"English,Tamil",9
S3970,Student_3970,Male,University of Kelaniya,Data Science,2,Data Science,Data Scientist,Intermediate,Galle,student_3970@student.edu,2.91,same_university,kinesthetic,career_guidance,flexible,"English,Sinhala",3
S3971,Student_3971,Female,University of Colombo,Data Science,4,Data Science,Software Engineer,Beginner,Gampaha,student_3971@student.edu,3.21,same_city,reading,career_guidance,structured,"English,Sinhala",9
S3972,Student_3972,Male,SLIIT,Data Science,4,Software Engineering,Data Scientist,Advanced,Kurunegala,student_3972@student.edu,3.75,same_city,kinesthetic,research_guidance,flexible,"English,Sinhala",5
S3973,Student_3973,Male,University of Kelaniya,CS,2,Cybersecurity,Data Scientist,Beginner,Kurunegala,student_3973@student.edu,3.7,same_city,auditory,research_guidance,casual,"English,Sinhala",5
S3974,Student_3974,Female,University of Kelaniya,SE,2,Software Engineering,Data Scientist,Advanced,Kandy,student_3974@student.edu,3.62,same_university,visual,career_guidance,structured,"English,Tamil",8
S3975,Student_3975,Male,SLIIT,SE,3,Software Engineering,Software Engineer,Beginner,Gampaha,student_3975@student.edu,3.92,any,auditory,research_guidance,casual,English,8
S3976,Student_3976,Male,University of Kelaniya,Data Science,2,Business IT,Data Scientist,Beginner,Galle,student_3976@student.edu,3.26,remote_only,auditory,career_guidance,flexible,"English,Tamil",6
S3977,Student_3977,Male,University of Kelaniya,SE,3,Data Science,Software Engineer,Intermediate,Gampaha,student_3977@student.edu,2.98,remote_only,kinesthetic,job_search,flexible,"English,Sinhala",4
S3978,Student_3978,Male,University of Kelaniya,SE,1,Cybersecurity,Lecturer,Advanced,Kandy,student_3978@student.edu,2.71,remote_only,visual,job_search,casual,"English,Tamil",1
S3979,Student_3979,Female,NSBM,IT,4,Business IT,Security Analyst,Advanced,Colombo,student_3979@student.edu,2.86,any,auditory,networking,structured,English,6
S3980,Student_3980,Male,University of Moratuwa,SE,4,Cybersecurity,Security Analyst,Beginner,Kandy,student_3980@student.edu,3.44,same_city,reading,networking,structured,"English,Tamil",7
S3981,Student_3981,Male,IIT Sri Lanka,CS,4,Business IT,Software Engineer,Advanced,Kandy,student_3981@student.edu,2.8,same_city,kinesthetic,research_guidance,flexible,"English,Sinhala",3
S3982,Student_3982,Male,University of Peradeniya,SE,2,Cybersecurity,Security Analyst,Beginner,Galle,student_3982@student.edu,2.54,same_city,reading,job_search,formal,English,3
S3983,Student_3983,Female,University of Moratuwa,SE,4,Business IT,Lecturer,Advanced,Colombo,student_3983@student.edu,2.72,same_city,visual,job_search,structured,"English,Sinhala",1
S3984,Student_3984,Male,NSBM,Data Science,1,Data Science,Security Analyst,Beginner,Gampaha,student_3984@student.edu,3.57,same_university,reading,research_guidance,formal,English,1
S3985,Student_3985,Male,University of Colombo,SE,1,Cybersecurity,Software Engineer,Beginner,Kandy,student_3985@student.edu,3.53,any,reading,job_search,casual,"English,Tamil",5
S3986,Student_3986,Female,University of Colombo,CS,3,Cybersecurity,Data Scientist,Intermediate,Colombo,student_3986@student.edu,3.47,same_city,kinesthetic,job_search,flexible,English,8
S3987,Student_3987,Female,SLIIT,CS,2,Business IT,Lecturer,Intermediate,Kandy,student_3987@student.edu,2.52,same_university,reading,skill_development,structured,"English,Tamil",3
S3988,Student_3988,Female,IIT Sri Lanka,SE,1,Cybersecurity,Lecturer,Intermediate,Kurunegala,student_3988@student.edu,3.18,same_university,reading,skill_development,structured,"English,Sinhala",6
S3989,Student_3989,Male,University of Moratuwa,CS,4,Cybersecurity,Software Engineer,Intermediate,Colombo,student_3989@student.edu,3.03,same_city,reading,skill_development,casual,"English,Tamil",1
S3990,Student_3990,Male,University of Kelaniya,CS,4,Business IT,Lecturer,Intermediate,Galle,student_3990@student.edu,2.86,same_city,auditory,job_search,formal,"English,Sinhala",5
S3991,Student_3991,Female,SLIIT,Data Science,3,Data Science,Security Analyst,Beginner,Kurunegala,student_3991@student.edu,2.61,same_city,kinesthetic,job_search,casual,"English,Tamil",4
S3992,Student_3992,Female,University of Kelaniya,IT,1,Data Science,Security Analyst,Beginner,Kandy,student_3992@student.edu,2.7,same_city,auditory,networking,structured,"English,Sinhala",6
S3993,Student_3993,Male,University of Colombo,Data Science,3,Cybersecurity,Lecturer,Intermediate,Gampaha,student_3993@student.edu,3.18,same_city,visual,research_guidance,casual,"English,Sinhala",5
S3994,Student_3994,Female,NSBM,Cybersecurity,3,Networking,Security Analyst,Advanced,Kandy,student_3994@student.edu,2.86,same_city,auditory,career_guidance,casual,English,8
S3995,Student_3995,Male,University of Kelaniya,Cybersecurity,3,Data Science,Data Scientist,Beginner,Gampaha,student_3995@student.edu,3.09,same_university,visual,career_guidance,casual,"English,Tamil",8
S3996,Student_3996,Male,IIT Sri Lanka,Data Science,4,Business IT,Security Analyst,Intermediate,Gampaha,student_3996@student.edu,3.66,same_university,kinesthetic,career_guidance,structured,"English,Tamil",5
S3997,Student_3997,Male,IIT Sri Lanka,SE,3,Data Science,Security Analyst,Advanced,Colombo,student_3997@student.edu,3.58,same_university,kinesthetic,career_guidance,formal,"English,Tamil",2
S3998,Student_3998,Female,University of Colombo,Cybersecurity,2,Software Engineering,Security Analyst,Beginner,Galle,student_3998@student.edu,3.05,same_city,kinesthetic,job_search,structured,"English,Sinhala",9
S3999,Student_3999,Female,SLIIT,Data Science,4,Data Science,Software Engineer,Advanced,Colombo,student_3999@student.edu,2.63,any,visual,research_guidance,structured,English,4
S4000,Student_4000,Female,University of Colombo,CS,2,AI/ML,Security Analyst,Beginner,Kandy,student_4000@student.edu,3.2,remote_only,visual,career_guidance,flexible,"English,Tamil",5
S4001,Student_4001,Male,NSBM,SE,1,Business IT,Lecturer,Advanced,Kandy,student_4001@student.edu,3.04,any,auditory,research_guidance,structured,"English,Tamil",4
S4002,Student_4002,Female,IIT Sri Lanka,CS,4,AI/ML,Lecturer,Intermediate,Kandy,student_4002@student.edu,3.67,remote_only,visual,career_guidance,structured,English,5
S4003,Student_4003,Male,University of Kelaniya,Cybersecurity,4,Business IT,Lecturer,Advanced,Galle,student_4003@student.edu,3.61,same_city,visual,job_search,flexible,"English,Sinhala",2
S4004,Student_4004,Female,University of Kelaniya,CS,3,Business IT,Data Scientist,Intermediate,Kandy,student_4004@student.edu,3.28,remote_only,visual,research_guidance,casual,"English,Sinhala",8
S4005,Student_4005,Female,IIT Sri Lanka,CS,2,AI/ML,Security Analyst,Beginner,Kandy,student_4005@student.edu,3.6,remote_only,visual,skill_development,structured,"English,Sinhala",4
S4006,Student_4006,Female,University of Kelaniya,SE,1,Business IT,Data Scientist,Beginner,Kurunegala,student_4006@student.edu,3.96,any,visual,networking,casual,"English,Sinhala",1
S4007,Student_4007,Male,University of Kelaniya,IT,2,Software Engineering,Data Scientist,Beginner,Galle,student_4007@student.edu,2.7,same_university,visual,networking,formal,"English,Sinhala",9
S4008,Student_4008,Female,IIT Sri Lanka,SE,2,Cybersecurity,Security Analyst,Beginner,Kandy,student_4008@student.edu,3.67,same_city,kinesthetic,career_guidance,formal,English,3
S4009,Student_4009,Male,University of Kelaniya,Cybersecurity,2,Business IT,Lecturer,Beginner,Gampaha,student_4009@student.edu,3.06,any,kinesthetic,job_search,flexible,"English,Sinhala",8
S4010,Student_4010,Female,SLIIT,Cybersecurity,3,AI/ML,Lecturer,Advanced,Colombo,student_4010@student.edu,3.17,any,reading,job_search,flexible,"English,Sinhala",3
S4011,Student_4011,Female,University of Kelaniya,SE,3,AI/ML,Lecturer,Advanced,Galle,student_4011@student.edu,2.75,any,kinesthetic,research_guidance,structured,English,7
S4012,Student_4012,Female,SLIIT,IT,1,Data Science,Security Analyst,Beginner,Galle,student_4012@student.edu,2.99,same_city,reading,networking,formal,"English,Sinhala",7
S4013,Student_4013,Female,University of Moratuwa,IT,4,Software Engineering,Software Engineer,Intermediate,Colombo,student_4013@student.edu,3.16,same_city,visual,career_guidance,formal,English,8
S4014,Student_4014,Female,SLIIT,CS,2,Networking,Security Analyst,Advanced,Gampaha,student_4014@student.edu,3.56,remote_only,visual,job_search,formal,"English,Sinhala",2
S4015,Student_4015,Female,NSBM,IT,2,AI/ML,Security Analyst,Advanced,Gampaha,student_4015@student.edu,3.42,any,kinesthetic,career_guidance,casual,"English,Sinhala",4
S4016,Student_4016,Female,NSBM,Cybersecurity,3,AI/ML,Security Analyst,Advanced,Kurunegala,student_4016@student.edu,3.19,same_university,kinesthetic,job_search,casual,English,7
S4017,Student_4017,Male,IIT Sri Lanka,Data Science,4,Cybersecurity,Software Engineer,Advanced,Kurunegala,student_4017@student.edu,2.81,any,visual,research_guidance,structured,"English,Tamil",4
S4018,Student_4018,Male,University of Peradeniya,CS,1,Cybersecurity,Security Analyst,Intermediate,Kurunegala,student_4018@student.edu,2.75,same_university,kinesthetic,skill_development,structured,"English,Sinhala",3
S4019,Student_4019,Female,University of Peradeniya,CS,3,Networking,Data Scientist,Intermediate,Kurunegala,student_4019@student.edu,3.36,any,kinesthetic,networking,structured,"English,Sinhala",9
S4020,Student_4020,Male,SLIIT,Data Science,1,Cybersecurity,Security Analyst,Intermediate,Colombo,student_4020@student.edu,2.64,same_university,auditory,research_guidance,structured,"English,Tamil",4
S4021,Student_4021,Male,SLIIT,CS,2,AI/ML,Security Analyst,Intermediate,Kurunegala,student_4021@student.edu,2.67,same_university,auditory,job_search,formal,"English,Tamil",6
S4022,Student_4022,Male,University of Kelaniya,SE,1,Data Science,Data Scientist,Advanced,Gampaha,student_4022@student.edu,3.91,remote_only,auditory,networking,casual,"English,Sinhala",7
S4023,Student_4023,Female,University of Moratuwa,CS,2,AI/ML,Security Analyst,Beginner,Kandy,student_4023@student.edu,2.68,any,kinesthetic,job_search,flexible,"English,Tamil",6
S4024,Student_4024,Male,University of Peradeniya,Cybersecurity,2,Data Science,Data Scientist,Beginner,Kurunegala,student_4024@student.edu,2.65,any,reading,job_search,structured,English,4
S4025,Student_4025,Male,University of Moratuwa,Data Science,4,AI/ML,Security Analyst,Advanced,Kandy,student_4025@student.edu,2.96,any,visual,networking,structured,English,6
S4026,Student_4026,Male,NSBM,Cybersecurity,2,Cybersecurity,Software Engineer,Advanced,Kurunegala,student_4026@student.edu,2.67,same_city,kinesthetic,career_guidance,structured,"English,Sinhala",9
S4027,Student_4027,Female,University of Peradeniya,Cybersecurity,1,Networking,Security Analyst,Beginner,Gampaha,student_4027@student.edu,3.14,any,visual,research_guidance,structured,"English,Tamil",8
S4028,Student_4028,Female,SLIIT,Data Science,3,Cybersecurity,Lecturer,Beginner,Colombo,student_4028@student.edu,3.34,any,kinesthetic,job_search,structured,"English,Tamil",6
S4029,Student_4029,Female,IIT Sri Lanka,IT,4,Business IT,Security Analyst,Advanced,Gampaha,student_4029@student.edu,3.17,remote_only,kinesthetic,career_guidance,structured,English,8
S4030,Student_4030,Male,University of Moratuwa,CS,1,Cybersecurity,Security Analyst,Intermediate,Kandy,student_4030@student.edu,3.25,same_university,kinesthetic,job_search,flexible,"English,Tamil",9
S4031,Student_4031,Male,University of Moratuwa,Data Science,3,Software Engineering,Software Engineer,Advanced,Colombo,student_4031@student.edu,3.08,any,kinesthetic,research_guidance,casual,English,8
S4032,Student_4032,Male,NSBM,SE,1,Software Engineering,Data Scientist,Advanced,Kurunegala,student_4032@student.edu,2.93,remote_only,reading,skill_development,casual,English,3
S4033,Student_4033,Female,University of Colombo,SE,3,Cybersecurity,Lecturer,Beginner,Gampaha,student_4033@student.edu,3.51,same_university,auditory,research_guidance,flexible,"English,Tamil",3
S4034,Student_4034,Male,SLIIT,IT,1,Business IT,Security Analyst,Intermediate,Kurunegala,student_4034@student.edu,2.59,same_university,kinesthetic,job_search,casual,English,8
S4035,Student_4035,Male,IIT Sri Lanka,Cybersecurity,2,Networking,Lecturer,Beginner,Kandy,student_4035@student.edu,3.68,remote_only,reading,research_guidance,formal,"English,Tamil",9
S4036,Student_4036,Male,University of Kelaniya,CS,3,Business IT,Security Analyst,Intermediate,Kurunegala,student_4036@student.edu,3.23,same_university,visual,research_guidance,flexible,"English,Sinhala",7
S4037,Student_4037,Male,University of Moratuwa,CS,3,Networking,Security Analyst,Beginner,Kandy,student_4037@student.edu,3.68,same_city,auditory,skill_development,structured,"English,Sinhala",5
S4038,Student_4038,Female,University of Kelaniya,SE,4,Networking,Data Scientist,Beginner,Galle,student_4038@student.edu,3.65,any,visual,skill_development,structured,English,2
S4039,Student_4039,Male,IIT Sri Lanka,Cybersecurity,4,Cybersecurity,Software Engineer,Advanced,Kandy,student_4039@student.edu,3.14,same_university,reading,career_guidance,structured,"English,Tamil",8
S4040,Student_4040,Male,NSBM,Data Science,3,AI/ML,Security Analyst,Intermediate,Colombo,student_4040@student.edu,3.0,remote_only,visual,networking,formal,English,4
S4041,Student_4041,Female,University of Moratuwa,Cybersecurity,2,Software Engineering,Lecturer,Beginner,Galle,student_4041@student.edu,2.51,remote_only,reading,career_guidance,flexible,"English,Tamil",3
S4042,Student_4042,Female,NSBM,CS,4,Business IT,Software Engineer,Beginner,Galle,student_4042@student.edu,3.74,any,reading,research_guidance,flexible,"English,Sinhala",9
S4043,Student_4043,Male,University of Moratuwa,CS,3,Networking,Lecturer,Advanced,Gampaha,student_4043@student.edu,3.12,same_university,reading,job_search,flexible,"English,Tamil",8
S4044,Student_4044,Female,University of Kelaniya,CS,3,Data Science,Data Scientist,Beginner,Kurunegala,student_4044@student.edu,3.46,same_city,visual,networking,casual,"English,Tamil",9
S4045,Student_4045,Female,University of Colombo,Data Science,3,Networking,Lecturer,Advanced,Galle,student_4045@student.edu,2.68,remote_only,auditory,research_guidance,casual,"English,Sinhala",3
S4046,Student_4046,Female,University of Colombo,Cybersecurity,2,Networking,Lecturer,Beginner,Colombo,student_4046@student.edu,3.89,same_city,visual,career_guidance,flexible,"English,Sinhala",8
S4047,Student_4047,Female,University of Colombo,IT,3,Cybersecurity,Security Analyst,Intermediate,Kandy,student_4047@student.edu,3.32,remote_only,auditory,career_guidance,flexible,"English,Tamil",7
S4048,Student_4048,Female,NSBM,Data Science,4,Software Engineering,Software Engineer,Intermediate,Kurunegala,student_4048@student.edu,3.08,remote_only,visual,skill_development,structured,"English,Tamil",1
S4049,Student_4049,Male,University of Colombo,IT,3,Cybersecurity,Data Scientist,Beginner,Colombo,student_4049@student.edu,2.88,same_city,kinesthetic,skill_development,structured,English,4
S4050,Student_4050,Male,SLIIT,Cybersecurity,2,AI/ML,Software Engineer,Beginner,Gampaha,student_4050@student.edu,3.71,remote_only,kinesthetic,research_guidance,structured,"English,Sinhala",9
S4051,Student_4051,Female,SLIIT,CS,2,Data Science,Software Engineer,Beginner,Colombo,student_4051@student.edu,3.93,any,visual,skill_development,formal,"English,Sinhala",9
S4052,Student_4052,Male,University of Peradeniya,IT,1,Cybersecurity,Lecturer,Beginner,Kurunegala,student_4052@student.edu,2.66,same_city,visual,job_search,flexible,"English,Sinhala",8
S4053,Student_4053,Male,SLIIT,IT,4,Data Science,Data Scientist,Advanced,Gampaha,student_4053@student.edu,3.21,remote_only,auditory,networking,casual,"English,Sinhala",6
S4054,Student_4054,Male,SLIIT,CS,1,Software Engineering,Security Analyst,Advanced,Gampaha,student_4054@student.edu,3.01,same_university,kinesthetic,career_guidance,formal,English,7
S4055,Student_4055,Female,University of Kelaniya,CS,3,AI/ML,Lecturer,Intermediate,Kandy,student_4055@student.edu,3.73,any,auditory,networking,casual,English,1
S4056,Student_4056,Female,SLIIT,Cybersecurity,2,Business IT,Software Engineer,Advanced,Galle,student_4056@student.edu,3.32,remote_only,reading,skill_development,casual,English,8
S4057,Student_4057,Female,University of Colombo,Data Science,2,Cybersecurity,Data Scientist,Advanced,Gampaha,student_4057@student.edu,2.59,same_university,reading,job_search,flexible,"English,Tamil",2
S4058,Student_4058,Male,University of Colombo,IT,1,Software Engineering,Lecturer,Intermediate,Kurunegala,student_4058@student.edu,2.93,same_university,kinesthetic,career_guidance,structured,English,9
S4059,Student_4059,Female,University of Moratuwa,IT,4,Cybersecurity,Data Scientist,Advanced,Kandy,student_4059@student.edu,3.03,same_university,visual,networking,flexible,"English,Sinhala",5
S4060,Student_4060,Female,University of Kelaniya,IT,1,Business IT,Lecturer,Intermediate,Kandy,student_4060@student.edu,3.38,remote_only,kinesthetic,career_guidance,flexible,English,4
S4061,Student_4061,Female,NSBM,SE,2,Software Engineering,Lecturer,Intermediate,Gampaha,student_4061@student.edu,3.25,same_city,visual,job_search,structured,"English,Sinhala",4
S4062,Student_4062,Female,University of Kelaniya,SE,3,Cybersecurity,Security Analyst,Intermediate,Kandy,student_4062@student.edu,2.51,remote_only,reading,skill_development,formal,"English,Tamil",7
S4063,Student_4063,Female,University of Colombo,CS,3,Networking,Data Scientist,Beginner,Kandy,student_4063@student.edu,3.92,any,visual,networking,casual,"English,Tamil",5
S4064,Student_4064,Male,University of Moratuwa,Data Science,1,Software Engineering,Data Scientist,Beginner,Gampaha,student_4064@student.edu,3.8,same_university,auditory,job_search,formal,English,4
S4065,Student_4065,Male,IIT Sri Lanka,Data Science,4,Business IT,Data Scientist,Advanced,Colombo,student_4065@student.edu,3.78,remote_only,kinesthetic,career_guidance,structured,"English,Tamil",9
S4066,Student_4066,Female,IIT Sri Lanka,Cybersecurity,1,Business IT,Security Analyst,Beginner,Kandy,student_4066@student.edu,2.89,same_city,auditory,research_guidance,structured,"English,Tamil",8
S4067,Student_4067,Female,University of Colombo,Data Science,4,Software Engineering,Lecturer,Beginner,Kandy,student_4067@student.edu,3.42,remote_only,reading,research_guidance,flexible,"English,Tamil",4
S4068,Student_4068,Female,SLIIT,SE,2,AI/ML,Data Scientist,Beginner,Kandy,student_4068@student.edu,3.97,same_city,reading,networking,structured,English,9
S4069,Student_4069,Male,IIT Sri Lanka,CS,1,Software Engineering,Security Analyst,Advanced,Kandy,student_4069@student.edu,2.56,same_university,kinesthetic,job_search,flexible,"English,Sinhala",1
S4070,Student_4070,Male,NSBM,Cybersecurity,1,Networking,Security Analyst,Intermediate,Galle,student_4070@student.edu,3.24,same_university,visual,networking,structured,"English,Tamil",7
S4071,Student_4071,Female,IIT Sri Lanka,Cybersecurity,4,Cybersecurity,Security Analyst,Advanced,Galle,student_4071@student.edu,2.76,remote_only,visual,research_guidance,structured,English,8
S4072,Student_4072,Female,NSBM,SE,3,Business IT,Security Analyst,Beginner,Kurunegala,student_4072@student.edu,2.98,same_city,kinesthetic,networking,formal,English,7
S4073,Student_4073,Female,University of Moratuwa,CS,2,Cybersecurity,Software Engineer,Intermediate,Kurunegala,student_4073@student.edu,2.53,any,visual,job_search,formal,"English,Sinhala",2
S4074,Student_4074,Male,University of Kelaniya,CS,1,Networking,Software Engineer,Intermediate,Galle,student_4074@student.edu,2.91,any,reading,career_guidance,flexible,"English,Sinhala",9
S4075,Student_4075,Female,University of Colombo,Cybersecurity,4,Cybersecurity,Software Engineer,Advanced,Kurunegala,student_4075@student.edu,2.66,same_university,auditory,skill_development,flexible,"English,Sinhala",9
S4076,Student_4076,Male,SLIIT,Cybersecurity,4,Networking,Software Engineer,Intermediate,Gampaha,student_4076@student.edu,2.55,remote_only,auditory,skill_development,casual,"English,Tamil",4
S4077,Student_4077,Male,NSBM,SE,2,Cybersecurity,Lecturer,Intermediate,Gampaha,student_4077@student.edu,3.75,same_university,kinesthetic,career_guidance,casual,"English,Tamil",2
S4078,Student_4078,Female,University of Moratuwa,IT,3,AI/ML,Security Analyst,Beginner,Gampaha,student_4078@student.edu,3.9,remote_only,auditory,job_search,structured,"English,Tamil",3
S4079,Student_4079,Male,University of Colombo,CS,3,Networking,Data Scientist,Advanced,Galle,student_4079@student.edu,3.27,remote_only,auditory,skill_development,casual,English,9
S4080,Student_4080,Female,NSBM,Cybersecurity,4,Cybersecurity,Data Scientist,Beginner,Galle,student_4080@student.edu,2.78,any,visual,career_guidance,flexible,"English,Tamil",5
S4081,Student_4081,Female,NSBM,CS,3,AI/ML,Data Scientist,Intermediate,Kandy,student_4081@student.edu,2.55,remote_only,visual,career_guidance,casual,English,8
S4082,Student_4082,Female,SLIIT,Cybersecurity,2,Business IT,Data Scientist,Beginner,Kandy,student_4082@student.edu,3.39,same_university,auditory,job_search,casual,"English,Tamil",7
S4083,Student_4083,Female,University of Kelaniya,Cybersecurity,1,Data Science,Security Analyst,Advanced,Kurunegala,student_4083@student.edu,3.83,remote_only,auditory,job_search,flexible,"English,Tamil",4
S4084,Student_4084,Male,IIT Sri Lanka,CS,1,Software Engineering,Lecturer,Advanced,Gampaha,student_4084@student.edu,2.96,same_university,reading,skill_development,structured,English,4
S4085,Student_4085,Female,University of Peradeniya,CS,4,Software Engineering,Security Analyst,Intermediate,Gampaha,student_4085@student.edu,3.39,remote_only,auditory,skill_development,structured,"English,Sinhala",1
S4086,Student_4086,Male,University of Colombo,SE,1,Networking,Security Analyst,Advanced,Gampaha,student_4086@student.edu,3.83,remote_only,reading,skill_development,flexible,"English,Tamil",9
S4087,Student_4087,Male,University of Moratuwa,Data Science,3,Software Engineering,Security Analyst,Beginner,Gampaha,student_4087@student.edu,3.0,same_city,visual,skill_development,flexible,English,7
S4088,Student_4088,Male,University of Kelaniya,IT,4,Networking,Security Analyst,Beginner,Galle,student_4088@student.edu,3.66,same_city,reading,career_guidance,structured,"English,Tamil",5
S4089,Student_4089,Male,SLIIT,SE,4,Data Science,Security Analyst,Advanced,Galle,student_4089@student.edu,3.35,same_university,visual,skill_development,flexible,"English,Sinhala",3
S4090,Student_4090,Female,SLIIT,SE,4,Networking,Data Scientist,Intermediate,Kurunegala,student_4090@student.edu,3.55,any,visual,skill_development,casual,"English,Sinhala",1
S4091,Student_4091,Male,NSBM,CS,1,Software Engineering,Lecturer,Advanced,Gampaha,student_4091@student.edu,2.77,same_university,kinesthetic,networking,casual,English,2
S4092,Student_4092,Male,NSBM,IT,4,Data Science,Data Scientist,Intermediate,Kurunegala,student_4092@student.edu,3.4,same_city,reading,networking,casual,"English,Sinhala",3
S4093,Student_4093,Female,IIT Sri Lanka,Data Science,3,AI/ML,Software Engineer,Beginner,Gampaha,student_4093@student.edu,2.51,any,kinesthetic,job_search,flexible,"English,Tamil",4
S4094,Student_4094,Female,SLIIT,Cybersecurity,1,Cybersecurity,Data Scientist,Advanced,Kurunegala,student_4094@student.edu,3.33,same_city,visual,job_search,casual,"English,Sinhala",7
S4095,Student_4095,Female,NSBM,CS,1,Software Engineering,Software Engineer,Intermediate,Colombo,student_4095@student.edu,3.84,any,auditory,research_guidance,casual,"English,Tamil",8
S4096,Student_4096,Female,University of Colombo,CS,3,Networking,Data Scientist,Beginner,Kandy,student_4096@student.edu,3.26,any,visual,career_guidance,flexible,"English,Sinhala",3
S4097,Student_4097,Male,IIT Sri Lanka,SE,4,Data Science,Lecturer,Beginner,Kandy,student_4097@student.edu,3.92,remote_only,visual,research_guidance,casual,"English,Tamil",2
S4098,Student_4098,Female,SLIIT,SE,3,AI/ML,Lecturer,Beginner,Galle,student_4098@student.edu,3.58,same_university,kinesthetic,career_guidance,casual,"English,Sinhala",5
S4099,Student_4099,Female,University of Kelaniya,IT,2,Software Engineering,Data Scientist,Advanced,Gampaha,student_4099@student.edu,2.73,same_city,visual,research_guidance,casual,English,3
S4100,Student_4100,Female,NSBM,Cybersecurity,4,Data Science,Data Scientist,Advanced,Kurunegala,student_4100@student.edu,3.4,same_university,kinesthetic,networking,formal,"English,Sinhala",7
S4101,Student_4101,Male,University of Moratuwa,Cybersecurity,1,Networking,Data Scientist,Advanced,Colombo,student_4101@student.edu,3.91,any,kinesthetic,job_search,formal,English,2
S4102,Student_4102,Female,IIT Sri Lanka,CS,1,Software Engineering,Lecturer,Beginner,Kurunegala,student_4102@student.edu,3.2,remote_only,reading,skill_development,casual,English,4
S4103,Student_4103,Male,University of Peradeniya,SE,1,Networking,Software Engineer,Beginner,Kandy,student_4103@student.edu,2.67,any,visual,research_guidance,formal,"English,Tamil",9
S4104,Student_4104,Male,University of Moratuwa,Data Science,3,Cybersecurity,Security Analyst,Beginner,Kurunegala,student_4104@student.edu,3.42,remote_only,reading,networking,casual,English,7
S4105,Student_4105,Male,NSBM,CS,3,AI/ML,Software Engineer,Intermediate,Gampaha,student_4105@student.edu,3.59,remote_only,auditory,job_search,formal,English,8
S4106,Student_4106,Male,University of Moratuwa,IT,4,Networking,Software Engineer,Intermediate,Colombo,student_4106@student.edu,2.59,same_city,visual,networking,casual,"English,Tamil",4
S4107,Student_4107,Male,University of Kelaniya,IT,4,Business IT,Data Scientist,Beginner,Kandy,student_4107@student.edu,3.28,any,visual,career_guidance,flexible,"English,Tamil",2
S4108,Student_4108,Female,University of Colombo,Data Science,1,AI/ML,Security Analyst,Intermediate,Gampaha,student_4108@student.edu,3.76,same_city,visual,job_search,flexible,"English,Sinhala",3
S4109,Student_4109,Male,University of Moratuwa,Data Science,4,AI/ML,Security Analyst,Beginner,Galle,student_4109@student.edu,3.28,same_university,visual,job_search,casual,English,3
S4110,Student_4110,Female,University of Kelaniya,SE,4,AI/ML,Lecturer,Beginner,Kurunegala,student_4110@student.edu,3.87,remote_only,visual,job_search,casual,English,9
S4111,Student_4111,Male,University of Colombo,CS,1,Cybersecurity,Lecturer,Intermediate,Gampaha,student_4111@student.edu,3.14,same_university,visual,job_search,formal,"English,Sinhala",1
S4112,Student_4112,Female,SLIIT,Cybersecurity,2,AI/ML,Security Analyst,Intermediate,Kandy,student_4112@student.edu,3.14,remote_only,visual,networking,casual,English,1
S4113,Student_4113,Female,University of Peradeniya,SE,2,Business IT,Lecturer,Advanced,Kandy,student_4113@student.edu,2.98,same_city,reading,skill_development,structured,English,8
S4114,Student_4114,Male,University of Peradeniya,IT,3,Data Science,Lecturer,Advanced,Kurunegala,student_4114@student.edu,3.93,remote_only,reading,job_search,formal,"English,Tamil",3
S4115,Student_4115,Female,University of Kelaniya,SE,3,Networking,Lecturer,Advanced,Colombo,student_4115@student.edu,3.25,remote_only,visual,skill_development,flexible,"English,Tamil",7
S4116,Student_4116,Male,University of Kelaniya,IT,3,Data Science,Software Engineer,Intermediate,Kandy,student_4116@student.edu,2.7,same_city,visual,job_search,casual,English,7
S4117,Student_4117,Female,University of Colombo,IT,3,Cybersecurity,Data Scientist,Beginner,Kandy,student_4117@student.edu,3.6,any,auditory,skill_development,formal,English,8
S4118,Student_4118,Female,NSBM,CS,2,Software Engineering,Data Scientist,Advanced,Kurunegala,student_4118@student.edu,2.55,remote_only,auditory,career_guidance,formal,"English,Sinhala",8
S4119,Student_4119,Male,NSBM,Data Science,2,Data Science,Lecturer,Beginner,Kurunegala,student_4119@student.edu,3.69,same_city,reading,networking,structured,English,1
S4120,Student_4120,Female,University of Colombo,IT,2,Software Engineering,Data Scientist,Beginner,Kandy,student_4120@student.edu,4.0,same_university,reading,job_search,casual,"English,Tamil",3
S4121,Student_4121,Male,University of Colombo,Data Science,1,Software Engineering,Lecturer,Intermediate,Kandy,student_4121@student.edu,3.38,same_university,visual,career_guidance,casual,"English,Tamil",3
S4122,Student_4122,Male,University of Kelaniya,CS,4,Networking,Software Engineer,Advanced,Gampaha,student_4122@student.edu,2.75,remote_only,visual,skill_development,formal,English,4
S4123,Student_4123,Male,IIT Sri Lanka,CS,3,Data Science,Security Analyst,Intermediate,Kurunegala,student_4123@student.edu,2.59,any,auditory,networking,flexible,"English,Sinhala",9
S4124,Student_4124,Female,University of Peradeniya,CS,1,Cybersecurity,Lecturer,Intermediate,Gampaha,student_4124@student.edu,3.95,any,auditory,skill_development,structured,"English,Tamil",8
S4125,Student_4125,Female,NSBM,SE,3,Cybersecurity,Data Scientist,Intermediate,Kandy,student_4125@student.edu,3.11,same_city,visual,skill_development,formal,"English,Tamil",9
S4126,Student_4126,Male,NSBM,SE,2,Networking,Software Engineer,Advanced,Colombo,student_4126@student.edu,3.96,remote_only,reading,networking,formal,"English,Tamil",4
S4127,Student_4127,Female,University of Colombo,SE,3,AI/ML,Software Engineer,Advanced,Kandy,student_4127@student.edu,2.59,any,visual,career_guidance,structured,"English,Tamil",5
S4128,Student_4128,Female,University of Colombo,CS,2,Data Science,Software Engineer,Beginner,Gampaha,student_4128@student.edu,3.4,remote_only,reading,research_guidance,formal,"English,Tamil",2
S4129,Student_4129,Female,IIT Sri Lanka,IT,3,Business IT,Security Analyst,Intermediate,Galle,student_4129@student.edu,2.67,same_university,auditory,career_guidance,formal,English,7
S4130,Student_4130,Male,University of Peradeniya,CS,3,Networking,Data Scientist,Advanced,Galle,student_4130@student.edu,3.99,same_university,auditory,career_guidance,formal,"English,Sinhala",3
S4131,Student_4131,Female,University of Colombo,CS,1,Data Science,Data Scientist,Advanced,Kandy,student_4131@student.edu,2.82,same_university,kinesthetic,career_guidance,flexible,"English,Sinhala",5
S4132,Student_4132,Male,NSBM,CS,2,Cybersecurity,Data Scientist,Intermediate,Colombo,student_4132@student.edu,3.16,same_city,reading,research_guidance,formal,English,1
S4133,Student_4133,Male,University of Peradeniya,IT,1,AI/ML,Security Analyst,Beginner,Gampaha,student_4133@student.edu,2.98,any,kinesthetic,job_search,structured,"English,Sinhala",8
S4134,Student_4134,Male,NSBM,Data Science,4,Data Science,Data Scientist,Intermediate,Colombo,student_4134@student.edu,3.71,any,reading,research_guidance,structured,"English,Sinhala",3
S4135,Student_4135,Female,University of Colombo,Cybersecurity,1,Software Engineering,Software Engineer,Beginner,Colombo,student_4135@student.edu,3.84,same_city,visual,job_search,structured,English,1
S4136,Student_4136,Female,University of Colombo,IT,3,Software Engineering,Security Analyst,Beginner,Colombo,student_4136@student.edu,3.62,remote_only,auditory,networking,casual,English,1
S4137,Student_4137,Female,University of Kelaniya,CS,3,Data Science,Data Scientist,Advanced,Kandy,student_4137@student.edu,2.52,same_city,kinesthetic,skill_development,formal,"English,Sinhala",5
S4138,Student_4138,Female,NSBM,SE,2,AI/ML,Data Scientist,Intermediate,Gampaha,student_4138@student.edu,2.58,same_university,kinesthetic,research_guidance,casual,"English,Tamil",6
S4139,Student_4139,Female,IIT Sri Lanka,Cybersecurity,1,Networking,Software Engineer,Intermediate,Galle,student_4139@student.edu,3.52,remote_only,kinesthetic,skill_development,structured,"English,Sinhala",5
S4140,Student_4140,Female,NSBM,Data Science,3,Networking,Software Engineer,Beginner,Kandy,student_4140@student.edu,3.52,any,kinesthetic,job_search,structured,English,3
S4141,Student_4141,Male,NSBM,SE,1,Business IT,Lecturer,Beginner,Gampaha,student_4141@student.edu,3.91,same_city,auditory,networking,formal,"English,Tamil",5
S4142,Student_4142,Female,University of Peradeniya,IT,2,Cybersecurity,Lecturer,Beginner,Kandy,student_4142@student.edu,3.52,remote_only,kinesthetic,networking,structured,"English,Tamil",3
S4143,Student_4143,Male,University of Kelaniya,CS,1,AI/ML,Data Scientist,Beginner,Kurunegala,student_4143@student.edu,3.37,same_city,reading,career_guidance,formal,"English,Sinhala",9
S4144,Student_4144,Male,IIT Sri Lanka,Cybersecurity,1,AI/ML,Data Scientist,Beginner,Gampaha,student_4144@student.edu,3.89,remote_only,visual,job_search,structured,"English,Tamil",3
S4145,Student_4145,Female,University of Colombo,SE,2,Networking,Security Analyst,Advanced,Kandy,student_4145@student.edu,3.8,remote_only,auditory,research_guidance,casual,"English,Tamil",4
S4146,Student_4146,Female,SLIIT,Cybersecurity,4,Networking,Lecturer,Advanced,Colombo,student_4146@student.edu,2.67,any,reading,career_guidance,formal,English,6
S4147,Student_4147,Male,IIT Sri Lanka,IT,2,Business IT,Lecturer,Advanced,Kandy,student_4147@student.edu,3.21,same_city,auditory,skill_development,flexible,English,9
S4148,Student_4148,Male,NSBM,Cybersecurity,4,Data Science,Software Engineer,Intermediate,Kandy,student_4148@student.edu,3.54,any,kinesthetic,research_guidance,flexible,English,4
S4149,Student_4149,Female,NSBM,IT,3,Business IT,Data Scientist,Beginner,Kurunegala,student_4149@student.edu,3.57,same_university,visual,career_guidance,structured,"English,Tamil",4
S4150,Student_4150,Female,IIT Sri Lanka,SE,2,Data Science,Security Analyst,Advanced,Kandy,student_4150@student.edu,3.76,remote_only,auditory,career_guidance,formal,"English,Tamil",5
S4151,Student_4151,Male,University of Moratuwa,CS,2,Business IT,Lecturer,Beginner,Gampaha,student_4151@student.edu,3.37,same_city,kinesthetic,networking,structured,"English,Sinhala",2
S4152,Student_4152,Male,University of Colombo,IT,1,Cybersecurity,Data Scientist,Advanced,Galle,student_4152@student.edu,3.08,any,reading,research_guidance,casual,"English,Sinhala",5
S4153,Student_4153,Female,IIT Sri Lanka,Cybersecurity,2,Software Engineering,Software Engineer,Advanced,Kurunegala,student_4153@student.edu,3.93,same_city,visual,networking,structured,"English,Sinhala",8
S4154,Student_4154,Male,IIT Sri Lanka,SE,1,Software Engineering,Data Scientist,Advanced,Gampaha,student_4154@student.edu,3.75,same_city,visual,skill_development,flexible,English,8
S4155,Student_4155,Female,University of Kelaniya,Cybersecurity,3,Networking,Lecturer,Beginner,Kurunegala,student_4155@student.edu,3.56,same_university,reading,research_guidance,formal,"English,Sinhala",2
S4156,Student_4156,Male,University of Moratuwa,IT,3,Business IT,Data Scientist,Advanced,Kurunegala,student_4156@student.edu,3.88,remote_only,kinesthetic,networking,structured,"English,Tamil",5
S4157,Student_4157,Male,University of Moratuwa,Cybersecurity,1,Software Engineering,Security Analyst,Beginner,Kurunegala,student_4157@student.edu,2.66,same_university,auditory,skill_development,formal,"English,Tamil",7
S4158,Student_4158,Female,SLIIT,IT,3,Software Engineering,Security Analyst,Intermediate,Kurunegala,student_4158@student.edu,3.4,any,auditory,research_guidance,flexible,English,9
S4159,Student_4159,Female,IIT Sri Lanka,SE,1,Software Engineering,Data Scientist,Beginner,Galle,student_4159@student.edu,3.76,any,reading,career_guidance,structured,English,1
S4160,Student_4160,Female,University of Peradeniya,Cybersecurity,2,Data Science,Software Engineer,Intermediate,Kandy,student_4160@student.edu,2.9,remote_only,reading,skill_development,flexible,English,3
S4161,Student_4161,Female,NSBM,CS,4,Data Science,Security Analyst,Advanced,Colombo,student_4161@student.edu,2.86,same_city,auditory,career_guidance,formal,English,5
S4162,Student_4162,Female,University of Kelaniya,Cybersecurity,1,AI/ML,Security Analyst,Intermediate,Galle,student_4162@student.edu,2.73,same_university,visual,research_guidance,structured,English,5
S4163,Student_4163,Female,SLIIT,SE,1,Data Science,Data Scientist,Beginner,Kandy,student_4163@student.edu,3.68,remote_only,kinesthetic,research_guidance,casual,English,5
S4164,Student_4164,Male,University of Colombo,Data Science,3,Software Engineering,Data Scientist,Beginner,Galle,student_4164@student.edu,3.87,same_university,kinesthetic,job_search,formal,"English,Sinhala",8
S4165,Student_4165,Male,University of Kelaniya,Data Science,4,Networking,Security Analyst,Beginner,Kurunegala,student_4165@student.edu,3.21,same_city,visual,skill_development,structured,English,5
S4166,Student_4166,Male,University of Peradeniya,Cybersecurity,1,Networking,Security Analyst,Beginner,Gampaha,student_4166@student.edu,3.96,remote_only,kinesthetic,networking,formal,English,7
S4167,Student_4167,Female,SLIIT,SE,1,Data Science,Software Engineer,Intermediate,Galle,student_4167@student.edu,3.68,same_university,reading,skill_development,flexible,English,4
S4168,Student_4168,Male,IIT Sri Lanka,Data Science,2,Networking,Lecturer,Intermediate,Colombo,student_4168@student.edu,3.11,same_university,visual,networking,casual,"English,Tamil",4
S4169,Student_4169,Female,IIT Sri Lanka,IT,4,AI/ML,Data Scientist,Beginner,Gampaha,student_4169@student.edu,3.77,remote_only,auditory,skill_development,structured,"English,Sinhala",9
S4170,Student_4170,Male,University of Kelaniya,SE,2,AI/ML,Software Engineer,Advanced,Kurunegala,student_4170@student.edu,2.64,any,visual,research_guidance,casual,English,9
S4171,Student_4171,Female,University of Peradeniya,CS,1,Data Science,Software Engineer,Beginner,Kurunegala,student_4171@student.edu,3.45,same_university,kinesthetic,research_guidance,flexible,English,9
S4172,Student_4172,Male,University of Peradeniya,IT,2,Business IT,Software Engineer,Advanced,Galle,student_4172@student.edu,3.37,remote_only,reading,research_guidance,formal,"English,Sinhala",7
S4173,Student_4173,Male,University of Peradeniya,Cybersecurity,3,Software Engineering,Security Analyst,Beginner,Gampaha,student_4173@student.edu,3.07,same_university,auditory,research_guidance,casual,"English,Sinhala",6
S4174,Student_4174,Female,University of Moratuwa,IT,1,Networking,Data Scientist,Advanced,Kurunegala,student_4174@student.edu,3.31,same_city,visual,networking,flexible,"English,Tamil",8
S4175,Student_4175,Male,IIT Sri Lanka,IT,3,Networking,Data Scientist,Beginner,Kandy,student_4175@student.edu,3.2,same_city,reading,networking,casual,"English,Sinhala",3
S4176,Student_4176,Male,University of Moratuwa,CS,4,Networking,Data Scientist,Advanced,Colombo,student_4176@student.edu,2.5,remote_only,kinesthetic,networking,casual,"English,Sinhala",6
S4177,Student_4177,Male,NSBM,Cybersecurity,1,Software Engineering,Data Scientist,Beginner,Colombo,student_4177@student.edu,2.73,same_university,auditory,career_guidance,formal,English,8
S4178,Student_4178,Male,University of Kelaniya,Data Science,1,Networking,Lecturer,Advanced,Gampaha,student_4178@student.edu,3.92,same_city,visual,research_guidance,structured,"English,Tamil",3
S4179,Student_4179,Female,NSBM,IT,2,AI/ML,Software Engineer,Intermediate,Kandy,student_4179@student.edu,3.25,remote_only,auditory,skill_development,flexible,"English,Sinhala",8
S4180,Student_4180,Female,University of Kelaniya,SE,4,Cybersecurity,Software Engineer,Intermediate,Colombo,student_4180@student.edu,3.78,same_university,kinesthetic,career_guidance,structured,English,5
S4181,Student_4181,Male,NSBM,CS,3,Data Science,Security Analyst,Advanced,Galle,student_4181@student.edu,2.98,same_university,reading,skill_development,flexible,"English,Tamil",4
S4182,Student_4182,Female,University of Moratuwa,Data Science,1,Data Science,Software Engineer,Advanced,Kandy,student_4182@student.edu,2.54,any,auditory,networking,formal,English,3
S4183,Student_4183,Female,IIT Sri Lanka,IT,1,Data Science,Lecturer,Intermediate,Gampaha,student_4183@student.edu,3.92,remote_only,kinesthetic,networking,formal,English,6
S4184,Student_4184,Female,University of Peradeniya,CS,2,Software Engineering,Security Analyst,Beginner,Galle,student_4184@student.edu,3.44,any,kinesthetic,research_guidance,casual,"English,Sinhala",3
S4185,Student_4185,Female,IIT Sri Lanka,Cybersecurity,4,Business IT,Security Analyst,Intermediate,Kurunegala,student_4185@student.edu,2.8,same_city,visual,networking,flexible,English,7
S4186,Student_4186,Male,IIT Sri Lanka,Cybersecurity,4,AI/ML,Security Analyst,Intermediate,Kurunegala,student_4186@student.edu,3.71,same_university,kinesthetic,skill_development,structured,"English,Sinhala",1
S4187,Student_4187,Male,University of Moratuwa,SE,2,Cybersecurity,Software Engineer,Intermediate,Kurunegala,student_4187@student.edu,2.74,same_city,visual,skill_development,structured,English,8
S4188,Student_4188,Female,SLIIT,SE,2,Networking,Lecturer,Advanced,Gampaha,student_4188@student.edu,2.61,same_city,reading,research_guidance,casual,English,4
S4189,Student_4189,Female,University of Moratuwa,CS,3,Cybersecurity,Lecturer,Advanced,Kurunegala,student_4189@student.edu,3.52,same_university,kinesthetic,skill_development,structured,English,1
S4190,Student_4190,Male,University of Kelaniya,Data Science,1,Software Engineering,Security Analyst,Intermediate,Colombo,student_4190@student.edu,2.84,same_city,auditory,career_guidance,flexible,English,9
S4191,Student_4191,Female,University of Peradeniya,CS,1,Software Engineering,Lecturer,Beginner,Kandy,student_4191@student.edu,2.9,same_city,reading,research_guidance,structured,"English,Tamil",3
S4192,Student_4192,Male,NSBM,CS,2,Data Science,Lecturer,Advanced,Kandy,student_4192@student.edu,3.8,remote_only,reading,networking,flexible,English,1
S4193,Student_4193,Female,NSBM,Cybersecurity,3,Data Science,Data Scientist,Beginner,Galle,student_4193@student.edu,3.43,any,kinesthetic,skill_development,flexible,"English,Sinhala",4
S4194,Student_4194,Male,IIT Sri Lanka,IT,4,Data Science,Security Analyst,Intermediate,Gampaha,student_4194@student.edu,2.98,any,reading,research_guidance,flexible,English,8
S4195,Student_4195,Male,NSBM,CS,4,Business IT,Software Engineer,Advanced,Kandy,student_4195@student.edu,3.62,same_university,reading,research_guidance,structured,English,8
S4196,Student_4196,Female,University of Moratuwa,Cybersecurity,1,Data Science,Security Analyst,Advanced,Gampaha,student_4196@student.edu,3.25,any,auditory,research_guidance,casual,"English,Sinhala",8
S4197,Student_4197,Female,NSBM,CS,4,Business IT,Security Analyst,Advanced,Gampaha,student_4197@student.edu,3.05,same_university,visual,skill_development,casual,"English,Sinhala",6
S4198,Student_4198,Female,University of Kelaniya,Cybersecurity,1,Software Engineering,Security Analyst,Advanced,Kandy,student_4198@student.edu,3.54,any,reading,skill_development,structured,"English,Tamil",4
S4199,Student_4199,Male,NSBM,Cybersecurity,3,Cybersecurity,Data Scientist,Advanced,Kurunegala,student_4199@student.edu,3.46,same_city,kinesthetic,career_guidance,flexible,"English,Tamil",5
S4200,Student_4200,Female,IIT Sri Lanka,Cybersecurity,3,Networking,Security Analyst,Advanced,Galle,student_4200@student.edu,3.34,remote_only,kinesthetic,networking,casual,English,8
S4201,Student_4201,Female,NSBM,CS,3,Data Science,Software Engineer,Advanced,Gampaha,student_4201@student.edu,3.14,same_city,visual,job_search,casual,"English,Tamil",2
S4202,Student_4202,Male,University of Moratuwa,Cybersecurity,2,Cybersecurity,Data Scientist,Advanced,Kurunegala,student_4202@student.edu,3.53,same_university,visual,job_search,flexible,English,6
S4203,Student_4203,Female,University of Kelaniya,Cybersecurity,2,Data Science,Security Analyst,Beginner,Gampaha,student_4203@student.edu,3.98,remote_only,visual,research_guidance,flexible,"English,Tamil",4
S4204,Student_4204,Male,IIT Sri Lanka,CS,3,Networking,Software Engineer,Advanced,Kandy,student_4204@student.edu,3.37,any,kinesthetic,skill_development,flexible,English,3
S4205,Student_4205,Male,University of Moratuwa,Data Science,4,Networking,Software Engineer,Beginner,Kurunegala,student_4205@student.edu,3.67,same_university,reading,networking,flexible,English,9
S4206,Student_4206,Female,University of Colombo,SE,1,Cybersecurity,Software Engineer,Advanced,Kurunegala,student_4206@student.edu,3.22,same_city,kinesthetic,networking,formal,English,3
S4207,Student_4207,Male,SLIIT,IT,4,Business IT,Security Analyst,Advanced,Kandy,student_4207@student.edu,3.71,any,auditory,networking,casual,"English,Tamil",1
S4208,Student_4208,Male,University of Peradeniya,SE,3,Software Engineering,Lecturer,Beginner,Galle,student_4208@student.edu,3.84,remote_only,auditory,career_guidance,casual,"English,Sinhala",2
S4209,Student_4209,Female,University of Moratuwa,Data Science,2,Networking,Software Engineer,Intermediate,Kandy,student_4209@student.edu,2.87,any,reading,job_search,flexible,"English,Tamil",9
S4210,Student_4210,Female,University of Colombo,SE,2,Cybersecurity,Data Scientist,Advanced,Kandy,student_4210@student.edu,3.69,any,kinesthetic,skill_development,formal,"English,Sinhala",3
S4211,Student_4211,Male,University of Colombo,IT,1,AI/ML,Data Scientist,Intermediate,Kurunegala,student_4211@student.edu,2.52,same_university,kinesthetic,job_search,flexible,"English,Tamil",4
S4212,Student_4212,Female,SLIIT,CS,4,Cybersecurity,Data Scientist,Intermediate,Colombo,student_4212@student.edu,3.82,remote_only,reading,job_search,structured,English,2
S4213,Student_4213,Female,University of Colombo,CS,1,AI/ML,Lecturer,Advanced,Kurunegala,student_4213@student.edu,3.24,same_city,visual,skill_development,flexible,"English,Tamil",8
S4214,Student_4214,Male,SLIIT,IT,3,AI/ML,Lecturer,Intermediate,Galle,student_4214@student.edu,2.53,same_university,reading,networking,flexible,English,2
S4215,Student_4215,Male,SLIIT,Data Science,1,Cybersecurity,Security Analyst,Advanced,Kurunegala,student_4215@student.edu,3.18,any,kinesthetic,research_guidance,structured,"English,Tamil",6
S4216,Student_4216,Female,NSBM,Data Science,1,Software Engineering,Security Analyst,Advanced,Gampaha,student_4216@student.edu,3.94,same_city,reading,research_guidance,structured,"English,Tamil",9
S4217,Student_4217,Female,University of Moratuwa,Cybersecurity,4,Software Engineering,Data Scientist,Intermediate,Colombo,student_4217@student.edu,3.21,same_university,visual,job_search,formal,English,2
S4218,Student_4218,Female,NSBM,CS,3,Cybersecurity,Lecturer,Intermediate,Gampaha,student_4218@student.edu,2.79,same_city,visual,career_guidance,flexible,"English,Tamil",1
S4219,Student_4219,Female,University of Peradeniya,CS,4,Software Engineering,Security Analyst,Advanced,Gampaha,student_4219@student.edu,3.86,same_university,visual,networking,casual,"English,Tamil",9
S4220,Student_4220,Male,University of Kelaniya,SE,1,Data Science,Software Engineer,Beginner,Kurunegala,student_4220@student.edu,3.49,same_university,kinesthetic,skill_development,structured,"English,Tamil",8
S4221,Student_4221,Female,IIT Sri Lanka,IT,4,Cybersecurity,Data Scientist,Beginner,Gampaha,student_4221@student.edu,3.42,same_city,kinesthetic,networking,flexible,"English,Tamil",4
S4222,Student_4222,Female,University of Peradeniya,CS,3,AI/ML,Software Engineer,Intermediate,Colombo,student_4222@student.edu,3.81,any,auditory,skill_development,casual,"English,Tamil",3
S4223,Student_4223,Male,University of Kelaniya,IT,1,Cybersecurity,Lecturer,Advanced,Colombo,student_4223@student.edu,2.69,any,visual,job_search,formal,"English,Tamil",3
S4224,Student_4224,Male,University of Kelaniya,Data Science,1,Cybersecurity,Software Engineer,Intermediate,Galle,student_4224@student.edu,3.14,same_city,auditory,networking,structured,English,9
S4225,Student_4225,Female,University of Moratuwa,Data Science,3,AI/ML,Lecturer,Beginner,Kandy,student_4225@student.edu,3.22,any,kinesthetic,research_guidance,casual,English,7
S4226,Student_4226,Female,NSBM,IT,2,Networking,Software Engineer,Beginner,Galle,student_4226@student.edu,3.86,same_city,reading,networking,casual,"English,Sinhala",8
S4227,Student_4227,Male,IIT Sri Lanka,CS,2,Networking,Lecturer,Intermediate,Kandy,student_4227@student.edu,3.92,any,kinesthetic,networking,formal,"English,Tamil",7
S4228,Student_4228,Female,SLIIT,CS,2,Cybersecurity,Software Engineer,Beginner,Colombo,student_4228@student.edu,3.37,same_city,reading,career_guidance,formal,"English,Tamil",6
S4229,Student_4229,Male,University of Peradeniya,IT,2,AI/ML,Software Engineer,Intermediate,Galle,student_4229@student.edu,3.0,any,visual,research_guidance,structured,"English,Tamil",1
S4230,Student_4230,Female,NSBM,SE,4,AI/ML,Security Analyst,Beginner,Kandy,student_4230@student.edu,3.31,any,auditory,research_guidance,flexible,"English,Tamil",2
S4231,Student_4231,Male,University of Kelaniya,Data Science,4,AI/ML,Security Analyst,Advanced,Kurunegala,student_4231@student.edu,3.38,same_university,auditory,job_search,flexible,English,2
S4232,Student_4232,Male,SLIIT,Cybersecurity,3,AI/ML,Data Scientist,Beginner,Colombo,student_4232@student.edu,3.13,remote_only,visual,career_guidance,structured,English,8
S4233,Student_4233,Male,SLIIT,CS,3,AI/ML,Security Analyst,Intermediate,Gampaha,student_4233@student.edu,2.98,any,visual,networking,casual,"English,Sinhala",3
S4234,Student_4234,Male,NSBM,Cybersecurity,3,Data Science,Software Engineer,Advanced,Gampaha,student_4234@student.edu,3.21,same_city,kinesthetic,skill_development,flexible,"English,Tamil",9
S4235,Student_4235,Male,University of Moratuwa,SE,1,AI/ML,Security Analyst,Beginner,Gampaha,student_4235@student.edu,3.08,any,reading,job_search,structured,"English,Sinhala",1
S4236,Student_4236,Male,SLIIT,CS,4,Data Science,Software Engineer,Beginner,Colombo,student_4236@student.edu,3.15,any,auditory,research_guidance,formal,"English,Sinhala",7
S4237,Student_4237,Female,SLIIT,Data Science,3,Networking,Data Scientist,Beginner,Kandy,student_4237@student.edu,2.85,remote_only,kinesthetic,job_search,casual,English,3
S4238,Student_4238,Male,University of Colombo,Cybersecurity,1,Business IT,Software Engineer,Advanced,Kandy,student_4238@student.edu,3.64,remote_only,auditory,job_search,structured,"English,Sinhala",4
S4239,Student_4239,Female,University of Kelaniya,IT,3,Software Engineering,Software Engineer,Beginner,Galle,student_4239@student.edu,3.52,any,kinesthetic,research_guidance,casual,"English,Sinhala",1
S4240,Student_4240,Male,University of Moratuwa,IT,1,Networking,Security Analyst,Intermediate,Colombo,student_4240@student.edu,2.63,same_university,visual,networking,formal,English,9
S4241,Student_4241,Male,University of Peradeniya,CS,2,Software Engineering,Lecturer,Intermediate,Gampaha,student_4241@student.edu,2.78,same_university,reading,job_search,flexible,"English,Sinhala",7
S4242,Student_4242,Female,University of Peradeniya,CS,4,AI/ML,Data Scientist,Advanced,Gampaha,student_4242@student.edu,2.73,same_university,kinesthetic,skill_development,formal,English,1
S4243,Student_4243,Female,University of Moratuwa,Data Science,2,Software Engineering,Data Scientist,Advanced,Kurunegala,student_4243@student.edu,2.64,any,reading,career_guidance,flexible,English,3
S4244,Student_4244,Female,University of Moratuwa,IT,2,AI/ML,Software Engineer,Intermediate,Colombo,student_4244@student.edu,3.31,same_city,kinesthetic,job_search,flexible,"English,Sinhala",9
S4245,Student_4245,Female,SLIIT,IT,4,Software Engineering,Software Engineer,Beginner,Kandy,student_4245@student.edu,3.81,any,visual,skill_development,flexible,"English,Tamil",2
S4246,Student_4246,Male,University of Colombo,IT,4,AI/ML,Lecturer,Advanced,Kandy,student_4246@student.edu,3.81,same_city,auditory,research_guidance,structured,English,2
S4247,Student_4247,Female,University of Peradeniya,CS,2,Software Engineering,Software Engineer,Beginner,Gampaha,student_4247@student.edu,3.21,same_university,kinesthetic,skill_development,flexible,"English,Sinhala",1
S4248,Student_4248,Male,SLIIT,SE,2,Networking,Lecturer,Intermediate,Gampaha,student_4248@student.edu,2.86,remote_only,kinesthetic,career_guidance,formal,"English,Tamil",4
S4249,Student_4249,Female,University of Moratuwa,CS,2,Networking,Data Scientist,Advanced,Colombo,student_4249@student.edu,3.49,same_city,reading,networking,structured,"English,Sinhala",3
S4250,Student_4250,Female,University of Colombo,Cybersecurity,4,Software Engineering,Data Scientist,Beginner,Colombo,student_4250@student.edu,2.65,any,reading,career_guidance,formal,"English,Tamil",7
S4251,Student_4251,Female,University of Colombo,Data Science,2,Software Engineering,Software Engineer,Advanced,Kurunegala,student_4251@student.edu,3.35,remote_only,kinesthetic,job_search,formal,"English,Sinhala",5
S4252,Student_4252,Male,NSBM,IT,4,Data Science,Lecturer,Advanced,Kurunegala,student_4252@student.edu,3.85,same_university,kinesthetic,skill_development,formal,"English,Tamil",3
S4253,Student_4253,Female,University of Colombo,SE,1,Networking,Lecturer,Intermediate,Gampaha,student_4253@student.edu,3.73,same_university,auditory,skill_development,casual,"English,Tamil",9
S4254,Student_4254,Male,University of Moratuwa,SE,3,Software Engineering,Software Engineer,Advanced,Galle,student_4254@student.edu,3.1,any,auditory,research_guidance,flexible,"English,Sinhala",8
S4255,Student_4255,Female,SLIIT,Cybersecurity,4,Data Science,Software Engineer,Intermediate,Kandy,student_4255@student.edu,3.81,same_city,auditory,networking,formal,"English,Sinhala",2
S4256,Student_4256,Male,IIT Sri Lanka,IT,1,Software Engineering,Lecturer,Beginner,Kandy,student_4256@student.edu,2.84,any,kinesthetic,research_guidance,structured,"English,Sinhala",7
S4257,Student_4257,Female,University of Colombo,Cybersecurity,3,Networking,Security Analyst,Advanced,Colombo,student_4257@student.edu,2.9,same_university,auditory,career_guidance,structured,"English,Tamil",8
S4258,Student_4258,Female,SLIIT,SE,4,AI/ML,Data Scientist,Intermediate,Gampaha,student_4258@student.edu,3.67,any,visual,job_search,formal,"English,Sinhala",9
S4259,Student_4259,Male,University of Peradeniya,SE,3,Business IT,Data Scientist,Beginner,Galle,student_4259@student.edu,2.72,remote_only,auditory,skill_development,flexible,English,9
S4260,Student_4260,Male,SLIIT,Cybersecurity,4,Cybersecurity,Data Scientist,Advanced,Colombo,student_4260@student.edu,3.34,remote_only,auditory,skill_development,structured,"English,Tamil",1
S4261,Student_4261,Male,SLIIT,CS,1,Software Engineering,Security Analyst,Beginner,Kandy,student_4261@student.edu,2.55,same_university,reading,networking,casual,English,3
S4262,Student_4262,Male,University of Moratuwa,CS,3,Business IT,Security Analyst,Advanced,Galle,student_4262@student.edu,3.99,same_city,kinesthetic,job_search,flexible,English,5
S4263,Student_4263,Male,NSBM,SE,3,Software Engineering,Security Analyst,Advanced,Colombo,student_4263@student.edu,2.89,any,visual,networking,structured,English,2
S4264,Student_4264,Male,University of Peradeniya,SE,2,Data Science,Data Scientist,Intermediate,Galle,student_4264@student.edu,2.87,same_city,auditory,career_guidance,flexible,English,3
S4265,Student_4265,Male,University of Peradeniya,Data Science,2,Software Engineering,Lecturer,Intermediate,Gampaha,student_4265@student.edu,2.65,same_city,reading,skill_development,flexible,English,6
S4266,Student_4266,Male,University of Colombo,Data Science,1,Data Science,Data Scientist,Beginner,Galle,student_4266@student.edu,2.51,any,auditory,networking,structured,"English,Sinhala",8
S4267,Student_4267,Female,NSBM,SE,3,Business IT,Software Engineer,Beginner,Colombo,student_4267@student.edu,3.61,same_university,visual,networking,flexible,"English,Sinhala",8
S4268,Student_4268,Female,University of Kelaniya,CS,2,AI/ML,Security Analyst,Advanced,Gampaha,student_4268@student.edu,3.98,remote_only,kinesthetic,research_guidance,structured,"English,Tamil",4
S4269,Student_4269,Male,NSBM,Data Science,1,Software Engineering,Security Analyst,Beginner,Kandy,student_4269@student.edu,3.38,any,visual,networking,casual,English,2
S4270,Student_4270,Female,University of Kelaniya,SE,4,Software Engineering,Security Analyst,Intermediate,Galle,student_4270@student.edu,3.86,same_university,reading,networking,formal,"English,Tamil",3
S4271,Student_4271,Male,NSBM,SE,1,AI/ML,Security Analyst,Intermediate,Kandy,student_4271@student.edu,3.83,same_city,visual,skill_development,casual,"English,Tamil",9
S4272,Student_4272,Male,University of Kelaniya,Data Science,4,Business IT,Security Analyst,Beginner,Kandy,student_4272@student.edu,2.92,any,reading,research_guidance,flexible,"English,Tamil",3
S4273,Student_4273,Male,University of Colombo,SE,2,Cybersecurity,Software Engineer,Intermediate,Gampaha,student_4273@student.edu,3.51,same_city,kinesthetic,skill_development,flexible,"English,Sinhala",2
S4274,Student_4274,Female,University of Peradeniya,CS,2,AI/ML,Software Engineer,Intermediate,Kurunegala,student_4274@student.edu,3.54,any,kinesthetic,networking,casual,"English,Tamil",6
S4275,Student_4275,Female,University of Kelaniya,IT,2,Networking,Data Scientist,Intermediate,Colombo,student_4275@student.edu,3.23,same_city,reading,networking,flexible,"English,Tamil",6
S4276,Student_4276,Male,University of Kelaniya,CS,3,Software Engineering,Security Analyst,Intermediate,Galle,student_4276@student.edu,2.74,same_university,auditory,career_guidance,formal,English,4
S4277,Student_4277,Female,IIT Sri Lanka,Data Science,4,Cybersecurity,Software Engineer,Advanced,Gampaha,student_4277@student.edu,3.78,remote_only,reading,networking,structured,"English,Sinhala",6
S4278,Student_4278,Female,University of Kelaniya,Cybersecurity,1,AI/ML,Data Scientist,Intermediate,Kurunegala,student_4278@student.edu,3.14,same_university,visual,skill_development,structured,"English,Tamil",6
S4279,Student_4279,Male,University of Colombo,Cybersecurity,4,Software Engineering,Software Engineer,Beginner,Colombo,student_4279@student.edu,2.57,same_city,auditory,career_guidance,formal,"English,Tamil",6
S4280,Student_4280,Female,University of Kelaniya,SE,2,Cybersecurity,Lecturer,Intermediate,Gampaha,student_4280@student.edu,2.6,same_city,visual,networking,casual,"English,Sinhala",2
S4281,Student_4281,Male,SLIIT,Cybersecurity,2,Software Engineering,Lecturer,Beginner,Galle,student_4281@student.edu,3.32,same_university,auditory,career_guidance,structured,English,9
S4282,Student_4282,Male,SLIIT,CS,1,Software Engineering,Security Analyst,Beginner,Kurunegala,student_4282@student.edu,2.5,remote_only,auditory,research_guidance,flexible,English,5
S4283,Student_4283,Male,University of Moratuwa,Cybersecurity,1,Cybersecurity,Lecturer,Advanced,Kurunegala,student_4283@student.edu,3.18,remote_only,kinesthetic,career_guidance,formal,"English,Sinhala",4
S4284,Student_4284,Female,SLIIT,CS,3,Networking,Software Engineer,Beginner,Galle,student_4284@student.edu,3.01,same_city,auditory,career_guidance,casual,"English,Sinhala",4
S4285,Student_4285,Male,NSBM,SE,2,Software Engineering,Security Analyst,Beginner,Kurunegala,student_4285@student.edu,3.4,remote_only,auditory,career_guidance,casual,"English,Sinhala",5
S4286,Student_4286,Male,University of Moratuwa,SE,1,Business IT,Data Scientist,Intermediate,Galle,student_4286@student.edu,2.8,any,kinesthetic,research_guidance,formal,English,8
S4287,Student_4287,Female,SLIIT,SE,3,Data Science,Lecturer,Beginner,Gampaha,student_4287@student.edu,2.77,any,visual,skill_development,structured,"English,Sinhala",1
S4288,Student_4288,Female,SLIIT,Cybersecurity,3,Software Engineering,Data Scientist,Advanced,Gampaha,student_4288@student.edu,2.91,same_university,kinesthetic,career_guidance,structured,English,5
S4289,Student_4289,Female,NSBM,Data Science,1,Software Engineering,Software Engineer,Intermediate,Galle,student_4289@student.edu,3.97,same_university,visual,skill_development,flexible,"English,Sinhala",4
S4290,Student_4290,Male,University of Colombo,CS,3,Business IT,Security Analyst,Beginner,Colombo,student_4290@student.edu,2.79,remote_only,kinesthetic,networking,structured,"English,Sinhala",8
S4291,Student_4291,Male,University of Colombo,CS,1,Software Engineering,Lecturer,Advanced,Galle,student_4291@student.edu,3.25,same_city,reading,research_guidance,formal,"English,Tamil",5
S4292,Student_4292,Female,University of Moratuwa,SE,4,Data Science,Lecturer,Beginner,Galle,student_4292@student.edu,2.54,same_university,auditory,networking,formal,"English,Sinhala",1
S4293,Student_4293,Male,University of Peradeniya,Cybersecurity,3,Cybersecurity,Software Engineer,Intermediate,Kurunegala,student_4293@student.edu,3.08,same_city,visual,job_search,flexible,English,6
S4294,Student_4294,Female,University of Colombo,IT,2,Business IT,Lecturer,Advanced,Kandy,student_4294@student.edu,2.64,remote_only,auditory,networking,flexible,English,8
S4295,Student_4295,Male,University of Peradeniya,Data Science,4,AI/ML,Lecturer,Intermediate,Kandy,student_4295@student.edu,2.91,same_city,kinesthetic,job_search,structured,"English,Tamil",8
S4296,Student_4296,Male,University of Moratuwa,IT,2,Data Science,Security Analyst,Intermediate,Colombo,student_4296@student.edu,2.53,same_university,kinesthetic,networking,casual,"English,Tamil",7
S4297,Student_4297,Female,NSBM,CS,2,Cybersecurity,Software Engineer,Intermediate,Colombo,student_4297@student.edu,3.47,same_university,visual,networking,formal,"English,Tamil",4
S4298,Student_4298,Female,University of Kelaniya,IT,1,Business IT,Security Analyst,Beginner,Galle,student_4298@student.edu,3.36,any,reading,skill_development,formal,"English,Tamil",1
S4299,Student_4299,Male,University of Kelaniya,Cybersecurity,2,Networking,Data Scientist,Beginner,Galle,student_4299@student.edu,2.88,same_university,visual,networking,structured,"English,Sinhala",2
S4300,Student_4300,Female,SLIIT,SE,2,Cybersecurity,Lecturer,Beginner,Gampaha,student_4300@student.edu,3.52,same_city,reading,job_search,casual,English,3
S4301,Student_4301,Male,SLIIT,SE,3,AI/ML,Security Analyst,Beginner,Kurunegala,student_4301@student.edu,2.56,same_city,visual,skill_development,flexible,"English,Tamil",1
S4302,Student_4302,Female,University of Kelaniya,SE,4,Business IT,Data Scientist,Advanced,Kandy,student_4302@student.edu,3.96,same_university,auditory,research_guidance,structured,"English,Sinhala",2
S4303,Student_4303,Female,SLIIT,CS,3,Software Engineering,Lecturer,Beginner,Colombo,student_4303@student.edu,3.45,remote_only,reading,career_guidance,flexible,English,2
S4304,Student_4304,Male,University of Kelaniya,CS,4,Business IT,Data Scientist,Advanced,Kurunegala,student_4304@student.edu,2.79,same_city,auditory,career_guidance,formal,"English,Sinhala",3
S4305,Student_4305,Female,IIT Sri Lanka,CS,4,Cybersecurity,Software Engineer,Advanced,Colombo,student_4305@student.edu,2.58,any,kinesthetic,job_search,flexible,"English,Tamil",8
S4306,Student_4306,Male,SLIIT,Cybersecurity,4,Business IT,Lecturer,Advanced,Kurunegala,student_4306@student.edu,3.24,remote_only,auditory,job_search,formal,"English,Tamil",7
S4307,Student_4307,Female,SLIIT,Cybersecurity,4,Software Engineering,Software Engineer,Advanced,Gampaha,student_4307@student.edu,3.7,same_city,auditory,networking,flexible,English,1
S4308,Student_4308,Female,University of Colombo,IT,1,AI/ML,Security Analyst,Intermediate,Colombo,student_4308@student.edu,3.46,same_city,visual,job_search,formal,"English,Sinhala",4
S4309,Student_4309,Female,University of Colombo,SE,4,AI/ML,Data Scientist,Advanced,Galle,student_4309@student.edu,3.37,same_university,kinesthetic,research_guidance,casual,English,8
S4310,Student_4310,Female,University of Colombo,SE,2,AI/ML,Security Analyst,Intermediate,Kandy,student_4310@student.edu,3.29,any,kinesthetic,skill_development,structured,"English,Tamil",5
S4311,Student_4311,Male,University of Colombo,IT,3,AI/ML,Software Engineer,Beginner,Colombo,student_4311@student.edu,2.93,any,kinesthetic,career_guidance,flexible,English,1
S4312,Student_4312,Male,NSBM,IT,4,Data Science,Security Analyst,Advanced,Gampaha,student_4312@student.edu,2.91,same_city,reading,job_search,structured,English,5
S4313,Student_4313,Female,NSBM,Data Science,3,AI/ML,Security Analyst,Intermediate,Colombo,student_4313@student.edu,3.28,remote_only,visual,job_search,formal,English,4
S4314,Student_4314,Male,University of Moratuwa,IT,3,Data Science,Security Analyst,Intermediate,Colombo,student_4314@student.edu,3.34,any,reading,skill_development,casual,"English,Tamil",8
S4315,Student_4315,Male,SLIIT,Data Science,1,Networking,Data Scientist,Intermediate,Kurunegala,student_4315@student.edu,3.27,remote_only,auditory,research_guidance,formal,"English,Tamil",9
S4316,Student_4316,Female,SLIIT,Data Science,4,AI/ML,Data Scientist,Advanced,Gampaha,student_4316@student.edu,3.48,same_city,auditory,job_search,structured,English,7
S4317,Student_4317,Male,University of Colombo,SE,2,Software Engineering,Security Analyst,Beginner,Kurunegala,student_4317@student.edu,3.16,same_university,kinesthetic,job_search,flexible,"English,Sinhala",6
S4318,Student_4318,Male,University of Kelaniya,CS,4,Cybersecurity,Software Engineer,Advanced,Colombo,student_4318@student.edu,2.96,same_city,reading,research_guidance,casual,English,3
S4319,Student_4319,Male,IIT Sri Lanka,Cybersecurity,3,Networking,Software Engineer,Advanced,Gampaha,student_4319@student.edu,2.72,any,reading,networking,casual,"English,Tamil",3
S4320,Student_4320,Male,University of Moratuwa,CS,3,Cybersecurity,Data Scientist,Beginner,Galle,student_4320@student.edu,3.69,same_city,kinesthetic,skill_development,flexible,English,5
S4321,Student_4321,Male,NSBM,Cybersecurity,1,Cybersecurity,Software Engineer,Intermediate,Kurunegala,student_4321@student.edu,2.79,any,kinesthetic,career_guidance,formal,English,6
S4322,Student_4322,Male,University of Colombo,IT,3,Cybersecurity,Software Engineer,Beginner,Colombo,student_4322@student.edu,2.73,same_university,reading,job_search,formal,"English,Sinhala",2
S4323,Student_4323,Female,IIT Sri Lanka,Cybersecurity,4,Cybersecurity,Lecturer,Advanced,Kurunegala,student_4323@student.edu,3.17,any,kinesthetic,networking,flexible,English,6
S4324,Student_4324,Male,University of Colombo,Cybersecurity,1,Networking,Security Analyst,Advanced,Kandy,student_4324@student.edu,3.25,same_city,reading,research_guidance,formal,"English,Tamil",8
S4325,Student_4325,Female,NSBM,SE,4,AI/ML,Lecturer,Advanced,Kurunegala,student_4325@student.edu,2.82,same_city,visual,networking,casual,"English,Sinhala",8
S4326,Student_4326,Male,NSBM,SE,4,AI/ML,Software Engineer,Beginner,Gampaha,student_4326@student.edu,3.19,same_city,reading,research_guidance,formal,"English,Sinhala",3
S4327,Student_4327,Male,IIT Sri Lanka,Cybersecurity,4,Networking,Software Engineer,Advanced,Colombo,student_4327@student.edu,3.64,same_university,reading,career_guidance,casual,"English,Sinhala",5
S4328,Student_4328,Female,University of Peradeniya,CS,1,Software Engineering,Security Analyst,Advanced,Kandy,student_4328@student.edu,2.68,any,auditory,job_search,structured,"English,Tamil",9
S4329,Student_4329,Male,SLIIT,IT,4,Networking,Security Analyst,Advanced,Galle,student_4329@student.edu,2.51,same_city,auditory,career_guidance,flexible,English,9
S4330,Student_4330,Female,NSBM,IT,4,AI/ML,Lecturer,Intermediate,Galle,student_4330@student.edu,3.65,same_university,kinesthetic,career_guidance,formal,English,3
S4331,Student_4331,Female,University of Peradeniya,CS,2,Networking,Data Scientist,Intermediate,Gampaha,student_4331@student.edu,3.71,any,visual,skill_development,casual,"English,Tamil",6
S4332,Student_4332,Male,University of Peradeniya,Data Science,4,Software Engineering,Data Scientist,Beginner,Gampaha,student_4332@student.edu,3.72,remote_only,reading,job_search,casual,"English,Sinhala",6
S4333,Student_4333,Male,University of Peradeniya,Data Science,4,Business IT,Data Scientist,Intermediate,Galle,student_4333@student.edu,3.8,any,reading,research_guidance,formal,English,8
S4334,Student_4334,Male,University of Kelaniya,CS,4,AI/ML,Software Engineer,Beginner,Colombo,student_4334@student.edu,3.87,any,auditory,research_guidance,structured,"English,Tamil",1
S4335,Student_4335,Male,NSBM,Data Science,2,Software Engineering,Software Engineer,Beginner,Kurunegala,student_4335@student.edu,3.66,remote_only,kinesthetic,networking,formal,"English,Sinhala",6
S4336,Student_4336,Female,University of Peradeniya,IT,4,Data Science,Software Engineer,Intermediate,Kandy,student_4336@student.edu,3.88,same_university,kinesthetic,job_search,casual,"English,Sinhala",9
S4337,Student_4337,Male,University of Kelaniya,SE,3,Cybersecurity,Lecturer,Beginner,Gampaha,student_4337@student.edu,3.86,remote_only,visual,research_guidance,casual,"English,Sinhala",6
S4338,Student_4338,Male,University of Peradeniya,CS,4,Software Engineering,Data Scientist,Intermediate,Gampaha,student_4338@student.edu,2.54,same_university,reading,career_guidance,casual,English,7
S4339,Student_4339,Male,IIT Sri Lanka,Cybersecurity,4,Networking,Security Analyst,Advanced,Kurunegala,student_4339@student.edu,3.18,same_university,auditory,career_guidance,casual,"English,Sinhala",2
S4340,Student_4340,Female,University of Kelaniya,Data Science,4,Cybersecurity,Software Engineer,Intermediate,Kurunegala,student_4340@student.edu,3.38,same_city,reading,career_guidance,flexible,English,8
S4341,Student_4341,Female,IIT Sri Lanka,SE,1,AI/ML,Data Scientist,Advanced,Kurunegala,student_4341@student.edu,3.26,same_university,auditory,skill_development,structured,English,7
S4342,Student_4342,Female,University of Kelaniya,IT,3,Data Science,Data Scientist,Beginner,Colombo,student_4342@student.edu,2.67,any,auditory,career_guidance,flexible,"English,Tamil",8
S4343,Student_4343,Male,University of Moratuwa,Cybersecurity,2,Cybersecurity,Data Scientist,Advanced,Kandy,student_4343@student.edu,3.83,remote_only,auditory,research_guidance,structured,"English,Sinhala",9
S4344,Student_4344,Female,University of Peradeniya,CS,4,AI/ML,Software Engineer,Advanced,Galle,student_4344@student.edu,2.56,any,visual,career_guidance,flexible,"English,Sinhala",4
S4345,Student_4345,Male,University of Colombo,CS,4,Networking,Data Scientist,Advanced,Kandy,student_4345@student.edu,3.9,same_city,kinesthetic,networking,formal,"English,Tamil",4
S4346,Student_4346,Female,University of Peradeniya,IT,1,Cybersecurity,Lecturer,Beginner,Galle,student_4346@student.edu,2.91,same_university,auditory,research_guidance,casual,English,6
S4347,Student_4347,Male,University of Moratuwa,IT,2,Networking,Software Engineer,Beginner,Kandy,student_4347@student.edu,3.11,any,visual,job_search,structured,"English,Sinhala",7
S4348,Student_4348,Male,University of Kelaniya,Cybersecurity,4,Business IT,Software Engineer,Advanced,Galle,student_4348@student.edu,2.79,same_city,auditory,skill_development,structured,English,2
S4349,Student_4349,Male,SLIIT,Data Science,4,Software Engineering,Lecturer,Beginner,Kandy,student_4349@student.edu,3.61,same_university,auditory,job_search,formal,"English,Tamil",2
S4350,Student_4350,Female,University of Peradeniya,IT,4,AI/ML,Software Engineer,Intermediate,Galle,student_4350@student.edu,3.42,same_city,reading,research_guidance,formal,"English,Tamil",5
S4351,Student_4351,Female,University of Peradeniya,Data Science,3,Data Science,Software Engineer,Intermediate,Colombo,student_4351@student.edu,3.07,same_city,visual,networking,casual,"English,Tamil",4
S4352,Student_4352,Female,University of Moratuwa,Data Science,2,AI/ML,Lecturer,Advanced,Kurunegala,student_4352@student.edu,2.55,remote_only,kinesthetic,skill_development,flexible,"English,Sinhala",7
S4353,Student_4353,Male,University of Colombo,Data Science,3,Networking,Security Analyst,Intermediate,Gampaha,student_4353@student.edu,3.17,any,auditory,skill_development,structured,English,9
S4354,Student_4354,Female,University of Kelaniya,Data Science,2,Software Engineering,Software Engineer,Advanced,Colombo,student_4354@student.edu,2.87,remote_only,reading,career_guidance,structured,"English,Sinhala",6
S4355,Student_4355,Male,University of Moratuwa,CS,1,Networking,Software Engineer,Beginner,Gampaha,student_4355@student.edu,3.81,same_university,visual,career_guidance,flexible,"English,Tamil",9
S4356,Student_4356,Male,SLIIT,IT,2,Networking,Lecturer,Advanced,Galle,student_4356@student.edu,3.1,same_university,auditory,networking,formal,"English,Sinhala",7
S4357,Student_4357,Female,University of Peradeniya,Data Science,2,Business IT,Lecturer,Advanced,Kurunegala,student_4357@student.edu,3.35,remote_only,visual,skill_development,casual,"English,Tamil",2
S4358,Student_4358,Female,University of Kelaniya,Cybersecurity,4,Networking,Software Engineer,Advanced,Kandy,student_4358@student.edu,2.54,any,kinesthetic,research_guidance,flexible,English,2
S4359,Student_4359,Male,SLIIT,Data Science,4,AI/ML,Security Analyst,Intermediate,Kurunegala,student_4359@student.edu,2.82,remote_only,kinesthetic,research_guidance,casual,"English,Tamil",8
S4360,Student_4360,Male,SLIIT,SE,2,Networking,Data Scientist,Beginner,Kandy,student_4360@student.edu,3.88,any,reading,career_guidance,formal,"English,Sinhala",9
S4361,Student_4361,Male,IIT Sri Lanka,Cybersecurity,3,Software Engineering,Data Scientist,Beginner,Galle,student_4361@student.edu,2.62,remote_only,auditory,skill_development,formal,"English,Sinhala",5
S4362,Student_4362,Female,University of Moratuwa,IT,3,Business IT,Security Analyst,Beginner,Colombo,student_4362@student.edu,3.46,any,auditory,research_guidance,flexible,"English,Sinhala",9
S4363,Student_4363,Male,University of Moratuwa,Data Science,4,Software Engineering,Software Engineer,Beginner,Colombo,student_4363@student.edu,3.16,same_city,visual,career_guidance,casual,"English,Sinhala",6
S4364,Student_4364,Female,University of Colombo,Cybersecurity,4,Networking,Lecturer,Intermediate,Galle,student_4364@student.edu,2.65,same_city,reading,research_guidance,structured,English,3
S4365,Student_4365,Male,University of Moratuwa,CS,1,Data Science,Data Scientist,Advanced,Gampaha,student_4365@student.edu,3.0,any,kinesthetic,research_guidance,flexible,"English,Sinhala",5
S4366,Student_4366,Male,University of Kelaniya,Data Science,4,Software Engineering,Lecturer,Advanced,Galle,student_4366@student.edu,3.08,remote_only,kinesthetic,job_search,formal,"English,Tamil",3
S4367,Student_4367,Female,IIT Sri Lanka,Cybersecurity,3,Cybersecurity,Security Analyst,Intermediate,Colombo,student_4367@student.edu,2.82,remote_only,kinesthetic,networking,casual,English,9
S4368,Student_4368,Female,NSBM,SE,2,Cybersecurity,Lecturer,Intermediate,Gampaha,student_4368@student.edu,2.83,remote_only,reading,research_guidance,flexible,English,9
S4369,Student_4369,Female,University of Peradeniya,Data Science,2,Networking,Data Scientist,Advanced,Galle,student_4369@student.edu,2.82,same_university,visual,networking,structured,"English,Sinhala",2
S4370,Student_4370,Female,University of Colombo,Data Science,2,Data Science,Lecturer,Intermediate,Kurunegala,student_4370@student.edu,3.01,same_city,kinesthetic,career_guidance,flexible,English,2
S4371,Student_4371,Male,NSBM,SE,4,Networking,Software Engineer,Beginner,Gampaha,student_4371@student.edu,2.76,remote_only,reading,career_guidance,formal,English,6
S4372,Student_4372,Female,University of Kelaniya,Cybersecurity,1,Networking,Data Scientist,Intermediate,Galle,student_4372@student.edu,3.17,same_university,reading,skill_development,formal,"English,Tamil",9
S4373,Student_4373,Female,IIT Sri Lanka,Cybersecurity,3,Networking,Security Analyst,Intermediate,Galle,student_4373@student.edu,2.77,remote_only,kinesthetic,career_guidance,casual,"English,Tamil",1
S4374,Student_4374,Male,IIT Sri Lanka,SE,2,Software Engineering,Security Analyst,Beginner,Colombo,student_4374@student.edu,3.62,remote_only,auditory,research_guidance,flexible,"English,Tamil",5
S4375,Student_4375,Male,IIT Sri Lanka,IT,1,Data Science,Security Analyst,Beginner,Galle,student_4375@student.edu,3.13,remote_only,visual,job_search,flexible,"English,Tamil",1
S4376,Student_4376,Female,University of Peradeniya,Data Science,1,AI/ML,Security Analyst,Advanced,Gampaha,student_4376@student.edu,2.82,remote_only,auditory,job_search,flexible,English,5
S4377,Student_4377,Female,University of Colombo,SE,2,Networking,Security Analyst,Advanced,Galle,student_4377@student.edu,3.55,remote_only,kinesthetic,networking,casual,"English,Sinhala",7
S4378,Student_4378,Male,University of Moratuwa,Data Science,1,Networking,Security Analyst,Intermediate,Colombo,student_4378@student.edu,3.3,same_university,auditory,skill_development,formal,"English,Sinhala",6
S4379,Student_4379,Female,SLIIT,Data Science,4,Cybersecurity,Security Analyst,Advanced,Kurunegala,student_4379@student.edu,3.78,same_city,auditory,job_search,formal,English,2
S4380,Student_4380,Male,University of Colombo,Data Science,2,Software Engineering,Lecturer,Intermediate,Colombo,student_4380@student.edu,3.36,any,reading,career_guidance,formal,English,2
S4381,Student_4381,Female,University of Moratuwa,SE,3,Business IT,Data Scientist,Beginner,Kandy,student_4381@student.edu,2.72,any,kinesthetic,networking,structured,English,7
S4382,Student_4382,Female,SLIIT,Cybersecurity,3,Networking,Lecturer,Advanced,Colombo,student_4382@student.edu,3.77,any,visual,career_guidance,formal,"English,Sinhala",2
S4383,Student_4383,Female,SLIIT,CS,2,Business IT,Lecturer,Advanced,Gampaha,student_4383@student.edu,2.77,same_university,reading,research_guidance,formal,"English,Tamil",1
S4384,Student_4384,Male,SLIIT,SE,1,Data Science,Lecturer,Beginner,Colombo,student_4384@student.edu,3.78,same_university,auditory,career_guidance,casual,English,2
S4385,Student_4385,Female,IIT Sri Lanka,SE,2,Networking,Software Engineer,Intermediate,Colombo,student_4385@student.edu,3.0,remote_only,kinesthetic,research_guidance,formal,"English,Tamil",8
S4386,Student_4386,Female,IIT Sri Lanka,Data Science,1,Software Engineering,Data Scientist,Beginner,Kandy,student_4386@student.edu,2.86,same_city,reading,networking,formal,"English,Sinhala",1
S4387,Student_4387,Female,University of Peradeniya,IT,2,AI/ML,Data Scientist,Intermediate,Kurunegala,student_4387@student.edu,3.1,remote_only,reading,skill_development,formal,English,6
S4388,Student_4388,Male,University of Peradeniya,SE,4,Business IT,Software Engineer,Intermediate,Colombo,student_4388@student.edu,3.64,any,kinesthetic,research_guidance,formal,"English,Sinhala",2
S4389,Student_4389,Female,University of Colombo,IT,4,Cybersecurity,Lecturer,Intermediate,Colombo,student_4389@student.edu,2.73,same_university,auditory,research_guidance,casual,"English,Sinhala",5
S4390,Student_4390,Male,University of Moratuwa,Data Science,1,Software Engineering,Data Scientist,Intermediate,Gampaha,student_4390@student.edu,3.0,same_city,kinesthetic,research_guidance,casual,English,9
S4391,Student_4391,Female,University of Kelaniya,Data Science,1,Data Science,Security Analyst,Beginner,Gampaha,student_4391@student.edu,3.82,any,reading,job_search,formal,English,4
S4392,Student_4392,Male,SLIIT,CS,3,Data Science,Software Engineer,Intermediate,Galle,student_4392@student.edu,3.51,any,reading,research_guidance,formal,"English,Sinhala",2
S4393,Student_4393,Male,University of Moratuwa,SE,3,Networking,Security Analyst,Intermediate,Kurunegala,student_4393@student.edu,3.46,remote_only,auditory,networking,flexible,"English,Tamil",2
S4394,Student_4394,Male,University of Kelaniya,Data Science,1,Cybersecurity,Data Scientist,Beginner,Kandy,student_4394@student.edu,3.53,same_city,auditory,networking,flexible,"English,Sinhala",9
S4395,Student_4395,Male,University of Colombo,IT,1,Networking,Security Analyst,Advanced,Galle,student_4395@student.edu,3.7,same_city,kinesthetic,skill_development,flexible,English,7
S4396,Student_4396,Male,University of Colombo,Data Science,4,Cybersecurity,Software Engineer,Beginner,Galle,student_4396@student.edu,2.93,same_university,auditory,career_guidance,formal,English,4
S4397,Student_4397,Male,University of Colombo,Cybersecurity,4,AI/ML,Lecturer,Advanced,Gampaha,student_4397@student.edu,3.87,same_university,visual,skill_development,casual,"English,Tamil",7
S4398,Student_4398,Male,University of Peradeniya,Cybersecurity,4,Data Science,Lecturer,Intermediate,Kurunegala,student_4398@student.edu,3.53,same_city,auditory,networking,casual,"English,Tamil",6
S4399,Student_4399,Female,University of Peradeniya,Data Science,2,Business IT,Data Scientist,Advanced,Gampaha,student_4399@student.edu,3.77,remote_only,reading,career_guidance,structured,"English,Sinhala",8
S4400,Student_4400,Female,University of Colombo,Data Science,2,Data Science,Lecturer,Advanced,Gampaha,student_4400@student.edu,3.27,same_city,reading,skill_development,flexible,"English,Sinhala",7
S4401,Student_4401,Female,NSBM,SE,1,Data Science,Lecturer,Beginner,Gampaha,student_4401@student.edu,2.93,remote_only,visual,career_guidance,flexible,"English,Sinhala",7
S4402,Student_4402,Male,NSBM,IT,2,Software Engineering,Security Analyst,Beginner,Kandy,student_4402@student.edu,3.01,same_city,reading,networking,formal,"English,Sinhala",9
S4403,Student_4403,Male,NSBM,Cybersecurity,2,Networking,Data Scientist,Advanced,Colombo,student_4403@student.edu,3.57,same_university,reading,career_guidance,flexible,"English,Sinhala",6
S4404,Student_4404,Male,University of Peradeniya,SE,3,Business IT,Data Scientist,Beginner,Gampaha,student_4404@student.edu,3.68,any,visual,career_guidance,flexible,"English,Sinhala",9
S4405,Student_4405,Male,IIT Sri Lanka,SE,1,AI/ML,Lecturer,Advanced,Kandy,student_4405@student.edu,3.47,same_university,auditory,skill_development,flexible,"English,Tamil",3
S4406,Student_4406,Female,University of Peradeniya,IT,2,Networking,Lecturer,Beginner,Galle,student_4406@student.edu,3.08,any,reading,networking,flexible,"English,Tamil",3
S4407,Student_4407,Female,NSBM,Cybersecurity,2,Data Science,Lecturer,Intermediate,Colombo,student_4407@student.edu,3.5,remote_only,visual,research_guidance,formal,"English,Sinhala",6
S4408,Student_4408,Female,University of Colombo,IT,3,Cybersecurity,Software Engineer,Advanced,Colombo,student_4408@student.edu,3.92,same_university,kinesthetic,networking,casual,"English,Sinhala",2
S4409,Student_4409,Female,University of Colombo,CS,4,Cybersecurity,Data Scientist,Advanced,Gampaha,student_4409@student.edu,3.35,remote_only,visual,job_search,casual,English,2
S4410,Student_4410,Male,IIT Sri Lanka,SE,2,Cybersecurity,Lecturer,Advanced,Gampaha,student_4410@student.edu,2.54,same_city,visual,job_search,casual,"English,Sinhala",8
S4411,Student_4411,Male,University of Moratuwa,CS,3,Business IT,Software Engineer,Intermediate,Gampaha,student_4411@student.edu,3.0,same_university,auditory,career_guidance,casual,"English,Sinhala",6
S4412,Student_4412,Male,NSBM,Cybersecurity,1,AI/ML,Data Scientist,Beginner,Gampaha,student_4412@student.edu,2.86,remote_only,visual,career_guidance,casual,"English,Tamil",2
S4413,Student_4413,Male,University of Moratuwa,IT,3,Data Science,Security Analyst,Advanced,Gampaha,student_4413@student.edu,3.41,same_university,kinesthetic,job_search,structured,English,6
S4414,Student_4414,Female,University of Peradeniya,IT,4,Business IT,Software Engineer,Advanced,Colombo,student_4414@student.edu,2.5,same_university,kinesthetic,skill_development,casual,"English,Sinhala",1
S4415,Student_4415,Female,University of Moratuwa,CS,1,Data Science,Data Scientist,Intermediate,Galle,student_4415@student.edu,3.44,same_city,auditory,skill_development,flexible,"English,Tamil",9
S4416,Student_4416,Female,NSBM,IT,3,Networking,Data Scientist,Intermediate,Kurunegala,student_4416@student.edu,3.29,any,kinesthetic,networking,formal,"English,Tamil",6
S4417,Student_4417,Male,University of Peradeniya,CS,3,Business IT,Data Scientist,Beginner,Colombo,student_4417@student.edu,3.96,remote_only,kinesthetic,job_search,flexible,"English,Tamil",8
S4418,Student_4418,Female,University of Moratuwa,IT,1,AI/ML,Lecturer,Intermediate,Gampaha,student_4418@student.edu,2.92,same_city,auditory,career_guidance,formal,"English,Tamil",8
S4419,Student_4419,Female,University of Peradeniya,CS,2,Networking,Software Engineer,Beginner,Gampaha,student_4419@student.edu,3.23,same_city,kinesthetic,skill_development,flexible,English,2
S4420,Student_4420,Female,University of Moratuwa,IT,2,Business IT,Lecturer,Beginner,Galle,student_4420@student.edu,2.81,same_city,kinesthetic,job_search,flexible,English,6
S4421,Student_4421,Male,IIT Sri Lanka,CS,2,Business IT,Lecturer,Advanced,Colombo,student_4421@student.edu,3.98,remote_only,visual,skill_development,flexible,English,2
S4422,Student_4422,Female,University of Kelaniya,CS,2,Business IT,Lecturer,Advanced,Gampaha,student_4422@student.edu,2.83,same_university,auditory,job_search,structured,English,8
S4423,Student_4423,Female,University of Kelaniya,SE,4,Networking,Data Scientist,Intermediate,Kandy,student_4423@student.edu,2.92,same_city,visual,skill_development,casual,"English,Sinhala",5
S4424,Student_4424,Male,IIT Sri Lanka,IT,2,Data Science,Software Engineer,Beginner,Colombo,student_4424@student.edu,3.72,same_city,reading,job_search,flexible,"English,Tamil",1
S4425,Student_4425,Male,NSBM,IT,2,Cybersecurity,Security Analyst,Beginner,Galle,student_4425@student.edu,2.55,same_university,visual,research_guidance,flexible,English,7
S4426,Student_4426,Female,University of Colombo,CS,4,Software Engineering,Lecturer,Intermediate,Galle,student_4426@student.edu,3.35,same_city,auditory,research_guidance,flexible,"English,Tamil",6
S4427,Student_4427,Female,University of Moratuwa,IT,3,Cybersecurity,Security Analyst,Intermediate,Galle,student_4427@student.edu,3.59,any,kinesthetic,career_guidance,structured,English,6
S4428,Student_4428,Female,NSBM,Data Science,4,Data Science,Data Scientist,Intermediate,Gampaha,student_4428@student.edu,3.93,remote_only,kinesthetic,job_search,flexible,English,6
S4429,Student_4429,Male,SLIIT,SE,4,Cybersecurity,Lecturer,Beginner,Kandy,student_4429@student.edu,3.89,remote_only,auditory,networking,casual,English,1
S4430,Student_4430,Male,University of Kelaniya,CS,4,Cybersecurity,Security Analyst,Intermediate,Colombo,student_4430@student.edu,3.13,same_university,kinesthetic,career_guidance,formal,"English,Tamil",5
S4431,Student_4431,Male,SLIIT,CS,3,Data Science,Security Analyst,Beginner,Kandy,student_4431@student.edu,3.01,any,auditory,job_search,casual,English,4
S4432,Student_4432,Female,University of Colombo,Cybersecurity,4,Cybersecurity,Lecturer,Advanced,Colombo,student_4432@student.edu,3.34,same_city,visual,job_search,formal,"English,Tamil",8
S4433,Student_4433,Female,University of Moratuwa,IT,3,Data Science,Lecturer,Intermediate,Gampaha,student_4433@student.edu,3.64,same_university,kinesthetic,job_search,formal,"English,Tamil",6
S4434,Student_4434,Female,University of Moratuwa,SE,2,Business IT,Data Scientist,Intermediate,Kurunegala,student_4434@student.edu,3.89,remote_only,kinesthetic,skill_development,flexible,"English,Tamil",6
S4435,Student_4435,Male,University of Moratuwa,SE,1,AI/ML,Software Engineer,Intermediate,Gampaha,student_4435@student.edu,2.93,remote_only,visual,skill_development,flexible,"English,Tamil",3
S4436,Student_4436,Female,University of Kelaniya,IT,1,Software Engineering,Software Engineer,Beginner,Kandy,student_4436@student.edu,3.77,any,kinesthetic,career_guidance,formal,"English,Sinhala",6
S4437,Student_4437,Male,University of Moratuwa,Cybersecurity,3,Data Science,Lecturer,Beginner,Colombo,student_4437@student.edu,3.33,any,auditory,job_search,formal,"English,Sinhala",8
S4438,Student_4438,Female,SLIIT,IT,4,Data Science,Data Scientist,Intermediate,Kandy,student_4438@student.edu,3.8,same_university,auditory,research_guidance,formal,"English,Tamil",9
S4439,Student_4439,Male,IIT Sri Lanka,CS,2,AI/ML,Security Analyst,Intermediate,Galle,student_4439@student.edu,3.54,any,kinesthetic,skill_development,formal,English,9
S4440,Student_4440,Male,NSBM,SE,1,Software Engineering,Data Scientist,Beginner,Colombo,student_4440@student.edu,3.2,same_city,reading,networking,formal,"English,Sinhala",3
S4441,Student_4441,Male,NSBM,SE,4,AI/ML,Security Analyst,Intermediate,Gampaha,student_4441@student.edu,2.63,any,reading,job_search,flexible,"English,Tamil",2
S4442,Student_4442,Male,University of Moratuwa,Data Science,4,Networking,Software Engineer,Beginner,Gampaha,student_4442@student.edu,3.97,remote_only,reading,career_guidance,flexible,English,7
S4443,Student_4443,Female,University of Kelaniya,IT,1,Software Engineering,Software Engineer,Beginner,Kurunegala,student_4443@student.edu,3.56,same_city,kinesthetic,job_search,flexible,"English,Tamil",9
S4444,Student_4444,Male,IIT Sri Lanka,SE,2,Networking,Lecturer,Advanced,Gampaha,student_4444@student.edu,3.61,same_university,reading,career_guidance,casual,"English,Tamil",7
S4445,Student_4445,Male,University of Peradeniya,Cybersecurity,1,Networking,Data Scientist,Beginner,Colombo,student_4445@student.edu,3.3,same_city,visual,career_guidance,structured,"English,Tamil",2
S4446,Student_4446,Female,NSBM,CS,3,Business IT,Data Scientist,Beginner,Galle,student_4446@student.edu,3.0,same_university,kinesthetic,networking,structured,"English,Tamil",4
S4447,Student_4447,Female,University of Kelaniya,CS,3,Cybersecurity,Data Scientist,Beginner,Colombo,student_4447@student.edu,2.9,remote_only,reading,skill_development,formal,"English,Tamil",1
S4448,Student_4448,Male,IIT Sri Lanka,CS,4,Data Science,Lecturer,Beginner,Gampaha,student_4448@student.edu,2.61,remote_only,auditory,job_search,formal,"English,Sinhala",2
S4449,Student_4449,Male,SLIIT,IT,1,AI/ML,Lecturer,Beginner,Gampaha,student_4449@student.edu,3.33,same_university,kinesthetic,networking,formal,"English,Sinhala",5
S4450,Student_4450,Male,IIT Sri Lanka,IT,2,Networking,Security Analyst,Beginner,Colombo,student_4450@student.edu,2.6,same_university,auditory,networking,casual,English,6
S4451,Student_4451,Female,University of Moratuwa,IT,2,AI/ML,Security Analyst,Beginner,Colombo,student_4451@student.edu,3.44,remote_only,reading,job_search,flexible,"English,Sinhala",7
S4452,Student_4452,Female,University of Kelaniya,CS,3,Software Engineering,Security Analyst,Beginner,Kandy,student_4452@student.edu,3.12,same_university,auditory,skill_development,flexible,"English,Tamil",4
S4453,Student_4453,Female,NSBM,CS,2,AI/ML,Security Analyst,Advanced,Colombo,student_4453@student.edu,2.94,same_university,visual,networking,flexible,"English,Tamil",3
S4454,Student_4454,Female,IIT Sri Lanka,CS,3,Software Engineering,Security Analyst,Intermediate,Kurunegala,student_4454@student.edu,2.65,any,reading,career_guidance,casual,"English,Sinhala",4
S4455,Student_4455,Female,University of Kelaniya,SE,2,Software Engineering,Security Analyst,Advanced,Kandy,student_4455@student.edu,2.52,any,auditory,career_guidance,casual,"English,Tamil",1
S4456,Student_4456,Female,NSBM,IT,2,Cybersecurity,Software Engineer,Advanced,Galle,student_4456@student.edu,3.57,same_city,visual,career_guidance,structured,"English,Tamil",9
S4457,Student_4457,Male,IIT Sri Lanka,IT,4,Networking,Software Engineer,Advanced,Kandy,student_4457@student.edu,2.56,remote_only,kinesthetic,career_guidance,formal,"English,Sinhala",7
S4458,Student_4458,Male,University of Kelaniya,Cybersecurity,1,Cybersecurity,Software Engineer,Beginner,Kandy,student_4458@student.edu,3.74,any,auditory,career_guidance,flexible,"English,Sinhala",1
S4459,Student_4459,Male,IIT Sri Lanka,CS,4,Networking,Data Scientist,Advanced,Galle,student_4459@student.edu,3.22,any,auditory,career_guidance,formal,"English,Sinhala",8
S4460,Student_4460,Female,University of Colombo,Cybersecurity,1,Cybersecurity,Security Analyst,Advanced,Kandy,student_4460@student.edu,2.77,remote_only,auditory,career_guidance,flexible,English,5
S4461,Student_4461,Male,SLIIT,Data Science,2,Business IT,Software Engineer,Beginner,Kurunegala,student_4461@student.edu,3.5,same_university,visual,career_guidance,structured,"English,Sinhala",9
S4462,Student_4462,Female,IIT Sri Lanka,SE,4,Networking,Data Scientist,Intermediate,Kurunegala,student_4462@student.edu,2.55,same_city,reading,networking,structured,"English,Tamil",3
S4463,Student_4463,Female,University of Kelaniya,Cybersecurity,1,AI/ML,Security Analyst,Intermediate,Galle,student_4463@student.edu,3.76,any,reading,networking,flexible,"English,Sinhala",6
S4464,Student_4464,Male,NSBM,SE,1,Software Engineering,Security Analyst,Intermediate,Kurunegala,student_4464@student.edu,3.81,any,reading,research_guidance,formal,"English,Sinhala",2
S4465,Student_4465,Female,University of Colombo,CS,2,Business IT,Software Engineer,Advanced,Galle,student_4465@student.edu,2.93,any,kinesthetic,research_guidance,structured,"English,Sinhala",5
S4466,Student_4466,Male,NSBM,Cybersecurity,3,Business IT,Software Engineer,Beginner,Gampaha,student_4466@student.edu,3.99,same_university,auditory,research_guidance,structured,"English,Sinhala",4
S4467,Student_4467,Female,University of Moratuwa,IT,1,Software Engineering,Software Engineer,Intermediate,Colombo,student_4467@student.edu,2.53,same_city,auditory,career_guidance,flexible,"English,Tamil",8
S4468,Student_4468,Female,University of Kelaniya,Cybersecurity,1,Data Science,Lecturer,Beginner,Kurunegala,student_4468@student.edu,3.05,same_university,visual,networking,formal,English,3
S4469,Student_4469,Male,NSBM,CS,2,AI/ML,Software Engineer,Advanced,Kandy,student_4469@student.edu,3.28,same_university,auditory,research_guidance,casual,English,7
S4470,Student_4470,Male,IIT Sri Lanka,IT,2,Data Science,Data Scientist,Advanced,Kurunegala,student_4470@student.edu,3.69,any,visual,career_guidance,casual,"English,Sinhala",9
S4471,Student_4471,Male,IIT Sri Lanka,SE,1,Data Science,Data Scientist,Beginner,Galle,student_4471@student.edu,3.57,remote_only,visual,career_guidance,structured,"English,Tamil",7
S4472,Student_4472,Female,University of Peradeniya,SE,2,Data Science,Software Engineer,Beginner,Kurunegala,student_4472@student.edu,3.25,same_university,visual,job_search,casual,English,8
S4473,Student_4473,Male,University of Kelaniya,CS,1,Cybersecurity,Security Analyst,Beginner,Kurunegala,student_4473@student.edu,2.83,same_university,kinesthetic,research_guidance,flexible,English,3
S4474,Student_4474,Male,University of Moratuwa,IT,3,Cybersecurity,Lecturer,Advanced,Kurunegala,student_4474@student.edu,2.79,any,visual,skill_development,flexible,"English,Tamil",8
S4475,Student_4475,Male,University of Colombo,Data Science,4,Networking,Security Analyst,Intermediate,Colombo,student_4475@student.edu,3.64,any,reading,job_search,formal,"English,Tamil",9
S4476,Student_4476,Male,University of Peradeniya,Cybersecurity,1,Networking,Software Engineer,Advanced,Colombo,student_4476@student.edu,3.42,any,visual,research_guidance,formal,English,5
S4477,Student_4477,Male,NSBM,Cybersecurity,2,Data Science,Data Scientist,Intermediate,Galle,student_4477@student.edu,2.51,remote_only,visual,research_guidance,structured,English,6
S4478,Student_4478,Male,University of Colombo,IT,2,Networking,Security Analyst,Advanced,Kurunegala,student_4478@student.edu,3.13,same_city,visual,job_search,structured,"English,Sinhala",2
S4479,Student_4479,Female,University of Peradeniya,Data Science,1,AI/ML,Lecturer,Advanced,Colombo,student_4479@student.edu,3.46,remote_only,auditory,research_guidance,structured,"English,Tamil",2
S4480,Student_4480,Female,SLIIT,CS,1,Cybersecurity,Security Analyst,Intermediate,Kurunegala,student_4480@student.edu,2.57,same_university,visual,career_guidance,formal,"English,Tamil",7
S4481,Student_4481,Male,University of Moratuwa,Cybersecurity,4,Networking,Software Engineer,Advanced,Colombo,student_4481@student.edu,3.65,remote_only,auditory,networking,flexible,"English,Tamil",4
S4482,Student_4482,Male,University of Moratuwa,SE,3,Cybersecurity,Data Scientist,Advanced,Galle,student_4482@student.edu,3.15,any,kinesthetic,skill_development,casual,"English,Sinhala",9
S4483,Student_4483,Male,SLIIT,Data Science,2,Data Science,Data Scientist,Intermediate,Galle,student_4483@student.edu,2.8,same_university,auditory,networking,formal,English,5
S4484,Student_4484,Male,University of Moratuwa,IT,1,Data Science,Security Analyst,Advanced,Kurunegala,student_4484@student.edu,2.7,same_city,reading,networking,casual,"English,Tamil",8
S4485,Student_4485,Female,University of Peradeniya,SE,1,Software Engineering,Lecturer,Beginner,Galle,student_4485@student.edu,2.71,same_city,kinesthetic,job_search,casual,English,3
S4486,Student_4486,Female,University of Moratuwa,Cybersecurity,1,Business IT,Lecturer,Intermediate,Kurunegala,student_4486@student.edu,3.21,remote_only,kinesthetic,research_guidance,flexible,"English,Tamil",8
S4487,Student_4487,Male,NSBM,Data Science,4,Software Engineering,Software Engineer,Advanced,Colombo,student_4487@student.edu,3.33,any,kinesthetic,career_guidance,structured,"English,Sinhala",1
S4488,Student_4488,Female,IIT Sri Lanka,IT,1,Business IT,Lecturer,Advanced,Galle,student_4488@student.edu,3.37,same_university,auditory,career_guidance,formal,"English,Tamil",2
S4489,Student_4489,Female,University of Moratuwa,SE,3,Business IT,Data Scientist,Advanced,Kurunegala,student_4489@student.edu,3.72,remote_only,visual,job_search,formal,"English,Sinhala",5
S4490,Student_4490,Female,University of Peradeniya,Cybersecurity,4,AI/ML,Data Scientist,Intermediate,Galle,student_4490@student.edu,3.29,any,auditory,job_search,structured,English,1
S4491,Student_4491,Male,University of Colombo,Cybersecurity,3,Cybersecurity,Software Engineer,Beginner,Kandy,student_4491@student.edu,3.74,remote_only,visual,skill_development,structured,"English,Sinhala",7
S4492,Student_4492,Female,IIT Sri Lanka,CS,4,Cybersecurity,Data Scientist,Advanced,Colombo,student_4492@student.edu,3.47,same_city,kinesthetic,research_guidance,casual,English,7
S4493,Student_4493,Male,NSBM,Cybersecurity,2,Software Engineering,Lecturer,Intermediate,Kandy,student_4493@student.edu,3.41,same_city,reading,research_guidance,flexible,"English,Sinhala",4
S4494,Student_4494,Female,University of Peradeniya,SE,4,Cybersecurity,Data Scientist,Advanced,Kurunegala,student_4494@student.edu,2.76,remote_only,kinesthetic,career_guidance,flexible,English,9
S4495,Student_4495,Female,University of Peradeniya,SE,2,Data Science,Lecturer,Intermediate,Colombo,student_4495@student.edu,2.66,same_university,kinesthetic,career_guidance,structured,"English,Tamil",5
S4496,Student_4496,Male,University of Colombo,Data Science,2,Networking,Software Engineer,Beginner,Galle,student_4496@student.edu,2.62,remote_only,kinesthetic,career_guidance,formal,"English,Sinhala",3
S4497,Student_4497,Female,University of Moratuwa,SE,1,Cybersecurity,Security Analyst,Beginner,Kurunegala,student_4497@student.edu,3.08,same_university,kinesthetic,job_search,casual,English,4
S4498,Student_4498,Male,IIT Sri Lanka,SE,2,Networking,Lecturer,Beginner,Gampaha,student_4498@student.edu,2.93,any,kinesthetic,job_search,structured,English,7
S4499,Student_4499,Female,IIT Sri Lanka,IT,1,Business IT,Security Analyst,Advanced,Gampaha,student_4499@student.edu,3.78,any,auditory,research_guidance,flexible,"English,Tamil",4
S4500,Student_4500,Male,IIT Sri Lanka,SE,2,AI/ML,Software Engineer,Intermediate,Kandy,student_4500@student.edu,3.28,same_university,auditory,skill_development,formal,"English,Tamil",5
S4501,Student_4501,Male,University of Peradeniya,Data Science,1,AI/ML,Security Analyst,Beginner,Kandy,student_4501@student.edu,3.0,remote_only,visual,skill_development,flexible,"English,Tamil",8
S4502,Student_4502,Male,University of Colombo,IT,1,AI/ML,Software Engineer,Intermediate,Kandy,student_4502@student.edu,3.06,same_university,visual,job_search,flexible,"English,Sinhala",5
S4503,Student_4503,Male,IIT Sri Lanka,IT,1,Business IT,Security Analyst,Beginner,Kurunegala,student_4503@student.edu,3.8,same_city,visual,research_guidance,casual,"English,Tamil",7
S4504,Student_4504,Female,University of Moratuwa,IT,1,Software Engineering,Lecturer,Intermediate,Kurunegala,student_4504@student.edu,2.98,same_city,auditory,career_guidance,formal,"English,Tamil",4
S4505,Student_4505,Female,University of Moratuwa,IT,2,Business IT,Software Engineer,Advanced,Kurunegala,student_4505@student.edu,2.63,remote_only,visual,networking,structured,English,7
S4506,Student_4506,Male,University of Colombo,Cybersecurity,2,Data Science,Security Analyst,Beginner,Galle,student_4506@student.edu,3.44,remote_only,kinesthetic,skill_development,flexible,"English,Tamil",4
S4507,Student_4507,Male,IIT Sri Lanka,IT,1,Software Engineering,Lecturer,Advanced,Kurunegala,student_4507@student.edu,2.58,remote_only,reading,skill_development,formal,English,9
S4508,Student_4508,Female,SLIIT,Cybersecurity,1,AI/ML,Software Engineer,Intermediate,Gampaha,student_4508@student.edu,3.89,remote_only,auditory,networking,casual,"English,Tamil",9
S4509,Student_4509,Female,University of Peradeniya,CS,1,Networking,Data Scientist,Intermediate,Gampaha,student_4509@student.edu,2.74,remote_only,visual,skill_development,formal,"English,Tamil",1
S4510,Student_4510,Male,University of Colombo,Cybersecurity,3,AI/ML,Lecturer,Advanced,Kandy,student_4510@student.edu,2.67,same_university,auditory,networking,structured,English,1
S4511,Student_4511,Male,University of Peradeniya,CS,3,Business IT,Lecturer,Beginner,Gampaha,student_4511@student.edu,3.27,same_university,reading,skill_development,flexible,English,5
S4512,Student_4512,Female,University of Moratuwa,SE,2,Business IT,Security Analyst,Advanced,Kandy,student_4512@student.edu,2.9,remote_only,auditory,skill_development,flexible,"English,Tamil",7
S4513,Student_4513,Female,University of Colombo,Cybersecurity,2,Data Science,Software Engineer,Intermediate,Kurunegala,student_4513@student.edu,2.79,remote_only,auditory,job_search,formal,"English,Sinhala",2
S4514,Student_4514,Female,IIT Sri Lanka,SE,2,Business IT,Software Engineer,Beginner,Kurunegala,student_4514@student.edu,3.53,same_university,auditory,job_search,formal,"English,Sinhala",4
S4515,Student_4515,Male,University of Colombo,SE,1,Data Science,Security Analyst,Beginner,Kandy,student_4515@student.edu,3.85,any,visual,research_guidance,casual,"English,Sinhala",1
S4516,Student_4516,Male,University of Peradeniya,Data Science,4,AI/ML,Data Scientist,Intermediate,Gampaha,student_4516@student.edu,3.78,remote_only,kinesthetic,research_guidance,formal,"English,Tamil",1
S4517,Student_4517,Male,NSBM,SE,2,Networking,Software Engineer,Intermediate,Kurunegala,student_4517@student.edu,3.93,remote_only,reading,job_search,casual,"English,Tamil",9
S4518,Student_4518,Female,University of Moratuwa,SE,1,Cybersecurity,Data Scientist,Advanced,Kandy,student_4518@student.edu,2.65,remote_only,kinesthetic,networking,formal,"English,Sinhala",3
S4519,Student_4519,Male,University of Colombo,SE,2,Data Science,Security Analyst,Intermediate,Galle,student_4519@student.edu,3.35,same_university,kinesthetic,networking,formal,"English,Sinhala",4
S4520,Student_4520,Male,University of Moratuwa,Cybersecurity,4,Business IT,Lecturer,Intermediate,Colombo,student_4520@student.edu,2.75,remote_only,reading,research_guidance,casual,"English,Tamil",1
S4521,Student_4521,Male,University of Colombo,CS,2,Business IT,Lecturer,Intermediate,Galle,student_4521@student.edu,3.47,same_university,kinesthetic,skill_development,structured,English,5
S4522,Student_4522,Male,SLIIT,Cybersecurity,1,AI/ML,Lecturer,Intermediate,Galle,student_4522@student.edu,3.45,same_university,auditory,career_guidance,formal,English,9
S4523,Student_4523,Male,IIT Sri Lanka,Data Science,4,Networking,Software Engineer,Beginner,Gampaha,student_4523@student.edu,3.27,any,visual,networking,structured,"English,Tamil",1
S4524,Student_4524,Male,SLIIT,IT,4,Business IT,Security Analyst,Beginner,Gampaha,student_4524@student.edu,2.65,same_city,visual,career_guidance,structured,"English,Tamil",6
S4525,Student_4525,Male,University of Kelaniya,Data Science,1,Cybersecurity,Software Engineer,Intermediate,Gampaha,student_4525@student.edu,2.86,remote_only,reading,job_search,formal,"English,Tamil",7
S4526,Student_4526,Female,SLIIT,Data Science,2,Networking,Data Scientist,Beginner,Kandy,student_4526@student.edu,3.35,any,kinesthetic,job_search,formal,"English,Tamil",6
S4527,Student_4527,Female,University of Peradeniya,CS,3,Cybersecurity,Data Scientist,Intermediate,Gampaha,student_4527@student.edu,3.08,remote_only,visual,research_guidance,flexible,English,1
S4528,Student_4528,Male,University of Colombo,IT,1,Business IT,Lecturer,Advanced,Kurunegala,student_4528@student.edu,3.85,same_city,reading,job_search,formal,"English,Sinhala",3
S4529,Student_4529,Male,NSBM,SE,1,Software Engineering,Security Analyst,Intermediate,Kurunegala,student_4529@student.edu,3.2,same_university,reading,job_search,flexible,"English,Tamil",5
S4530,Student_4530,Male,University of Peradeniya,SE,1,Cybersecurity,Lecturer,Beginner,Kandy,student_4530@student.edu,3.77,same_city,reading,skill_development,structured,"English,Tamil",3
S4531,Student_4531,Male,IIT Sri Lanka,Data Science,3,Networking,Data Scientist,Advanced,Galle,student_4531@student.edu,3.73,same_university,reading,networking,structured,English,1
S4532,Student_4532,Male,University of Colombo,CS,3,Business IT,Lecturer,Advanced,Colombo,student_4532@student.edu,2.77,any,kinesthetic,networking,flexible,"English,Sinhala",5
S4533,Student_4533,Male,University of Peradeniya,CS,1,AI/ML,Software Engineer,Advanced,Colombo,student_4533@student.edu,2.74,same_city,kinesthetic,career_guidance,flexible,English,4
S4534,Student_4534,Male,University of Peradeniya,Data Science,2,Business IT,Lecturer,Intermediate,Colombo,student_4534@student.edu,2.76,same_city,auditory,research_guidance,flexible,English,4
S4535,Student_4535,Male,University of Kelaniya,IT,4,Cybersecurity,Data Scientist,Intermediate,Colombo,student_4535@student.edu,2.75,any,visual,networking,formal,English,3
S4536,Student_4536,Female,University of Peradeniya,IT,4,Software Engineering,Lecturer,Advanced,Kandy,student_4536@student.edu,3.8,same_city,visual,job_search,formal,"English,Sinhala",4
S4537,Student_4537,Male,University of Colombo,CS,3,Cybersecurity,Security Analyst,Intermediate,Gampaha,student_4537@student.edu,2.74,same_university,auditory,skill_development,formal,English,9
S4538,Student_4538,Female,NSBM,SE,4,AI/ML,Lecturer,Beginner,Colombo,student_4538@student.edu,2.54,any,reading,skill_development,casual,English,8
S4539,Student_4539,Female,University of Peradeniya,CS,4,Software Engineering,Lecturer,Beginner,Colombo,student_4539@student.edu,3.27,same_university,kinesthetic,job_search,formal,"English,Tamil",4
S4540,Student_4540,Female,University of Kelaniya,SE,2,Software Engineering,Software Engineer,Beginner,Gampaha,student_4540@student.edu,3.05,remote_only,auditory,networking,structured,English,6
S4541,Student_4541,Female,University of Kelaniya,Cybersecurity,4,Business IT,Lecturer,Beginner,Galle,student_4541@student.edu,2.57,remote_only,auditory,research_guidance,formal,"English,Tamil",3
S4542,Student_4542,Female,University of Moratuwa,CS,3,Business IT,Security Analyst,Intermediate,Kurunegala,student_4542@student.edu,3.34,any,kinesthetic,job_search,formal,"English,Tamil",8
S4543,Student_4543,Male,NSBM,Data Science,3,Data Science,Security Analyst,Advanced,Gampaha,student_4543@student.edu,3.1,remote_only,kinesthetic,job_search,structured,"English,Tamil",8
S4544,Student_4544,Male,SLIIT,SE,3,AI/ML,Data Scientist,Intermediate,Kurunegala,student_4544@student.edu,3.09,remote_only,kinesthetic,skill_development,flexible,"English,Tamil",1
S4545,Student_4545,Female,NSBM,Cybersecurity,1,AI/ML,Software Engineer,Intermediate,Gampaha,student_4545@student.edu,3.07,any,kinesthetic,networking,flexible,"English,Sinhala",1
S4546,Student_4546,Male,University of Kelaniya,CS,4,AI/ML,Data Scientist,Intermediate,Kurunegala,student_4546@student.edu,2.51,remote_only,auditory,skill_development,formal,"English,Sinhala",4
S4547,Student_4547,Female,University of Kelaniya,Cybersecurity,4,Cybersecurity,Lecturer,Beginner,Kandy,student_4547@student.edu,3.84,any,visual,networking,casual,"English,Sinhala",4
S4548,Student_4548,Female,SLIIT,SE,1,Networking,Lecturer,Beginner,Kurunegala,student_4548@student.edu,2.89,same_university,reading,networking,structured,"English,Sinhala",7
S4549,Student_4549,Male,University of Colombo,IT,1,Data Science,Data Scientist,Intermediate,Colombo,student_4549@student.edu,3.65,same_city,visual,research_guidance,casual,English,2
S4550,Student_4550,Male,IIT Sri Lanka,CS,2,Networking,Software Engineer,Advanced,Galle,student_4550@student.edu,3.45,any,reading,career_guidance,structured,"English,Sinhala",4
S4551,Student_4551,Female,University of Colombo,Cybersecurity,2,Data Science,Lecturer,Beginner,Kurunegala,student_4551@student.edu,3.6,same_university,kinesthetic,job_search,casual,"English,Sinhala",3
S4552,Student_4552,Male,University of Kelaniya,SE,4,Cybersecurity,Security Analyst,Beginner,Galle,student_4552@student.edu,3.93,same_university,visual,skill_development,structured,"English,Sinhala",8
S4553,Student_4553,Male,IIT Sri Lanka,SE,4,Networking,Data Scientist,Advanced,Kandy,student_4553@student.edu,3.29,any,visual,networking,casual,"English,Tamil",5
S4554,Student_4554,Female,SLIIT,SE,1,AI/ML,Lecturer,Advanced,Kurunegala,student_4554@student.edu,2.62,any,reading,career_guidance,flexible,"English,Sinhala",7
S4555,Student_4555,Male,SLIIT,IT,2,Cybersecurity,Security Analyst,Advanced,Kandy,student_4555@student.edu,2.78,remote_only,visual,networking,structured,English,2
S4556,Student_4556,Male,University of Moratuwa,CS,4,Data Science,Security Analyst,Beginner,Kandy,student_4556@student.edu,3.03,remote_only,reading,research_guidance,structured,English,2
S4557,Student_4557,Male,University of Colombo,CS,4,Cybersecurity,Security Analyst,Advanced,Kandy,student_4557@student.edu,3.59,any,reading,career_guidance,casual,"English,Sinhala",3
S4558,Student_4558,Male,University of Kelaniya,SE,2,Cybersecurity,Software Engineer,Beginner,Kandy,student_4558@student.edu,3.67,same_university,kinesthetic,research_guidance,formal,English,8
S4559,Student_4559,Female,SLIIT,IT,4,Business IT,Security Analyst,Beginner,Colombo,student_4559@student.edu,3.04,same_university,auditory,job_search,casual,"English,Sinhala",5
S4560,Student_4560,Male,University of Peradeniya,Data Science,4,Business IT,Lecturer,Beginner,Kandy,student_4560@student.edu,2.84,remote_only,kinesthetic,skill_development,flexible,"English,Tamil",8
S4561,Student_4561,Male,SLIIT,SE,3,Cybersecurity,Security Analyst,Beginner,Kandy,student_4561@student.edu,2.66,same_city,reading,research_guidance,formal,"English,Tamil",9
S4562,Student_4562,Male,University of Peradeniya,CS,4,Data Science,Lecturer,Advanced,Kandy,student_4562@student.edu,2.97,same_city,reading,skill_development,flexible,English,5
S4563,Student_4563,Male,SLIIT,Data Science,4,Cybersecurity,Data Scientist,Advanced,Colombo,student_4563@student.edu,2.87,same_city,reading,networking,casual,"English,Sinhala",5
S4564,Student_4564,Male,University of Colombo,CS,3,Data Science,Security Analyst,Advanced,Gampaha,student_4564@student.edu,3.91,any,kinesthetic,research_guidance,structured,"English,Sinhala",6
S4565,Student_4565,Female,University of Kelaniya,IT,2,Cybersecurity,Security Analyst,Intermediate,Colombo,student_4565@student.edu,3.63,same_university,auditory,research_guidance,structured,"English,Tamil",4
S4566,Student_4566,Female,IIT Sri Lanka,Cybersecurity,3,Business IT,Security Analyst,Beginner,Galle,student_4566@student.edu,2.97,any,visual,skill_development,casual,"English,Sinhala",5
S4567,Student_4567,Female,University of Peradeniya,CS,4,Networking,Security Analyst,Intermediate,Colombo,student_4567@student.edu,2.95,any,kinesthetic,networking,casual,"English,Sinhala",2
S4568,Student_4568,Female,University of Kelaniya,CS,3,Networking,Lecturer,Beginner,Galle,student_4568@student.edu,3.77,any,auditory,networking,formal,"English,Tamil",6
S4569,Student_4569,Male,IIT Sri Lanka,Data Science,3,Networking,Data Scientist,Beginner,Gampaha,student_4569@student.edu,3.74,same_city,reading,job_search,flexible,"English,Sinhala",7
S4570,Student_4570,Male,IIT Sri Lanka,CS,2,Software Engineering,Data Scientist,Beginner,Colombo,student_4570@student.edu,2.77,any,kinesthetic,career_guidance,formal,"English,Tamil",8
S4571,Student_4571,Male,University of Moratuwa,Cybersecurity,1,Networking,Lecturer,Advanced,Gampaha,student_4571@student.edu,3.69,any,visual,skill_development,casual,English,6
S4572,Student_4572,Male,SLIIT,SE,1,Networking,Data Scientist,Intermediate,Colombo,student_4572@student.edu,3.83,same_university,visual,career_guidance,structured,English,6
S4573,Student_4573,Male,SLIIT,CS,3,Data Science,Security Analyst,Intermediate,Gampaha,student_4573@student.edu,3.03,same_university,kinesthetic,research_guidance,formal,English,2
S4574,Student_4574,Male,University of Peradeniya,Data Science,3,Data Science,Data Scientist,Beginner,Colombo,student_4574@student.edu,2.52,same_university,auditory,job_search,casual,English,6
S4575,Student_4575,Female,University of Peradeniya,Data Science,4,Data Science,Data Scientist,Beginner,Galle,student_4575@student.edu,3.29,same_city,kinesthetic,research_guidance,formal,English,3
S4576,Student_4576,Female,University of Peradeniya,CS,3,AI/ML,Lecturer,Intermediate,Galle,student_4576@student.edu,3.11,same_university,reading,networking,formal,"English,Tamil",8
S4577,Student_4577,Male,NSBM,Data Science,2,Business IT,Data Scientist,Intermediate,Gampaha,student_4577@student.edu,3.58,any,reading,career_guidance,flexible,"English,Tamil",9
S4578,Student_4578,Male,University of Colombo,IT,4,Software Engineering,Security Analyst,Beginner,Kandy,student_4578@student.edu,3.14,same_university,reading,research_guidance,formal,"English,Tamil",3
S4579,Student_4579,Male,NSBM,SE,3,Data Science,Data Scientist,Intermediate,Kurunegala,student_4579@student.edu,3.18,any,visual,career_guidance,structured,"English,Sinhala",8
S4580,Student_4580,Female,University of Kelaniya,SE,4,Cybersecurity,Lecturer,Intermediate,Kandy,student_4580@student.edu,3.79,any,reading,skill_development,flexible,"English,Tamil",2
S4581,Student_4581,Male,SLIIT,CS,2,Business IT,Lecturer,Advanced,Kandy,student_4581@student.edu,3.2,same_city,kinesthetic,research_guidance,structured,"English,Sinhala",1
S4582,Student_4582,Female,University of Kelaniya,IT,4,AI/ML,Lecturer,Beginner,Galle,student_4582@student.edu,3.22,any,reading,research_guidance,casual,"English,Sinhala",2
S4583,Student_4583,Female,University of Moratuwa,SE,4,AI/ML,Data Scientist,Beginner,Galle,student_4583@student.edu,3.02,remote_only,kinesthetic,job_search,flexible,English,7
S4584,Student_4584,Male,NSBM,SE,2,Networking,Lecturer,Intermediate,Colombo,student_4584@student.edu,3.62,same_university,kinesthetic,job_search,formal,English,9
S4585,Student_4585,Male,IIT Sri Lanka,SE,3,Networking,Software Engineer,Intermediate,Gampaha,student_4585@student.edu,3.48,same_university,auditory,networking,flexible,"English,Tamil",2
S4586,Student_4586,Female,University of Kelaniya,SE,2,Data Science,Data Scientist,Intermediate,Gampaha,student_4586@student.edu,2.58,same_city,auditory,skill_development,formal,"English,Tamil",5
S4587,Student_4587,Male,University of Peradeniya,CS,3,Cybersecurity,Software Engineer,Beginner,Gampaha,student_4587@student.edu,3.2,remote_only,visual,career_guidance,formal,English,9
S4588,Student_4588,Male,University of Moratuwa,IT,3,AI/ML,Software Engineer,Beginner,Kandy,student_4588@student.edu,3.93,same_university,visual,research_guidance,flexible,"English,Tamil",8
S4589,Student_4589,Male,University of Moratuwa,Data Science,1,AI/ML,Software Engineer,Advanced,Galle,student_4589@student.edu,2.55,remote_only,reading,networking,formal,"English,Sinhala",6
S4590,Student_4590,Male,University of Kelaniya,Cybersecurity,1,Software Engineering,Software Engineer,Beginner,Kurunegala,student_4590@student.edu,3.24,remote_only,visual,career_guidance,flexible,"English,Tamil",1
S4591,Student_4591,Female,NSBM,SE,4,Software Engineering,Security Analyst,Advanced,Kandy,student_4591@student.edu,2.51,same_university,auditory,research_guidance,flexible,"English,Sinhala",4
S4592,Student_4592,Female,University of Colombo,SE,4,AI/ML,Software Engineer,Advanced,Colombo,student_4592@student.edu,3.37,any,auditory,skill_development,flexible,"English,Sinhala",4
S4593,Student_4593,Male,NSBM,CS,2,Software Engineering,Security Analyst,Advanced,Kandy,student_4593@student.edu,3.25,any,auditory,networking,flexible,"English,Tamil",5
S4594,Student_4594,Male,University of Colombo,Data Science,2,Business IT,Software Engineer,Beginner,Colombo,student_4594@student.edu,3.67,any,reading,skill_development,casual,English,3
S4595,Student_4595,Female,University of Colombo,Cybersecurity,4,Business IT,Lecturer,Intermediate,Colombo,student_4595@student.edu,2.51,same_university,visual,networking,casual,"English,Sinhala",4
S4596,Student_4596,Male,SLIIT,IT,4,Cybersecurity,Data Scientist,Advanced,Kandy,student_4596@student.edu,2.79,any,visual,job_search,formal,"English,Sinhala",2
S4597,Student_4597,Female,University of Colombo,Cybersecurity,1,Cybersecurity,Software Engineer,Beginner,Gampaha,student_4597@student.edu,3.48,same_university,auditory,job_search,formal,"English,Tamil",5
S4598,Student_4598,Female,SLIIT,CS,2,Networking,Security Analyst,Intermediate,Gampaha,student_4598@student.edu,2.56,same_university,reading,research_guidance,flexible,English,2
S4599,Student_4599,Female,University of Kelaniya,Data Science,2,Software Engineering,Data Scientist,Beginner,Kurunegala,student_4599@student.edu,3.24,any,kinesthetic,job_search,flexible,"English,Tamil",8
S4600,Student_4600,Male,University of Peradeniya,Cybersecurity,2,Data Science,Software Engineer,Advanced,Kurunegala,student_4600@student.edu,3.32,same_city,reading,networking,flexible,English,1
S4601,Student_4601,Male,University of Peradeniya,IT,4,Business IT,Lecturer,Intermediate,Kurunegala,student_4601@student.edu,3.19,same_city,visual,job_search,flexible,"English,Sinhala",6
S4602,Student_4602,Female,University of Colombo,SE,4,Business IT,Data Scientist,Beginner,Colombo,student_4602@student.edu,2.7,same_city,auditory,skill_development,structured,"English,Sinhala",4
S4603,Student_4603,Female,NSBM,IT,2,Business IT,Lecturer,Advanced,Gampaha,student_4603@student.edu,3.62,same_university,auditory,skill_development,formal,"English,Tamil",2
S4604,Student_4604,Female,University of Colombo,CS,1,Networking,Security Analyst,Beginner,Gampaha,student_4604@student.edu,3.05,remote_only,visual,networking,formal,English,5
S4605,Student_4605,Male,University of Moratuwa,IT,1,Networking,Software Engineer,Beginner,Kandy,student_4605@student.edu,3.6,same_city,auditory,career_guidance,structured,English,2
S4606,Student_4606,Female,IIT Sri Lanka,Cybersecurity,4,Data Science,Software Engineer,Advanced,Kandy,student_4606@student.edu,2.64,same_university,auditory,skill_development,formal,"English,Sinhala",7
S4607,Student_4607,Female,University of Kelaniya,CS,4,Networking,Software Engineer,Intermediate,Kurunegala,student_4607@student.edu,3.72,same_university,reading,career_guidance,flexible,"English,Tamil",3
S4608,Student_4608,Female,SLIIT,CS,1,Networking,Lecturer,Advanced,Kandy,student_4608@student.edu,2.64,remote_only,kinesthetic,research_guidance,structured,"English,Tamil",6
S4609,Student_4609,Female,NSBM,Cybersecurity,1,Software Engineering,Security Analyst,Advanced,Galle,student_4609@student.edu,3.89,any,auditory,research_guidance,casual,English,4
S4610,Student_4610,Female,IIT Sri Lanka,Data Science,4,Cybersecurity,Data Scientist,Intermediate,Colombo,student_4610@student.edu,2.9,any,auditory,networking,flexible,"English,Tamil",8
S4611,Student_4611,Male,SLIIT,IT,3,Software Engineering,Software Engineer,Advanced,Galle,student_4611@student.edu,2.95,remote_only,kinesthetic,skill_development,formal,"English,Tamil",9
S4612,Student_4612,Female,SLIIT,SE,1,AI/ML,Data Scientist,Advanced,Kandy,student_4612@student.edu,2.95,remote_only,visual,skill_development,flexible,"English,Sinhala",9
S4613,Student_4613,Female,University of Peradeniya,IT,2,Business IT,Security Analyst,Advanced,Kandy,student_4613@student.edu,3.48,any,visual,job_search,structured,"English,Sinhala",9
S4614,Student_4614,Female,University of Kelaniya,IT,1,Business IT,Data Scientist,Intermediate,Kurunegala,student_4614@student.edu,2.62,same_city,reading,networking,flexible,"English,Sinhala",8
S4615,Student_4615,Female,NSBM,SE,3,Cybersecurity,Data Scientist,Advanced,Kurunegala,student_4615@student.edu,3.26,same_university,kinesthetic,job_search,formal,English,4
S4616,Student_4616,Male,SLIIT,CS,3,Cybersecurity,Security Analyst,Advanced,Galle,student_4616@student.edu,3.18,any,visual,job_search,formal,"English,Sinhala",5
S4617,Student_4617,Male,University of Kelaniya,IT,4,Cybersecurity,Data Scientist,Advanced,Galle,student_4617@student.edu,3.6,same_university,visual,networking,structured,"English,Tamil",1
S4618,Student_4618,Male,University of Moratuwa,Data Science,2,Business IT,Lecturer,Beginner,Kurunegala,student_4618@student.edu,2.9,same_city,reading,career_guidance,structured,"English,Tamil",6
S4619,Student_4619,Female,University of Kelaniya,CS,1,Networking,Lecturer,Advanced,Kandy,student_4619@student.edu,3.42,remote_only,visual,research_guidance,flexible,"English,Sinhala",6
S4620,Student_4620,Male,University of Peradeniya,Cybersecurity,3,Cybersecurity,Lecturer,Beginner,Galle,student_4620@student.edu,3.22,any,kinesthetic,skill_development,structured,English,3
S4621,Student_4621,Female,IIT Sri Lanka,Cybersecurity,3,Data Science,Software Engineer,Intermediate,Kandy,student_4621@student.edu,3.86,any,reading,research_guidance,casual,"English,Sinhala",2
S4622,Student_4622,Female,University of Kelaniya,SE,4,Business IT,Software Engineer,Intermediate,Colombo,student_4622@student.edu,3.49,any,reading,networking,formal,"English,Tamil",5
S4623,Student_4623,Female,University of Peradeniya,SE,2,Cybersecurity,Data Scientist,Beginner,Kandy,student_4623@student.edu,3.15,same_university,kinesthetic,job_search,structured,"English,Sinhala",9
S4624,Student_4624,Male,SLIIT,IT,3,AI/ML,Data Scientist,Intermediate,Galle,student_4624@student.edu,3.88,same_university,visual,career_guidance,flexible,"English,Tamil",3
S4625,Student_4625,Female,SLIIT,Data Science,2,AI/ML,Security Analyst,Beginner,Gampaha,student_4625@student.edu,3.74,same_city,auditory,networking,flexible,English,3
S4626,Student_4626,Male,University of Colombo,SE,4,Networking,Security Analyst,Beginner,Kurunegala,student_4626@student.edu,3.85,remote_only,kinesthetic,research_guidance,formal,English,3
S4627,Student_4627,Female,IIT Sri Lanka,Data Science,2,AI/ML,Data Scientist,Beginner,Gampaha,student_4627@student.edu,2.89,same_university,visual,research_guidance,formal,English,3
S4628,Student_4628,Female,University of Moratuwa,Cybersecurity,4,AI/ML,Security Analyst,Advanced,Kandy,student_4628@student.edu,3.11,same_university,visual,research_guidance,formal,"English,Tamil",1
S4629,Student_4629,Female,NSBM,CS,2,Cybersecurity,Security Analyst,Intermediate,Colombo,student_4629@student.edu,3.87,same_university,auditory,networking,structured,"English,Sinhala",8
S4630,Student_4630,Male,University of Moratuwa,IT,3,Business IT,Lecturer,Intermediate,Gampaha,student_4630@student.edu,2.52,same_city,reading,skill_development,casual,English,5
S4631,Student_4631,Male,University of Peradeniya,SE,3,AI/ML,Security Analyst,Beginner,Gampaha,student_4631@student.edu,3.94,remote_only,kinesthetic,research_guidance,flexible,English,6
S4632,Student_4632,Male,University of Peradeniya,SE,4,AI/ML,Software Engineer,Beginner,Gampaha,student_4632@student.edu,3.36,same_city,auditory,career_guidance,structured,"English,Sinhala",1
S4633,Student_4633,Female,University of Kelaniya,CS,2,AI/ML,Software Engineer,Intermediate,Kurunegala,student_4633@student.edu,2.54,same_city,reading,research_guidance,formal,"English,Tamil",5
S4634,Student_4634,Male,IIT Sri Lanka,Data Science,3,Business IT,Lecturer,Advanced,Colombo,student_4634@student.edu,3.54,any,auditory,job_search,casual,"English,Tamil",6
S4635,Student_4635,Female,University of Peradeniya,IT,3,Software Engineering,Lecturer,Intermediate,Kurunegala,student_4635@student.edu,3.08,any,visual,career_guidance,structured,"English,Tamil",6
S4636,Student_4636,Male,University of Colombo,Cybersecurity,2,Software Engineering,Data Scientist,Advanced,Colombo,student_4636@student.edu,3.34,any,auditory,networking,casual,English,1
S4637,Student_4637,Female,IIT Sri Lanka,Data Science,3,Software Engineering,Data Scientist,Intermediate,Kandy,student_4637@student.edu,3.33,any,auditory,skill_development,formal,"English,Tamil",7
S4638,Student_4638,Female,University of Peradeniya,Data Science,4,Cybersecurity,Lecturer,Advanced,Kandy,student_4638@student.edu,3.78,remote_only,reading,research_guidance,formal,English,1
S4639,Student_4639,Female,SLIIT,IT,2,Networking,Data Scientist,Intermediate,Colombo,student_4639@student.edu,3.02,remote_only,visual,career_guidance,structured,"English,Tamil",3
S4640,Student_4640,Female,SLIIT,IT,1,Software Engineering,Software Engineer,Beginner,Kandy,student_4640@student.edu,3.94,same_university,reading,networking,structured,"English,Tamil",8
S4641,Student_4641,Female,University of Moratuwa,Data Science,2,AI/ML,Data Scientist,Advanced,Gampaha,student_4641@student.edu,2.89,same_university,visual,career_guidance,structured,English,4
S4642,Student_4642,Female,University of Peradeniya,SE,4,AI/ML,Security Analyst,Intermediate,Gampaha,student_4642@student.edu,2.84,same_city,auditory,job_search,structured,English,2
S4643,Student_4643,Female,IIT Sri Lanka,CS,1,Data Science,Security Analyst,Advanced,Kandy,student_4643@student.edu,3.49,same_university,reading,networking,formal,English,7
S4644,Student_4644,Female,NSBM,SE,4,Cybersecurity,Security Analyst,Intermediate,Gampaha,student_4644@student.edu,3.48,any,visual,job_search,flexible,"English,Sinhala",5
S4645,Student_4645,Male,University of Peradeniya,Cybersecurity,4,Data Science,Security Analyst,Advanced,Kurunegala,student_4645@student.edu,2.65,same_city,visual,skill_development,structured,"English,Tamil",8
S4646,Student_4646,Male,University of Colombo,IT,2,Software Engineering,Software Engineer,Intermediate,Colombo,student_4646@student.edu,3.07,remote_only,reading,networking,structured,"English,Tamil",8
S4647,Student_4647,Female,NSBM,IT,4,Networking,Software Engineer,Intermediate,Kurunegala,student_4647@student.edu,2.77,same_city,auditory,research_guidance,flexible,"English,Sinhala",8
S4648,Student_4648,Female,University of Kelaniya,Data Science,3,Networking,Data Scientist,Beginner,Galle,student_4648@student.edu,2.98,remote_only,auditory,networking,casual,"English,Sinhala",7
S4649,Student_4649,Female,University of Moratuwa,SE,4,Cybersecurity,Software Engineer,Advanced,Gampaha,student_4649@student.edu,2.59,same_city,visual,skill_development,formal,"English,Sinhala",3
S4650,Student_4650,Male,University of Kelaniya,IT,3,Business IT,Data Scientist,Advanced,Galle,student_4650@student.edu,2.69,same_city,visual,job_search,structured,"English,Tamil",7
S4651,Student_4651,Female,SLIIT,CS,1,AI/ML,Data Scientist,Advanced,Colombo,student_4651@student.edu,3.24,any,kinesthetic,skill_development,structured,"English,Tamil",5
S4652,Student_4652,Female,IIT Sri Lanka,Cybersecurity,2,Data Science,Security Analyst,Intermediate,Galle,student_4652@student.edu,2.59,same_university,visual,networking,casual,"English,Sinhala",7
S4653,Student_4653,Female,IIT Sri Lanka,CS,2,Networking,Lecturer,Intermediate,Galle,student_4653@student.edu,3.78,remote_only,visual,networking,formal,"English,Tamil",3
S4654,Student_4654,Female,University of Colombo,IT,2,Software Engineering,Security Analyst,Advanced,Gampaha,student_4654@student.edu,2.58,same_city,visual,research_guidance,flexible,"English,Sinhala",3
S4655,Student_4655,Male,University of Moratuwa,CS,3,Data Science,Security Analyst,Beginner,Galle,student_4655@student.edu,2.62,any,auditory,research_guidance,casual,"English,Tamil",7
S4656,Student_4656,Female,University of Moratuwa,IT,2,Cybersecurity,Security Analyst,Intermediate,Colombo,student_4656@student.edu,3.21,any,auditory,skill_development,casual,"English,Sinhala",5
S4657,Student_4657,Male,IIT Sri Lanka,SE,3,Software Engineering,Security Analyst,Intermediate,Kurunegala,student_4657@student.edu,3.56,same_university,visual,skill_development,casual,"English,Tamil",8
S4658,Student_4658,Female,NSBM,IT,2,Networking,Data Scientist,Advanced,Galle,student_4658@student.edu,3.3,same_university,visual,career_guidance,casual,"English,Sinhala",1
S4659,Student_4659,Male,University of Moratuwa,SE,1,Networking,Software Engineer,Beginner,Kurunegala,student_4659@student.edu,3.43,same_city,visual,research_guidance,structured,English,7
S4660,Student_4660,Female,University of Moratuwa,CS,2,AI/ML,Lecturer,Intermediate,Kandy,student_4660@student.edu,3.36,any,visual,research_guidance,formal,"English,Tamil",8
S4661,Student_4661,Female,NSBM,CS,4,Software Engineering,Lecturer,Intermediate,Colombo,student_4661@student.edu,3.87,any,kinesthetic,networking,structured,"English,Tamil",8
S4662,Student_4662,Female,University of Colombo,SE,4,Data Science,Data Scientist,Intermediate,Kurunegala,student_4662@student.edu,3.4,same_university,kinesthetic,job_search,structured,English,7
S4663,Student_4663,Female,University of Kelaniya,IT,2,Software Engineering,Data Scientist,Intermediate,Colombo,student_4663@student.edu,2.85,same_city,kinesthetic,career_guidance,structured,"English,Tamil",8
S4664,Student_4664,Male,IIT Sri Lanka,Cybersecurity,4,AI/ML,Security Analyst,Beginner,Galle,student_4664@student.edu,2.65,same_city,kinesthetic,job_search,flexible,"English,Sinhala",3
S4665,Student_4665,Male,University of Kelaniya,IT,3,Software Engineering,Data Scientist,Intermediate,Kandy,student_4665@student.edu,3.59,same_university,reading,job_search,formal,"English,Tamil",9
S4666,Student_4666,Male,University of Kelaniya,IT,4,Data Science,Data Scientist,Intermediate,Galle,student_4666@student.edu,2.52,remote_only,kinesthetic,skill_development,flexible,"English,Tamil",4
S4667,Student_4667,Male,University of Kelaniya,Data Science,3,Business IT,Security Analyst,Beginner,Colombo,student_4667@student.edu,3.52,same_university,auditory,skill_development,formal,English,4
S4668,Student_4668,Male,IIT Sri Lanka,SE,2,Software Engineering,Security Analyst,Advanced,Colombo,student_4668@student.edu,2.84,same_city,reading,job_search,formal,"English,Tamil",9
S4669,Student_4669,Male,University of Peradeniya,SE,2,Networking,Security Analyst,Beginner,Galle,student_4669@student.edu,2.99,remote_only,auditory,skill_development,structured,English,9
S4670,Student_4670,Male,IIT Sri Lanka,Cybersecurity,2,Data Science,Security Analyst,Beginner,Kurunegala,student_4670@student.edu,2.65,same_city,kinesthetic,skill_development,flexible,English,4
S4671,Student_4671,Female,University of Moratuwa,CS,4,AI/ML,Data Scientist,Beginner,Colombo,student_4671@student.edu,2.76,any,reading,skill_development,flexible,"English,Sinhala",2
S4672,Student_4672,Female,IIT Sri Lanka,SE,4,Software Engineering,Software Engineer,Beginner,Colombo,student_4672@student.edu,2.8,any,reading,research_guidance,structured,"English,Sinhala",9
S4673,Student_4673,Female,University of Moratuwa,IT,1,Business IT,Security Analyst,Beginner,Gampaha,student_4673@student.edu,2.97,remote_only,reading,networking,casual,English,3
S4674,Student_4674,Female,SLIIT,CS,4,Cybersecurity,Security Analyst,Intermediate,Colombo,student_4674@student.edu,3.45,any,auditory,research_guidance,formal,"English,Tamil",3
S4675,Student_4675,Female,IIT Sri Lanka,CS,2,AI/ML,Lecturer,Intermediate,Gampaha,student_4675@student.edu,3.85,remote_only,visual,career_guidance,formal,"English,Tamil",2
S4676,Student_4676,Female,NSBM,SE,2,Networking,Software Engineer,Advanced,Kurunegala,student_4676@student.edu,2.62,any,auditory,career_guidance,structured,"English,Tamil",1
S4677,Student_4677,Female,NSBM,SE,3,Data Science,Data Scientist,Intermediate,Galle,student_4677@student.edu,3.74,same_university,kinesthetic,skill_development,formal,English,1
S4678,Student_4678,Female,University of Moratuwa,Data Science,3,Software Engineering,Data Scientist,Beginner,Kandy,student_4678@student.edu,2.61,any,auditory,skill_development,casual,"English,Tamil",2
S4679,Student_4679,Female,SLIIT,Cybersecurity,4,Software Engineering,Data Scientist,Beginner,Galle,student_4679@student.edu,3.64,same_university,visual,research_guidance,structured,English,8
S4680,Student_4680,Female,University of Moratuwa,Cybersecurity,4,Networking,Lecturer,Advanced,Colombo,student_4680@student.edu,3.03,remote_only,reading,research_guidance,flexible,"English,Tamil",1
S4681,Student_4681,Female,University of Colombo,CS,2,Business IT,Lecturer,Advanced,Galle,student_4681@student.edu,3.35,same_city,visual,skill_development,structured,"English,Tamil",6
S4682,Student_4682,Male,University of Moratuwa,IT,2,Business IT,Data Scientist,Intermediate,Galle,student_4682@student.edu,3.9,same_university,kinesthetic,skill_development,formal,"English,Tamil",9
S4683,Student_4683,Male,University of Peradeniya,Cybersecurity,1,Data Science,Lecturer,Advanced,Kurunegala,student_4683@student.edu,3.22,any,visual,career_guidance,flexible,"English,Sinhala",7
S4684,Student_4684,Female,NSBM,IT,4,AI/ML,Lecturer,Intermediate,Kandy,student_4684@student.edu,3.54,same_city,reading,job_search,formal,"English,Tamil",8
S4685,Student_4685,Male,NSBM,IT,4,AI/ML,Lecturer,Intermediate,Galle,student_4685@student.edu,2.99,same_university,visual,research_guidance,casual,"English,Sinhala",2
S4686,Student_4686,Male,SLIIT,Data Science,1,Networking,Software Engineer,Beginner,Kurunegala,student_4686@student.edu,3.35,same_university,kinesthetic,job_search,casual,"English,Tamil",7
S4687,Student_4687,Female,University of Kelaniya,IT,1,Business IT,Lecturer,Intermediate,Gampaha,student_4687@student.edu,2.89,any,auditory,skill_development,formal,"English,Sinhala",9
S4688,Student_4688,Female,NSBM,SE,2,Business IT,Software Engineer,Beginner,Gampaha,student_4688@student.edu,2.59,remote_only,reading,skill_development,formal,"English,Tamil",2
S4689,Student_4689,Male,IIT Sri Lanka,SE,4,AI/ML,Software Engineer,Intermediate,Kurunegala,student_4689@student.edu,3.76,remote_only,visual,job_search,structured,"English,Tamil",4
S4690,Student_4690,Male,University of Moratuwa,SE,2,Networking,Software Engineer,Beginner,Kurunegala,student_4690@student.edu,3.55,any,auditory,career_guidance,casual,"English,Tamil",2
S4691,Student_4691,Male,University of Kelaniya,SE,2,Software Engineering,Security Analyst,Beginner,Kandy,student_4691@student.edu,2.52,remote_only,kinesthetic,career_guidance,casual,"English,Sinhala",7
S4692,Student_4692,Female,NSBM,SE,1,Business IT,Security Analyst,Beginner,Colombo,student_4692@student.edu,3.96,remote_only,reading,skill_development,structured,"English,Tamil",1
S4693,Student_4693,Male,University of Peradeniya,SE,1,Cybersecurity,Data Scientist,Beginner,Galle,student_4693@student.edu,2.71,same_city,auditory,research_guidance,structured,English,4
S4694,Student_4694,Male,SLIIT,SE,4,Data Science,Security Analyst,Intermediate,Kandy,student_4694@student.edu,3.18,same_university,visual,research_guidance,flexible,"English,Tamil",2
S4695,Student_4695,Female,University of Colombo,CS,2,Software Engineering,Security Analyst,Beginner,Galle,student_4695@student.edu,2.56,remote_only,visual,networking,flexible,English,8
S4696,Student_4696,Female,University of Kelaniya,SE,2,Software Engineering,Data Scientist,Beginner,Kurunegala,student_4696@student.edu,3.82,any,reading,skill_development,flexible,English,6
S4697,Student_4697,Male,IIT Sri Lanka,CS,3,Data Science,Security Analyst,Advanced,Colombo,student_4697@student.edu,3.77,same_university,visual,networking,structured,English,1
S4698,Student_4698,Male,University of Colombo,Cybersecurity,2,Networking,Software Engineer,Beginner,Gampaha,student_4698@student.edu,3.86,remote_only,visual,skill_development,flexible,"English,Sinhala",4
S4699,Student_4699,Female,NSBM,Data Science,1,Cybersecurity,Software Engineer,Intermediate,Kandy,student_4699@student.edu,2.52,any,reading,career_guidance,formal,English,5
S4700,Student_4700,Female,University of Moratuwa,Data Science,1,Networking,Data Scientist,Intermediate,Gampaha,student_4700@student.edu,3.12,same_city,visual,job_search,structured,English,2
S4701,Student_4701,Male,University of Peradeniya,IT,1,Networking,Data Scientist,Beginner,Kurunegala,student_4701@student.edu,3.93,remote_only,kinesthetic,career_guidance,formal,English,3
S4702,Student_4702,Male,University of Peradeniya,IT,3,Software Engineering,Software Engineer,Intermediate,Kurunegala,student_4702@student.edu,3.7,any,kinesthetic,job_search,formal,English,9
S4703,Student_4703,Female,IIT Sri Lanka,IT,1,Software Engineering,Security Analyst,Intermediate,Galle,student_4703@student.edu,3.02,any,reading,research_guidance,formal,English,5
S4704,Student_4704,Male,University of Peradeniya,Cybersecurity,1,Cybersecurity,Lecturer,Intermediate,Gampaha,student_4704@student.edu,3.33,same_university,reading,job_search,flexible,"English,Tamil",6
S4705,Student_4705,Female,University of Colombo,Cybersecurity,3,Data Science,Data Scientist,Advanced,Gampaha,student_4705@student.edu,2.75,same_university,reading,job_search,structured,"English,Tamil",5
S4706,Student_4706,Female,University of Moratuwa,Data Science,4,Data Science,Data Scientist,Beginner,Gampaha,student_4706@student.edu,3.41,any,visual,networking,structured,"English,Tamil",6
S4707,Student_4707,Male,University of Moratuwa,IT,3,Business IT,Data Scientist,Intermediate,Galle,student_4707@student.edu,3.97,remote_only,kinesthetic,research_guidance,structured,"English,Sinhala",5
S4708,Student_4708,Female,University of Colombo,Data Science,2,Business IT,Lecturer,Beginner,Kandy,student_4708@student.edu,2.62,same_university,reading,skill_development,structured,"English,Tamil",5
S4709,Student_4709,Male,University of Peradeniya,CS,2,Networking,Security Analyst,Advanced,Gampaha,student_4709@student.edu,3.51,remote_only,kinesthetic,research_guidance,casual,"English,Tamil",1
S4710,Student_4710,Male,SLIIT,CS,3,Data Science,Data Scientist,Beginner,Kandy,student_4710@student.edu,3.49,remote_only,kinesthetic,skill_development,casual,"English,Tamil",7
S4711,Student_4711,Male,University of Peradeniya,CS,2,Cybersecurity,Security Analyst,Intermediate,Gampaha,student_4711@student.edu,3.63,any,visual,job_search,structured,English,5
S4712,Student_4712,Male,University of Kelaniya,SE,1,Cybersecurity,Security Analyst,Advanced,Colombo,student_4712@student.edu,3.31,any,auditory,networking,formal,"English,Sinhala",6
S4713,Student_4713,Female,University of Colombo,SE,4,AI/ML,Software Engineer,Intermediate,Galle,student_4713@student.edu,3.98,same_university,visual,job_search,formal,"English,Tamil",2
S4714,Student_4714,Male,University of Colombo,Data Science,3,Business IT,Lecturer,Intermediate,Gampaha,student_4714@student.edu,3.33,same_city,visual,skill_development,formal,"English,Sinhala",7
S4715,Student_4715,Male,University of Colombo,Cybersecurity,2,Cybersecurity,Security Analyst,Advanced,Kandy,student_4715@student.edu,2.55,remote_only,kinesthetic,career_guidance,structured,"English,Tamil",5
S4716,Student_4716,Female,University of Colombo,SE,3,AI/ML,Security Analyst,Advanced,Kandy,student_4716@student.edu,3.37,remote_only,kinesthetic,research_guidance,flexible,"English,Tamil",9
S4717,Student_4717,Male,University of Peradeniya,Data Science,2,Networking,Lecturer,Beginner,Kandy,student_4717@student.edu,3.61,same_city,kinesthetic,research_guidance,flexible,"English,Sinhala",1
S4718,Student_4718,Female,University of Colombo,Cybersecurity,1,Data Science,Security Analyst,Beginner,Kurunegala,student_4718@student.edu,3.04,same_university,reading,research_guidance,flexible,"English,Sinhala",7
S4719,Student_4719,Female,University of Kelaniya,CS,2,Networking,Lecturer,Beginner,Colombo,student_4719@student.edu,3.37,same_city,reading,networking,formal,English,5
S4720,Student_4720,Male,University of Kelaniya,Cybersecurity,4,AI/ML,Data Scientist,Beginner,Kandy,student_4720@student.edu,3.8,same_city,kinesthetic,job_search,structured,"English,Tamil",4
S4721,Student_4721,Male,University of Peradeniya,Cybersecurity,2,Data Science,Software Engineer,Beginner,Galle,student_4721@student.edu,2.87,same_city,visual,career_guidance,structured,English,7
S4722,Student_4722,Female,IIT Sri Lanka,CS,2,Software Engineering,Security Analyst,Intermediate,Kandy,student_4722@student.edu,2.89,same_university,auditory,skill_development,formal,"English,Sinhala",1
S4723,Student_4723,Male,IIT Sri Lanka,Cybersecurity,1,Software Engineering,Lecturer,Advanced,Gampaha,student_4723@student.edu,3.04,any,visual,skill_development,flexible,English,5
S4724,Student_4724,Female,IIT Sri Lanka,IT,3,Networking,Data Scientist,Intermediate,Colombo,student_4724@student.edu,2.59,same_university,auditory,research_guidance,casual,English,4
S4725,Student_4725,Male,University of Moratuwa,SE,4,Cybersecurity,Security Analyst,Beginner,Colombo,student_4725@student.edu,3.81,remote_only,visual,networking,structured,English,6
S4726,Student_4726,Female,IIT Sri Lanka,CS,4,Data Science,Data Scientist,Intermediate,Kandy,student_4726@student.edu,3.85,same_university,kinesthetic,research_guidance,flexible,"English,Tamil",1
S4727,Student_4727,Female,University of Colombo,Cybersecurity,2,Cybersecurity,Data Scientist,Advanced,Galle,student_4727@student.edu,2.78,any,reading,research_guidance,structured,"English,Tamil",3
S4728,Student_4728,Female,University of Kelaniya,IT,4,Data Science,Security Analyst,Beginner,Galle,student_4728@student.edu,2.98,any,auditory,skill_development,structured,"English,Sinhala",8
S4729,Student_4729,Male,University of Peradeniya,CS,2,Data Science,Security Analyst,Advanced,Gampaha,student_4729@student.edu,3.63,same_city,auditory,networking,casual,English,4
S4730,Student_4730,Male,University of Kelaniya,SE,4,Business IT,Security Analyst,Advanced,Kurunegala,student_4730@student.edu,2.92,same_city,auditory,skill_development,formal,English,4
S4731,Student_4731,Female,University of Moratuwa,CS,3,AI/ML,Security Analyst,Advanced,Colombo,student_4731@student.edu,2.56,any,auditory,job_search,formal,English,8
S4732,Student_4732,Female,University of Moratuwa,CS,1,Software Engineering,Lecturer,Advanced,Galle,student_4732@student.edu,2.6,same_city,reading,career_guidance,flexible,"English,Tamil",3
S4733,Student_4733,Female,IIT Sri Lanka,CS,4,Cybersecurity,Software Engineer,Advanced,Gampaha,student_4733@student.edu,3.92,same_city,reading,job_search,casual,"English,Sinhala",3
S4734,Student_4734,Male,University of Colombo,CS,1,AI/ML,Data Scientist,Intermediate,Kandy,student_4734@student.edu,2.93,same_city,auditory,career_guidance,flexible,"English,Sinhala",5
S4735,Student_4735,Male,University of Moratuwa,Data Science,3,Software Engineering,Security Analyst,Intermediate,Kurunegala,student_4735@student.edu,2.63,same_city,visual,career_guidance,structured,"English,Sinhala",2
S4736,Student_4736,Male,University of Kelaniya,IT,4,Data Science,Security Analyst,Beginner,Kandy,student_4736@student.edu,3.66,same_university,visual,networking,structured,"English,Tamil",5
S4737,Student_4737,Male,University of Moratuwa,SE,1,Data Science,Data Scientist,Beginner,Kandy,student_4737@student.edu,3.31,any,kinesthetic,career_guidance,flexible,English,7
S4738,Student_4738,Female,NSBM,Data Science,3,Cybersecurity,Security Analyst,Advanced,Colombo,student_4738@student.edu,3.41,remote_only,visual,skill_development,flexible,"English,Sinhala",5
S4739,Student_4739,Female,University of Moratuwa,Cybersecurity,4,Business IT,Security Analyst,Beginner,Kandy,student_4739@student.edu,3.42,remote_only,reading,job_search,casual,"English,Sinhala",6
S4740,Student_4740,Male,University of Moratuwa,SE,4,Data Science,Security Analyst,Intermediate,Colombo,student_4740@student.edu,3.94,any,auditory,skill_development,structured,"English,Sinhala",7
S4741,Student_4741,Male,University of Peradeniya,IT,1,Data Science,Software Engineer,Advanced,Colombo,student_4741@student.edu,2.63,same_city,auditory,job_search,formal,"English,Sinhala",9
S4742,Student_4742,Male,University of Colombo,SE,3,AI/ML,Security Analyst,Intermediate,Colombo,student_4742@student.edu,2.86,same_university,auditory,networking,structured,"English,Tamil",6
S4743,Student_4743,Male,SLIIT,CS,1,Business IT,Software Engineer,Advanced,Kurunegala,student_4743@student.edu,3.84,same_university,reading,networking,formal,English,4
S4744,Student_4744,Male,SLIIT,Cybersecurity,1,Data Science,Data Scientist,Advanced,Colombo,student_4744@student.edu,3.98,same_city,kinesthetic,networking,structured,English,2
S4745,Student_4745,Female,University of Kelaniya,Data Science,3,AI/ML,Security Analyst,Intermediate,Galle,student_4745@student.edu,2.52,remote_only,auditory,job_search,formal,"English,Sinhala",7
S4746,Student_4746,Male,SLIIT,IT,1,Software Engineering,Data Scientist,Advanced,Kandy,student_4746@student.edu,4.0,remote_only,auditory,skill_development,formal,English,6
S4747,Student_4747,Male,University of Peradeniya,IT,3,Networking,Lecturer,Intermediate,Kandy,student_4747@student.edu,3.14,same_university,reading,job_search,flexible,English,7
S4748,Student_4748,Male,University of Peradeniya,SE,1,Data Science,Security Analyst,Advanced,Galle,student_4748@student.edu,2.91,any,kinesthetic,skill_development,formal,"English,Tamil",2
S4749,Student_4749,Male,SLIIT,CS,1,Software Engineering,Data Scientist,Intermediate,Colombo,student_4749@student.edu,3.81,remote_only,visual,job_search,casual,"English,Tamil",7
S4750,Student_4750,Female,IIT Sri Lanka,Data Science,2,Cybersecurity,Security Analyst,Beginner,Gampaha,student_4750@student.edu,2.93,any,kinesthetic,career_guidance,flexible,"English,Sinhala",1
S4751,Student_4751,Female,IIT Sri Lanka,Data Science,1,Data Science,Lecturer,Beginner,Colombo,student_4751@student.edu,3.93,remote_only,reading,career_guidance,formal,"English,Tamil",4
S4752,Student_4752,Female,University of Kelaniya,CS,3,Cybersecurity,Software Engineer,Advanced,Kandy,student_4752@student.edu,2.92,remote_only,visual,career_guidance,casual,English,4
S4753,Student_4753,Female,SLIIT,CS,1,Cybersecurity,Lecturer,Beginner,Kurunegala,student_4753@student.edu,2.72,same_city,kinesthetic,research_guidance,structured,"English,Sinhala",8
S4754,Student_4754,Male,University of Peradeniya,SE,3,Networking,Data Scientist,Intermediate,Galle,student_4754@student.edu,3.64,same_city,auditory,networking,casual,"English,Tamil",9
S4755,Student_4755,Male,NSBM,CS,2,Data Science,Lecturer,Intermediate,Kurunegala,student_4755@student.edu,3.44,same_university,auditory,networking,formal,"English,Sinhala",8
S4756,Student_4756,Female,SLIIT,Data Science,2,Cybersecurity,Software Engineer,Beginner,Kurunegala,student_4756@student.edu,3.71,same_university,reading,career_guidance,structured,English,9
S4757,Student_4757,Female,University of Peradeniya,IT,4,AI/ML,Software Engineer,Intermediate,Gampaha,student_4757@student.edu,3.21,same_university,auditory,networking,formal,English,9
S4758,Student_4758,Male,University of Kelaniya,Cybersecurity,1,Networking,Security Analyst,Advanced,Kandy,student_4758@student.edu,3.47,remote_only,auditory,skill_development,structured,English,8
S4759,Student_4759,Male,NSBM,CS,1,Data Science,Data Scientist,Intermediate,Kurunegala,student_4759@student.edu,2.62,same_city,visual,career_guidance,casual,"English,Sinhala",5
S4760,Student_4760,Male,University of Moratuwa,CS,3,Networking,Security Analyst,Beginner,Gampaha,student_4760@student.edu,3.67,same_city,kinesthetic,skill_development,formal,"English,Sinhala",7
S4761,Student_4761,Female,University of Moratuwa,IT,2,Software Engineering,Data Scientist,Intermediate,Kandy,student_4761@student.edu,3.76,any,visual,career_guidance,flexible,English,2
S4762,Student_4762,Male,NSBM,IT,1,Data Science,Lecturer,Beginner,Kandy,student_4762@student.edu,3.75,remote_only,auditory,career_guidance,structured,English,9
S4763,Student_4763,Male,SLIIT,CS,4,Software Engineering,Security Analyst,Advanced,Gampaha,student_4763@student.edu,2.58,same_city,auditory,job_search,casual,"English,Tamil",3
S4764,Student_4764,Female,NSBM,Data Science,3,Networking,Lecturer,Intermediate,Galle,student_4764@student.edu,3.08,same_university,auditory,research_guidance,flexible,"English,Sinhala",4
S4765,Student_4765,Male,University of Moratuwa,Cybersecurity,1,Business IT,Security Analyst,Beginner,Colombo,student_4765@student.edu,3.78,same_city,auditory,research_guidance,structured,English,9
S4766,Student_4766,Male,IIT Sri Lanka,IT,1,Data Science,Data Scientist,Beginner,Kandy,student_4766@student.edu,2.97,same_city,reading,research_guidance,casual,"English,Sinhala",4
S4767,Student_4767,Male,University of Kelaniya,Data Science,1,Cybersecurity,Data Scientist,Intermediate,Kurunegala,student_4767@student.edu,3.9,same_university,visual,skill_development,casual,English,8
S4768,Student_4768,Male,IIT Sri Lanka,Cybersecurity,1,Data Science,Data Scientist,Intermediate,Gampaha,student_4768@student.edu,3.63,remote_only,visual,networking,flexible,"English,Tamil",2
S4769,Student_4769,Male,SLIIT,Cybersecurity,4,Business IT,Software Engineer,Intermediate,Colombo,student_4769@student.edu,2.77,same_city,reading,career_guidance,formal,"English,Sinhala",1
S4770,Student_4770,Male,University of Colombo,Data Science,3,Cybersecurity,Lecturer,Advanced,Kandy,student_4770@student.edu,3.11,same_city,visual,networking,casual,"English,Tamil",4
S4771,Student_4771,Female,University of Moratuwa,SE,3,Data Science,Software Engineer,Beginner,Galle,student_4771@student.edu,3.07,same_city,auditory,networking,structured,"English,Tamil",2
S4772,Student_4772,Female,IIT Sri Lanka,IT,2,Software Engineering,Security Analyst,Advanced,Gampaha,student_4772@student.edu,2.99,same_city,reading,career_guidance,flexible,"English,Sinhala",9
S4773,Student_4773,Male,University of Peradeniya,Cybersecurity,1,Business IT,Lecturer,Beginner,Kurunegala,student_4773@student.edu,3.06,remote_only,auditory,networking,structured,"English,Tamil",9
S4774,Student_4774,Male,SLIIT,Cybersecurity,1,Business IT,Lecturer,Beginner,Kandy,student_4774@student.edu,3.21,remote_only,visual,skill_development,flexible,English,2
S4775,Student_4775,Male,IIT Sri Lanka,Cybersecurity,1,AI/ML,Software Engineer,Advanced,Kandy,student_4775@student.edu,2.55,same_university,kinesthetic,job_search,formal,"English,Sinhala",6
S4776,Student_4776,Male,SLIIT,Cybersecurity,2,Business IT,Security Analyst,Advanced,Kurunegala,student_4776@student.edu,3.72,remote_only,visual,research_guidance,formal,English,3
S4777,Student_4777,Female,NSBM,Cybersecurity,3,Software Engineering,Software Engineer,Beginner,Colombo,student_4777@student.edu,2.84,remote_only,kinesthetic,job_search,structured,"English,Sinhala",5
S4778,Student_4778,Male,NSBM,Data Science,4,Cybersecurity,Security Analyst,Advanced,Gampaha,student_4778@student.edu,3.56,remote_only,visual,skill_development,formal,"English,Sinhala",4
S4779,Student_4779,Female,SLIIT,Cybersecurity,1,AI/ML,Software Engineer,Beginner,Kurunegala,student_4779@student.edu,3.25,same_university,auditory,networking,structured,"English,Tamil",7
S4780,Student_4780,Male,University of Kelaniya,Cybersecurity,2,Networking,Software Engineer,Intermediate,Colombo,student_4780@student.edu,3.27,any,visual,job_search,formal,"English,Sinhala",3
S4781,Student_4781,Male,SLIIT,SE,4,Networking,Security Analyst,Intermediate,Kurunegala,student_4781@student.edu,3.59,remote_only,auditory,skill_development,casual,English,9
S4782,Student_4782,Male,University of Colombo,Cybersecurity,2,Software Engineering,Data Scientist,Advanced,Colombo,student_4782@student.edu,3.03,same_university,auditory,job_search,casual,"English,Tamil",4
S4783,Student_4783,Male,University of Moratuwa,IT,1,Business IT,Data Scientist,Advanced,Kurunegala,student_4783@student.edu,3.53,same_city,kinesthetic,job_search,structured,"English,Tamil",2
S4784,Student_4784,Female,University of Kelaniya,IT,3,AI/ML,Lecturer,Beginner,Galle,student_4784@student.edu,2.67,same_city,auditory,skill_development,casual,"English,Sinhala",5
S4785,Student_4785,Male,University of Moratuwa,CS,3,Software Engineering,Software Engineer,Intermediate,Galle,student_4785@student.edu,3.84,any,visual,networking,structured,"English,Tamil",9
S4786,Student_4786,Female,University of Kelaniya,CS,4,Business IT,Security Analyst,Intermediate,Galle,student_4786@student.edu,3.22,same_university,reading,career_guidance,structured,English,9
S4787,Student_4787,Male,University of Kelaniya,CS,4,Data Science,Data Scientist,Advanced,Kurunegala,student_4787@student.edu,2.85,any,visual,career_guidance,structured,"English,Sinhala",7
S4788,Student_4788,Male,SLIIT,Cybersecurity,3,Software Engineering,Security Analyst,Beginner,Colombo,student_4788@student.edu,3.91,same_university,kinesthetic,career_guidance,casual,"English,Sinhala",8
S4789,Student_4789,Female,University of Kelaniya,SE,2,AI/ML,Security Analyst,Beginner,Galle,student_4789@student.edu,3.83,same_university,auditory,skill_development,flexible,English,4
S4790,Student_4790,Male,University of Moratuwa,Cybersecurity,1,AI/ML,Lecturer,Intermediate,Colombo,student_4790@student.edu,2.87,same_city,visual,networking,structured,"English,Sinhala",8
S4791,Student_4791,Male,University of Colombo,Cybersecurity,1,Business IT,Security Analyst,Intermediate,Kurunegala,student_4791@student.edu,2.66,any,auditory,job_search,casual,English,8
S4792,Student_4792,Male,University of Moratuwa,SE,2,Networking,Software Engineer,Intermediate,Gampaha,student_4792@student.edu,3.13,remote_only,kinesthetic,research_guidance,flexible,"English,Sinhala",1
S4793,Student_4793,Male,University of Moratuwa,SE,1,Cybersecurity,Lecturer,Beginner,Gampaha,student_4793@student.edu,2.73,any,kinesthetic,research_guidance,formal,English,8
S4794,Student_4794,Male,University of Peradeniya,IT,2,Cybersecurity,Data Scientist,Beginner,Kurunegala,student_4794@student.edu,3.21,any,reading,networking,formal,"English,Sinhala",5
S4795,Student_4795,Female,IIT Sri Lanka,IT,2,Data Science,Data Scientist,Advanced,Kurunegala,student_4795@student.edu,2.71,same_city,reading,job_search,formal,"English,Tamil",9
S4796,Student_4796,Female,University of Kelaniya,SE,2,Cybersecurity,Security Analyst,Advanced,Gampaha,student_4796@student.edu,3.08,remote_only,auditory,research_guidance,formal,English,2
S4797,Student_4797,Male,SLIIT,IT,1,Software Engineering,Software Engineer,Beginner,Gampaha,student_4797@student.edu,3.59,same_city,kinesthetic,research_guidance,casual,"English,Tamil",8
S4798,Student_4798,Female,University of Colombo,CS,4,Software Engineering,Lecturer,Intermediate,Kurunegala,student_4798@student.edu,3.13,remote_only,auditory,research_guidance,formal,"English,Tamil",1
S4799,Student_4799,Female,University of Kelaniya,IT,3,AI/ML,Lecturer,Beginner,Kandy,student_4799@student.edu,3.85,any,auditory,career_guidance,structured,"English,Tamil",5
S4800,Student_4800,Female,University of Kelaniya,CS,2,Software Engineering,Security Analyst,Advanced,Galle,student_4800@student.edu,3.25,same_city,kinesthetic,networking,formal,"English,Sinhala",1
S4801,Student_4801,Male,University of Colombo,IT,2,Cybersecurity,Data Scientist,Advanced,Galle,student_4801@student.edu,3.26,same_city,kinesthetic,job_search,casual,"English,Sinhala",4
S4802,Student_4802,Female,University of Kelaniya,Data Science,1,Cybersecurity,Data Scientist,Intermediate,Kandy,student_4802@student.edu,3.18,any,kinesthetic,career_guidance,casual,"English,Sinhala",8
S4803,Student_4803,Male,IIT Sri Lanka,CS,4,Software Engineering,Data Scientist,Advanced,Gampaha,student_4803@student.edu,2.63,remote_only,auditory,job_search,casual,English,9
S4804,Student_4804,Female,University of Peradeniya,Cybersecurity,1,Data Science,Software Engineer,Intermediate,Kurunegala,student_4804@student.edu,3.66,same_university,reading,research_guidance,structured,"English,Sinhala",9
S4805,Student_4805,Female,University of Peradeniya,Cybersecurity,1,Networking,Lecturer,Beginner,Galle,student_4805@student.edu,3.2,remote_only,kinesthetic,job_search,structured,English,3
S4806,Student_4806,Male,University of Colombo,Data Science,1,AI/ML,Software Engineer,Beginner,Gampaha,student_4806@student.edu,2.95,same_university,visual,networking,flexible,"English,Sinhala",8
S4807,Student_4807,Female,University of Peradeniya,CS,2,Software Engineering,Security Analyst,Intermediate,Galle,student_4807@student.edu,2.72,remote_only,kinesthetic,career_guidance,casual,"English,Sinhala",9
S4808,Student_4808,Male,University of Peradeniya,Cybersecurity,3,Business IT,Security Analyst,Intermediate,Kurunegala,student_4808@student.edu,3.53,same_university,kinesthetic,research_guidance,formal,"English,Tamil",7
S4809,Student_4809,Male,SLIIT,Cybersecurity,3,Data Science,Security Analyst,Beginner,Kurunegala,student_4809@student.edu,3.96,same_university,visual,research_guidance,casual,"English,Tamil",7
S4810,Student_4810,Female,IIT Sri Lanka,Cybersecurity,1,Networking,Data Scientist,Intermediate,Gampaha,student_4810@student.edu,2.95,any,auditory,career_guidance,casual,"English,Sinhala",1
S4811,Student_4811,Female,NSBM,Cybersecurity,3,Cybersecurity,Lecturer,Beginner,Colombo,student_4811@student.edu,3.75,remote_only,visual,networking,flexible,"English,Sinhala",1
S4812,Student_4812,Female,IIT Sri Lanka,CS,3,Networking,Data Scientist,Intermediate,Kandy,student_4812@student.edu,3.96,same_city,reading,job_search,flexible,English,5
S4813,Student_4813,Male,University of Moratuwa,Cybersecurity,1,AI/ML,Software Engineer,Intermediate,Colombo,student_4813@student.edu,2.88,remote_only,kinesthetic,research_guidance,formal,English,3
S4814,Student_4814,Male,University of Kelaniya,SE,3,Networking,Data Scientist,Advanced,Kandy,student_4814@student.edu,3.31,same_university,visual,networking,casual,English,8
S4815,Student_4815,Female,IIT Sri Lanka,SE,4,Cybersecurity,Security Analyst,Advanced,Kandy,student_4815@student.edu,2.82,any,reading,networking,casual,"English,Tamil",2
S4816,Student_4816,Male,University of Moratuwa,CS,3,Data Science,Security Analyst,Intermediate,Kurunegala,student_4816@student.edu,3.0,remote_only,reading,career_guidance,casual,"English,Tamil",3
S4817,Student_4817,Female,University of Colombo,IT,4,Software Engineering,Lecturer,Intermediate,Galle,student_4817@student.edu,2.52,any,auditory,skill_development,formal,English,1
S4818,Student_4818,Female,University of Kelaniya,CS,4,Networking,Software Engineer,Beginner,Colombo,student_4818@student.edu,3.4,same_city,auditory,job_search,structured,English,5
S4819,Student_4819,Male,SLIIT,SE,1,Cybersecurity,Software Engineer,Advanced,Galle,student_4819@student.edu,3.14,remote_only,kinesthetic,job_search,flexible,English,5
S4820,Student_4820,Female,NSBM,Cybersecurity,1,AI/ML,Data Scientist,Beginner,Colombo,student_4820@student.edu,2.67,remote_only,auditory,research_guidance,casual,"English,Sinhala",9
S4821,Student_4821,Male,IIT Sri Lanka,CS,3,Networking,Lecturer,Beginner,Kandy,student_4821@student.edu,2.85,same_university,kinesthetic,skill_development,formal,"English,Tamil",5
S4822,Student_4822,Male,University of Peradeniya,IT,4,Cybersecurity,Security Analyst,Advanced,Gampaha,student_4822@student.edu,3.17,same_city,reading,networking,formal,"English,Sinhala",2
S4823,Student_4823,Female,IIT Sri Lanka,IT,1,Data Science,Lecturer,Beginner,Galle,student_4823@student.edu,3.95,same_city,auditory,skill_development,flexible,English,7
S4824,Student_4824,Female,NSBM,CS,1,Cybersecurity,Security Analyst,Advanced,Kurunegala,student_4824@student.edu,3.46,any,auditory,job_search,flexible,English,4
S4825,Student_4825,Female,University of Colombo,CS,2,AI/ML,Lecturer,Beginner,Galle,student_4825@student.edu,3.81,any,kinesthetic,research_guidance,structured,"English,Tamil",3
S4826,Student_4826,Female,University of Colombo,Cybersecurity,1,Cybersecurity,Data Scientist,Beginner,Gampaha,student_4826@student.edu,2.93,same_city,reading,job_search,formal,English,5
S4827,Student_4827,Male,NSBM,Data Science,4,Cybersecurity,Security Analyst,Advanced,Colombo,student_4827@student.edu,3.49,remote_only,auditory,skill_development,flexible,English,8
S4828,Student_4828,Female,IIT Sri Lanka,IT,3,Networking,Security Analyst,Advanced,Kurunegala,student_4828@student.edu,3.68,same_city,reading,skill_development,structured,English,7
S4829,Student_4829,Female,University of Moratuwa,Cybersecurity,3,Cybersecurity,Lecturer,Advanced,Kandy,student_4829@student.edu,3.85,same_city,reading,job_search,casual,"English,Sinhala",8
S4830,Student_4830,Male,University of Moratuwa,Cybersecurity,2,Software Engineering,Security Analyst,Intermediate,Kurunegala,student_4830@student.edu,3.42,remote_only,auditory,research_guidance,casual,"English,Sinhala",5
S4831,Student_4831,Male,University of Moratuwa,CS,3,Networking,Lecturer,Beginner,Galle,student_4831@student.edu,2.83,any,kinesthetic,job_search,structured,"English,Tamil",9
S4832,Student_4832,Male,University of Kelaniya,Data Science,2,Networking,Software Engineer,Intermediate,Galle,student_4832@student.edu,2.52,remote_only,kinesthetic,research_guidance,casual,"English,Tamil",5
S4833,Student_4833,Female,University of Peradeniya,Data Science,3,Business IT,Data Scientist,Beginner,Galle,student_4833@student.edu,3.15,any,visual,job_search,structured,English,8
S4834,Student_4834,Male,University of Peradeniya,Cybersecurity,4,Data Science,Software Engineer,Advanced,Galle,student_4834@student.edu,3.41,same_city,visual,skill_development,casual,"English,Tamil",2
S4835,Student_4835,Female,University of Colombo,Data Science,4,Cybersecurity,Software Engineer,Advanced,Colombo,student_4835@student.edu,2.91,any,kinesthetic,research_guidance,structured,"English,Tamil",6
S4836,Student_4836,Female,University of Moratuwa,Cybersecurity,3,Cybersecurity,Data Scientist,Beginner,Galle,student_4836@student.edu,3.22,remote_only,visual,research_guidance,structured,English,9
S4837,Student_4837,Male,University of Moratuwa,IT,3,Networking,Data Scientist,Intermediate,Galle,student_4837@student.edu,3.72,same_city,visual,research_guidance,casual,"English,Sinhala",3
S4838,Student_4838,Female,University of Kelaniya,CS,1,Business IT,Data Scientist,Intermediate,Galle,student_4838@student.edu,3.79,same_city,auditory,research_guidance,flexible,"English,Tamil",5
S4839,Student_4839,Female,IIT Sri Lanka,Data Science,1,Cybersecurity,Security Analyst,Beginner,Colombo,student_4839@student.edu,3.1,same_city,auditory,networking,formal,"English,Tamil",6
S4840,Student_4840,Female,SLIIT,SE,4,Networking,Security Analyst,Beginner,Galle,student_4840@student.edu,3.56,same_university,auditory,job_search,formal,English,2
S4841,Student_4841,Male,IIT Sri Lanka,SE,1,Business IT,Data Scientist,Advanced,Colombo,student_4841@student.edu,2.88,remote_only,kinesthetic,networking,casual,English,7
S4842,Student_4842,Male,University of Kelaniya,Cybersecurity,4,Software Engineering,Data Scientist,Intermediate,Gampaha,student_4842@student.edu,3.87,same_university,auditory,career_guidance,flexible,"English,Tamil",5
S4843,Student_4843,Male,SLIIT,SE,1,AI/ML,Data Scientist,Advanced,Kandy,student_4843@student.edu,3.06,same_city,kinesthetic,networking,casual,"English,Tamil",3
S4844,Student_4844,Female,University of Colombo,Cybersecurity,3,Data Science,Data Scientist,Advanced,Gampaha,student_4844@student.edu,3.65,remote_only,auditory,networking,casual,"English,Tamil",6
S4845,Student_4845,Female,University of Peradeniya,SE,3,Data Science,Security Analyst,Intermediate,Kandy,student_4845@student.edu,3.83,same_city,reading,job_search,flexible,English,6
S4846,Student_4846,Female,SLIIT,Data Science,4,AI/ML,Security Analyst,Beginner,Galle,student_4846@student.edu,3.18,any,visual,job_search,structured,"English,Tamil",5
S4847,Student_4847,Female,University of Moratuwa,IT,3,Business IT,Software Engineer,Intermediate,Colombo,student_4847@student.edu,2.5,same_university,reading,networking,flexible,"English,Sinhala",4
S4848,Student_4848,Male,IIT Sri Lanka,IT,1,Data Science,Software Engineer,Beginner,Kurunegala,student_4848@student.edu,2.52,same_university,kinesthetic,skill_development,formal,"English,Tamil",9
S4849,Student_4849,Male,University of Peradeniya,Data Science,2,Data Science,Data Scientist,Beginner,Kurunegala,student_4849@student.edu,2.71,remote_only,auditory,skill_development,casual,"English,Tamil",3
S4850,Student_4850,Male,IIT Sri Lanka,Data Science,2,Data Science,Lecturer,Advanced,Kurunegala,student_4850@student.edu,3.07,same_city,kinesthetic,career_guidance,formal,English,3
S4851,Student_4851,Male,University of Moratuwa,Data Science,3,Software Engineering,Software Engineer,Beginner,Gampaha,student_4851@student.edu,3.62,same_city,reading,skill_development,casual,English,4
S4852,Student_4852,Male,University of Moratuwa,IT,1,Networking,Lecturer,Intermediate,Kandy,student_4852@student.edu,3.61,same_university,visual,networking,formal,"English,Sinhala",2
S4853,Student_4853,Male,IIT Sri Lanka,Data Science,1,Data Science,Lecturer,Intermediate,Kurunegala,student_4853@student.edu,2.92,any,kinesthetic,career_guidance,flexible,"English,Tamil",6
S4854,Student_4854,Female,NSBM,SE,4,AI/ML,Software Engineer,Advanced,Kandy,student_4854@student.edu,2.56,same_university,auditory,skill_development,formal,"English,Tamil",5
S4855,Student_4855,Female,University of Moratuwa,Data Science,1,Business IT,Security Analyst,Beginner,Kandy,student_4855@student.edu,3.71,same_university,auditory,skill_development,formal,"English,Sinhala",7
S4856,Student_4856,Male,University of Peradeniya,SE,3,Business IT,Data Scientist,Advanced,Kandy,student_4856@student.edu,3.18,same_city,reading,job_search,structured,"English,Sinhala",8
S4857,Student_4857,Female,NSBM,IT,2,Software Engineering,Security Analyst,Advanced,Gampaha,student_4857@student.edu,3.23,same_city,visual,networking,casual,"English,Tamil",7
S4858,Student_4858,Male,University of Kelaniya,IT,1,Software Engineering,Data Scientist,Intermediate,Gampaha,student_4858@student.edu,2.9,any,visual,job_search,casual,"English,Tamil",1
S4859,Student_4859,Male,SLIIT,CS,1,Networking,Lecturer,Intermediate,Colombo,student_4859@student.edu,3.76,remote_only,kinesthetic,job_search,structured,English,8
S4860,Student_4860,Female,University of Kelaniya,Data Science,1,Software Engineering,Data Scientist,Intermediate,Colombo,student_4860@student.edu,2.88,remote_only,visual,networking,flexible,"English,Tamil",2
S4861,Student_4861,Female,SLIIT,CS,2,Software Engineering,Security Analyst,Advanced,Galle,student_4861@student.edu,2.75,any,kinesthetic,career_guidance,formal,"English,Sinhala",4
S4862,Student_4862,Female,University of Peradeniya,Cybersecurity,3,Business IT,Security Analyst,Intermediate,Colombo,student_4862@student.edu,3.73,remote_only,auditory,skill_development,structured,"English,Sinhala",8
S4863,Student_4863,Female,NSBM,CS,4,Data Science,Data Scientist,Intermediate,Gampaha,student_4863@student.edu,2.7,same_university,visual,career_guidance,formal,"English,Tamil",1
S4864,Student_4864,Male,University of Peradeniya,SE,1,Data Science,Security Analyst,Advanced,Colombo,student_4864@student.edu,3.2,same_university,reading,research_guidance,casual,"English,Tamil",8
S4865,Student_4865,Male,University of Peradeniya,IT,4,Cybersecurity,Security Analyst,Intermediate,Gampaha,student_4865@student.edu,2.63,remote_only,visual,skill_development,casual,"English,Sinhala",6
S4866,Student_4866,Female,University of Kelaniya,CS,3,Networking,Software Engineer,Advanced,Colombo,student_4866@student.edu,3.25,any,auditory,skill_development,structured,English,9
S4867,Student_4867,Female,IIT Sri Lanka,CS,2,Software Engineering,Security Analyst,Intermediate,Kurunegala,student_4867@student.edu,3.3,same_university,visual,job_search,flexible,English,7
S4868,Student_4868,Male,NSBM,SE,1,Networking,Lecturer,Advanced,Kurunegala,student_4868@student.edu,3.44,remote_only,kinesthetic,career_guidance,casual,"English,Sinhala",7
S4869,Student_4869,Male,University of Colombo,Data Science,3,Networking,Data Scientist,Intermediate,Kandy,student_4869@student.edu,3.03,any,kinesthetic,research_guidance,structured,"English,Tamil",8
S4870,Student_4870,Female,SLIIT,SE,1,Software Engineering,Software Engineer,Intermediate,Kandy,student_4870@student.edu,3.57,any,kinesthetic,networking,formal,English,6
S4871,Student_4871,Female,University of Peradeniya,Cybersecurity,1,AI/ML,Software Engineer,Intermediate,Kurunegala,student_4871@student.edu,3.46,same_city,visual,networking,casual,"English,Tamil",1
S4872,Student_4872,Female,University of Moratuwa,SE,4,Data Science,Data Scientist,Advanced,Gampaha,student_4872@student.edu,2.9,remote_only,reading,career_guidance,formal,"English,Tamil",7
S4873,Student_4873,Male,IIT Sri Lanka,Cybersecurity,1,Data Science,Data Scientist,Intermediate,Gampaha,student_4873@student.edu,3.19,same_university,visual,career_guidance,flexible,English,7
S4874,Student_4874,Female,University of Kelaniya,Data Science,4,Cybersecurity,Security Analyst,Intermediate,Colombo,student_4874@student.edu,3.46,same_university,visual,networking,formal,"English,Tamil",2
S4875,Student_4875,Female,University of Moratuwa,IT,3,Software Engineering,Lecturer,Beginner,Galle,student_4875@student.edu,3.09,remote_only,reading,skill_development,flexible,"English,Sinhala",5
S4876,Student_4876,Female,NSBM,SE,2,Cybersecurity,Software Engineer,Intermediate,Colombo,student_4876@student.edu,2.99,same_city,kinesthetic,job_search,flexible,"English,Tamil",8
S4877,Student_4877,Male,University of Moratuwa,Data Science,4,AI/ML,Lecturer,Beginner,Kandy,student_4877@student.edu,2.65,remote_only,visual,career_guidance,casual,English,4
S4878,Student_4878,Male,University of Peradeniya,IT,3,Networking,Security Analyst,Advanced,Kurunegala,student_4878@student.edu,3.86,any,visual,job_search,formal,"English,Sinhala",5
S4879,Student_4879,Female,SLIIT,IT,3,AI/ML,Data Scientist,Advanced,Gampaha,student_4879@student.edu,3.46,same_university,reading,research_guidance,structured,English,5
S4880,Student_4880,Male,University of Kelaniya,Cybersecurity,3,Business IT,Lecturer,Intermediate,Galle,student_4880@student.edu,2.85,same_university,kinesthetic,job_search,flexible,English,1
S4881,Student_4881,Female,IIT Sri Lanka,IT,1,Networking,Lecturer,Advanced,Kurunegala,student_4881@student.edu,3.65,same_university,visual,skill_development,structured,English,1
S4882,Student_4882,Male,SLIIT,Cybersecurity,3,AI/ML,Software Engineer,Intermediate,Kurunegala,student_4882@student.edu,3.2,any,visual,networking,casual,"English,Sinhala",6
S4883,Student_4883,Female,University of Peradeniya,CS,3,Data Science,Data Scientist,Advanced,Kurunegala,student_4883@student.edu,3.6,any,kinesthetic,skill_development,formal,"English,Tamil",4
S4884,Student_4884,Male,University of Peradeniya,SE,1,Data Science,Lecturer,Advanced,Kandy,student_4884@student.edu,3.32,same_city,auditory,research_guidance,formal,English,5
S4885,Student_4885,Male,University of Colombo,SE,2,AI/ML,Data Scientist,Beginner,Gampaha,student_4885@student.edu,3.76,any,reading,career_guidance,casual,"English,Sinhala",6
S4886,Student_4886,Female,University of Moratuwa,Data Science,3,Cybersecurity,Data Scientist,Beginner,Galle,student_4886@student.edu,2.87,remote_only,visual,skill_development,formal,English,7
S4887,Student_4887,Female,University of Kelaniya,SE,2,Software Engineering,Data Scientist,Intermediate,Colombo,student_4887@student.edu,3.15,any,reading,career_guidance,flexible,English,7
S4888,Student_4888,Male,SLIIT,CS,3,Data Science,Data Scientist,Beginner,Colombo,student_4888@student.edu,2.61,remote_only,reading,networking,formal,"English,Tamil",2
S4889,Student_4889,Male,IIT Sri Lanka,SE,4,Networking,Security Analyst,Intermediate,Kurunegala,student_4889@student.edu,2.73,remote_only,visual,skill_development,structured,English,2
S4890,Student_4890,Male,IIT Sri Lanka,Data Science,2,AI/ML,Security Analyst,Intermediate,Kurunegala,student_4890@student.edu,3.51,any,reading,research_guidance,formal,English,8
S4891,Student_4891,Male,University of Kelaniya,SE,3,Data Science,Software Engineer,Advanced,Kandy,student_4891@student.edu,3.09,same_university,visual,skill_development,flexible,"English,Sinhala",8
S4892,Student_4892,Female,University of Peradeniya,IT,1,Networking,Security Analyst,Beginner,Kurunegala,student_4892@student.edu,3.03,same_university,auditory,research_guidance,formal,"English,Tamil",4
S4893,Student_4893,Female,University of Moratuwa,SE,3,AI/ML,Software Engineer,Intermediate,Gampaha,student_4893@student.edu,2.61,any,visual,career_guidance,structured,English,3
S4894,Student_4894,Male,IIT Sri Lanka,SE,4,Software Engineering,Lecturer,Intermediate,Kurunegala,student_4894@student.edu,3.12,any,reading,job_search,flexible,English,5
S4895,Student_4895,Female,University of Colombo,CS,1,AI/ML,Data Scientist,Intermediate,Gampaha,student_4895@student.edu,2.7,same_city,visual,career_guidance,formal,"English,Sinhala",3
S4896,Student_4896,Male,NSBM,Data Science,4,AI/ML,Software Engineer,Advanced,Gampaha,student_4896@student.edu,3.78,same_university,visual,networking,formal,English,8
S4897,Student_4897,Male,NSBM,SE,3,Networking,Software Engineer,Intermediate,Kurunegala,student_4897@student.edu,3.13,remote_only,auditory,networking,flexible,English,6
S4898,Student_4898,Male,IIT Sri Lanka,IT,4,Software Engineering,Lecturer,Intermediate,Colombo,student_4898@student.edu,3.21,any,reading,job_search,structured,"English,Tamil",8
S4899,Student_4899,Female,SLIIT,SE,3,AI/ML,Security Analyst,Beginner,Kurunegala,student_4899@student.edu,3.84,any,reading,career_guidance,casual,English,2
S4900,Student_4900,Male,IIT Sri Lanka,Data Science,3,Data Science,Security Analyst,Advanced,Galle,student_4900@student.edu,3.96,same_university,visual,job_search,casual,English,2
S4901,Student_4901,Male,University of Peradeniya,IT,4,Software Engineering,Lecturer,Intermediate,Galle,student_4901@student.edu,3.72,any,visual,job_search,flexible,"English,Tamil",1
S4902,Student_4902,Male,NSBM,Cybersecurity,3,AI/ML,Software Engineer,Advanced,Colombo,student_4902@student.edu,3.41,remote_only,visual,career_guidance,formal,English,2
S4903,Student_4903,Female,University of Moratuwa,Data Science,2,Cybersecurity,Software Engineer,Intermediate,Colombo,student_4903@student.edu,3.2,any,kinesthetic,networking,flexible,"English,Sinhala",1
S4904,Student_4904,Male,SLIIT,SE,3,Cybersecurity,Software Engineer,Intermediate,Kandy,student_4904@student.edu,2.55,any,reading,job_search,flexible,"English,Sinhala",6
S4905,Student_4905,Male,University of Kelaniya,Data Science,4,Business IT,Lecturer,Advanced,Galle,student_4905@student.edu,2.5,any,auditory,networking,formal,"English,Tamil",2
S4906,Student_4906,Female,University of Peradeniya,Cybersecurity,3,Data Science,Data Scientist,Intermediate,Colombo,student_4906@student.edu,3.17,same_university,visual,career_guidance,casual,"English,Sinhala",2
S4907,Student_4907,Male,University of Colombo,Cybersecurity,1,Data Science,Data Scientist,Advanced,Gampaha,student_4907@student.edu,3.16,any,reading,job_search,casual,"English,Sinhala",3
S4908,Student_4908,Male,University of Peradeniya,CS,2,Networking,Software Engineer,Intermediate,Galle,student_4908@student.edu,2.72,any,visual,skill_development,flexible,"English,Sinhala",1
S4909,Student_4909,Male,University of Kelaniya,SE,2,Cybersecurity,Security Analyst,Beginner,Kurunegala,student_4909@student.edu,2.54,remote_only,auditory,skill_development,structured,English,4
S4910,Student_4910,Female,SLIIT,SE,1,AI/ML,Security Analyst,Intermediate,Gampaha,student_4910@student.edu,2.69,any,auditory,career_guidance,structured,"English,Sinhala",1
S4911,Student_4911,Female,University of Moratuwa,SE,3,AI/ML,Lecturer,Intermediate,Gampaha,student_4911@student.edu,2.61,same_city,visual,career_guidance,casual,"English,Tamil",7
S4912,Student_4912,Male,University of Moratuwa,Data Science,4,Networking,Security Analyst,Intermediate,Galle,student_4912@student.edu,2.55,remote_only,reading,networking,flexible,English,8
S4913,Student_4913,Female,University of Peradeniya,CS,1,Business IT,Data Scientist,Beginner,Kurunegala,student_4913@student.edu,3.01,same_university,visual,career_guidance,casual,English,3
S4914,Student_4914,Female,IIT Sri Lanka,Data Science,3,Business IT,Data Scientist,Advanced,Kurunegala,student_4914@student.edu,4.0,remote_only,visual,research_guidance,flexible,"English,Tamil",1
S4915,Student_4915,Female,SLIIT,CS,1,Software Engineering,Lecturer,Beginner,Colombo,student_4915@student.edu,2.64,remote_only,visual,job_search,structured,"English,Tamil",5
S4916,Student_4916,Female,University of Kelaniya,SE,3,AI/ML,Data Scientist,Intermediate,Colombo,student_4916@student.edu,3.39,same_city,reading,job_search,flexible,"English,Tamil",8
S4917,Student_4917,Female,IIT Sri Lanka,IT,3,Software Engineering,Security Analyst,Intermediate,Colombo,student_4917@student.edu,3.95,same_university,reading,job_search,flexible,"English,Sinhala",7
S4918,Student_4918,Male,NSBM,Cybersecurity,2,Networking,Lecturer,Intermediate,Kandy,student_4918@student.edu,3.37,same_city,kinesthetic,skill_development,casual,English,1
S4919,Student_4919,Male,SLIIT,Cybersecurity,4,Software Engineering,Data Scientist,Beginner,Kurunegala,student_4919@student.edu,2.96,any,reading,research_guidance,casual,"English,Sinhala",7
S4920,Student_4920,Male,NSBM,Data Science,2,Business IT,Security Analyst,Beginner,Gampaha,student_4920@student.edu,3.63,same_university,visual,skill_development,structured,"English,Sinhala",1
S4921,Student_4921,Male,University of Kelaniya,Data Science,2,Cybersecurity,Software Engineer,Beginner,Gampaha,student_4921@student.edu,3.39,same_city,visual,research_guidance,structured,English,7
S4922,Student_4922,Female,NSBM,Cybersecurity,3,Software Engineering,Software Engineer,Intermediate,Gampaha,student_4922@student.edu,2.67,remote_only,kinesthetic,career_guidance,flexible,"English,Tamil",8
S4923,Student_4923,Male,University of Moratuwa,SE,3,AI/ML,Software Engineer,Intermediate,Gampaha,student_4923@student.edu,3.62,same_city,auditory,job_search,flexible,English,6
S4924,Student_4924,Male,IIT Sri Lanka,IT,2,Business IT,Lecturer,Beginner,Gampaha,student_4924@student.edu,3.0,same_city,reading,networking,structured,"English,Tamil",3
S4925,Student_4925,Male,SLIIT,Cybersecurity,1,Cybersecurity,Data Scientist,Intermediate,Colombo,student_4925@student.edu,3.32,any,reading,skill_development,formal,English,4
S4926,Student_4926,Female,University of Moratuwa,Data Science,2,Business IT,Software Engineer,Beginner,Colombo,student_4926@student.edu,3.83,same_university,auditory,career_guidance,structured,English,7
S4927,Student_4927,Male,University of Peradeniya,CS,4,Cybersecurity,Security Analyst,Beginner,Kurunegala,student_4927@student.edu,2.62,any,visual,career_guidance,flexible,English,4
S4928,Student_4928,Male,University of Colombo,Data Science,1,Data Science,Security Analyst,Advanced,Galle,student_4928@student.edu,2.81,remote_only,reading,career_guidance,flexible,"English,Sinhala",4
S4929,Student_4929,Female,University of Colombo,Cybersecurity,4,Data Science,Data Scientist,Intermediate,Kurunegala,student_4929@student.edu,3.32,same_city,kinesthetic,networking,structured,"English,Tamil",2
S4930,Student_4930,Female,University of Peradeniya,Cybersecurity,2,Cybersecurity,Data Scientist,Intermediate,Colombo,student_4930@student.edu,3.49,same_university,visual,skill_development,structured,"English,Sinhala",6
S4931,Student_4931,Female,University of Moratuwa,Data Science,3,Software Engineering,Data Scientist,Intermediate,Galle,student_4931@student.edu,3.99,any,reading,career_guidance,flexible,English,6
S4932,Student_4932,Male,University of Moratuwa,SE,4,Cybersecurity,Lecturer,Advanced,Kurunegala,student_4932@student.edu,3.2,same_city,visual,networking,structured,"English,Tamil",3
S4933,Student_4933,Female,University of Kelaniya,CS,2,Cybersecurity,Data Scientist,Intermediate,Colombo,student_4933@student.edu,3.47,same_city,visual,skill_development,structured,English,5
S4934,Student_4934,Male,NSBM,IT,1,Software Engineering,Lecturer,Advanced,Kandy,student_4934@student.edu,3.84,any,kinesthetic,networking,structured,English,6
S4935,Student_4935,Female,University of Moratuwa,Data Science,4,Networking,Security Analyst,Advanced,Gampaha,student_4935@student.edu,3.83,remote_only,kinesthetic,skill_development,structured,"English,Sinhala",8
S4936,Student_4936,Female,IIT Sri Lanka,Cybersecurity,2,Business IT,Lecturer,Advanced,Kurunegala,student_4936@student.edu,3.15,same_city,visual,skill_development,casual,"English,Tamil",5
S4937,Student_4937,Male,University of Colombo,IT,3,Data Science,Data Scientist,Beginner,Kandy,student_4937@student.edu,3.12,same_university,auditory,job_search,casual,"English,Tamil",7
S4938,Student_4938,Male,University of Peradeniya,Cybersecurity,4,Data Science,Lecturer,Intermediate,Kandy,student_4938@student.edu,3.11,any,visual,skill_development,flexible,English,3
S4939,Student_4939,Female,University of Moratuwa,IT,1,Business IT,Software Engineer,Beginner,Kurunegala,student_4939@student.edu,3.73,same_university,auditory,skill_development,structured,"English,Tamil",9
S4940,Student_4940,Female,University of Moratuwa,Cybersecurity,4,Software Engineering,Software Engineer,Intermediate,Gampaha,student_4940@student.edu,3.14,same_city,auditory,career_guidance,flexible,"English,Sinhala",1
S4941,Student_4941,Male,SLIIT,Data Science,1,Data Science,Software Engineer,Beginner,Gampaha,student_4941@student.edu,2.61,same_city,auditory,skill_development,structured,"English,Tamil",4
S4942,Student_4942,Male,NSBM,IT,3,Networking,Data Scientist,Beginner,Kurunegala,student_4942@student.edu,2.5,same_city,reading,skill_development,casual,English,5
S4943,Student_4943,Male,SLIIT,Data Science,3,Data Science,Lecturer,Beginner,Kandy,student_4943@student.edu,3.91,same_university,visual,career_guidance,formal,English,1
S4944,Student_4944,Female,IIT Sri Lanka,Data Science,3,Business IT,Lecturer,Beginner,Kandy,student_4944@student.edu,2.78,any,reading,research_guidance,structured,English,2
S4945,Student_4945,Male,NSBM,SE,3,Business IT,Data Scientist,Intermediate,Gampaha,student_4945@student.edu,2.93,remote_only,visual,skill_development,formal,English,9
S4946,Student_4946,Male,University of Moratuwa,CS,4,Business IT,Software Engineer,Beginner,Colombo,student_4946@student.edu,3.23,any,kinesthetic,job_search,structured,"English,Sinhala",6
S4947,Student_4947,Female,University of Kelaniya,Data Science,4,AI/ML,Data Scientist,Intermediate,Colombo,student_4947@student.edu,3.96,same_university,kinesthetic,skill_development,flexible,English,8
S4948,Student_4948,Male,University of Moratuwa,Data Science,1,Business IT,Security Analyst,Beginner,Galle,student_4948@student.edu,3.68,any,visual,research_guidance,casual,"English,Tamil",5
S4949,Student_4949,Female,SLIIT,Cybersecurity,1,AI/ML,Security Analyst,Advanced,Colombo,student_4949@student.edu,2.53,remote_only,visual,research_guidance,structured,"English,Tamil",5
S4950,Student_4950,Male,University of Kelaniya,IT,2,Software Engineering,Lecturer,Advanced,Kurunegala,student_4950@student.edu,3.36,same_city,kinesthetic,networking,casual,"English,Tamil",7
S4951,Student_4951,Female,University of Peradeniya,CS,2,Networking,Lecturer,Advanced,Colombo,student_4951@student.edu,3.07,any,auditory,skill_development,casual,"English,Tamil",5
S4952,Student_4952,Female,University of Moratuwa,Cybersecurity,4,AI/ML,Data Scientist,Advanced,Galle,student_4952@student.edu,2.53,same_city,kinesthetic,skill_development,casual,"English,Sinhala",5
S4953,Student_4953,Male,SLIIT,Data Science,1,Data Science,Software Engineer,Beginner,Gampaha,student_4953@student.edu,3.39,remote_only,reading,job_search,structured,"English,Tamil",8
S4954,Student_4954,Female,IIT Sri Lanka,CS,4,Data Science,Lecturer,Beginner,Galle,student_4954@student.edu,2.69,same_university,reading,networking,casual,"English,Sinhala",1
S4955,Student_4955,Female,University of Kelaniya,SE,4,Software Engineering,Data Scientist,Advanced,Galle,student_4955@student.edu,2.51,any,auditory,research_guidance,formal,"English,Tamil",8
S4956,Student_4956,Male,NSBM,CS,3,Software Engineering,Data Scientist,Beginner,Galle,student_4956@student.edu,3.0,remote_only,kinesthetic,job_search,structured,"English,Sinhala",4
S4957,Student_4957,Female,University of Moratuwa,IT,2,AI/ML,Data Scientist,Beginner,Gampaha,student_4957@student.edu,3.85,any,kinesthetic,networking,casual,English,6
S4958,Student_4958,Male,University of Colombo,CS,2,Business IT,Data Scientist,Intermediate,Kandy,student_4958@student.edu,3.0,any,visual,research_guidance,casual,English,2
S4959,Student_4959,Female,University of Peradeniya,Cybersecurity,3,Software Engineering,Lecturer,Advanced,Gampaha,student_4959@student.edu,3.55,remote_only,kinesthetic,networking,structured,"English,Sinhala",4
S4960,Student_4960,Female,University of Kelaniya,CS,3,Networking,Data Scientist,Intermediate,Gampaha,student_4960@student.edu,3.0,remote_only,reading,networking,flexible,"English,Tamil",3
S4961,Student_4961,Female,University of Moratuwa,Data Science,3,Data Science,Lecturer,Advanced,Kurunegala,student_4961@student.edu,2.82,remote_only,visual,networking,formal,"English,Sinhala",9
S4962,Student_4962,Female,University of Peradeniya,CS,3,Business IT,Software Engineer,Beginner,Kurunegala,student_4962@student.edu,3.94,any,kinesthetic,research_guidance,flexible,"English,Tamil",2
S4963,Student_4963,Male,University of Colombo,SE,1,Networking,Software Engineer,Advanced,Kandy,student_4963@student.edu,3.31,same_city,kinesthetic,career_guidance,flexible,"English,Sinhala",8
S4964,Student_4964,Male,University of Peradeniya,IT,1,AI/ML,Data Scientist,Intermediate,Gampaha,student_4964@student.edu,2.57,any,visual,job_search,flexible,"English,Tamil",4
S4965,Student_4965,Male,University of Kelaniya,SE,4,Cybersecurity,Security Analyst,Advanced,Kurunegala,student_4965@student.edu,3.69,same_university,visual,research_guidance,flexible,"English,Sinhala",5
S4966,Student_4966,Male,University of Peradeniya,SE,3,Cybersecurity,Software Engineer,Beginner,Colombo,student_4966@student.edu,2.61,same_city,visual,skill_development,flexible,English,9
S4967,Student_4967,Male,University of Moratuwa,SE,3,AI/ML,Lecturer,Beginner,Galle,student_4967@student.edu,3.91,remote_only,visual,career_guidance,casual,"English,Tamil",5
S4968,Student_4968,Male,University of Peradeniya,CS,1,Business IT,Software Engineer,Beginner,Kurunegala,student_4968@student.edu,3.16,remote_only,kinesthetic,skill_development,flexible,"English,Sinhala",1
S4969,Student_4969,Female,University of Colombo,SE,2,Business IT,Security Analyst,Beginner,Galle,student_4969@student.edu,3.25,same_city,auditory,job_search,flexible,English,2
S4970,Student_4970,Female,IIT Sri Lanka,CS,3,Networking,Data Scientist,Advanced,Gampaha,student_4970@student.edu,3.02,remote_only,auditory,skill_development,structured,"English,Sinhala",6
S4971,Student_4971,Male,University of Colombo,SE,1,Software Engineering,Data Scientist,Beginner,Colombo,student_4971@student.edu,2.51,same_university,reading,research_guidance,structured,"English,Sinhala",7
S4972,Student_4972,Male,NSBM,Data Science,2,AI/ML,Software Engineer,Intermediate,Kurunegala,student_4972@student.edu,3.3,remote_only,reading,career_guidance,flexible,English,2
S4973,Student_4973,Male,University of Moratuwa,Cybersecurity,3,AI/ML,Data Scientist,Advanced,Galle,student_4973@student.edu,3.97,same_university,auditory,career_guidance,structured,"English,Tamil",5
S4974,Student_4974,Female,NSBM,IT,4,Software Engineering,Data Scientist,Beginner,Kurunegala,student_4974@student.edu,3.57,same_city,kinesthetic,career_guidance,structured,English,5
S4975,Student_4975,Male,SLIIT,IT,4,Cybersecurity,Data Scientist,Beginner,Colombo,student_4975@student.edu,3.28,remote_only,kinesthetic,research_guidance,formal,English,6
S4976,Student_4976,Male,SLIIT,Data Science,3,Networking,Security Analyst,Beginner,Colombo,student_4976@student.edu,3.36,same_university,visual,skill_development,formal,"English,Sinhala",6
S4977,Student_4977,Female,University of Peradeniya,Data Science,4,Data Science,Lecturer,Advanced,Colombo,student_4977@student.edu,3.64,remote_only,visual,skill_development,structured,English,6
S4978,Student_4978,Female,University of Peradeniya,SE,4,Data Science,Lecturer,Advanced,Kandy,student_4978@student.edu,2.95,any,reading,networking,structured,English,9
S4979,Student_4979,Male,NSBM,Data Science,1,Software Engineering,Security Analyst,Beginner,Colombo,student_4979@student.edu,2.51,remote_only,visual,job_search,casual,"English,Sinhala",7
S4980,Student_4980,Female,IIT Sri Lanka,Data Science,1,AI/ML,Data Scientist,Advanced,Colombo,student_4980@student.edu,2.53,any,reading,skill_development,casual,"English,Sinhala",8
S4981,Student_4981,Female,SLIIT,IT,1,Business IT,Data Scientist,Advanced,Gampaha,student_4981@student.edu,3.05,same_city,auditory,career_guidance,formal,"English,Tamil",2
S4982,Student_4982,Male,University of Peradeniya,Cybersecurity,2,Software Engineering,Software Engineer,Beginner,Galle,student_4982@student.edu,2.78,any,kinesthetic,research_guidance,formal,"English,Sinhala",5
S4983,Student_4983,Male,IIT Sri Lanka,Cybersecurity,4,Software Engineering,Software Engineer,Advanced,Galle,student_4983@student.edu,3.43,any,reading,job_search,formal,"English,Sinhala",2
S4984,Student_4984,Male,NSBM,Cybersecurity,1,Networking,Lecturer,Advanced,Colombo,student_4984@student.edu,2.57,any,auditory,job_search,structured,English,1
S4985,Student_4985,Female,University of Moratuwa,Data Science,2,Networking,Lecturer,Beginner,Colombo,student_4985@student.edu,3.0,any,kinesthetic,job_search,flexible,English,9
S4986,Student_4986,Male,IIT Sri Lanka,Data Science,3,Data Science,Data Scientist,Intermediate,Galle,student_4986@student.edu,2.65,same_city,visual,career_guidance,formal,"English,Tamil",8
S4987,Student_4987,Female,NSBM,SE,3,Networking,Security Analyst,Intermediate,Kurunegala,student_4987@student.edu,3.64,remote_only,auditory,job_search,flexible,"English,Tamil",8
S4988,Student_4988,Male,University of Peradeniya,SE,2,Data Science,Data Scientist,Advanced,Gampaha,student_4988@student.edu,3.23,same_city,auditory,networking,formal,English,9
S4989,Student_4989,Male,University of Moratuwa,Cybersecurity,1,Data Science,Lecturer,Beginner,Colombo,student_4989@student.edu,3.04,same_city,visual,networking,flexible,"English,Tamil",7
S4990,Student_4990,Female,University of Peradeniya,Data Science,4,Networking,Data Scientist,Advanced,Gampaha,student_4990@student.edu,3.06,same_university,kinesthetic,networking,structured,English,6
S4991,Student_4991,Male,University of Kelaniya,SE,1,Data Science,Security Analyst,Intermediate,Kurunegala,student_4991@student.edu,2.6,remote_only,visual,networking,casual,"English,Sinhala",9
S4992,Student_4992,Male,University of Moratuwa,SE,3,Networking,Security Analyst,Advanced,Gampaha,student_4992@student.edu,3.41,remote_only,visual,career_guidance,formal,"English,Sinhala",6
S4993,Student_4993,Female,University of Moratuwa,Data Science,1,AI/ML,Data Scientist,Beginner,Gampaha,student_4993@student.edu,2.51,any,auditory,skill_development,structured,"English,Tamil",8
S4994,Student_4994,Female,NSBM,Data Science,3,AI/ML,Data Scientist,Advanced,Kurunegala,student_4994@student.edu,2.73,same_city,visual,job_search,casual,"English,Sinhala",6
S4995,Student_4995,Male,University of Moratuwa,Data Science,3,AI/ML,Lecturer,Advanced,Kurunegala,student_4995@student.edu,3.98,remote_only,auditory,career_guidance,casual,English,7
S4996,Student_4996,Female,University of Moratuwa,CS,1,Cybersecurity,Security Analyst,Beginner,Colombo,student_4996@student.edu,2.92,any,visual,career_guidance,formal,"English,Sinhala",6
S4997,Student_4997,Female,University of Kelaniya,CS,2,AI/ML,Lecturer,Advanced,Galle,student_4997@student.edu,3.91,same_city,kinesthetic,research_guidance,structured,"English,Tamil",3
S4998,Student_4998,Female,University of Kelaniya,IT,1,Business IT,Software Engineer,Advanced,Kurunegala,student_4998@student.edu,2.53,remote_only,auditory,skill_development,flexible,English,8
S4999,Student_4999,Male,SLIIT,Cybersecurity,2,Cybersecurity,Software Engineer,Beginner,Galle,student_4999@student.edu,3.66,any,reading,skill_development,formal,"English,Tamil",7
