match_id,mentor_id,mentee_id,compatibility_score,match_date,match_status,mentor_response_time_hours,mentee_initiated,match_reason
MATCH_0,ALUMNI_M631,S4271,64.39,2026-04-15 11:22:12.466528,pending,,True,specific_request
MATCH_1,M163,S4930,49.33,2026-04-29 11:22:12.467022,completed,,True,specific_request
MATCH_2,M2040,S2664,46.0,2026-05-02 11:22:12.467450,pending,31.0,False,admin_assigned
MATCH_3,ALUMNI_M1628,S3638,51.0,2026-05-04 11:22:12.467924,completed,64.0,True,high_compatibility
MATCH_4,M371,S4198,51.0,2026-04-14 11:22:12.468324,completed,,True,admin_assigned
MATCH_5,ALUMNI_M1870,S645,48.0,2026-05-06 11:22:12.468784,rejected,18.0,False,high_compatibility
MATCH_6,ALUMNI_M4010,S2886,44.0,2026-04-08 11:22:12.469219,completed,,False,auto_suggestion
MATCH_7,M4591,S4361,51.0,2026-04-29 11:22:12.469653,rejected,7.0,False,admin_assigned
MATCH_8,M4698,S2843,68.5,2026-04-07 11:22:12.470101,pending,,True,specific_request
MATCH_9,M1042,S4683,61.36,2026-04-06 11:22:12.470508,accepted,,False,specific_request
MATCH_10,ALUMNI_M3023,S4949,51.0,2026-04-15 11:22:12.470906,accepted,,False,high_compatibility
MATCH_11,M864,S2430,51.0,2026-04-15 11:22:12.471309,rejected,,True,auto_suggestion
MATCH_12,ALUMNI_M1961,S306,68.5,2026-04-10 11:22:12.471758,completed,61.0,True,specific_request
MATCH_13,ALUMNI_M2700,S3675,68.5,2026-04-15 11:22:12.472252,completed,13.0,True,admin_assigned
MATCH_14,ALUMNI_M2360,S4540,51.0,2026-04-16 11:22:12.472717,rejected,,True,high_compatibility
MATCH_15,M1318,S1465,51.0,2026-04-11 11:22:12.473111,completed,45.0,True,specific_request
MATCH_16,ALUMNI_M517,S4861,51.0,2026-04-12 11:22:12.473494,accepted,59.0,False,auto_suggestion
MATCH_17,ALUMNI_M4188,S354,53.72,2026-04-30 11:22:12.473893,pending,31.0,False,specific_request
MATCH_18,M4669,S4427,51.0,2026-05-05 11:22:12.474298,rejected,,False,specific_request
MATCH_19,ALUMNI_M229,S255,55.0,2026-04-24 11:22:12.474758,rejected,49.0,False,specific_request
MATCH_20,M2477,S4527,51.0,2026-04-06 11:22:12.475189,pending,,False,admin_assigned
MATCH_21,ALUMNI_M5539,S2011,44.0,2026-04-21 11:22:12.475628,accepted,2.0,False,auto_suggestion
MATCH_22,ALUMNI_M4083,S3776,44.0,2026-04-15 11:22:12.476069,completed,,False,high_compatibility
MATCH_23,ALUMNI_M5729,S3447,44.0,2026-05-06 11:22:12.476500,completed,6.0,True,auto_suggestion
MATCH_24,ALUMNI_M580,S2910,48.0,2026-04-23 11:22:12.476946,accepted,22.0,True,high_compatibility
MATCH_25,ALUMNI_M1499,S4392,55.0,2026-04-26 11:22:12.477355,accepted,,False,specific_request
MATCH_26,ALUMNI_M2263,S1502,68.5,2026-04-25 11:22:12.477827,pending,,True,specific_request
MATCH_27,M3777,S4797,44.0,2026-05-06 11:22:12.478240,rejected,72.0,False,auto_suggestion
MATCH_28,M1835,S4792,68.5,2026-04-24 11:22:12.478673,completed,28.0,True,high_compatibility
MATCH_29,ALUMNI_M1633,S3108,48.0,2026-04-10 11:22:12.479092,accepted,,True,specific_request
MATCH_30,ALUMNI_M40,S1666,37.33,2026-04-23 11:22:12.479512,rejected,62.0,True,specific_request
MATCH_31,M781,S2235,44.0,2026-04-10 11:22:12.479950,rejected,20.0,False,auto_suggestion
MATCH_32,M3403,S4406,55.0,2026-04-08 11:22:12.480350,accepted,32.0,False,specific_request
MATCH_33,ALUMNI_M3162,S4721,39.71,2026-04-16 11:22:12.480796,completed,15.0,True,admin_assigned
MATCH_34,M1723,S4912,51.0,2026-04-27 11:22:12.481178,rejected,26.0,False,specific_request
MATCH_35,M484,S699,51.0,2026-04-18 11:22:12.481552,completed,64.0,False,specific_request
MATCH_36,ALUMNI_M3641,S4375,51.0,2026-04-26 11:22:12.481978,completed,,False,admin_assigned
MATCH_37,ALUMNI_M2000,S2039,49.0,2026-04-26 11:22:12.482367,accepted,20.0,False,auto_suggestion
MATCH_38,M1688,S47,51.0,2026-04-24 11:22:12.482815,pending,,False,admin_assigned
MATCH_39,ALUMNI_M1622,S2384,51.0,2026-05-01 11:22:12.483244,pending,72.0,False,auto_suggestion
MATCH_40,M3193,S4623,65.5,2026-04-12 11:22:12.483655,pending,54.0,False,specific_request
MATCH_41,ALUMNI_M1904,S924,44.0,2026-04-24 11:22:12.484088,accepted,,True,admin_assigned
MATCH_42,ALUMNI_M4749,S203,72.5,2026-04-27 11:22:12.484466,pending,39.0,False,auto_suggestion
MATCH_43,ALUMNI_M4384,S4858,55.0,2026-04-15 11:22:12.484910,completed,39.0,False,specific_request
MATCH_44,M1,S664,51.0,2026-05-05 11:22:12.485310,pending,49.0,True,admin_assigned
MATCH_45,M3759,S4188,55.0,2026-04-14 11:22:12.485804,accepted,34.0,True,high_compatibility
MATCH_46,ALUMNI_M3187,S773,51.0,2026-04-17 11:22:12.486244,accepted,4.0,False,auto_suggestion
MATCH_47,ALUMNI_M4126,S1146,51.0,2026-04-09 11:22:12.486659,completed,,True,auto_suggestion
MATCH_48,M3435,S1512,51.0,2026-04-07 11:22:12.487101,pending,10.0,True,high_compatibility
MATCH_49,ALUMNI_M408,S812,48.78,2026-04-07 11:22:12.487509,accepted,,False,specific_request
MATCH_50,M978,S749,51.0,2026-05-05 11:22:12.487942,completed,,True,auto_suggestion
MATCH_51,ALUMNI_M2200,S2345,72.5,2026-05-02 11:22:12.488340,accepted,,False,specific_request
MATCH_52,M3147,S1753,47.0,2026-04-25 11:22:12.488857,completed,11.0,True,auto_suggestion
MATCH_53,M4948,S2947,44.0,2026-04-15 11:22:12.489306,rejected,,False,admin_assigned
MATCH_54,ALUMNI_M4490,S1962,44.0,2026-04-14 11:22:12.489791,rejected,9.0,False,specific_request
MATCH_55,M2270,S1119,48.0,2026-05-03 11:22:12.490270,pending,47.0,True,specific_request
MATCH_56,ALUMNI_M2174,S4999,46.71,2026-05-03 11:22:12.490676,pending,7.0,False,auto_suggestion
MATCH_57,ALUMNI_M4069,S3331,40.67,2026-05-01 11:22:12.491100,accepted,,False,high_compatibility
MATCH_58,ALUMNI_M5486,S1421,44.0,2026-05-02 11:22:12.491514,completed,,True,auto_suggestion
MATCH_59,M2740,S302,44.0,2026-04-18 11:22:12.491951,accepted,,True,specific_request
MATCH_60,ALUMNI_M3347,S4190,44.0,2026-04-24 11:22:12.492367,pending,22.0,False,specific_request
MATCH_61,ALUMNI_M4570,S1869,51.0,2026-04-26 11:22:12.492788,accepted,,False,auto_suggestion
MATCH_62,ALUMNI_M1184,S4296,41.14,2026-04-09 11:22:12.493201,pending,13.0,False,high_compatibility
MATCH_63,M2887,S3888,51.0,2026-04-17 11:22:12.493613,rejected,,True,high_compatibility
MATCH_64,M2677,S1194,51.0,2026-04-20 11:22:12.494032,completed,,False,auto_suggestion
MATCH_65,ALUMNI_M2895,S291,47.67,2026-04-06 11:22:12.494422,completed,28.0,False,high_compatibility
MATCH_66,M4909,S2682,51.0,2026-05-02 11:22:12.494854,pending,,False,high_compatibility
MATCH_67,ALUMNI_M1404,S1059,51.0,2026-04-23 11:22:12.495248,completed,,False,specific_request
MATCH_68,ALUMNI_M2690,S158,51.0,2026-04-29 11:22:12.495650,completed,53.0,True,auto_suggestion
MATCH_69,ALUMNI_M3894,S36,48.0,2026-04-14 11:22:12.496082,accepted,46.0,False,high_compatibility
MATCH_70,M319,S3129,72.17,2026-04-23 11:22:12.496496,rejected,,True,high_compatibility
MATCH_71,ALUMNI_M3037,S4729,44.0,2026-04-24 11:22:12.496922,accepted,62.0,False,admin_assigned
MATCH_72,M3968,S2597,51.0,2026-05-06 11:22:12.497321,completed,46.0,False,admin_assigned
MATCH_73,ALUMNI_M2027,S1649,47.25,2026-05-01 11:22:12.497799,completed,28.0,True,auto_suggestion
MATCH_74,ALUMNI_M2150,S635,51.0,2026-05-03 11:22:12.498209,accepted,70.0,True,specific_request
MATCH_75,ALUMNI_M3948,S1050,61.5,2026-04-19 11:22:12.498625,accepted,67.0,True,auto_suggestion
MATCH_76,M1843,S4815,51.0,2026-04-21 11:22:12.499046,rejected,35.0,True,admin_assigned
MATCH_77,ALUMNI_M92,S1013,36.22,2026-04-13 11:22:12.499458,accepted,35.0,True,high_compatibility
MATCH_78,M172,S3019,52.5,2026-04-17 11:22:12.499933,completed,15.0,True,high_compatibility
MATCH_79,ALUMNI_M5352,S4154,44.0,2026-04-16 11:22:12.500346,pending,38.0,True,auto_suggestion
MATCH_80,ALUMNI_M5086,S1264,51.0,2026-05-01 11:22:12.500793,completed,61.0,False,specific_request
MATCH_81,ALUMNI_M362,S2064,44.0,2026-04-12 11:22:12.501198,completed,33.0,False,auto_suggestion
MATCH_82,ALUMNI_M5099,S907,68.5,2026-04-22 11:22:12.501613,rejected,13.0,False,specific_request
MATCH_83,ALUMNI_M3267,S3734,68.5,2026-04-27 11:22:12.502053,rejected,39.0,True,high_compatibility
MATCH_84,M4681,S3350,48.0,2026-04-26 11:22:12.502458,pending,72.0,False,specific_request
MATCH_85,ALUMNI_M233,S4891,44.0,2026-04-15 11:22:12.502903,completed,49.0,True,specific_request
MATCH_86,ALUMNI_M716,S4573,44.0,2026-04-15 11:22:12.503338,completed,54.0,True,admin_assigned
MATCH_87,M2242,S2008,51.0,2026-04-11 11:22:12.503803,rejected,35.0,False,admin_assigned
MATCH_88,ALUMNI_M1,S2879,55.0,2026-05-02 11:22:12.504209,rejected,59.0,True,high_compatibility
MATCH_89,ALUMNI_M2178,S3038,68.5,2026-05-05 11:22:12.504622,completed,12.0,False,specific_request
MATCH_90,ALUMNI_M533,S1446,51.0,2026-04-10 11:22:12.505055,accepted,38.0,False,admin_assigned
MATCH_91,ALUMNI_M1685,S2096,44.0,2026-04-17 11:22:12.505454,completed,52.0,True,auto_suggestion
MATCH_92,ALUMNI_M3769,S1773,55.0,2026-05-02 11:22:12.505912,rejected,62.0,False,admin_assigned
MATCH_93,M3820,S2298,61.5,2026-04-07 11:22:12.506318,completed,33.0,True,high_compatibility
MATCH_94,M3288,S2984,40.25,2026-05-05 11:22:12.506760,rejected,44.0,False,auto_suggestion
MATCH_95,M2907,S909,72.5,2026-04-15 11:22:12.507160,accepted,,True,admin_assigned
MATCH_96,ALUMNI_M4583,S2727,51.0,2026-04-14 11:22:12.507574,rejected,59.0,False,admin_assigned
MATCH_97,ALUMNI_M2760,S604,61.67,2026-04-09 11:22:12.508002,accepted,17.0,False,specific_request
MATCH_98,M3187,S4460,55.67,2026-04-26 11:22:12.508395,completed,,True,admin_assigned
MATCH_99,ALUMNI_M1493,S1973,51.0,2026-04-24 11:22:12.508831,rejected,,False,auto_suggestion
MATCH_100,ALUMNI_M4311,S927,55.0,2026-05-04 11:22:12.509180,rejected,40.0,True,auto_suggestion
MATCH_101,ALUMNI_M2158,S799,44.0,2026-04-28 11:22:12.509535,pending,,True,admin_assigned
MATCH_102,M620,S3565,72.5,2026-04-17 11:22:12.509963,accepted,62.0,False,specific_request
MATCH_103,M4351,S4473,50.67,2026-04-28 11:22:12.510335,rejected,,False,specific_request
MATCH_104,M595,S3943,65.5,2026-04-26 11:22:12.510718,completed,,True,admin_assigned
MATCH_105,ALUMNI_M2407,S2490,48.0,2026-05-06 11:22:12.511076,rejected,17.0,True,auto_suggestion
MATCH_106,M2711,S4581,61.5,2026-04-12 11:22:12.511430,completed,2.0,False,auto_suggestion
MATCH_107,M4594,S4373,51.0,2026-04-21 11:22:12.511826,pending,,True,high_compatibility
MATCH_108,ALUMNI_M4364,S1121,40.0,2026-04-08 11:22:12.512187,pending,49.0,True,auto_suggestion
MATCH_109,M3781,S1476,68.5,2026-04-23 11:22:12.512549,completed,70.0,True,specific_request
MATCH_110,ALUMNI_M5890,S2394,44.0,2026-05-04 11:22:12.512932,pending,55.0,False,high_compatibility
MATCH_111,ALUMNI_M1935,S1794,51.0,2026-05-02 11:22:12.513298,accepted,14.0,True,admin_assigned
MATCH_112,ALUMNI_M1297,S1994,51.0,2026-04-26 11:22:12.513679,accepted,69.0,False,high_compatibility
MATCH_113,ALUMNI_M5835,S1315,50.67,2026-04-22 11:22:12.514077,rejected,,True,auto_suggestion
MATCH_114,M769,S4378,44.0,2026-05-06 11:22:12.514456,accepted,57.0,True,admin_assigned
MATCH_115,ALUMNI_M5381,S1053,44.0,2026-04-15 11:22:12.514889,rejected,65.0,False,admin_assigned
MATCH_116,ALUMNI_M2693,S2067,44.0,2026-04-06 11:22:12.515281,rejected,,True,specific_request
MATCH_117,ALUMNI_M5629,S2340,72.5,2026-04-07 11:22:12.516871,accepted,36.0,True,auto_suggestion
MATCH_118,M4110,S1874,61.5,2026-04-27 11:22:12.517315,pending,49.0,True,admin_assigned
MATCH_119,ALUMNI_M3634,S3278,44.0,2026-04-16 11:22:12.517763,completed,69.0,False,auto_suggestion
MATCH_120,ALUMNI_M4732,S3960,53.57,2026-05-01 11:22:12.518177,pending,,False,high_compatibility
MATCH_121,M2455,S430,68.5,2026-04-09 11:22:12.518601,accepted,22.0,True,high_compatibility
MATCH_122,ALUMNI_M5421,S3886,44.0,2026-04-24 11:22:12.519007,rejected,,False,high_compatibility
MATCH_123,M4829,S626,51.0,2026-05-03 11:22:12.519395,accepted,14.0,False,high_compatibility
MATCH_124,M2259,S336,44.0,2026-04-29 11:22:12.520224,accepted,,True,auto_suggestion
MATCH_125,M2348,S340,55.0,2026-04-29 11:22:12.520649,pending,1.0,False,admin_assigned
MATCH_126,ALUMNI_M3304,S378,68.5,2026-04-28 11:22:12.521073,pending,58.0,True,specific_request
MATCH_127,M4183,S1945,68.5,2026-04-11 11:22:12.521450,completed,35.0,True,admin_assigned
MATCH_128,ALUMNI_M5585,S2903,51.0,2026-04-19 11:22:12.522940,completed,46.0,True,high_compatibility
MATCH_129,M4451,S4874,50.67,2026-05-06 11:22:12.523424,completed,,False,admin_assigned
MATCH_130,M421,S688,39.0,2026-04-29 11:22:12.523902,completed,10.0,True,specific_request
MATCH_131,ALUMNI_M1162,S741,57.67,2026-04-13 11:22:12.524301,pending,35.0,True,admin_assigned
MATCH_132,ALUMNI_M1874,S4107,51.0,2026-04-24 11:22:12.525778,accepted,13.0,True,admin_assigned
MATCH_133,ALUMNI_M2009,S2593,55.0,2026-04-16 11:22:12.526241,rejected,28.0,True,auto_suggestion
MATCH_134,M3623,S4416,44.33,2026-04-07 11:22:12.526650,accepted,,True,specific_request
MATCH_135,ALUMNI_M2009,S663,44.0,2026-04-08 11:22:12.527095,pending,20.0,True,high_compatibility
MATCH_136,ALUMNI_M1278,S2180,44.0,2026-05-04 11:22:12.527518,pending,15.0,False,high_compatibility
MATCH_137,ALUMNI_M575,S677,55.0,2026-04-24 11:22:12.527985,rejected,37.0,False,admin_assigned
MATCH_138,M2074,S2997,48.0,2026-04-06 11:22:12.528366,completed,,False,admin_assigned
MATCH_139,ALUMNI_M3465,S331,37.75,2026-04-13 11:22:12.529326,pending,39.0,False,high_compatibility
MATCH_140,M137,S3455,55.0,2026-04-17 11:22:12.529835,completed,10.0,True,auto_suggestion
MATCH_141,ALUMNI_M3282,S4146,44.33,2026-04-16 11:22:12.530092,accepted,38.0,False,high_compatibility
MATCH_142,ALUMNI_M2376,S3469,68.5,2026-04-20 11:22:12.530306,rejected,,False,admin_assigned
MATCH_143,M532,S2403,55.0,2026-04-19 11:22:12.530538,pending,71.0,False,auto_suggestion
MATCH_144,M4102,S447,51.0,2026-04-26 11:22:12.530818,rejected,,False,specific_request
MATCH_145,ALUMNI_M12,S2599,48.14,2026-05-06 11:22:12.531044,rejected,31.0,False,high_compatibility
MATCH_146,ALUMNI_M5516,S1621,61.5,2026-04-16 11:22:12.531244,accepted,23.0,True,auto_suggestion
MATCH_147,ALUMNI_M440,S3449,44.33,2026-04-28 11:22:12.531435,completed,,True,admin_assigned
MATCH_148,ALUMNI_M8,S3709,44.0,2026-04-13 11:22:12.531636,accepted,36.0,True,specific_request
MATCH_149,ALUMNI_M4588,S1463,41.33,2026-04-20 11:22:12.532990,pending,29.0,True,high_compatibility
MATCH_150,M2496,S1424,44.0,2026-04-08 11:22:12.533213,completed,29.0,True,admin_assigned
MATCH_151,ALUMNI_M4380,S2160,49.57,2026-05-01 11:22:12.533434,completed,6.0,False,high_compatibility
MATCH_152,ALUMNI_M4177,S3833,65.5,2026-05-03 11:22:12.533645,pending,5.0,False,admin_assigned
MATCH_153,M2438,S4656,51.0,2026-04-11 11:22:12.534014,pending,25.0,False,auto_suggestion
MATCH_154,ALUMNI_M2875,S3361,51.0,2026-04-08 11:22:12.534373,pending,14.0,True,auto_suggestion
MATCH_155,ALUMNI_M1419,S392,55.0,2026-04-09 11:22:12.534757,completed,,True,high_compatibility
MATCH_156,ALUMNI_M3695,S2443,44.0,2026-05-04 11:22:12.535121,rejected,12.0,False,auto_suggestion
MATCH_157,ALUMNI_M4943,S830,51.0,2026-04-27 11:22:12.535492,pending,43.0,True,specific_request
MATCH_158,ALUMNI_M3575,S4894,49.0,2026-04-19 11:22:12.535875,rejected,40.0,True,admin_assigned
MATCH_159,ALUMNI_M3921,S3060,55.0,2026-04-23 11:22:12.536233,pending,37.0,False,high_compatibility
MATCH_160,ALUMNI_M3766,S1332,51.0,2026-04-23 11:22:12.536591,rejected,33.0,True,admin_assigned
MATCH_161,ALUMNI_M1938,S3431,61.5,2026-04-09 11:22:12.536994,rejected,64.0,False,auto_suggestion
MATCH_162,ALUMNI_M3171,S4791,51.0,2026-04-18 11:22:12.537342,rejected,60.0,False,high_compatibility
MATCH_163,M3342,S589,44.0,2026-05-03 11:22:12.537692,rejected,18.0,True,auto_suggestion
MATCH_164,ALUMNI_M2693,S2509,68.5,2026-04-07 11:22:12.538090,accepted,60.0,True,auto_suggestion
MATCH_165,M219,S4988,44.0,2026-04-06 11:22:12.538468,completed,71.0,False,auto_suggestion
MATCH_166,ALUMNI_M4124,S1814,55.0,2026-04-15 11:22:12.538880,pending,51.0,True,specific_request
MATCH_167,M3383,S4148,51.0,2026-04-26 11:22:12.539236,pending,36.0,True,admin_assigned
MATCH_168,M705,S1287,44.0,2026-04-25 11:22:12.539629,rejected,40.0,True,specific_request
MATCH_169,ALUMNI_M1968,S4036,42.57,2026-05-04 11:22:12.540020,accepted,50.0,False,auto_suggestion
MATCH_170,ALUMNI_M4928,S2759,61.5,2026-04-12 11:22:12.540378,rejected,,False,auto_suggestion
MATCH_171,M4049,S4158,55.0,2026-05-03 11:22:12.540767,rejected,70.0,True,high_compatibility
MATCH_172,M4951,S3844,51.0,2026-05-06 11:22:12.541130,pending,,True,high_compatibility
MATCH_173,M380,S3357,51.67,2026-04-13 11:22:12.541511,accepted,36.0,True,admin_assigned
MATCH_174,ALUMNI_M4541,S2602,72.5,2026-05-01 11:22:12.541914,rejected,,False,high_compatibility
MATCH_175,M118,S898,51.0,2026-04-30 11:22:12.542275,rejected,11.0,False,high_compatibility
MATCH_176,ALUMNI_M4527,S758,51.0,2026-04-09 11:22:12.542662,pending,28.0,True,auto_suggestion
MATCH_177,M3471,S2942,44.0,2026-04-29 11:22:12.543111,completed,39.0,True,specific_request
MATCH_178,M3700,S4864,44.0,2026-05-01 11:22:12.543442,pending,68.0,True,specific_request
MATCH_179,M785,S4793,53.92,2026-04-15 11:22:12.543837,accepted,53.0,True,admin_assigned
MATCH_180,ALUMNI_M412,S3847,68.5,2026-04-30 11:22:12.544198,rejected,32.0,False,high_compatibility
MATCH_181,M3106,S2369,44.0,2026-04-17 11:22:12.544561,completed,,True,specific_request
MATCH_182,ALUMNI_M1124,S1218,72.5,2026-04-23 11:22:12.544979,completed,59.0,True,auto_suggestion
MATCH_183,M2222,S4706,51.0,2026-04-12 11:22:12.545326,completed,29.0,False,admin_assigned
MATCH_184,ALUMNI_M3894,S4738,51.0,2026-04-20 11:22:12.545689,rejected,68.0,False,admin_assigned
MATCH_185,ALUMNI_M4252,S912,55.0,2026-04-06 11:22:12.546077,rejected,,False,admin_assigned
MATCH_186,ALUMNI_M2426,S1267,44.0,2026-05-04 11:22:12.546427,pending,,False,specific_request
MATCH_187,ALUMNI_M650,S4597,50.67,2026-04-20 11:22:12.546811,completed,,True,auto_suggestion
MATCH_188,M1602,S4409,57.67,2026-05-02 11:22:12.547168,accepted,70.0,False,specific_request
MATCH_189,M2153,S494,44.0,2026-04-24 11:22:12.547524,accepted,,False,admin_assigned
MATCH_190,ALUMNI_M281,S1330,68.5,2026-04-29 11:22:12.547933,completed,31.0,False,admin_assigned
MATCH_191,ALUMNI_M1888,S3593,51.0,2026-04-07 11:22:12.548283,completed,28.0,False,auto_suggestion
MATCH_192,ALUMNI_M2658,S1875,55.0,2026-04-17 11:22:12.548672,completed,36.0,True,high_compatibility
MATCH_193,ALUMNI_M5177,S2319,44.0,2026-05-02 11:22:12.549044,pending,35.0,True,high_compatibility
MATCH_194,ALUMNI_M31,S848,51.0,2026-04-10 11:22:12.549385,accepted,22.0,True,admin_assigned
MATCH_195,ALUMNI_M1360,S3370,61.5,2026-04-07 11:22:12.549782,rejected,27.0,True,specific_request
MATCH_196,ALUMNI_M2029,S4387,67.5,2026-04-24 11:22:12.550149,accepted,37.0,False,high_compatibility
MATCH_197,ALUMNI_M5481,S488,44.0,2026-04-06 11:22:12.550553,pending,60.0,True,auto_suggestion
MATCH_198,M1399,S4498,51.0,2026-04-15 11:22:12.550958,rejected,,False,specific_request
MATCH_199,ALUMNI_M4929,S60,51.0,2026-04-22 11:22:12.551333,rejected,4.0,False,auto_suggestion
MATCH_200,ALUMNI_M1625,S3939,55.0,2026-05-06 11:22:12.551744,accepted,63.0,False,specific_request
MATCH_201,ALUMNI_M1178,S301,44.0,2026-04-30 11:22:12.552169,accepted,64.0,False,specific_request
MATCH_202,M380,S2056,50.71,2026-05-06 11:22:12.552578,accepted,53.0,True,admin_assigned
MATCH_203,ALUMNI_M3078,S3499,44.0,2026-04-27 11:22:12.553025,rejected,,False,admin_assigned
MATCH_204,ALUMNI_M2468,S3894,55.0,2026-05-03 11:22:12.553407,completed,51.0,True,specific_request
MATCH_205,M140,S3496,48.0,2026-05-03 11:22:12.553845,accepted,19.0,True,admin_assigned
MATCH_206,M2202,S3205,51.0,2026-04-16 11:22:12.554229,rejected,,False,admin_assigned
MATCH_207,M579,S115,48.0,2026-04-16 11:22:12.554625,completed,52.0,False,high_compatibility
MATCH_208,M1517,S899,55.0,2026-04-20 11:22:12.555034,rejected,32.0,True,high_compatibility
MATCH_209,M1413,S3979,51.0,2026-04-10 11:22:12.555412,pending,4.0,True,auto_suggestion
MATCH_210,ALUMNI_M3879,S4416,68.5,2026-04-27 11:22:12.555860,accepted,,True,admin_assigned
MATCH_211,ALUMNI_M3545,S4773,51.0,2026-04-25 11:22:12.556261,pending,,False,specific_request
MATCH_212,M311,S3476,48.0,2026-04-21 11:22:12.556680,accepted,67.0,False,auto_suggestion
MATCH_213,ALUMNI_M2919,S2026,51.0,2026-04-23 11:22:12.557111,accepted,23.0,False,auto_suggestion
MATCH_214,M3285,S3479,44.0,2026-04-20 11:22:12.557536,pending,22.0,True,high_compatibility
MATCH_215,ALUMNI_M4586,S3994,44.0,2026-04-13 11:22:12.557982,accepted,,False,high_compatibility
MATCH_216,M1467,S4222,55.0,2026-04-30 11:22:12.558380,completed,,False,specific_request
MATCH_217,M2621,S2741,44.0,2026-04-13 11:22:12.558813,accepted,30.0,True,specific_request
MATCH_218,ALUMNI_M3111,S1987,51.0,2026-04-10 11:22:12.559230,pending,20.0,False,specific_request
MATCH_219,M2162,S4169,51.0,2026-04-30 11:22:12.559641,accepted,,True,admin_assigned
MATCH_220,M4965,S1200,44.0,2026-05-03 11:22:12.560085,completed,7.0,True,specific_request
MATCH_221,ALUMNI_M5832,S2815,45.5,2026-04-16 11:22:12.560516,pending,,True,specific_request
MATCH_222,ALUMNI_M2094,S4401,51.0,2026-04-06 11:22:12.560948,rejected,23.0,True,high_compatibility
MATCH_223,ALUMNI_M2046,S2774,75.17,2026-04-09 11:22:12.561353,completed,37.0,False,high_compatibility
MATCH_224,M2291,S651,51.0,2026-04-27 11:22:12.561785,completed,60.0,False,auto_suggestion
MATCH_225,ALUMNI_M2184,S1314,47.52,2026-04-19 11:22:12.562631,accepted,,True,auto_suggestion
MATCH_226,ALUMNI_M4796,S4303,51.0,2026-05-06 11:22:12.563167,pending,69.0,False,auto_suggestion
MATCH_227,M2955,S148,51.0,2026-04-13 11:22:12.563586,completed,5.0,False,auto_suggestion
MATCH_228,ALUMNI_M5124,S3247,48.0,2026-04-28 11:22:12.563986,completed,,True,auto_suggestion
MATCH_229,M3578,S3227,48.0,2026-05-05 11:22:12.564359,accepted,,False,high_compatibility
MATCH_230,M479,S569,44.0,2026-04-08 11:22:12.564761,completed,,False,high_compatibility
MATCH_231,ALUMNI_M916,S3393,51.0,2026-05-01 11:22:12.565036,pending,63.0,True,specific_request
MATCH_232,M2499,S3694,44.0,2026-04-22 11:22:12.565255,completed,,True,high_compatibility
MATCH_233,ALUMNI_M4107,S4543,51.0,2026-04-16 11:22:12.565463,pending,6.0,True,admin_assigned
MATCH_234,M966,S1271,51.0,2026-04-06 11:22:12.565660,rejected,34.0,True,auto_suggestion
MATCH_235,M3728,S1950,44.0,2026-04-10 11:22:12.566024,pending,17.0,False,admin_assigned
MATCH_236,ALUMNI_M2606,S4470,51.0,2026-04-14 11:22:12.566230,accepted,,False,high_compatibility
MATCH_237,ALUMNI_M4776,S351,49.33,2026-04-21 11:22:12.566435,completed,,True,auto_suggestion
MATCH_238,ALUMNI_M3547,S493,40.67,2026-05-06 11:22:12.566634,accepted,,False,high_compatibility
MATCH_239,ALUMNI_M4269,S4719,38.0,2026-04-21 11:22:12.567007,pending,,False,specific_request
MATCH_240,M3617,S1810,51.0,2026-04-13 11:22:12.567366,accepted,,False,specific_request
MATCH_241,ALUMNI_M2075,S3081,54.67,2026-04-20 11:22:12.567753,accepted,67.0,False,auto_suggestion
MATCH_242,ALUMNI_M1035,S2634,51.0,2026-04-30 11:22:12.568121,completed,,False,specific_request
MATCH_243,M2747,S1137,44.0,2026-04-16 11:22:12.568486,completed,5.0,True,admin_assigned
MATCH_244,M4773,S388,44.0,2026-04-16 11:22:12.568903,accepted,5.0,False,high_compatibility
MATCH_245,ALUMNI_M5258,S4155,44.0,2026-04-16 11:22:12.569290,pending,,False,auto_suggestion
MATCH_246,M1717,S2202,44.0,2026-04-11 11:22:12.569679,completed,15.0,True,specific_request
MATCH_247,M1739,S3205,51.0,2026-04-15 11:22:12.570062,pending,67.0,True,auto_suggestion
MATCH_248,M4349,S2161,44.0,2026-04-26 11:22:12.570452,accepted,15.0,False,auto_suggestion
MATCH_249,M3536,S1851,51.0,2026-05-04 11:22:12.570860,pending,72.0,False,auto_suggestion
MATCH_250,ALUMNI_M851,S482,44.0,2026-04-11 11:22:12.571270,rejected,57.0,True,auto_suggestion
MATCH_251,ALUMNI_M5223,S3687,68.92,2026-04-22 11:22:12.571676,completed,38.0,True,admin_assigned
MATCH_252,ALUMNI_M1538,S807,44.0,2026-04-20 11:22:12.572087,pending,60.0,True,admin_assigned
MATCH_253,ALUMNI_M1849,S1685,44.0,2026-04-24 11:22:12.572493,pending,40.0,True,auto_suggestion
MATCH_254,M3118,S4399,51.0,2026-04-16 11:22:12.572906,rejected,,True,admin_assigned
MATCH_255,M4010,S249,44.0,2026-04-16 11:22:12.573268,pending,34.0,True,specific_request
MATCH_256,M2982,S4715,68.5,2026-05-05 11:22:12.573506,completed,70.0,False,high_compatibility
MATCH_257,M48,S689,51.0,2026-05-02 11:22:12.573777,pending,,False,auto_suggestion
MATCH_258,M1750,S1089,57.67,2026-04-25 11:22:12.574018,accepted,,True,specific_request
MATCH_259,ALUMNI_M4572,S460,46.71,2026-04-15 11:22:12.574221,completed,63.0,False,specific_request
MATCH_260,ALUMNI_M5067,S2639,44.0,2026-04-08 11:22:12.574440,accepted,17.0,True,specific_request
MATCH_261,ALUMNI_M2562,S3799,51.0,2026-04-16 11:22:12.574646,rejected,2.0,True,admin_assigned
MATCH_262,M4028,S688,39.0,2026-04-10 11:22:12.574934,accepted,11.0,True,admin_assigned
MATCH_263,ALUMNI_M3561,S1274,44.0,2026-04-28 11:22:12.575136,pending,,False,admin_assigned
MATCH_264,M994,S4539,44.0,2026-05-02 11:22:12.575339,rejected,6.0,True,specific_request
MATCH_265,ALUMNI_M2132,S894,52.14,2026-04-22 11:22:12.575536,completed,1.0,True,auto_suggestion
MATCH_266,M3139,S4517,51.0,2026-04-07 11:22:12.575795,pending,19.0,False,specific_request
MATCH_267,M1131,S4680,68.5,2026-05-02 11:22:12.576020,completed,,True,high_compatibility
MATCH_268,M4926,S393,51.0,2026-04-28 11:22:12.576212,accepted,4.0,True,auto_suggestion
MATCH_269,M787,S1459,68.5,2026-04-17 11:22:12.576417,rejected,71.0,False,specific_request
MATCH_270,ALUMNI_M27,S2637,44.0,2026-04-17 11:22:12.576611,completed,63.0,True,admin_assigned
MATCH_271,M2659,S4639,55.0,2026-04-16 11:22:12.576888,completed,,False,specific_request
MATCH_272,ALUMNI_M4870,S2712,44.0,2026-05-04 11:22:12.577089,rejected,,True,admin_assigned
MATCH_273,M4188,S4813,68.5,2026-04-25 11:22:12.577289,rejected,13.0,False,admin_assigned
MATCH_274,M1408,S1799,68.5,2026-04-13 11:22:12.577479,completed,,False,auto_suggestion
MATCH_275,ALUMNI_M3403,S2855,55.0,2026-04-16 11:22:12.577673,accepted,19.0,True,admin_assigned
MATCH_276,ALUMNI_M3288,S2105,39.0,2026-04-12 11:22:12.577947,rejected,68.0,True,high_compatibility
MATCH_277,ALUMNI_M831,S3634,60.25,2026-04-07 11:22:12.578145,rejected,,True,auto_suggestion
MATCH_278,ALUMNI_M1537,S3334,51.0,2026-04-21 11:22:12.578347,completed,63.0,False,high_compatibility
MATCH_279,M1323,S2551,55.0,2026-04-27 11:22:12.578549,pending,47.0,True,admin_assigned
MATCH_280,M4929,S233,55.0,2026-04-20 11:22:12.578812,rejected,64.0,True,admin_assigned
MATCH_281,ALUMNI_M5296,S1965,51.0,2026-04-10 11:22:12.579027,pending,,False,high_compatibility
MATCH_282,M1109,S3083,44.0,2026-05-04 11:22:12.579224,pending,,True,high_compatibility
MATCH_283,M708,S1429,51.0,2026-04-25 11:22:12.579425,rejected,60.0,False,high_compatibility
MATCH_284,M490,S3188,72.5,2026-04-15 11:22:12.579618,completed,62.0,True,high_compatibility
MATCH_285,ALUMNI_M4994,S4483,48.0,2026-05-03 11:22:12.579889,pending,,False,specific_request
MATCH_286,M103,S2786,51.0,2026-04-07 11:22:12.580091,accepted,51.0,True,admin_assigned
MATCH_287,ALUMNI_M5735,S2912,51.0,2026-05-03 11:22:12.580288,completed,37.0,True,high_compatibility
MATCH_288,ALUMNI_M2523,S3505,51.0,2026-04-07 11:22:12.580482,accepted,,True,high_compatibility
MATCH_289,ALUMNI_M4648,S3691,57.67,2026-04-19 11:22:12.580672,pending,27.0,False,admin_assigned
MATCH_290,ALUMNI_M2256,S1266,51.0,2026-04-14 11:22:12.580935,pending,33.0,True,auto_suggestion
MATCH_291,M4607,S1953,62.94,2026-04-29 11:22:12.581132,accepted,,True,specific_request
MATCH_292,ALUMNI_M1857,S3984,44.0,2026-04-16 11:22:12.581334,rejected,63.0,False,auto_suggestion
MATCH_293,M2919,S3689,61.5,2026-04-19 11:22:12.581569,rejected,14.0,True,specific_request
MATCH_294,ALUMNI_M4948,S4900,44.0,2026-04-08 11:22:12.581830,rejected,,True,high_compatibility
MATCH_295,ALUMNI_M4579,S1449,51.0,2026-05-05 11:22:12.582034,accepted,3.0,True,high_compatibility
MATCH_296,M4341,S3921,48.0,2026-04-30 11:22:12.582225,completed,,True,auto_suggestion
MATCH_297,M2614,S4873,44.0,2026-04-13 11:22:12.582422,rejected,70.0,True,high_compatibility
MATCH_298,ALUMNI_M3082,S2566,61.5,2026-05-02 11:22:12.582618,rejected,41.0,False,auto_suggestion
MATCH_299,M3198,S2616,41.5,2026-05-06 11:22:12.582897,rejected,48.0,False,auto_suggestion
MATCH_300,ALUMNI_M1589,S3016,51.0,2026-04-10 11:22:12.583125,accepted,,False,auto_suggestion
MATCH_301,M1905,S4802,56.42,2026-04-06 11:22:12.583329,accepted,39.0,False,admin_assigned
MATCH_302,ALUMNI_M5995,S4978,51.0,2026-04-11 11:22:12.583522,pending,,False,high_compatibility
MATCH_303,M365,S2338,51.0,2026-05-01 11:22:12.583769,pending,,False,auto_suggestion
MATCH_304,ALUMNI_M4554,S2471,55.0,2026-04-10 11:22:12.583988,pending,48.0,False,high_compatibility
MATCH_305,M2751,S3242,51.0,2026-04-18 11:22:12.584180,completed,58.0,True,auto_suggestion
MATCH_306,M1132,S2355,44.0,2026-04-30 11:22:12.584375,rejected,61.0,True,auto_suggestion
MATCH_307,ALUMNI_M122,S2195,51.0,2026-04-29 11:22:12.584573,pending,44.0,False,admin_assigned
MATCH_308,M3564,S3161,51.0,2026-04-18 11:22:12.584787,accepted,66.0,False,auto_suggestion
MATCH_309,ALUMNI_M5192,S2968,51.0,2026-04-28 11:22:12.584983,completed,,False,admin_assigned
MATCH_310,ALUMNI_M4892,S2876,55.0,2026-04-17 11:22:12.585167,completed,31.0,True,auto_suggestion
MATCH_311,M2178,S499,51.0,2026-04-20 11:22:12.585366,rejected,,False,admin_assigned
MATCH_312,ALUMNI_M547,S1331,51.0,2026-04-06 11:22:12.585558,accepted,62.0,False,high_compatibility
MATCH_313,ALUMNI_M4454,S4670,51.0,2026-04-14 11:22:12.585773,rejected,63.0,True,admin_assigned
MATCH_314,ALUMNI_M5030,S1243,51.0,2026-04-26 11:22:12.585965,completed,35.0,False,auto_suggestion
MATCH_315,M1301,S4872,55.0,2026-04-14 11:22:12.586150,pending,71.0,True,high_compatibility
MATCH_316,M1923,S3182,44.0,2026-04-24 11:22:12.586346,accepted,36.0,True,specific_request
MATCH_317,M2158,S1056,55.0,2026-04-30 11:22:12.586533,pending,4.0,True,high_compatibility
MATCH_318,M2053,S2459,47.67,2026-05-01 11:22:12.586742,completed,38.0,True,auto_suggestion
MATCH_319,ALUMNI_M17,S83,42.57,2026-04-21 11:22:12.586940,pending,16.0,True,auto_suggestion
MATCH_320,ALUMNI_M436,S1114,51.0,2026-04-12 11:22:12.587129,pending,8.0,True,admin_assigned
MATCH_321,ALUMNI_M4870,S2851,51.0,2026-04-10 11:22:12.587326,rejected,30.0,True,admin_assigned
MATCH_322,ALUMNI_M2115,S3082,54.83,2026-04-27 11:22:12.587512,completed,7.0,True,auto_suggestion
MATCH_323,ALUMNI_M4756,S4346,48.0,2026-04-20 11:22:12.587738,pending,34.0,False,high_compatibility
MATCH_324,M304,S2885,61.5,2026-05-06 11:22:12.587997,pending,,False,specific_request
MATCH_325,M391,S4892,44.0,2026-04-27 11:22:12.588188,pending,,False,high_compatibility
MATCH_326,ALUMNI_M5211,S2043,44.33,2026-04-10 11:22:12.588394,rejected,,False,high_compatibility
MATCH_327,M4939,S100,61.5,2026-05-03 11:22:12.588592,accepted,67.0,True,high_compatibility
MATCH_328,M177,S3811,39.0,2026-04-11 11:22:12.588806,completed,,False,admin_assigned
MATCH_329,ALUMNI_M3212,S2770,51.0,2026-04-08 11:22:12.588999,pending,,True,auto_suggestion
MATCH_330,ALUMNI_M2619,S1744,68.5,2026-04-19 11:22:12.589185,rejected,21.0,False,high_compatibility
MATCH_331,ALUMNI_M1162,S4184,72.5,2026-04-30 11:22:12.589385,completed,25.0,False,specific_request
MATCH_332,ALUMNI_M3526,S3247,44.0,2026-04-24 11:22:12.589578,rejected,61.0,False,auto_suggestion
MATCH_333,M2225,S781,51.0,2026-04-15 11:22:12.589780,pending,9.0,False,high_compatibility
MATCH_334,ALUMNI_M5757,S3635,68.5,2026-04-16 11:22:12.589979,rejected,11.0,False,high_compatibility
MATCH_335,ALUMNI_M3256,S3245,51.0,2026-05-04 11:22:12.590167,completed,70.0,True,auto_suggestion
MATCH_336,ALUMNI_M3787,S4427,57.67,2026-04-27 11:22:12.590448,pending,,False,admin_assigned
MATCH_337,M3138,S4805,51.0,2026-04-27 11:22:12.590647,rejected,38.0,True,auto_suggestion
MATCH_338,ALUMNI_M1514,S51,47.67,2026-04-12 11:22:12.590872,completed,33.0,False,auto_suggestion
MATCH_339,M493,S4727,51.0,2026-05-03 11:22:12.591063,pending,50.0,True,auto_suggestion
MATCH_340,ALUMNI_M5699,S2034,48.78,2026-04-15 11:22:12.591260,rejected,40.0,False,high_compatibility
MATCH_341,M4875,S3943,48.0,2026-05-01 11:22:12.591450,completed,,True,auto_suggestion
MATCH_342,M460,S34,61.5,2026-05-06 11:22:12.591636,rejected,72.0,True,admin_assigned
MATCH_343,ALUMNI_M3400,S2750,51.0,2026-04-17 11:22:12.591845,completed,48.0,True,specific_request
MATCH_344,ALUMNI_M2321,S4603,44.0,2026-04-14 11:22:12.592033,rejected,,False,admin_assigned
MATCH_345,M4384,S4342,47.25,2026-04-26 11:22:12.592216,accepted,54.0,False,high_compatibility
MATCH_346,M3470,S1890,51.0,2026-04-23 11:22:12.592413,completed,15.0,True,auto_suggestion
MATCH_347,M4582,S886,51.0,2026-04-15 11:22:12.592605,pending,43.0,True,auto_suggestion
MATCH_348,M165,S4158,51.0,2026-04-08 11:22:12.592868,pending,57.0,False,specific_request
MATCH_349,M2345,S4980,51.0,2026-04-27 11:22:12.593087,rejected,5.0,False,specific_request
MATCH_350,ALUMNI_M1213,S4301,51.0,2026-04-22 11:22:12.593341,completed,18.0,False,specific_request
MATCH_351,M2137,S2593,68.5,2026-04-17 11:22:12.593570,completed,2.0,False,auto_suggestion
MATCH_352,ALUMNI_M5507,S85,57.67,2026-04-18 11:22:12.593808,accepted,32.0,True,admin_assigned
MATCH_353,ALUMNI_M4026,S3924,51.0,2026-05-03 11:22:12.594015,accepted,37.0,False,auto_suggestion
MATCH_354,ALUMNI_M2515,S718,44.0,2026-04-11 11:22:12.594223,completed,,True,auto_suggestion
MATCH_355,ALUMNI_M761,S1458,51.0,2026-04-22 11:22:12.594435,completed,7.0,True,specific_request
MATCH_356,ALUMNI_M4813,S563,44.0,2026-04-08 11:22:12.594643,completed,,True,auto_suggestion
MATCH_357,M270,S841,51.0,2026-04-09 11:22:12.594888,rejected,59.0,True,high_compatibility
MATCH_358,M2752,S1829,51.0,2026-04-24 11:22:12.595079,pending,46.0,True,auto_suggestion
MATCH_359,ALUMNI_M1025,S635,55.0,2026-04-26 11:22:12.595275,completed,22.0,False,auto_suggestion
MATCH_360,ALUMNI_M717,S4984,55.0,2026-04-30 11:22:12.595939,rejected,39.0,True,high_compatibility
MATCH_361,ALUMNI_M4796,S4394,68.17,2026-05-02 11:22:12.596164,accepted,,False,high_compatibility
MATCH_362,ALUMNI_M793,S461,51.0,2026-04-08 11:22:12.596382,completed,4.0,False,specific_request
MATCH_363,M241,S48,48.0,2026-04-25 11:22:12.596588,completed,,False,high_compatibility
MATCH_364,M2758,S1302,57.67,2026-04-21 11:22:12.596809,rejected,47.0,False,auto_suggestion
MATCH_365,M696,S1225,44.0,2026-04-07 11:22:12.597001,rejected,,False,high_compatibility
MATCH_366,ALUMNI_M4128,S4406,51.0,2026-04-25 11:22:12.597189,completed,69.0,False,high_compatibility
MATCH_367,ALUMNI_M1837,S4378,41.33,2026-04-17 11:22:12.597395,completed,49.0,False,admin_assigned
MATCH_368,ALUMNI_M3997,S829,51.0,2026-05-03 11:22:12.597585,rejected,,False,admin_assigned
MATCH_369,M937,S50,72.5,2026-05-06 11:22:12.597792,pending,12.0,False,auto_suggestion
MATCH_370,M1617,S3095,47.33,2026-04-18 11:22:12.597985,pending,,False,auto_suggestion
MATCH_371,ALUMNI_M2653,S3517,51.0,2026-04-07 11:22:12.598175,rejected,,True,admin_assigned
MATCH_372,M2983,S1939,55.0,2026-04-06 11:22:12.598372,rejected,12.0,True,admin_assigned
MATCH_373,ALUMNI_M3714,S3520,61.67,2026-04-17 11:22:12.598560,pending,71.0,True,admin_assigned
MATCH_374,M2345,S2249,55.0,2026-04-22 11:22:12.598762,pending,,True,admin_assigned
MATCH_375,M508,S1337,68.5,2026-04-18 11:22:12.598979,accepted,,True,auto_suggestion
MATCH_376,M1708,S2946,42.89,2026-04-26 11:22:12.599165,rejected,31.0,False,auto_suggestion
MATCH_377,ALUMNI_M3890,S811,48.0,2026-05-04 11:22:12.599361,completed,4.0,False,high_compatibility
MATCH_378,M3322,S4652,44.0,2026-05-05 11:22:12.599550,rejected,36.0,False,auto_suggestion
MATCH_379,ALUMNI_M3032,S1467,68.5,2026-05-06 11:22:12.599755,accepted,43.0,False,admin_assigned
MATCH_380,ALUMNI_M4315,S515,61.5,2026-04-18 11:22:12.599947,completed,24.0,True,high_compatibility
MATCH_381,ALUMNI_M3722,S3428,55.0,2026-04-21 11:22:12.600134,accepted,,True,auto_suggestion
MATCH_382,ALUMNI_M2838,S3266,44.0,2026-04-12 11:22:12.600329,accepted,,True,auto_suggestion
MATCH_383,M3083,S3960,51.0,2026-05-02 11:22:12.600523,rejected,,True,high_compatibility
MATCH_384,ALUMNI_M4804,S3701,51.0,2026-04-20 11:22:12.600728,completed,60.0,False,specific_request
MATCH_385,ALUMNI_M108,S2618,44.0,2026-04-10 11:22:12.601380,accepted,56.0,True,specific_request
MATCH_386,ALUMNI_M515,S2657,54.67,2026-05-04 11:22:12.601597,accepted,37.0,False,admin_assigned
MATCH_387,M3603,S1521,50.67,2026-04-24 11:22:12.601886,completed,50.0,True,auto_suggestion
MATCH_388,ALUMNI_M4741,S848,72.5,2026-04-17 11:22:12.602093,pending,35.0,True,high_compatibility
MATCH_389,ALUMNI_M2319,S1452,68.5,2026-04-27 11:22:12.602297,completed,,True,specific_request
MATCH_390,ALUMNI_M2992,S3711,51.0,2026-04-22 11:22:12.602490,completed,,False,auto_suggestion
MATCH_391,M882,S3410,44.0,2026-04-10 11:22:12.602684,rejected,12.0,False,admin_assigned
MATCH_392,ALUMNI_M3493,S1730,44.0,2026-04-11 11:22:12.602895,accepted,,True,high_compatibility
MATCH_393,ALUMNI_M726,S2098,51.0,2026-04-07 11:22:12.603111,pending,,True,specific_request
MATCH_394,ALUMNI_M4894,S3820,51.0,2026-05-02 11:22:12.603310,pending,53.0,False,specific_request
MATCH_395,M4775,S890,65.5,2026-04-09 11:22:12.603503,rejected,58.0,False,specific_request
MATCH_396,ALUMNI_M2781,S1243,50.67,2026-05-01 11:22:12.603712,completed,,False,specific_request
MATCH_397,ALUMNI_M3097,S2583,55.0,2026-05-01 11:22:12.603906,rejected,,True,specific_request
MATCH_398,M748,S4583,51.0,2026-04-21 11:22:12.604091,accepted,25.0,True,high_compatibility
MATCH_399,M4854,S1524,51.0,2026-04-18 11:22:12.604285,pending,71.0,True,high_compatibility
MATCH_400,ALUMNI_M3481,S4468,44.0,2026-04-18 11:22:12.604474,pending,46.0,False,auto_suggestion
MATCH_401,M1621,S3119,45.44,2026-04-19 11:22:12.604660,pending,,True,auto_suggestion
MATCH_402,ALUMNI_M3950,S1543,44.0,2026-04-27 11:22:12.604863,completed,46.0,False,high_compatibility
MATCH_403,ALUMNI_M5341,S2362,41.5,2026-05-03 11:22:12.605050,accepted,60.0,False,specific_request
MATCH_404,ALUMNI_M1718,S1393,47.0,2026-04-17 11:22:12.605243,accepted,16.0,False,auto_suggestion
MATCH_405,M3073,S4421,55.0,2026-04-23 11:22:12.605432,completed,,True,auto_suggestion
MATCH_406,M236,S1465,46.0,2026-04-07 11:22:12.605623,completed,,True,high_compatibility
MATCH_407,ALUMNI_M3883,S1434,44.0,2026-04-23 11:22:12.605828,rejected,59.0,True,high_compatibility
MATCH_408,M543,S3675,51.0,2026-04-12 11:22:12.606015,accepted,63.0,False,auto_suggestion
MATCH_409,ALUMNI_M770,S3217,75.17,2026-04-09 11:22:12.606330,accepted,16.0,True,specific_request
MATCH_410,M1275,S3272,43.0,2026-04-30 11:22:12.606586,rejected,16.0,False,high_compatibility
MATCH_411,M1685,S4276,44.0,2026-04-15 11:22:12.606866,pending,38.0,True,auto_suggestion
MATCH_412,ALUMNI_M2315,S4196,51.0,2026-04-21 11:22:12.607070,completed,10.0,False,admin_assigned
MATCH_413,M2902,S939,55.0,2026-04-23 11:22:12.607270,rejected,10.0,True,specific_request
MATCH_414,M1289,S2123,51.0,2026-04-18 11:22:12.607478,pending,25.0,True,specific_request
MATCH_415,ALUMNI_M5618,S3225,55.44,2026-05-05 11:22:12.607692,completed,23.0,False,admin_assigned
MATCH_416,M925,S2556,42.89,2026-04-29 11:22:12.607978,completed,,False,admin_assigned
MATCH_417,ALUMNI_M595,S3179,55.0,2026-04-30 11:22:12.608181,rejected,58.0,False,auto_suggestion
MATCH_418,M3394,S561,55.17,2026-04-07 11:22:12.608388,rejected,71.0,False,auto_suggestion
MATCH_419,M4720,S4725,55.0,2026-04-15 11:22:12.608582,accepted,17.0,False,high_compatibility
MATCH_420,M1398,S2640,55.0,2026-04-08 11:22:12.608789,accepted,50.0,False,auto_suggestion
MATCH_421,ALUMNI_M1059,S4409,51.0,2026-04-09 11:22:12.608979,pending,59.0,False,auto_suggestion
MATCH_422,M3091,S2366,51.0,2026-04-19 11:22:12.609165,rejected,59.0,False,auto_suggestion
MATCH_423,M775,S574,51.0,2026-04-26 11:22:12.609362,pending,27.0,True,admin_assigned
MATCH_424,M1818,S161,51.0,2026-04-17 11:22:12.609563,pending,,False,high_compatibility
MATCH_425,M2589,S2899,55.0,2026-04-14 11:22:12.609764,completed,,False,high_compatibility
MATCH_426,ALUMNI_M1882,S4779,44.0,2026-04-09 11:22:12.609955,completed,61.0,False,auto_suggestion
MATCH_427,M4437,S596,41.5,2026-04-28 11:22:12.610140,completed,,True,admin_assigned
MATCH_428,M3119,S2790,48.0,2026-04-25 11:22:12.610336,pending,,False,high_compatibility
MATCH_429,M2823,S839,36.86,2026-05-05 11:22:12.610520,pending,,True,high_compatibility
MATCH_430,M1925,S766,44.0,2026-04-28 11:22:12.610714,rejected,,True,auto_suggestion
MATCH_431,ALUMNI_M4995,S2479,44.0,2026-05-04 11:22:12.610905,accepted,9.0,False,specific_request
MATCH_432,M1818,S419,51.0,2026-05-04 11:22:12.611089,completed,37.0,False,specific_request
MATCH_433,ALUMNI_M3454,S2405,51.0,2026-05-05 11:22:12.611284,completed,,True,auto_suggestion
MATCH_434,M3185,S379,44.0,2026-04-30 11:22:12.611631,pending,17.0,True,specific_request
MATCH_435,M10,S121,48.0,2026-04-07 11:22:12.611874,pending,53.0,False,high_compatibility
MATCH_436,ALUMNI_M3630,S1681,44.0,2026-04-10 11:22:12.612072,completed,,False,high_compatibility
MATCH_437,M2644,S2410,51.0,2026-04-07 11:22:12.612273,pending,,True,auto_suggestion
MATCH_438,M1780,S2288,44.0,2026-04-30 11:22:12.612462,accepted,50.0,False,admin_assigned
MATCH_439,ALUMNI_M3816,S3749,59.28,2026-04-16 11:22:12.612657,accepted,24.0,False,admin_assigned
MATCH_440,ALUMNI_M3830,S714,44.0,2026-04-29 11:22:12.612873,pending,23.0,False,auto_suggestion
MATCH_441,ALUMNI_M5402,S3983,65.5,2026-05-03 11:22:12.613063,pending,,False,high_compatibility
MATCH_442,M1586,S1847,51.0,2026-04-21 11:22:12.613255,accepted,24.0,False,admin_assigned
MATCH_443,M3229,S3490,61.5,2026-04-18 11:22:12.613443,rejected,40.0,False,auto_suggestion
MATCH_444,M4069,S1386,57.67,2026-04-30 11:22:12.613675,rejected,40.0,False,specific_request
MATCH_445,M4684,S4204,51.0,2026-04-18 11:22:12.614030,accepted,51.0,True,auto_suggestion
MATCH_446,M2140,S3735,51.0,2026-05-01 11:22:12.614337,rejected,15.0,True,auto_suggestion
MATCH_447,M395,S2955,44.0,2026-04-06 11:22:12.614610,accepted,8.0,True,high_compatibility
MATCH_448,ALUMNI_M3702,S4403,61.5,2026-04-25 11:22:12.614835,rejected,24.0,True,admin_assigned
MATCH_449,ALUMNI_M5079,S1366,51.0,2026-04-17 11:22:12.615029,completed,42.0,False,specific_request
MATCH_450,ALUMNI_M2209,S486,68.5,2026-04-14 11:22:12.615222,completed,58.0,False,admin_assigned
MATCH_451,ALUMNI_M5838,S1563,44.0,2026-04-10 11:22:12.615422,accepted,24.0,False,admin_assigned
MATCH_452,M2931,S1021,44.0,2026-04-26 11:22:12.615613,accepted,66.0,True,specific_request
MATCH_453,ALUMNI_M4762,S1587,51.0,2026-04-23 11:22:12.615827,completed,,False,auto_suggestion
MATCH_454,M2983,S4378,44.0,2026-04-24 11:22:12.616013,pending,34.0,False,specific_request
MATCH_455,M3622,S2634,51.0,2026-05-03 11:22:12.616204,completed,38.0,False,specific_request
MATCH_456,M2709,S2498,55.0,2026-04-26 11:22:12.616400,pending,,False,specific_request
MATCH_457,ALUMNI_M2781,S1390,61.5,2026-05-03 11:22:12.616729,rejected,40.0,True,auto_suggestion
MATCH_458,ALUMNI_M2227,S2974,51.0,2026-04-09 11:22:12.616959,accepted,26.0,True,high_compatibility
MATCH_459,ALUMNI_M1096,S3656,66.28,2026-04-29 11:22:12.617153,rejected,44.0,True,admin_assigned
MATCH_460,M4202,S2580,48.0,2026-04-29 11:22:12.617356,pending,58.0,False,admin_assigned
MATCH_461,M1497,S835,44.0,2026-04-17 11:22:12.617642,pending,5.0,True,high_compatibility
MATCH_462,ALUMNI_M1503,S750,51.0,2026-04-23 11:22:12.617868,completed,14.0,False,high_compatibility
MATCH_463,ALUMNI_M4492,S1607,51.25,2026-05-01 11:22:12.618139,pending,37.0,False,high_compatibility
MATCH_464,M1585,S1272,41.5,2026-05-02 11:22:12.618360,accepted,7.0,False,admin_assigned
MATCH_465,M2216,S3069,46.0,2026-04-28 11:22:12.618554,pending,71.0,True,admin_assigned
MATCH_466,M1577,S4762,55.0,2026-05-02 11:22:12.618801,rejected,12.0,True,specific_request
MATCH_467,ALUMNI_M4735,S3929,44.0,2026-04-18 11:22:12.619018,accepted,43.0,True,admin_assigned
MATCH_468,ALUMNI_M5803,S872,51.0,2026-04-27 11:22:12.619218,accepted,50.0,False,auto_suggestion
MATCH_469,ALUMNI_M966,S2333,44.0,2026-04-21 11:22:12.619417,rejected,,False,auto_suggestion
MATCH_470,ALUMNI_M2983,S837,68.5,2026-04-13 11:22:12.619609,rejected,52.0,False,high_compatibility
MATCH_471,ALUMNI_M5810,S2493,51.0,2026-04-29 11:22:12.619876,pending,50.0,True,specific_request
MATCH_472,M2621,S1613,51.0,2026-04-22 11:22:12.620073,rejected,69.0,False,specific_request
MATCH_473,ALUMNI_M4123,S1366,51.0,2026-04-21 11:22:12.620316,completed,9.0,False,auto_suggestion
MATCH_474,ALUMNI_M5032,S2814,68.5,2026-04-17 11:22:12.620585,pending,,False,admin_assigned
MATCH_475,M4587,S2677,44.0,2026-05-04 11:22:12.620840,pending,,True,auto_suggestion
MATCH_476,ALUMNI_M2475,S197,75.17,2026-04-09 11:22:12.621047,completed,64.0,False,auto_suggestion
MATCH_477,M40,S2539,68.5,2026-04-13 11:22:12.621249,rejected,45.0,False,admin_assigned
MATCH_478,M3542,S208,47.67,2026-04-14 11:22:12.621454,rejected,,False,specific_request
MATCH_479,ALUMNI_M3738,S1927,68.5,2026-04-16 11:22:12.621650,rejected,70.0,False,auto_suggestion
MATCH_480,M273,S2403,55.0,2026-04-09 11:22:12.621994,pending,1.0,True,specific_request
MATCH_481,ALUMNI_M3218,S2678,68.5,2026-05-05 11:22:12.622197,completed,9.0,True,high_compatibility
MATCH_482,ALUMNI_M363,S1035,51.0,2026-04-07 11:22:12.622399,completed,,True,specific_request
MATCH_483,ALUMNI_M1293,S1812,48.0,2026-04-18 11:22:12.622594,rejected,,True,specific_request
MATCH_484,ALUMNI_M4373,S3341,43.0,2026-05-06 11:22:12.622866,rejected,26.0,True,high_compatibility
MATCH_485,M2576,S3101,51.0,2026-04-14 11:22:12.623091,pending,42.0,True,admin_assigned
MATCH_486,ALUMNI_M1940,S3542,51.0,2026-04-07 11:22:12.623358,accepted,,True,auto_suggestion
MATCH_487,M3283,S1616,51.0,2026-04-09 11:22:12.623583,accepted,,True,auto_suggestion
MATCH_488,M564,S4859,44.75,2026-04-25 11:22:12.623812,completed,3.0,False,high_compatibility
MATCH_489,ALUMNI_M4689,S2352,44.0,2026-05-05 11:22:12.624048,completed,41.0,True,specific_request
MATCH_490,M4239,S2285,51.0,2026-04-24 11:22:12.624297,completed,43.0,True,high_compatibility
MATCH_491,ALUMNI_M3445,S3152,44.0,2026-04-15 11:22:12.624519,rejected,21.0,False,admin_assigned
MATCH_492,M3174,S2633,44.0,2026-04-06 11:22:12.624726,accepted,67.0,True,auto_suggestion
MATCH_493,ALUMNI_M3525,S1381,48.0,2026-04-16 11:22:12.624941,accepted,19.0,True,high_compatibility
MATCH_494,ALUMNI_M154,S3376,57.67,2026-04-29 11:22:12.625168,completed,50.0,False,auto_suggestion
MATCH_495,M4784,S357,44.33,2026-04-25 11:22:12.625379,pending,38.0,False,auto_suggestion
MATCH_496,M764,S4327,48.0,2026-04-28 11:22:12.625574,accepted,53.0,True,admin_assigned
MATCH_497,ALUMNI_M945,S4779,44.0,2026-04-29 11:22:12.625781,pending,39.0,False,auto_suggestion
MATCH_498,M2698,S3534,51.81,2026-05-05 11:22:12.625972,accepted,,True,auto_suggestion
MATCH_499,M3568,S2913,68.5,2026-04-18 11:22:12.626156,rejected,28.0,False,high_compatibility
MATCH_500,M1884,S2370,60.5,2026-04-15 11:22:12.626354,pending,24.0,True,admin_assigned
MATCH_501,ALUMNI_M1969,S3852,55.0,2026-05-02 11:22:12.626546,rejected,13.0,True,high_compatibility
MATCH_502,M4471,S3540,61.5,2026-04-15 11:22:12.626748,rejected,72.0,False,high_compatibility
MATCH_503,M3782,S2115,51.0,2026-04-20 11:22:12.627079,completed,,False,auto_suggestion
MATCH_504,ALUMNI_M3112,S819,65.5,2026-04-18 11:22:12.627306,accepted,,True,auto_suggestion
MATCH_505,ALUMNI_M2518,S3268,48.0,2026-05-03 11:22:12.627496,completed,,False,high_compatibility
MATCH_506,M2580,S3193,51.0,2026-05-03 11:22:12.627688,rejected,,False,admin_assigned
MATCH_507,ALUMNI_M5653,S2036,51.0,2026-04-09 11:22:12.627910,completed,13.0,True,admin_assigned
MATCH_508,ALUMNI_M3896,S449,44.0,2026-04-15 11:22:12.628114,accepted,45.0,False,admin_assigned
MATCH_509,M3897,S2724,68.5,2026-04-25 11:22:12.628315,rejected,55.0,True,admin_assigned
MATCH_510,ALUMNI_M3676,S4642,44.0,2026-04-12 11:22:12.628513,completed,1.0,False,admin_assigned
MATCH_511,ALUMNI_M2457,S2126,44.0,2026-04-20 11:22:12.628715,pending,37.0,True,auto_suggestion
MATCH_512,M2202,S4971,44.0,2026-05-04 11:22:12.628917,rejected,47.0,False,admin_assigned
MATCH_513,ALUMNI_M3953,S2845,55.0,2026-05-03 11:22:12.629124,rejected,56.0,True,auto_suggestion
MATCH_514,ALUMNI_M2444,S4433,44.0,2026-05-01 11:22:12.629320,accepted,63.0,True,admin_assigned
MATCH_515,M1283,S1130,68.5,2026-04-30 11:22:12.629531,pending,,False,admin_assigned
MATCH_516,M4947,S2796,48.0,2026-04-06 11:22:12.629769,completed,8.0,False,auto_suggestion
MATCH_517,ALUMNI_M4422,S708,48.0,2026-04-30 11:22:12.630011,rejected,53.0,False,specific_request
MATCH_518,M2496,S3361,51.0,2026-04-20 11:22:12.630209,rejected,,False,high_compatibility
MATCH_519,M222,S2489,51.0,2026-04-11 11:22:12.630409,pending,16.0,False,high_compatibility
MATCH_520,M3696,S1905,51.0,2026-04-25 11:22:12.630632,completed,,True,auto_suggestion
MATCH_521,ALUMNI_M2156,S1942,50.67,2026-04-08 11:22:12.630846,pending,37.0,True,specific_request
MATCH_522,ALUMNI_M5581,S2406,44.0,2026-04-06 11:22:12.631038,rejected,31.0,False,high_compatibility
MATCH_523,M4034,S3086,51.0,2026-04-20 11:22:12.631225,pending,46.0,True,high_compatibility
MATCH_524,M678,S2130,69.64,2026-05-03 11:22:12.631423,completed,62.0,True,high_compatibility
MATCH_525,M1967,S2422,46.0,2026-04-25 11:22:12.631615,accepted,60.0,False,auto_suggestion
MATCH_526,ALUMNI_M3093,S2013,55.0,2026-04-29 11:22:12.631833,accepted,49.0,False,admin_assigned
MATCH_527,M2177,S4665,39.56,2026-04-21 11:22:12.632023,rejected,42.0,False,high_compatibility
MATCH_528,ALUMNI_M846,S348,54.17,2026-04-25 11:22:12.632446,pending,11.0,False,high_compatibility
MATCH_529,ALUMNI_M968,S1943,72.5,2026-04-24 11:22:12.632815,completed,57.0,True,admin_assigned
MATCH_530,ALUMNI_M676,S4694,48.0,2026-05-02 11:22:12.633180,completed,49.0,False,specific_request
MATCH_531,M4711,S1739,55.0,2026-05-01 11:22:12.633682,rejected,3.0,True,admin_assigned
MATCH_532,M1343,S4149,44.0,2026-04-25 11:22:12.634140,rejected,70.0,False,auto_suggestion
MATCH_533,M1295,S3360,42.33,2026-05-03 11:22:12.634893,completed,,True,admin_assigned
MATCH_534,ALUMNI_M5743,S2760,57.67,2026-04-17 11:22:12.635264,pending,,True,auto_suggestion
MATCH_535,M2657,S303,61.5,2026-04-22 11:22:12.635562,accepted,71.0,True,high_compatibility
MATCH_536,M2698,S3787,44.0,2026-04-06 11:22:12.635851,completed,9.0,False,auto_suggestion
MATCH_537,ALUMNI_M521,S4720,44.0,2026-04-17 11:22:12.636071,completed,,True,high_compatibility
MATCH_538,M3116,S1794,49.33,2026-04-11 11:22:12.636284,rejected,52.0,False,admin_assigned
MATCH_539,ALUMNI_M1783,S1990,44.0,2026-04-21 11:22:12.636495,rejected,36.0,True,high_compatibility
MATCH_540,M643,S1586,51.0,2026-04-28 11:22:12.636695,accepted,,False,specific_request
MATCH_541,M3088,S2628,44.0,2026-04-08 11:22:12.637017,pending,39.0,True,admin_assigned
MATCH_542,M2909,S1174,51.0,2026-04-27 11:22:12.637214,completed,,False,specific_request
MATCH_543,M16,S4289,44.0,2026-04-30 11:22:12.637840,completed,63.0,False,high_compatibility
MATCH_544,ALUMNI_M4200,S2734,51.0,2026-04-19 11:22:12.638066,accepted,60.0,False,admin_assigned
MATCH_545,M960,S1877,44.0,2026-04-24 11:22:12.638273,rejected,35.0,False,auto_suggestion
MATCH_546,M739,S3510,44.0,2026-04-22 11:22:12.638467,accepted,2.0,True,admin_assigned
MATCH_547,M4725,S1246,51.0,2026-04-21 11:22:12.638665,pending,8.0,True,auto_suggestion
MATCH_548,M4589,S616,53.33,2026-04-22 11:22:12.638883,rejected,70.0,False,auto_suggestion
MATCH_549,ALUMNI_M4013,S86,51.0,2026-04-17 11:22:12.639080,accepted,,False,specific_request
MATCH_550,ALUMNI_M1377,S1110,61.5,2026-04-14 11:22:12.639284,rejected,,False,specific_request
MATCH_551,M3406,S4745,51.0,2026-04-28 11:22:12.639478,rejected,,False,auto_suggestion
MATCH_552,ALUMNI_M2143,S771,44.0,2026-04-30 11:22:12.639681,pending,30.0,True,auto_suggestion
MATCH_553,M4296,S2269,51.0,2026-04-11 11:22:12.639979,pending,63.0,True,high_compatibility
MATCH_554,M3850,S2394,44.0,2026-04-09 11:22:12.640173,pending,52.0,True,admin_assigned
MATCH_555,ALUMNI_M1552,S2112,52.5,2026-04-14 11:22:12.640376,pending,21.0,True,high_compatibility
MATCH_556,ALUMNI_M5403,S727,79.17,2026-05-04 11:22:12.640572,pending,50.0,True,auto_suggestion
MATCH_557,ALUMNI_M356,S2452,42.33,2026-04-19 11:22:12.640848,pending,62.0,True,specific_request
MATCH_558,ALUMNI_M3864,S1327,44.0,2026-04-24 11:22:12.641058,pending,29.0,False,high_compatibility
MATCH_559,M2874,S765,48.14,2026-04-25 11:22:12.641258,completed,18.0,False,auto_suggestion
MATCH_560,ALUMNI_M382,S3725,68.5,2026-04-13 11:22:12.641459,pending,50.0,False,auto_suggestion
MATCH_561,ALUMNI_M5606,S3761,48.0,2026-04-06 11:22:12.641661,accepted,38.0,True,admin_assigned
MATCH_562,ALUMNI_M4818,S356,44.0,2026-04-23 11:22:12.641882,accepted,71.0,True,specific_request
MATCH_563,M2544,S2995,44.0,2026-04-11 11:22:12.642095,pending,39.0,True,high_compatibility
MATCH_564,M3285,S527,44.0,2026-04-29 11:22:12.642305,pending,56.0,True,auto_suggestion
MATCH_565,M4082,S1276,72.17,2026-04-30 11:22:12.642544,accepted,48.0,True,specific_request
MATCH_566,ALUMNI_M1253,S4234,41.78,2026-05-03 11:22:12.642756,accepted,,True,high_compatibility
MATCH_567,ALUMNI_M4279,S1968,55.0,2026-04-20 11:22:12.642953,accepted,28.0,False,high_compatibility
MATCH_568,M3776,S653,79.17,2026-04-09 11:22:12.643163,pending,64.0,False,high_compatibility
MATCH_569,ALUMNI_M4114,S2179,55.0,2026-04-18 11:22:12.643366,rejected,20.0,False,high_compatibility
MATCH_570,ALUMNI_M4930,S3636,57.67,2026-05-01 11:22:12.643556,accepted,16.0,False,high_compatibility
MATCH_571,ALUMNI_M3833,S4396,50.67,2026-04-12 11:22:12.643865,pending,69.0,False,admin_assigned
MATCH_572,M4297,S680,42.89,2026-04-10 11:22:12.644076,accepted,66.0,False,admin_assigned
MATCH_573,M1929,S2668,51.0,2026-05-06 11:22:12.644279,rejected,41.0,True,admin_assigned
MATCH_574,ALUMNI_M5905,S1077,68.5,2026-05-01 11:22:12.644473,pending,8.0,False,specific_request
MATCH_575,M151,S4886,54.81,2026-04-09 11:22:12.644668,accepted,37.0,True,admin_assigned
MATCH_576,ALUMNI_M4236,S2319,44.0,2026-05-03 11:22:12.644880,pending,2.0,False,auto_suggestion
MATCH_577,ALUMNI_M5988,S1769,68.5,2026-04-27 11:22:12.645073,pending,31.0,False,high_compatibility
MATCH_578,M1340,S2140,68.5,2026-04-18 11:22:12.645270,rejected,18.0,True,auto_suggestion
MATCH_579,ALUMNI_M5943,S1336,44.0,2026-04-24 11:22:12.645461,accepted,20.0,True,auto_suggestion
MATCH_580,ALUMNI_M1989,S1584,51.0,2026-04-06 11:22:12.645647,completed,1.0,False,auto_suggestion
MATCH_581,M785,S97,51.0,2026-04-10 11:22:12.645859,completed,,True,high_compatibility
MATCH_582,M4311,S3544,44.0,2026-04-11 11:22:12.646057,completed,34.0,True,admin_assigned
MATCH_583,ALUMNI_M1870,S2741,48.0,2026-04-19 11:22:12.646258,pending,,False,specific_request
MATCH_584,M3215,S4263,72.5,2026-04-08 11:22:12.646452,accepted,,True,high_compatibility
MATCH_585,M3452,S3941,49.89,2026-04-23 11:22:12.646647,pending,36.0,True,auto_suggestion
MATCH_586,ALUMNI_M803,S1625,51.0,2026-04-17 11:22:12.646857,accepted,13.0,True,specific_request
MATCH_587,M2407,S2469,68.5,2026-05-01 11:22:12.647043,pending,54.0,True,auto_suggestion
MATCH_588,ALUMNI_M1766,S512,51.0,2026-05-05 11:22:12.647240,rejected,,False,high_compatibility
MATCH_589,ALUMNI_M1810,S2143,68.5,2026-04-27 11:22:12.647429,completed,56.0,True,admin_assigned
MATCH_590,M2667,S3914,51.0,2026-05-06 11:22:12.647615,rejected,,True,specific_request
MATCH_591,M102,S2214,75.17,2026-05-04 11:22:12.647835,accepted,,False,high_compatibility
MATCH_592,ALUMNI_M2677,S149,55.0,2026-04-17 11:22:12.648031,accepted,60.0,False,admin_assigned
MATCH_593,ALUMNI_M36,S3577,51.0,2026-05-02 11:22:12.648224,completed,59.0,False,auto_suggestion
MATCH_594,M3963,S2297,51.0,2026-04-17 11:22:12.648424,rejected,,True,auto_suggestion
MATCH_595,M2320,S3460,51.0,2026-04-22 11:22:12.648607,completed,47.0,False,high_compatibility
MATCH_596,M3926,S4178,44.0,2026-04-15 11:22:12.648809,pending,44.0,True,auto_suggestion
MATCH_597,M2358,S1686,55.0,2026-04-22 11:22:12.648994,completed,58.0,False,high_compatibility
MATCH_598,ALUMNI_M4630,S2867,44.0,2026-04-11 11:22:12.649181,rejected,,False,high_compatibility
MATCH_599,M1983,S2219,65.5,2026-04-08 11:22:12.649375,accepted,,True,high_compatibility
MATCH_600,M3315,S2878,55.0,2026-04-20 11:22:12.649556,pending,58.0,True,admin_assigned
MATCH_601,M1329,S1105,55.0,2026-04-24 11:22:12.649756,rejected,,True,admin_assigned
MATCH_602,M967,S3372,54.67,2026-04-09 11:22:12.649989,pending,8.0,True,specific_request
MATCH_603,M4292,S1608,51.0,2026-04-26 11:22:12.650256,rejected,46.0,True,high_compatibility
MATCH_604,M3811,S4101,51.0,2026-05-01 11:22:12.650580,rejected,,False,specific_request
MATCH_605,M2575,S1967,48.0,2026-04-13 11:22:12.650945,accepted,5.0,False,auto_suggestion
MATCH_606,M574,S380,55.0,2026-04-09 11:22:12.651188,pending,7.0,False,auto_suggestion
MATCH_607,ALUMNI_M745,S2655,44.0,2026-04-08 11:22:12.651398,rejected,,True,high_compatibility
MATCH_608,M3660,S4595,44.0,2026-04-21 11:22:12.651625,accepted,45.0,True,high_compatibility
MATCH_609,M3422,S2615,51.0,2026-05-04 11:22:12.651912,accepted,66.0,False,specific_request
MATCH_610,ALUMNI_M3713,S2099,37.75,2026-04-25 11:22:12.652111,completed,6.0,True,high_compatibility
MATCH_611,M2675,S1093,55.0,2026-04-23 11:22:12.652329,completed,30.0,True,high_compatibility
MATCH_612,ALUMNI_M3836,S1039,44.0,2026-04-14 11:22:12.652525,rejected,,False,high_compatibility
MATCH_613,M897,S1515,48.0,2026-04-12 11:22:12.652766,accepted,25.0,True,auto_suggestion
MATCH_614,ALUMNI_M5719,S1098,40.67,2026-04-11 11:22:12.653011,completed,17.0,True,auto_suggestion
MATCH_615,ALUMNI_M5515,S1872,44.0,2026-04-06 11:22:12.653209,pending,38.0,False,auto_suggestion
MATCH_616,M4334,S4871,48.0,2026-04-17 11:22:12.653414,rejected,,True,specific_request
MATCH_617,M837,S3058,55.0,2026-04-20 11:22:12.653604,accepted,,True,high_compatibility
MATCH_618,ALUMNI_M4696,S1291,51.0,2026-04-15 11:22:12.653812,completed,29.0,False,high_compatibility
MATCH_619,M4114,S1087,46.56,2026-04-17 11:22:12.654007,completed,,True,specific_request
MATCH_620,M531,S2417,44.0,2026-04-20 11:22:12.654203,completed,66.0,True,auto_suggestion
MATCH_621,M3241,S846,51.0,2026-04-24 11:22:12.654401,rejected,16.0,False,high_compatibility
MATCH_622,ALUMNI_M5349,S2606,44.0,2026-04-24 11:22:12.654591,accepted,,True,specific_request
MATCH_623,ALUMNI_M2169,S2760,49.75,2026-04-10 11:22:12.654799,accepted,44.0,True,high_compatibility
MATCH_624,ALUMNI_M731,S3790,44.0,2026-05-02 11:22:12.654990,rejected,,False,specific_request
MATCH_625,ALUMNI_M3996,S3299,68.5,2026-04-07 11:22:12.655179,completed,17.0,False,auto_suggestion
MATCH_626,M4429,S1595,44.0,2026-04-24 11:22:12.655385,completed,37.0,True,auto_suggestion
MATCH_627,M3282,S3425,51.0,2026-04-30 11:22:12.655573,pending,,True,auto_suggestion
MATCH_628,ALUMNI_M34,S2379,51.0,2026-04-24 11:22:12.655777,pending,45.0,False,auto_suggestion
MATCH_629,ALUMNI_M5842,S1757,51.0,2026-04-28 11:22:12.655994,accepted,,False,specific_request
MATCH_630,ALUMNI_M5444,S3777,51.0,2026-04-22 11:22:12.656218,accepted,66.0,True,high_compatibility
MATCH_631,M851,S3939,55.0,2026-04-11 11:22:12.656481,completed,,True,specific_request
MATCH_632,ALUMNI_M4333,S409,51.0,2026-05-03 11:22:12.656684,rejected,26.0,False,admin_assigned
MATCH_633,ALUMNI_M738,S1481,48.0,2026-04-21 11:22:12.656893,pending,,False,auto_suggestion
MATCH_634,ALUMNI_M3983,S1788,55.0,2026-04-11 11:22:12.657081,rejected,,True,admin_assigned
MATCH_635,M2627,S3981,44.0,2026-04-29 11:22:12.657277,accepted,,True,high_compatibility
MATCH_636,ALUMNI_M1796,S2671,44.0,2026-04-06 11:22:12.657522,accepted,15.0,True,admin_assigned
MATCH_637,ALUMNI_M4935,S606,48.0,2026-04-21 11:22:12.657730,rejected,61.0,True,high_compatibility
MATCH_638,ALUMNI_M2953,S3346,51.0,2026-04-24 11:22:12.657927,pending,51.0,True,auto_suggestion
MATCH_639,M4624,S4902,51.0,2026-05-05 11:22:12.658115,rejected,16.0,True,auto_suggestion
MATCH_640,ALUMNI_M797,S4913,44.0,2026-04-14 11:22:12.658310,completed,72.0,False,high_compatibility
MATCH_641,M20,S3906,48.0,2026-04-27 11:22:12.658510,rejected,25.0,True,specific_request
MATCH_642,M2205,S2245,51.0,2026-05-03 11:22:12.658724,completed,13.0,False,auto_suggestion
MATCH_643,ALUMNI_M2746,S3713,44.0,2026-04-22 11:22:12.658920,accepted,43.0,False,admin_assigned
MATCH_644,M1354,S4722,44.0,2026-05-02 11:22:12.659106,pending,6.0,True,high_compatibility
MATCH_645,ALUMNI_M1843,S1233,55.0,2026-04-29 11:22:12.659305,accepted,11.0,True,auto_suggestion
MATCH_646,M1229,S988,48.0,2026-05-04 11:22:12.659503,completed,42.0,False,auto_suggestion
MATCH_647,ALUMNI_M841,S4712,57.67,2026-04-29 11:22:12.659686,accepted,47.0,False,admin_assigned
MATCH_648,ALUMNI_M4393,S1269,44.0,2026-04-11 11:22:12.659890,pending,4.0,False,admin_assigned
MATCH_649,M4128,S2263,44.0,2026-04-24 11:22:12.660076,pending,,True,specific_request
MATCH_650,M4030,S1751,51.0,2026-04-09 11:22:12.660278,rejected,,False,specific_request
MATCH_651,ALUMNI_M5370,S2700,44.0,2026-04-16 11:22:12.660470,pending,63.0,False,admin_assigned
MATCH_652,ALUMNI_M1347,S1052,51.0,2026-04-22 11:22:12.660656,completed,46.0,True,high_compatibility
MATCH_653,ALUMNI_M1856,S2434,55.0,2026-04-10 11:22:12.660892,accepted,13.0,False,admin_assigned
MATCH_654,ALUMNI_M724,S4245,68.5,2026-04-12 11:22:12.661169,completed,,True,admin_assigned
MATCH_655,M4008,S4733,61.5,2026-04-14 11:22:12.661384,accepted,24.0,True,specific_request
MATCH_656,ALUMNI_M3955,S2902,44.0,2026-04-27 11:22:12.661588,pending,3.0,False,auto_suggestion
MATCH_657,ALUMNI_M2318,S2952,55.0,2026-04-26 11:22:12.661797,pending,39.0,True,admin_assigned
MATCH_658,M3323,S1666,40.67,2026-04-25 11:22:12.661985,completed,,True,auto_suggestion
MATCH_659,M2725,S2137,51.0,2026-05-05 11:22:12.662169,completed,11.0,True,admin_assigned
MATCH_660,ALUMNI_M4617,S840,51.0,2026-04-25 11:22:12.662367,pending,,True,auto_suggestion
MATCH_661,ALUMNI_M5337,S1414,51.0,2026-04-06 11:22:12.662558,accepted,2.0,False,high_compatibility
MATCH_662,M704,S1440,48.0,2026-05-06 11:22:12.662763,accepted,,True,auto_suggestion
MATCH_663,M4664,S820,68.75,2026-04-23 11:22:12.662952,pending,70.0,False,auto_suggestion
MATCH_664,ALUMNI_M5474,S860,49.89,2026-05-03 11:22:12.663167,accepted,66.0,True,specific_request
MATCH_665,ALUMNI_M2837,S1121,44.0,2026-05-05 11:22:12.663366,pending,,True,admin_assigned
MATCH_666,M3303,S1140,51.0,2026-04-16 11:22:12.663549,rejected,,True,admin_assigned
MATCH_667,M3878,S3284,55.0,2026-04-28 11:22:12.663747,completed,,False,admin_assigned
MATCH_668,M2127,S851,51.0,2026-05-03 11:22:12.663936,rejected,,True,high_compatibility
MATCH_669,M791,S429,44.0,2026-04-23 11:22:12.664133,rejected,34.0,True,high_compatibility
MATCH_670,M2793,S3501,44.0,2026-04-23 11:22:12.664340,completed,33.0,False,high_compatibility
MATCH_671,M5,S1326,44.0,2026-04-24 11:22:12.664532,accepted,48.0,False,admin_assigned
MATCH_672,ALUMNI_M2882,S2371,51.0,2026-05-02 11:22:12.664837,completed,28.0,False,auto_suggestion
MATCH_673,ALUMNI_M1721,S1717,51.0,2026-04-13 11:22:12.665042,pending,32.0,False,auto_suggestion
MATCH_674,M4113,S3765,48.0,2026-04-09 11:22:12.665256,accepted,32.0,False,admin_assigned
MATCH_675,ALUMNI_M3417,S1449,49.89,2026-04-09 11:22:12.665460,completed,65.0,False,auto_suggestion
MATCH_676,M102,S4079,51.0,2026-04-20 11:22:12.665657,completed,36.0,True,admin_assigned
MATCH_677,ALUMNI_M3814,S1985,48.0,2026-04-20 11:22:12.665867,accepted,,False,admin_assigned
MATCH_678,M3248,S4739,51.0,2026-05-05 11:22:12.666068,rejected,68.0,False,auto_suggestion
MATCH_679,M913,S2031,48.0,2026-04-13 11:22:12.666270,rejected,68.0,True,auto_suggestion
MATCH_680,M4118,S2217,65.5,2026-04-07 11:22:12.666461,pending,2.0,True,admin_assigned
MATCH_681,ALUMNI_M3709,S692,48.0,2026-04-11 11:22:12.666647,pending,33.0,True,auto_suggestion
MATCH_682,ALUMNI_M5440,S3902,45.44,2026-04-26 11:22:12.666856,accepted,47.0,True,admin_assigned
MATCH_683,ALUMNI_M2203,S4331,51.0,2026-04-09 11:22:12.667052,accepted,28.0,True,admin_assigned
MATCH_684,M527,S1819,51.0,2026-04-09 11:22:12.667254,pending,51.0,True,auto_suggestion
MATCH_685,M1668,S4257,44.0,2026-04-28 11:22:12.667452,accepted,5.0,False,high_compatibility
MATCH_686,M507,S4001,55.0,2026-04-20 11:22:12.667636,rejected,15.0,False,auto_suggestion
MATCH_687,ALUMNI_M4813,S2323,51.0,2026-04-24 11:22:12.667858,accepted,,True,auto_suggestion
MATCH_688,ALUMNI_M862,S2962,61.5,2026-05-05 11:22:12.668048,accepted,,True,auto_suggestion
MATCH_689,ALUMNI_M4628,S575,44.0,2026-04-25 11:22:12.668253,accepted,,True,high_compatibility
MATCH_690,ALUMNI_M4129,S3522,42.75,2026-04-25 11:22:12.668444,rejected,19.0,False,auto_suggestion
MATCH_691,M834,S1096,55.0,2026-04-20 11:22:12.668630,completed,,False,admin_assigned
MATCH_692,ALUMNI_M4175,S431,44.0,2026-04-15 11:22:12.668833,completed,66.0,False,auto_suggestion
MATCH_693,M1087,S2439,51.0,2026-04-24 11:22:12.669028,pending,10.0,False,specific_request
MATCH_694,ALUMNI_M1562,S4524,48.0,2026-04-10 11:22:12.669217,accepted,35.0,False,high_compatibility
MATCH_695,ALUMNI_M2881,S4926,44.0,2026-05-04 11:22:12.669416,completed,61.0,True,specific_request
MATCH_696,ALUMNI_M1661,S4376,68.5,2026-04-29 11:22:12.669604,rejected,,False,admin_assigned
MATCH_697,ALUMNI_M2253,S4536,44.0,2026-04-22 11:22:12.670017,rejected,,True,high_compatibility
MATCH_698,M609,S3143,44.0,2026-04-18 11:22:12.670248,pending,17.0,False,specific_request
MATCH_699,M3039,S3214,43.22,2026-04-13 11:22:12.670443,accepted,21.0,True,high_compatibility
MATCH_700,M1019,S182,44.0,2026-04-09 11:22:12.670641,completed,,False,high_compatibility
MATCH_701,ALUMNI_M1225,S21,68.5,2026-04-21 11:22:12.670925,accepted,26.0,False,auto_suggestion
MATCH_702,ALUMNI_M1814,S3899,44.0,2026-04-13 11:22:12.671127,completed,,False,admin_assigned
MATCH_703,M482,S4248,51.0,2026-04-14 11:22:12.671326,completed,7.0,True,auto_suggestion
MATCH_704,M2968,S1476,57.67,2026-04-29 11:22:12.671519,completed,,True,high_compatibility
MATCH_705,ALUMNI_M4155,S1538,44.0,2026-04-23 11:22:12.671732,rejected,32.0,True,admin_assigned
MATCH_706,M4163,S1431,65.5,2026-04-25 11:22:12.671932,accepted,70.0,False,auto_suggestion
MATCH_707,M2096,S1775,61.5,2026-05-06 11:22:12.672118,completed,62.0,True,admin_assigned
MATCH_708,M252,S4675,51.0,2026-04-20 11:22:12.672334,pending,,False,high_compatibility
MATCH_709,ALUMNI_M3811,S461,51.0,2026-04-17 11:22:12.672527,completed,53.0,True,specific_request
MATCH_710,ALUMNI_M5194,S4215,53.33,2026-04-17 11:22:12.672786,accepted,9.0,False,high_compatibility
MATCH_711,ALUMNI_M5282,S1005,51.0,2026-04-09 11:22:12.673019,pending,,False,specific_request
MATCH_712,ALUMNI_M855,S2157,61.5,2026-04-10 11:22:12.673211,pending,47.0,False,admin_assigned
MATCH_713,ALUMNI_M747,S3137,68.5,2026-05-04 11:22:12.673412,accepted,,False,high_compatibility
MATCH_714,M2084,S1225,55.0,2026-05-06 11:22:12.673600,pending,59.0,False,admin_assigned
MATCH_715,ALUMNI_M5517,S591,44.0,2026-04-28 11:22:12.673809,completed,1.0,True,admin_assigned
MATCH_716,M962,S2050,57.67,2026-04-21 11:22:12.673997,pending,59.0,True,high_compatibility
MATCH_717,M3085,S358,44.0,2026-04-12 11:22:12.674193,completed,24.0,False,high_compatibility
MATCH_718,M4710,S4420,56.5,2026-04-17 11:22:12.674393,rejected,57.0,True,specific_request
MATCH_719,ALUMNI_M5351,S1532,44.0,2026-04-10 11:22:12.674580,accepted,14.0,True,admin_assigned
MATCH_720,M1001,S245,51.0,2026-04-19 11:22:12.674788,rejected,,False,admin_assigned
MATCH_721,ALUMNI_M2849,S2539,47.67,2026-04-27 11:22:12.674984,rejected,,False,auto_suggestion
MATCH_722,ALUMNI_M5369,S3525,44.0,2026-04-22 11:22:12.675174,pending,,True,specific_request
MATCH_723,ALUMNI_M3841,S518,51.0,2026-04-18 11:22:12.675374,pending,,False,specific_request
MATCH_724,M490,S2520,65.5,2026-04-29 11:22:12.675562,accepted,32.0,False,high_compatibility
MATCH_725,ALUMNI_M3835,S2623,51.0,2026-05-06 11:22:12.675766,completed,9.0,False,auto_suggestion
MATCH_726,ALUMNI_M3835,S3027,55.0,2026-04-30 11:22:12.675954,pending,,False,high_compatibility
MATCH_727,ALUMNI_M3132,S3724,55.0,2026-04-22 11:22:12.676143,pending,,False,specific_request
MATCH_728,M276,S4531,44.0,2026-04-30 11:22:12.676363,completed,55.0,False,high_compatibility
MATCH_729,ALUMNI_M2571,S4347,55.0,2026-04-15 11:22:12.676554,accepted,18.0,False,high_compatibility
MATCH_730,ALUMNI_M104,S4863,44.0,2026-05-05 11:22:12.676761,accepted,8.0,False,admin_assigned
MATCH_731,M2092,S3651,51.0,2026-05-02 11:22:12.676954,rejected,68.0,False,admin_assigned
MATCH_732,M38,S3011,51.0,2026-04-12 11:22:12.677145,completed,17.0,False,admin_assigned
MATCH_733,M2385,S1139,44.67,2026-04-06 11:22:12.677343,pending,46.0,False,specific_request
MATCH_734,M3289,S1042,51.0,2026-04-12 11:22:12.677540,completed,47.0,False,specific_request
MATCH_735,ALUMNI_M1605,S2780,43.22,2026-04-06 11:22:12.677745,completed,51.0,False,admin_assigned
MATCH_736,ALUMNI_M2680,S2631,65.5,2026-04-18 11:22:12.677939,rejected,,True,specific_request
MATCH_737,M2851,S1494,44.0,2026-04-16 11:22:12.678137,completed,57.0,True,admin_assigned
MATCH_738,M254,S55,44.0,2026-05-04 11:22:12.678341,rejected,11.0,True,auto_suggestion
MATCH_739,ALUMNI_M5779,S3782,51.0,2026-04-22 11:22:12.678532,completed,,False,auto_suggestion
MATCH_740,M1117,S4434,55.0,2026-04-21 11:22:12.678736,accepted,65.0,False,admin_assigned
MATCH_741,ALUMNI_M3305,S3053,51.0,2026-04-12 11:22:12.678939,rejected,,True,specific_request
MATCH_742,M4363,S2543,44.0,2026-04-17 11:22:12.679130,pending,24.0,True,specific_request
MATCH_743,ALUMNI_M2893,S3926,68.5,2026-04-07 11:22:12.679336,accepted,34.0,False,admin_assigned
MATCH_744,ALUMNI_M4921,S3391,48.0,2026-04-30 11:22:12.679527,accepted,55.0,False,specific_request
MATCH_745,ALUMNI_M643,S836,44.0,2026-04-08 11:22:12.679739,rejected,,False,auto_suggestion
MATCH_746,ALUMNI_M3669,S2433,51.0,2026-04-26 11:22:12.679986,pending,,True,specific_request
MATCH_747,ALUMNI_M4120,S3048,44.0,2026-04-18 11:22:12.680189,accepted,47.0,False,specific_request
MATCH_748,ALUMNI_M4884,S1843,44.0,2026-04-12 11:22:12.680395,completed,25.0,False,auto_suggestion
MATCH_749,ALUMNI_M428,S193,44.0,2026-04-08 11:22:12.680595,rejected,42.0,True,admin_assigned
MATCH_750,ALUMNI_M1090,S1800,51.0,2026-04-08 11:22:12.680804,rejected,10.0,False,high_compatibility
MATCH_751,ALUMNI_M3197,S4368,51.0,2026-04-08 11:22:12.680999,pending,43.0,True,specific_request
MATCH_752,ALUMNI_M2426,S1274,44.0,2026-04-16 11:22:12.681198,rejected,53.0,True,high_compatibility
MATCH_753,M2344,S680,44.0,2026-04-14 11:22:12.681395,completed,,True,high_compatibility
MATCH_754,M4288,S4488,44.0,2026-04-14 11:22:12.681641,pending,4.0,False,high_compatibility
MATCH_755,ALUMNI_M4796,S3299,51.0,2026-04-28 11:22:12.681860,completed,,False,specific_request
MATCH_756,ALUMNI_M2505,S774,51.0,2026-05-06 11:22:12.682049,completed,48.0,True,admin_assigned
MATCH_757,ALUMNI_M3947,S3385,51.0,2026-05-02 11:22:12.682241,completed,54.0,True,auto_suggestion
MATCH_758,ALUMNI_M4722,S2461,48.0,2026-04-16 11:22:12.682430,completed,23.0,False,admin_assigned
MATCH_759,M2032,S4868,64.21,2026-04-30 11:22:12.682624,pending,27.0,True,auto_suggestion
MATCH_760,ALUMNI_M340,S3481,51.0,2026-04-25 11:22:12.682830,pending,55.0,False,admin_assigned
MATCH_761,M642,S3373,51.0,2026-04-25 11:22:12.683038,completed,37.0,True,admin_assigned
MATCH_762,ALUMNI_M367,S4758,51.0,2026-04-09 11:22:12.683240,rejected,70.0,False,auto_suggestion
MATCH_763,M2141,S60,51.0,2026-04-12 11:22:12.683434,pending,,True,high_compatibility
MATCH_764,M3520,S2330,51.0,2026-04-29 11:22:12.683620,pending,,False,auto_suggestion
MATCH_765,ALUMNI_M13,S2722,50.67,2026-04-16 11:22:12.683824,rejected,,False,specific_request
MATCH_766,M3434,S578,51.0,2026-04-24 11:22:12.684010,completed,47.0,True,high_compatibility
MATCH_767,M295,S2288,44.0,2026-04-06 11:22:12.684206,completed,,True,high_compatibility
MATCH_768,ALUMNI_M2268,S1780,44.0,2026-04-09 11:22:12.684406,pending,21.0,False,admin_assigned
MATCH_769,M2468,S4575,48.0,2026-04-22 11:22:12.684590,pending,,False,specific_request
MATCH_770,ALUMNI_M3919,S382,72.5,2026-04-15 11:22:12.684793,pending,58.0,False,high_compatibility
MATCH_771,M509,S3046,44.0,2026-05-04 11:22:12.684981,completed,44.0,True,auto_suggestion
MATCH_772,M4996,S4272,51.0,2026-04-18 11:22:12.685165,rejected,,True,admin_assigned
MATCH_773,M945,S1162,68.5,2026-04-29 11:22:12.685358,pending,,True,admin_assigned
MATCH_774,ALUMNI_M4813,S2850,55.0,2026-04-19 11:22:12.685545,accepted,2.0,False,specific_request
MATCH_775,M3990,S1964,44.0,2026-04-18 11:22:12.685755,rejected,45.0,False,specific_request
MATCH_776,ALUMNI_M3272,S871,72.5,2026-04-09 11:22:12.685946,pending,17.0,True,specific_request
MATCH_777,ALUMNI_M4863,S3433,50.67,2026-05-03 11:22:12.686131,rejected,,False,admin_assigned
MATCH_778,ALUMNI_M5649,S3406,51.0,2026-04-12 11:22:12.686388,completed,4.0,True,specific_request
MATCH_779,M3583,S4531,44.0,2026-04-06 11:22:12.686712,pending,25.0,False,high_compatibility
MATCH_780,M574,S1050,48.0,2026-04-18 11:22:12.687079,rejected,,True,admin_assigned
MATCH_781,ALUMNI_M4861,S3731,44.0,2026-04-19 11:22:12.687460,accepted,64.0,True,specific_request
MATCH_782,ALUMNI_M1467,S1475,61.5,2026-04-23 11:22:12.687857,accepted,56.0,True,specific_request
MATCH_783,M1349,S396,68.5,2026-04-06 11:22:12.688224,pending,,True,auto_suggestion
MATCH_784,ALUMNI_M2083,S4763,48.0,2026-05-03 11:22:12.688630,completed,,True,specific_request
MATCH_785,ALUMNI_M149,S685,51.0,2026-04-14 11:22:12.689009,rejected,36.0,True,admin_assigned
MATCH_786,ALUMNI_M4495,S270,46.75,2026-04-14 11:22:12.689372,rejected,10.0,True,high_compatibility
MATCH_787,ALUMNI_M1003,S3928,62.5,2026-04-09 11:22:12.689606,completed,7.0,True,high_compatibility
MATCH_788,M3615,S4278,51.0,2026-04-11 11:22:12.689904,completed,1.0,True,admin_assigned
MATCH_789,ALUMNI_M4094,S3122,44.0,2026-04-28 11:22:12.690116,rejected,,False,auto_suggestion
MATCH_790,M4947,S1099,48.0,2026-04-17 11:22:12.690321,pending,23.0,True,high_compatibility
MATCH_791,ALUMNI_M5415,S2262,48.0,2026-04-06 11:22:12.690520,accepted,,False,admin_assigned
MATCH_792,ALUMNI_M3124,S3627,48.0,2026-04-26 11:22:12.690781,pending,8.0,False,auto_suggestion
MATCH_793,ALUMNI_M5880,S1887,68.17,2026-04-29 11:22:12.691011,rejected,62.0,True,admin_assigned
MATCH_794,M438,S4169,51.0,2026-04-19 11:22:12.691205,accepted,63.0,True,auto_suggestion
MATCH_795,M2934,S27,61.5,2026-05-02 11:22:12.691413,rejected,71.0,True,specific_request
MATCH_796,M418,S4693,50.67,2026-04-14 11:22:12.691617,completed,67.0,True,specific_request
MATCH_797,ALUMNI_M5737,S3402,51.0,2026-04-26 11:22:12.691900,completed,37.0,True,high_compatibility
MATCH_798,ALUMNI_M5687,S3151,51.0,2026-04-19 11:22:12.692102,accepted,21.0,False,auto_suggestion
MATCH_799,M2522,S4309,66.25,2026-05-03 11:22:12.692312,accepted,,True,high_compatibility
MATCH_800,ALUMNI_M719,S2969,44.0,2026-05-02 11:22:12.692511,pending,38.0,True,admin_assigned
MATCH_801,M4723,S4149,44.0,2026-04-18 11:22:12.692756,pending,,False,specific_request
MATCH_802,ALUMNI_M1217,S578,55.0,2026-04-08 11:22:12.692992,rejected,71.0,False,high_compatibility
MATCH_803,M4937,S2637,44.0,2026-04-28 11:22:12.693190,accepted,32.0,False,specific_request
MATCH_804,M1371,S4575,51.0,2026-04-26 11:22:12.693393,accepted,68.0,True,specific_request
MATCH_805,ALUMNI_M4762,S4177,44.0,2026-04-22 11:22:12.693587,completed,,True,auto_suggestion
MATCH_806,ALUMNI_M864,S3276,51.0,2026-04-28 11:22:12.693867,completed,,True,auto_suggestion
MATCH_807,M765,S907,51.0,2026-04-08 11:22:12.694087,pending,21.0,False,admin_assigned
MATCH_808,M436,S4849,68.5,2026-04-15 11:22:12.694289,rejected,59.0,False,specific_request
MATCH_809,M4953,S2919,51.0,2026-04-22 11:22:12.694479,completed,,True,high_compatibility
MATCH_810,ALUMNI_M156,S858,65.5,2026-04-16 11:22:12.694669,completed,62.0,False,high_compatibility
MATCH_811,ALUMNI_M2881,S1566,55.0,2026-04-27 11:22:12.694949,pending,54.0,False,auto_suggestion
MATCH_812,ALUMNI_M5566,S1242,44.0,2026-05-03 11:22:12.695145,rejected,42.0,False,admin_assigned
MATCH_813,M1484,S513,51.0,2026-04-16 11:22:12.695346,rejected,53.0,False,specific_request
MATCH_814,ALUMNI_M44,S2186,68.5,2026-04-19 11:22:12.695542,pending,26.0,True,admin_assigned
MATCH_815,ALUMNI_M2123,S3893,51.0,2026-05-03 11:22:12.695792,pending,26.0,True,admin_assigned
MATCH_816,ALUMNI_M3242,S2846,55.0,2026-04-20 11:22:12.696007,pending,56.0,True,high_compatibility
MATCH_817,M2398,S4371,44.33,2026-05-04 11:22:12.696197,pending,22.0,True,high_compatibility
MATCH_818,M20,S1270,68.5,2026-04-12 11:22:12.696398,pending,,False,auto_suggestion
MATCH_819,ALUMNI_M1183,S2272,51.0,2026-04-20 11:22:12.696589,accepted,35.0,True,specific_request
MATCH_820,M2362,S869,51.0,2026-04-25 11:22:12.696847,accepted,,False,high_compatibility
MATCH_821,M1348,S2338,47.22,2026-04-24 11:22:12.697047,completed,,True,auto_suggestion
MATCH_822,M1595,S1765,48.0,2026-04-28 11:22:12.697242,completed,14.0,False,specific_request
MATCH_823,ALUMNI_M5157,S3986,48.17,2026-04-27 11:22:12.697437,pending,45.0,True,admin_assigned
MATCH_824,ALUMNI_M3852,S4388,68.5,2026-04-19 11:22:12.697629,completed,16.0,False,auto_suggestion
MATCH_825,M307,S3793,68.5,2026-04-07 11:22:12.697902,rejected,66.0,True,admin_assigned
MATCH_826,ALUMNI_M4844,S4099,51.0,2026-04-10 11:22:12.698102,pending,57.0,True,admin_assigned
MATCH_827,ALUMNI_M3362,S2699,61.5,2026-04-11 11:22:12.698304,completed,7.0,True,admin_assigned
MATCH_828,ALUMNI_M2239,S1831,51.0,2026-04-12 11:22:12.698498,pending,42.0,True,admin_assigned
MATCH_829,M3388,S2882,51.0,2026-04-15 11:22:12.698689,rejected,59.0,False,admin_assigned
MATCH_830,ALUMNI_M963,S4682,44.0,2026-04-29 11:22:12.698966,completed,,False,auto_suggestion
MATCH_831,M4174,S4201,48.0,2026-04-26 11:22:12.699159,rejected,,True,admin_assigned
MATCH_832,M4038,S4126,51.0,2026-05-06 11:22:12.699357,pending,29.0,False,admin_assigned
MATCH_833,M2713,S4843,51.0,2026-04-13 11:22:12.699544,accepted,,True,admin_assigned
MATCH_834,ALUMNI_M4625,S2807,44.0,2026-04-08 11:22:12.699796,completed,,False,specific_request
MATCH_835,ALUMNI_M3655,S2927,51.0,2026-04-14 11:22:12.700009,pending,17.0,False,high_compatibility
MATCH_836,ALUMNI_M1349,S4946,68.5,2026-04-30 11:22:12.700200,accepted,,True,high_compatibility
MATCH_837,ALUMNI_M35,S2522,46.0,2026-04-30 11:22:12.700409,pending,8.0,False,specific_request
MATCH_838,ALUMNI_M3129,S1654,48.0,2026-04-14 11:22:12.700602,pending,37.0,False,high_compatibility
MATCH_839,ALUMNI_M2379,S1848,44.0,2026-04-19 11:22:12.700822,rejected,9.0,True,auto_suggestion
MATCH_840,M1364,S2171,72.5,2026-04-26 11:22:12.701012,completed,72.0,False,specific_request
MATCH_841,M958,S3661,51.0,2026-05-06 11:22:12.701199,pending,60.0,False,specific_request
MATCH_842,M4625,S1273,51.0,2026-04-29 11:22:12.701408,pending,,True,auto_suggestion
MATCH_843,ALUMNI_M4503,S722,44.0,2026-05-01 11:22:12.701609,completed,,True,specific_request
MATCH_844,ALUMNI_M1120,S3811,68.17,2026-04-16 11:22:12.701815,rejected,71.0,True,specific_request
MATCH_845,ALUMNI_M2690,S3065,55.0,2026-05-02 11:22:12.702011,rejected,13.0,True,high_compatibility
MATCH_846,M4665,S230,47.67,2026-04-28 11:22:12.702201,completed,18.0,True,high_compatibility
MATCH_847,ALUMNI_M962,S361,44.0,2026-05-02 11:22:12.702410,completed,,True,admin_assigned
MATCH_848,M2653,S1468,72.5,2026-04-23 11:22:12.702607,accepted,,False,high_compatibility
MATCH_849,ALUMNI_M2759,S3011,51.0,2026-04-11 11:22:12.702817,completed,1.0,False,admin_assigned
MATCH_850,ALUMNI_M2867,S11,51.0,2026-04-07 11:22:12.703031,completed,34.0,True,admin_assigned
MATCH_851,ALUMNI_M734,S1746,47.67,2026-04-19 11:22:12.703227,completed,14.0,False,high_compatibility
MATCH_852,ALUMNI_M4792,S2327,68.5,2026-04-13 11:22:12.703428,completed,,True,admin_assigned
MATCH_853,ALUMNI_M199,S2816,51.0,2026-04-06 11:22:12.703656,accepted,,True,high_compatibility
MATCH_854,M1659,S626,44.0,2026-04-30 11:22:12.704011,completed,,True,specific_request
MATCH_855,ALUMNI_M2106,S660,55.0,2026-04-07 11:22:12.704371,pending,34.0,True,specific_request
MATCH_856,M388,S3422,45.78,2026-04-25 11:22:12.704750,completed,,False,admin_assigned
MATCH_857,ALUMNI_M3362,S1109,41.5,2026-04-14 11:22:12.705106,rejected,2.0,True,admin_assigned
MATCH_858,ALUMNI_M140,S1087,51.0,2026-04-14 11:22:12.705529,accepted,41.0,True,auto_suggestion
MATCH_859,M4623,S2305,44.0,2026-04-10 11:22:12.705845,completed,43.0,False,admin_assigned
MATCH_860,ALUMNI_M3623,S1725,44.0,2026-04-06 11:22:12.706066,accepted,,True,admin_assigned
MATCH_861,ALUMNI_M5924,S2791,68.5,2026-05-01 11:22:12.706279,pending,22.0,True,admin_assigned
MATCH_862,M1148,S3772,43.0,2026-04-08 11:22:12.706476,accepted,13.0,True,high_compatibility
MATCH_863,ALUMNI_M2443,S3621,55.0,2026-04-07 11:22:12.706681,accepted,10.0,True,auto_suggestion
MATCH_864,ALUMNI_M2748,S3096,51.0,2026-04-25 11:22:12.706971,rejected,,True,admin_assigned
MATCH_865,M3005,S3748,41.5,2026-04-15 11:22:12.707180,pending,,False,high_compatibility
MATCH_866,M1969,S1179,48.0,2026-04-07 11:22:12.707381,pending,,False,auto_suggestion
MATCH_867,ALUMNI_M1764,S49,44.0,2026-04-25 11:22:12.707587,accepted,,True,auto_suggestion
MATCH_868,ALUMNI_M309,S735,55.0,2026-04-20 11:22:12.707855,completed,66.0,False,admin_assigned
MATCH_869,ALUMNI_M4915,S983,44.0,2026-04-23 11:22:12.708059,pending,58.0,False,high_compatibility
MATCH_870,M3595,S3491,48.0,2026-04-30 11:22:12.708260,rejected,,False,admin_assigned
MATCH_871,ALUMNI_M2846,S2506,51.0,2026-04-11 11:22:12.708460,completed,24.0,True,specific_request
MATCH_872,M2157,S2241,44.0,2026-04-29 11:22:12.708651,accepted,14.0,False,auto_suggestion
MATCH_873,ALUMNI_M1083,S3331,48.0,2026-04-28 11:22:12.708924,completed,,True,admin_assigned
MATCH_874,M3322,S3723,61.67,2026-04-06 11:22:12.709120,pending,47.0,False,high_compatibility
MATCH_875,ALUMNI_M3810,S3156,68.5,2026-05-02 11:22:12.709321,accepted,,False,auto_suggestion
MATCH_876,M3861,S3078,53.0,2026-04-21 11:22:12.709511,completed,30.0,False,admin_assigned
MATCH_877,ALUMNI_M78,S3208,55.0,2026-04-28 11:22:12.709717,accepted,2.0,False,admin_assigned
MATCH_878,ALUMNI_M4445,S2862,57.21,2026-04-27 11:22:12.709915,completed,29.0,True,specific_request
MATCH_879,ALUMNI_M1493,S1999,55.0,2026-05-01 11:22:12.710108,completed,40.0,False,high_compatibility
MATCH_880,ALUMNI_M1832,S767,68.5,2026-04-10 11:22:12.710306,rejected,56.0,True,admin_assigned
MATCH_881,M4538,S3055,55.0,2026-04-06 11:22:12.710496,accepted,,False,high_compatibility
MATCH_882,M445,S3443,51.0,2026-05-01 11:22:12.710683,completed,24.0,False,auto_suggestion
MATCH_883,M102,S3232,51.0,2026-05-03 11:22:12.710961,completed,16.0,False,specific_request
MATCH_884,ALUMNI_M4379,S3338,51.0,2026-04-12 11:22:12.711167,rejected,56.0,False,admin_assigned
MATCH_885,M2397,S964,68.5,2026-05-01 11:22:12.711370,accepted,,True,specific_request
MATCH_886,M2884,S3405,51.0,2026-05-03 11:22:12.711560,rejected,59.0,True,specific_request
MATCH_887,M4744,S2511,37.33,2026-05-01 11:22:12.711765,pending,71.0,True,high_compatibility
MATCH_888,ALUMNI_M1474,S4666,51.0,2026-04-30 11:22:12.711959,accepted,,True,admin_assigned
MATCH_889,ALUMNI_M3376,S2162,57.67,2026-05-01 11:22:12.712148,accepted,29.0,False,specific_request
MATCH_890,M1669,S935,51.0,2026-05-01 11:22:12.712347,completed,,False,admin_assigned
MATCH_891,ALUMNI_M4536,S2549,37.75,2026-05-03 11:22:12.712550,completed,,True,auto_suggestion
MATCH_892,ALUMNI_M1018,S220,53.89,2026-04-10 11:22:12.712762,rejected,39.0,False,specific_request
MATCH_893,ALUMNI_M1627,S2678,55.0,2026-04-09 11:22:12.712954,pending,54.0,False,admin_assigned
MATCH_894,ALUMNI_M2653,S4814,48.0,2026-04-22 11:22:12.713141,accepted,23.0,False,high_compatibility
MATCH_895,ALUMNI_M3787,S1678,51.0,2026-04-11 11:22:12.713341,accepted,,True,auto_suggestion
MATCH_896,M2002,S4606,39.71,2026-04-19 11:22:12.713529,accepted,4.0,False,admin_assigned
MATCH_897,ALUMNI_M5330,S34,61.5,2026-04-21 11:22:12.713736,pending,29.0,False,auto_suggestion
MATCH_898,M4916,S4773,55.0,2026-04-25 11:22:12.713936,pending,12.0,False,auto_suggestion
MATCH_899,ALUMNI_M2482,S2954,44.0,2026-05-01 11:22:12.714125,completed,,False,high_compatibility
MATCH_900,M4377,S4004,48.5,2026-04-28 11:22:12.714328,accepted,66.0,False,high_compatibility
MATCH_901,ALUMNI_M3291,S3900,72.5,2026-04-16 11:22:12.714520,pending,11.0,True,specific_request
MATCH_902,ALUMNI_M691,S3280,48.0,2026-04-28 11:22:12.714720,pending,50.0,True,auto_suggestion
MATCH_903,M2127,S2792,51.0,2026-04-10 11:22:12.714923,pending,5.0,False,high_compatibility
MATCH_904,M602,S4141,44.0,2026-04-27 11:22:12.715111,pending,45.0,False,admin_assigned
MATCH_905,ALUMNI_M2373,S1525,50.67,2026-04-09 11:22:12.715309,pending,31.0,False,auto_suggestion
MATCH_906,ALUMNI_M4489,S4417,68.5,2026-04-30 11:22:12.715499,rejected,33.0,True,high_compatibility
MATCH_907,ALUMNI_M2712,S403,72.67,2026-04-28 11:22:12.715688,pending,60.0,True,auto_suggestion
MATCH_908,ALUMNI_M4655,S140,44.0,2026-04-19 11:22:12.715980,accepted,61.0,True,specific_request
MATCH_909,ALUMNI_M573,S472,39.0,2026-04-21 11:22:12.716178,completed,11.0,False,admin_assigned
MATCH_910,ALUMNI_M3136,S891,51.0,2026-04-20 11:22:12.716378,rejected,,True,admin_assigned
MATCH_911,M4696,S4777,51.0,2026-04-10 11:22:12.716566,accepted,,False,high_compatibility
MATCH_912,M2116,S4396,44.0,2026-04-14 11:22:12.716769,pending,,False,specific_request
MATCH_913,ALUMNI_M5671,S3695,44.0,2026-04-07 11:22:12.716960,accepted,,False,admin_assigned
MATCH_914,ALUMNI_M5770,S4284,48.0,2026-04-08 11:22:12.717146,completed,38.0,True,auto_suggestion
MATCH_915,ALUMNI_M4151,S3996,48.0,2026-05-05 11:22:12.717343,rejected,,False,specific_request
MATCH_916,M2693,S1813,68.5,2026-05-02 11:22:12.717528,rejected,,True,specific_request
MATCH_917,ALUMNI_M5646,S3043,58.17,2026-04-19 11:22:12.717738,pending,34.0,True,auto_suggestion
MATCH_918,M36,S1348,55.0,2026-04-23 11:22:12.717936,pending,23.0,True,specific_request
MATCH_919,ALUMNI_M3292,S149,51.0,2026-04-30 11:22:12.718127,completed,63.0,False,admin_assigned
MATCH_920,M2800,S2524,51.0,2026-04-09 11:22:12.718330,rejected,37.0,True,high_compatibility
MATCH_921,ALUMNI_M2314,S97,51.0,2026-04-16 11:22:12.718529,accepted,47.0,False,specific_request
MATCH_922,M1695,S2149,51.0,2026-04-29 11:22:12.718785,rejected,13.0,True,admin_assigned
MATCH_923,ALUMNI_M5215,S1490,57.67,2026-05-03 11:22:12.719020,pending,39.0,False,specific_request
MATCH_924,M1466,S4817,68.5,2026-04-09 11:22:12.719213,completed,60.0,True,specific_request
MATCH_925,ALUMNI_M1465,S2954,48.0,2026-05-01 11:22:12.719436,accepted,30.0,True,specific_request
MATCH_926,ALUMNI_M5335,S4102,51.0,2026-04-14 11:22:12.719664,rejected,60.0,False,admin_assigned
MATCH_927,ALUMNI_M4096,S1113,72.5,2026-04-14 11:22:12.719879,pending,9.0,False,specific_request
MATCH_928,M186,S2707,47.5,2026-04-10 11:22:12.720119,accepted,66.0,False,auto_suggestion
MATCH_929,ALUMNI_M1210,S4359,66.0,2026-04-06 11:22:12.720323,pending,7.0,True,auto_suggestion
MATCH_930,ALUMNI_M2593,S3618,51.0,2026-04-20 11:22:12.720538,rejected,12.0,False,auto_suggestion
MATCH_931,ALUMNI_M650,S3860,44.0,2026-04-06 11:22:12.720766,rejected,9.0,True,auto_suggestion
MATCH_932,M4631,S267,51.0,2026-05-04 11:22:12.720962,pending,55.0,False,high_compatibility
MATCH_933,ALUMNI_M4084,S4645,45.5,2026-04-22 11:22:12.721152,accepted,,True,specific_request
MATCH_934,ALUMNI_M3602,S4732,44.0,2026-04-22 11:22:12.721352,accepted,68.0,True,admin_assigned
MATCH_935,M3039,S1594,51.0,2026-04-17 11:22:12.721557,accepted,,False,high_compatibility
MATCH_936,M14,S2619,65.5,2026-04-28 11:22:12.721769,completed,55.0,False,admin_assigned
MATCH_937,M2483,S4364,44.0,2026-04-09 11:22:12.721995,completed,,True,high_compatibility
MATCH_938,ALUMNI_M2354,S2678,55.0,2026-04-21 11:22:12.722185,completed,51.0,True,auto_suggestion
MATCH_939,ALUMNI_M4403,S4143,61.5,2026-04-19 11:22:12.722384,pending,29.0,True,admin_assigned
MATCH_940,M3388,S834,48.0,2026-04-27 11:22:12.722580,accepted,,False,auto_suggestion
MATCH_941,ALUMNI_M625,S4302,44.0,2026-05-03 11:22:12.722788,accepted,59.0,False,high_compatibility
MATCH_942,ALUMNI_M464,S3480,51.0,2026-04-29 11:22:12.722986,completed,51.0,True,high_compatibility
MATCH_943,ALUMNI_M977,S4474,53.75,2026-04-07 11:22:12.723201,completed,40.0,True,admin_assigned
MATCH_944,ALUMNI_M5570,S484,48.0,2026-04-20 11:22:12.723400,rejected,,True,high_compatibility
MATCH_945,ALUMNI_M3375,S1425,50.67,2026-05-06 11:22:12.723591,pending,,True,auto_suggestion
MATCH_946,ALUMNI_M1722,S2119,51.0,2026-04-09 11:22:12.723867,accepted,,False,admin_assigned
MATCH_947,M418,S1211,68.5,2026-04-09 11:22:12.724070,accepted,27.0,False,specific_request
MATCH_948,ALUMNI_M536,S2551,48.0,2026-04-13 11:22:12.724269,completed,24.0,True,specific_request
MATCH_949,ALUMNI_M5657,S4387,48.33,2026-04-06 11:22:12.724460,rejected,,False,high_compatibility
MATCH_950,ALUMNI_M3099,S1792,61.5,2026-05-04 11:22:12.724659,completed,33.0,True,auto_suggestion
MATCH_951,ALUMNI_M5290,S3422,48.0,2026-05-04 11:22:12.724872,pending,,False,auto_suggestion
MATCH_952,ALUMNI_M3662,S1576,48.0,2026-04-24 11:22:12.725062,pending,70.0,False,high_compatibility
MATCH_953,M4098,S3167,51.0,2026-04-14 11:22:12.725261,rejected,,True,admin_assigned
MATCH_954,M2288,S3438,51.0,2026-04-17 11:22:12.725452,rejected,,False,auto_suggestion
MATCH_955,M4240,S390,44.0,2026-04-30 11:22:12.725638,accepted,62.0,True,high_compatibility
MATCH_956,ALUMNI_M4759,S1208,44.0,2026-04-22 11:22:12.725844,pending,62.0,True,high_compatibility
MATCH_957,M4049,S3069,51.0,2026-04-16 11:22:12.726032,accepted,,False,specific_request
MATCH_958,M3903,S4775,48.0,2026-05-04 11:22:12.726215,completed,18.0,True,auto_suggestion
MATCH_959,ALUMNI_M683,S1408,57.67,2026-05-04 11:22:12.726437,rejected,4.0,False,high_compatibility
MATCH_960,ALUMNI_M3114,S1678,55.0,2026-05-02 11:22:12.726623,rejected,26.0,True,admin_assigned
MATCH_961,M3240,S304,61.5,2026-05-01 11:22:12.726828,accepted,7.0,True,admin_assigned
MATCH_962,ALUMNI_M518,S525,51.67,2026-04-17 11:22:12.727029,rejected,,False,auto_suggestion
MATCH_963,M4909,S1772,51.0,2026-05-03 11:22:12.727216,pending,45.0,False,auto_suggestion
MATCH_964,M4446,S3486,61.5,2026-05-01 11:22:12.727415,completed,,False,high_compatibility
MATCH_965,ALUMNI_M476,S4593,55.0,2026-04-30 11:22:12.727599,accepted,72.0,True,admin_assigned
MATCH_966,M1252,S3312,55.0,2026-04-26 11:22:12.727811,accepted,67.0,False,admin_assigned
MATCH_967,ALUMNI_M5651,S1458,45.44,2026-04-26 11:22:12.728000,pending,54.0,True,specific_request
MATCH_968,ALUMNI_M3169,S80,51.0,2026-04-25 11:22:12.728190,pending,8.0,False,admin_assigned
MATCH_969,M3735,S2142,68.5,2026-04-17 11:22:12.728390,rejected,,True,high_compatibility
MATCH_970,M61,S4853,69.17,2026-04-23 11:22:12.728580,rejected,13.0,False,auto_suggestion
MATCH_971,ALUMNI_M5144,S3911,68.5,2026-05-03 11:22:12.728792,rejected,57.0,False,specific_request
MATCH_972,ALUMNI_M77,S941,51.0,2026-04-16 11:22:12.728981,completed,,False,admin_assigned
MATCH_973,ALUMNI_M2967,S1212,51.0,2026-04-14 11:22:12.729178,rejected,,False,high_compatibility
MATCH_974,M4833,S1959,51.0,2026-05-01 11:22:12.729534,pending,,False,specific_request
MATCH_975,M4192,S716,44.0,2026-04-30 11:22:12.729892,completed,,False,auto_suggestion
MATCH_976,M4091,S2987,55.0,2026-04-27 11:22:12.730225,accepted,12.0,True,auto_suggestion
MATCH_977,ALUMNI_M2533,S4443,37.33,2026-04-14 11:22:12.730550,rejected,,True,high_compatibility
MATCH_978,M4971,S2682,55.0,2026-04-23 11:22:12.731110,accepted,7.0,True,specific_request
MATCH_979,ALUMNI_M4999,S1445,51.0,2026-04-14 11:22:12.731486,accepted,26.0,False,high_compatibility
MATCH_980,M3554,S4301,44.0,2026-04-08 11:22:12.731861,pending,17.0,True,high_compatibility
MATCH_981,ALUMNI_M5930,S1923,55.0,2026-04-08 11:22:12.732274,pending,,True,specific_request
MATCH_982,M4806,S4836,61.67,2026-04-20 11:22:12.732495,accepted,69.0,True,specific_request
MATCH_983,M4044,S4272,51.0,2026-04-25 11:22:12.732696,accepted,56.0,False,admin_assigned
MATCH_984,ALUMNI_M5425,S1314,50.67,2026-04-26 11:22:12.733065,accepted,25.0,False,high_compatibility
MATCH_985,ALUMNI_M83,S4940,44.0,2026-04-11 11:22:12.733284,rejected,,False,specific_request
MATCH_986,M1137,S1460,48.0,2026-04-10 11:22:12.733643,rejected,,False,auto_suggestion
MATCH_987,M336,S296,44.0,2026-04-09 11:22:12.734009,accepted,27.0,True,specific_request
MATCH_988,ALUMNI_M1507,S4883,51.0,2026-04-29 11:22:12.734240,rejected,63.0,False,auto_suggestion
MATCH_989,M2318,S1268,44.0,2026-05-05 11:22:12.734561,completed,48.0,False,auto_suggestion
MATCH_990,M2263,S1956,44.0,2026-04-08 11:22:12.734921,pending,21.0,True,specific_request
MATCH_991,ALUMNI_M5460,S147,44.0,2026-04-08 11:22:12.735206,pending,67.0,True,high_compatibility
MATCH_992,ALUMNI_M2513,S3158,44.0,2026-05-05 11:22:12.735425,rejected,58.0,False,admin_assigned
MATCH_993,ALUMNI_M5902,S2782,51.0,2026-04-07 11:22:12.735795,accepted,,False,high_compatibility
MATCH_994,M3107,S2008,55.0,2026-04-14 11:22:12.736128,accepted,31.0,False,specific_request
MATCH_995,M3346,S1771,61.5,2026-05-05 11:22:12.736357,rejected,,False,specific_request
MATCH_996,M3752,S581,40.67,2026-04-13 11:22:12.736758,completed,,False,auto_suggestion
MATCH_997,ALUMNI_M5551,S1653,68.5,2026-05-02 11:22:12.737115,completed,,True,specific_request
MATCH_998,ALUMNI_M4379,S4772,48.0,2026-04-07 11:22:12.737503,completed,67.0,False,specific_request
MATCH_999,M4912,S4968,51.0,2026-04-07 11:22:12.737876,pending,55.0,False,admin_assigned
MATCH_1000,M3984,S476,44.0,2026-04-25 11:22:12.738270,completed,,True,admin_assigned
MATCH_1001,M4231,S3380,66.94,2026-04-16 11:22:12.738637,completed,25.0,False,specific_request
MATCH_1002,ALUMNI_M3340,S1993,48.0,2026-04-15 11:22:12.739042,accepted,15.0,False,admin_assigned
MATCH_1003,M4798,S207,36.5,2026-04-28 11:22:12.739400,rejected,41.0,True,auto_suggestion
MATCH_1004,M1075,S1652,51.0,2026-04-30 11:22:12.739627,pending,58.0,False,auto_suggestion
MATCH_1005,ALUMNI_M1269,S1066,51.0,2026-04-14 11:22:12.739925,rejected,8.0,True,specific_request
MATCH_1006,ALUMNI_M2908,S841,65.5,2026-04-20 11:22:12.740135,rejected,31.0,True,high_compatibility
MATCH_1007,ALUMNI_M4346,S2815,44.0,2026-04-13 11:22:12.740347,accepted,,False,high_compatibility
MATCH_1008,ALUMNI_M567,S178,44.0,2026-04-21 11:22:12.740549,rejected,,False,auto_suggestion
MATCH_1009,ALUMNI_M656,S349,55.0,2026-05-06 11:22:12.740807,pending,61.0,False,high_compatibility
MATCH_1010,ALUMNI_M1825,S1908,44.0,2026-04-30 11:22:12.741022,accepted,38.0,True,specific_request
MATCH_1011,ALUMNI_M1809,S1308,66.5,2026-04-14 11:22:12.741214,completed,53.0,False,specific_request
MATCH_1012,M2269,S1760,47.25,2026-05-02 11:22:12.741416,rejected,20.0,False,specific_request
MATCH_1013,ALUMNI_M2412,S368,48.0,2026-04-30 11:22:12.741616,pending,30.0,True,specific_request
MATCH_1014,M366,S3268,39.0,2026-04-21 11:22:12.741897,pending,37.0,False,specific_request
MATCH_1015,M392,S1267,44.0,2026-04-07 11:22:12.742097,rejected,30.0,True,high_compatibility
MATCH_1016,M541,S1466,61.5,2026-04-30 11:22:12.742300,rejected,13.0,False,admin_assigned
MATCH_1017,ALUMNI_M412,S4443,48.0,2026-04-29 11:22:12.742496,rejected,70.0,True,admin_assigned
MATCH_1018,ALUMNI_M1589,S735,51.0,2026-04-30 11:22:12.742694,pending,,True,admin_assigned
MATCH_1019,ALUMNI_M3775,S449,44.0,2026-05-03 11:22:12.742969,completed,16.0,False,auto_suggestion
MATCH_1020,ALUMNI_M255,S2908,44.0,2026-04-13 11:22:12.743199,completed,,True,specific_request
MATCH_1021,ALUMNI_M2826,S3692,36.5,2026-05-03 11:22:12.743407,rejected,,False,admin_assigned
MATCH_1022,ALUMNI_M4353,S4322,44.0,2026-04-12 11:22:12.743609,completed,1.0,True,high_compatibility
MATCH_1023,ALUMNI_M1833,S1444,51.0,2026-04-16 11:22:12.743881,rejected,40.0,False,high_compatibility
MATCH_1024,M50,S4633,61.5,2026-04-23 11:22:12.744084,completed,43.0,False,admin_assigned
MATCH_1025,ALUMNI_M5279,S610,61.5,2026-05-05 11:22:12.744289,accepted,,True,specific_request
MATCH_1026,M309,S1452,51.0,2026-04-24 11:22:12.744477,pending,24.0,False,auto_suggestion
MATCH_1027,M1845,S2807,51.0,2026-04-29 11:22:12.744669,accepted,24.0,False,high_compatibility
MATCH_1028,M2859,S830,51.0,2026-04-30 11:22:12.744965,completed,,True,high_compatibility
MATCH_1029,ALUMNI_M589,S4873,58.36,2026-04-15 11:22:12.745336,completed,41.0,True,high_compatibility
MATCH_1030,M4733,S636,44.0,2026-04-16 11:22:12.745723,rejected,62.0,False,high_compatibility
MATCH_1031,ALUMNI_M4958,S464,51.0,2026-04-12 11:22:12.746103,rejected,55.0,False,admin_assigned
MATCH_1032,M938,S1522,48.0,2026-04-15 11:22:12.746488,accepted,33.0,True,admin_assigned
MATCH_1033,ALUMNI_M5441,S3715,55.0,2026-05-04 11:22:12.746825,rejected,,True,admin_assigned
MATCH_1034,ALUMNI_M968,S4496,51.0,2026-04-28 11:22:12.747048,accepted,49.0,True,specific_request
MATCH_1035,M1862,S2104,50.67,2026-04-19 11:22:12.747258,rejected,31.0,False,auto_suggestion
MATCH_1036,M880,S2862,48.95,2026-04-26 11:22:12.747459,rejected,40.0,True,high_compatibility
MATCH_1037,M3579,S3850,51.0,2026-04-15 11:22:12.747657,completed,30.0,False,auto_suggestion
MATCH_1038,ALUMNI_M4810,S4759,49.0,2026-05-02 11:22:12.747937,completed,55.0,True,admin_assigned
MATCH_1039,M3742,S4593,51.0,2026-04-29 11:22:12.748137,pending,,True,high_compatibility
MATCH_1040,ALUMNI_M1021,S868,52.14,2026-04-06 11:22:12.748353,completed,52.0,False,auto_suggestion
MATCH_1041,ALUMNI_M4355,S3634,48.0,2026-05-04 11:22:12.748585,rejected,51.0,True,high_compatibility
MATCH_1042,ALUMNI_M1617,S837,55.0,2026-04-08 11:22:12.748861,accepted,71.0,False,specific_request
MATCH_1043,M2102,S4438,65.5,2026-04-12 11:22:12.749069,completed,44.0,False,auto_suggestion
MATCH_1044,M3360,S3117,44.0,2026-05-02 11:22:12.749297,accepted,,True,specific_request
MATCH_1045,M130,S3198,51.0,2026-04-06 11:22:12.749630,accepted,60.0,True,high_compatibility
MATCH_1046,ALUMNI_M4601,S4497,48.0,2026-04-19 11:22:12.749905,pending,14.0,True,specific_request
MATCH_1047,ALUMNI_M1991,S2120,55.0,2026-04-06 11:22:12.750106,pending,66.0,False,high_compatibility
MATCH_1048,ALUMNI_M5497,S4668,61.5,2026-04-23 11:22:12.750308,rejected,,True,high_compatibility
MATCH_1049,M2137,S2641,51.0,2026-04-15 11:22:12.750506,rejected,,True,auto_suggestion
MATCH_1050,M3105,S657,61.5,2026-04-19 11:22:12.750756,rejected,1.0,True,specific_request
MATCH_1051,ALUMNI_M5524,S4725,51.0,2026-04-06 11:22:12.750993,pending,23.0,True,admin_assigned
MATCH_1052,ALUMNI_M2081,S4086,51.0,2026-04-14 11:22:12.751188,accepted,35.0,False,auto_suggestion
MATCH_1053,ALUMNI_M2024,S3101,68.5,2026-05-04 11:22:12.751390,pending,1.0,False,specific_request
MATCH_1054,M2218,S3654,51.0,2026-04-14 11:22:12.751587,pending,62.0,False,specific_request
MATCH_1055,ALUMNI_M4862,S143,68.17,2026-04-08 11:22:12.751853,rejected,54.0,False,auto_suggestion
MATCH_1056,ALUMNI_M4759,S3599,48.0,2026-04-20 11:22:12.752057,rejected,12.0,False,admin_assigned
MATCH_1057,ALUMNI_M730,S3229,72.5,2026-04-08 11:22:12.752256,completed,64.0,True,auto_suggestion
MATCH_1058,ALUMNI_M81,S2122,51.0,2026-04-16 11:22:12.752447,rejected,28.0,False,high_compatibility
MATCH_1059,ALUMNI_M3638,S1418,51.0,2026-04-20 11:22:12.752700,pending,,False,high_compatibility
MATCH_1060,ALUMNI_M2680,S1978,63.83,2026-04-12 11:22:12.753003,rejected,,True,high_compatibility
MATCH_1061,M3999,S3988,50.67,2026-04-16 11:22:12.753375,rejected,67.0,False,specific_request
MATCH_1062,ALUMNI_M1529,S964,51.0,2026-04-26 11:22:12.753764,accepted,,True,high_compatibility
MATCH_1063,ALUMNI_M5541,S4634,51.0,2026-04-13 11:22:12.754132,rejected,,True,auto_suggestion
MATCH_1064,M1255,S3612,44.0,2026-04-26 11:22:12.754522,accepted,65.0,True,high_compatibility
MATCH_1065,ALUMNI_M5858,S389,51.0,2026-05-02 11:22:12.754907,completed,50.0,False,high_compatibility
MATCH_1066,M1035,S2077,44.0,2026-04-11 11:22:12.755292,completed,,False,high_compatibility
MATCH_1067,ALUMNI_M5844,S992,42.33,2026-05-02 11:22:12.755690,rejected,39.0,True,auto_suggestion
MATCH_1068,ALUMNI_M356,S2200,73.5,2026-04-18 11:22:12.756195,pending,9.0,False,high_compatibility
MATCH_1069,ALUMNI_M3688,S1005,40.86,2026-04-22 11:22:12.756611,rejected,,False,high_compatibility
MATCH_1070,M1700,S4401,51.0,2026-04-08 11:22:12.757035,completed,,True,auto_suggestion
MATCH_1071,M4100,S2228,42.57,2026-04-28 11:22:12.757415,accepted,10.0,True,specific_request
MATCH_1072,M3484,S4647,51.0,2026-04-21 11:22:12.757816,accepted,,False,auto_suggestion
MATCH_1073,M3427,S2156,72.5,2026-04-14 11:22:12.758185,pending,33.0,False,auto_suggestion
MATCH_1074,M495,S4907,51.0,2026-04-13 11:22:12.758562,rejected,,True,auto_suggestion
MATCH_1075,ALUMNI_M3696,S3056,44.0,2026-04-29 11:22:12.758965,rejected,22.0,True,admin_assigned
MATCH_1076,ALUMNI_M3078,S2954,44.0,2026-04-10 11:22:12.759351,pending,24.0,False,auto_suggestion
MATCH_1077,M4684,S3762,61.67,2026-04-07 11:22:12.759985,rejected,56.0,True,auto_suggestion
MATCH_1078,M3245,S1089,57.67,2026-04-12 11:22:12.760359,pending,13.0,False,admin_assigned
MATCH_1079,M4490,S2077,48.0,2026-04-24 11:22:12.760770,rejected,12.0,False,high_compatibility
MATCH_1080,ALUMNI_M2701,S4679,44.0,2026-04-08 11:22:12.761596,pending,,True,admin_assigned
MATCH_1081,ALUMNI_M867,S1535,54.67,2026-04-25 11:22:12.762299,pending,32.0,True,admin_assigned
MATCH_1082,M1215,S353,44.0,2026-05-04 11:22:12.762553,pending,,False,admin_assigned
MATCH_1083,M2455,S4087,46.57,2026-05-04 11:22:12.762843,completed,,False,high_compatibility
MATCH_1084,M4708,S3517,51.0,2026-04-17 11:22:12.763083,accepted,,False,specific_request
MATCH_1085,M4670,S4661,68.5,2026-04-15 11:22:12.763283,accepted,,False,high_compatibility
MATCH_1086,ALUMNI_M5962,S3685,57.67,2026-04-15 11:22:12.763491,pending,56.0,False,high_compatibility
MATCH_1087,ALUMNI_M3903,S306,68.5,2026-04-10 11:22:12.763690,accepted,64.0,False,specific_request
MATCH_1088,ALUMNI_M3697,S4795,44.0,2026-04-25 11:22:12.764142,pending,52.0,True,specific_request
MATCH_1089,ALUMNI_M3422,S2850,55.0,2026-04-19 11:22:12.764997,completed,7.0,False,high_compatibility
MATCH_1090,ALUMNI_M501,S1139,58.17,2026-04-29 11:22:12.765732,accepted,68.0,False,admin_assigned
MATCH_1091,ALUMNI_M2207,S3250,44.0,2026-04-10 11:22:12.766161,pending,50.0,True,high_compatibility
MATCH_1092,M2050,S2293,68.5,2026-04-21 11:22:12.766555,accepted,,False,auto_suggestion
MATCH_1093,ALUMNI_M3249,S4828,45.14,2026-04-23 11:22:12.766962,pending,7.0,True,specific_request
MATCH_1094,ALUMNI_M3397,S62,61.5,2026-04-16 11:22:12.767321,pending,17.0,False,specific_request
MATCH_1095,M2938,S3236,51.0,2026-04-30 11:22:12.767562,completed,47.0,False,auto_suggestion
MATCH_1096,M427,S4183,68.5,2026-04-08 11:22:12.767859,completed,8.0,False,high_compatibility
MATCH_1097,ALUMNI_M4704,S3285,68.5,2026-05-06 11:22:12.768083,accepted,1.0,False,admin_assigned
MATCH_1098,ALUMNI_M1832,S2839,54.67,2026-04-29 11:22:12.768300,pending,,True,specific_request
MATCH_1099,ALUMNI_M234,S677,43.22,2026-05-06 11:22:12.768517,pending,14.0,False,high_compatibility
MATCH_1100,M3015,S1986,55.0,2026-04-15 11:22:12.768780,completed,27.0,True,specific_request
MATCH_1101,M3983,S1200,61.5,2026-04-09 11:22:12.769021,pending,6.0,False,auto_suggestion
MATCH_1102,M3799,S2301,68.5,2026-04-18 11:22:12.769223,rejected,32.0,True,auto_suggestion
MATCH_1103,ALUMNI_M1648,S2453,51.0,2026-04-29 11:22:12.769426,completed,72.0,False,auto_suggestion
MATCH_1104,M2813,S523,65.5,2026-05-04 11:22:12.769630,rejected,,True,high_compatibility
MATCH_1105,ALUMNI_M5909,S3454,55.0,2026-05-01 11:22:12.769910,pending,1.0,False,high_compatibility
MATCH_1106,M1149,S1155,65.5,2026-04-25 11:22:12.770112,pending,48.0,False,admin_assigned
MATCH_1107,M379,S668,48.0,2026-04-27 11:22:12.770315,accepted,24.0,True,specific_request
MATCH_1108,M3033,S4647,42.75,2026-04-12 11:22:12.770510,completed,,False,high_compatibility
MATCH_1109,ALUMNI_M717,S2622,48.0,2026-04-20 11:22:12.770789,rejected,,True,auto_suggestion
MATCH_1110,M3399,S3138,55.0,2026-04-26 11:22:12.771008,rejected,58.0,True,specific_request
MATCH_1111,M967,S1796,44.0,2026-04-11 11:22:12.771204,accepted,56.0,True,auto_suggestion
MATCH_1112,M4975,S737,44.0,2026-04-20 11:22:12.771398,rejected,,True,auto_suggestion
MATCH_1113,M180,S1162,51.0,2026-04-16 11:22:12.771605,pending,,False,auto_suggestion
MATCH_1114,ALUMNI_M5257,S1338,68.5,2026-04-26 11:22:12.771876,accepted,,True,specific_request
MATCH_1115,ALUMNI_M1196,S847,54.33,2026-04-08 11:22:12.772079,accepted,42.0,False,high_compatibility
MATCH_1116,M3994,S608,51.67,2026-04-22 11:22:12.772272,pending,15.0,True,admin_assigned
MATCH_1117,ALUMNI_M3496,S3806,51.0,2026-04-20 11:22:12.772468,pending,51.0,True,auto_suggestion
MATCH_1118,M4468,S2165,51.0,2026-04-22 11:22:12.772697,pending,70.0,True,high_compatibility
MATCH_1119,M826,S3782,51.0,2026-04-13 11:22:12.772968,pending,,True,high_compatibility
MATCH_1120,M3854,S1783,51.0,2026-04-07 11:22:12.773159,pending,2.0,False,specific_request
MATCH_1121,M3293,S4722,44.0,2026-04-09 11:22:12.773352,accepted,8.0,True,specific_request
MATCH_1122,M2550,S2859,51.0,2026-04-11 11:22:12.773550,accepted,34.0,True,high_compatibility
MATCH_1123,ALUMNI_M5190,S1792,44.0,2026-04-11 11:22:12.773803,accepted,9.0,False,specific_request
MATCH_1124,ALUMNI_M5579,S2363,68.5,2026-04-25 11:22:12.774014,pending,15.0,True,high_compatibility
MATCH_1125,M2332,S546,51.0,2026-04-13 11:22:12.774206,pending,,True,high_compatibility
MATCH_1126,M1169,S415,42.33,2026-04-25 11:22:12.774438,completed,64.0,True,auto_suggestion
MATCH_1127,ALUMNI_M5434,S646,44.0,2026-04-16 11:22:12.774638,completed,18.0,False,specific_request
MATCH_1128,ALUMNI_M4240,S3824,51.0,2026-04-11 11:22:12.774914,completed,8.0,False,high_compatibility
MATCH_1129,ALUMNI_M2991,S2316,55.0,2026-04-28 11:22:12.775111,pending,18.0,False,specific_request
MATCH_1130,ALUMNI_M1699,S4178,72.5,2026-05-02 11:22:12.775305,completed,21.0,False,high_compatibility
MATCH_1131,M3750,S2408,73.5,2026-04-15 11:22:12.775503,completed,,False,specific_request
MATCH_1132,M3103,S4045,55.0,2026-04-16 11:22:12.775694,pending,67.0,False,high_compatibility
MATCH_1133,M3348,S133,51.0,2026-04-22 11:22:12.775907,pending,15.0,False,specific_request
MATCH_1134,ALUMNI_M264,S387,51.0,2026-04-26 11:22:12.776097,completed,11.0,True,auto_suggestion
MATCH_1135,M1769,S512,55.0,2026-04-15 11:22:12.776287,rejected,63.0,True,admin_assigned
MATCH_1136,ALUMNI_M3238,S3440,50.67,2026-04-19 11:22:12.776477,accepted,,False,specific_request
MATCH_1137,M949,S4803,51.0,2026-04-29 11:22:12.776687,completed,8.0,False,auto_suggestion
MATCH_1138,M644,S2278,55.0,2026-04-07 11:22:12.776892,completed,71.0,False,specific_request
MATCH_1139,M184,S4611,55.0,2026-04-07 11:22:12.777086,rejected,,False,auto_suggestion
MATCH_1140,M2508,S2030,61.5,2026-05-05 11:22:12.777273,completed,,False,specific_request
MATCH_1141,ALUMNI_M1374,S3271,39.0,2026-04-07 11:22:12.777464,rejected,31.0,True,auto_suggestion
MATCH_1142,M2081,S3602,51.0,2026-04-20 11:22:12.777664,rejected,,False,high_compatibility
MATCH_1143,M4848,S429,61.5,2026-04-16 11:22:12.777878,completed,,True,auto_suggestion
MATCH_1144,ALUMNI_M3794,S4331,44.33,2026-04-17 11:22:12.778064,accepted,24.0,False,auto_suggestion
MATCH_1145,ALUMNI_M3546,S1503,51.0,2026-04-25 11:22:12.778264,accepted,63.0,False,specific_request
MATCH_1146,ALUMNI_M5434,S3441,48.0,2026-04-27 11:22:12.778449,completed,62.0,False,auto_suggestion
MATCH_1147,ALUMNI_M4260,S4760,44.0,2026-05-04 11:22:12.778648,completed,,True,high_compatibility
MATCH_1148,ALUMNI_M4703,S2051,44.0,2026-04-29 11:22:12.778854,completed,,False,admin_assigned
MATCH_1149,ALUMNI_M1022,S1196,51.0,2026-04-28 11:22:12.779042,accepted,38.0,True,specific_request
MATCH_1150,M2038,S2534,55.0,2026-04-27 11:22:12.779227,pending,38.0,True,high_compatibility
MATCH_1151,M4780,S4912,51.0,2026-04-29 11:22:12.779410,completed,7.0,True,auto_suggestion
MATCH_1152,M3760,S1413,44.0,2026-05-05 11:22:12.779605,completed,50.0,True,specific_request
MATCH_1153,ALUMNI_M2374,S4322,44.0,2026-04-12 11:22:12.779889,pending,44.0,False,admin_assigned
MATCH_1154,M843,S2274,55.0,2026-04-14 11:22:12.780102,rejected,4.0,True,specific_request
MATCH_1155,ALUMNI_M1307,S2545,61.5,2026-04-21 11:22:12.780295,completed,31.0,False,specific_request
MATCH_1156,M2233,S3593,44.0,2026-04-09 11:22:12.780495,completed,1.0,True,auto_suggestion
MATCH_1157,M381,S3399,51.0,2026-04-30 11:22:12.780695,pending,,True,high_compatibility
MATCH_1158,M4957,S1074,51.0,2026-04-23 11:22:12.780910,rejected,62.0,False,specific_request
MATCH_1159,ALUMNI_M368,S498,48.0,2026-04-20 11:22:12.781103,rejected,,True,specific_request
MATCH_1160,ALUMNI_M3605,S2672,45.44,2026-04-27 11:22:12.781303,rejected,46.0,True,admin_assigned
MATCH_1161,M834,S271,44.0,2026-04-28 11:22:12.781521,accepted,36.0,False,high_compatibility
MATCH_1162,ALUMNI_M4857,S316,68.5,2026-05-05 11:22:12.781733,rejected,43.0,True,admin_assigned
MATCH_1163,M1191,S1110,61.5,2026-05-04 11:22:12.781927,completed,29.0,False,high_compatibility
MATCH_1164,ALUMNI_M1430,S2129,46.75,2026-04-06 11:22:12.782117,rejected,56.0,True,high_compatibility
MATCH_1165,M434,S4152,75.17,2026-04-08 11:22:12.782303,completed,68.0,True,high_compatibility
MATCH_1166,ALUMNI_M4111,S261,51.0,2026-04-11 11:22:12.782502,accepted,36.0,False,high_compatibility
MATCH_1167,ALUMNI_M5532,S4343,48.78,2026-04-29 11:22:12.782719,pending,14.0,True,specific_request
MATCH_1168,ALUMNI_M5850,S656,57.67,2026-04-10 11:22:12.782924,pending,68.0,True,high_compatibility
MATCH_1169,M1384,S1676,55.0,2026-04-21 11:22:12.783139,accepted,,True,specific_request
MATCH_1170,ALUMNI_M1410,S1977,68.5,2026-04-30 11:22:12.783324,pending,23.0,True,auto_suggestion
MATCH_1171,ALUMNI_M1298,S4515,51.0,2026-04-09 11:22:12.783521,completed,42.0,False,specific_request
MATCH_1172,M4742,S1630,65.5,2026-04-21 11:22:12.783721,accepted,63.0,False,auto_suggestion
MATCH_1173,M3746,S3601,68.5,2026-04-15 11:22:12.783913,rejected,,True,specific_request
MATCH_1174,M3356,S1000,50.67,2026-04-11 11:22:12.784097,completed,3.0,False,admin_assigned
MATCH_1175,M894,S495,72.5,2026-04-20 11:22:12.784281,accepted,,False,specific_request
MATCH_1176,M3203,S2298,44.0,2026-04-23 11:22:12.784522,accepted,42.0,False,specific_request
MATCH_1177,ALUMNI_M1407,S291,55.0,2026-05-03 11:22:12.784726,rejected,10.0,False,high_compatibility
MATCH_1178,M625,S1189,44.0,2026-05-01 11:22:12.784916,accepted,5.0,True,high_compatibility
MATCH_1179,M1271,S2759,44.0,2026-04-10 11:22:12.785100,pending,,True,high_compatibility
MATCH_1180,ALUMNI_M3611,S381,48.0,2026-04-15 11:22:12.785285,rejected,10.0,True,high_compatibility
MATCH_1181,ALUMNI_M2561,S2493,51.0,2026-04-12 11:22:12.785470,pending,4.0,True,auto_suggestion
MATCH_1182,ALUMNI_M2630,S4261,44.0,2026-04-10 11:22:12.785670,pending,70.0,True,admin_assigned
MATCH_1183,ALUMNI_M4385,S2593,43.86,2026-04-10 11:22:12.785886,accepted,48.0,False,high_compatibility
MATCH_1184,ALUMNI_M5116,S3293,51.0,2026-04-07 11:22:12.786067,accepted,40.0,False,admin_assigned
MATCH_1185,ALUMNI_M3852,S1365,51.0,2026-04-26 11:22:12.786246,rejected,45.0,False,specific_request
MATCH_1186,M2137,S3199,44.0,2026-04-17 11:22:12.786425,pending,5.0,False,specific_request
MATCH_1187,M2891,S2630,49.0,2026-04-28 11:22:12.786614,completed,61.0,False,high_compatibility
MATCH_1188,M2059,S1484,44.0,2026-05-05 11:22:12.786832,pending,,True,specific_request
MATCH_1189,M1580,S4560,43.5,2026-04-28 11:22:12.787020,rejected,23.0,False,high_compatibility
MATCH_1190,ALUMNI_M2508,S2959,48.5,2026-05-06 11:22:12.787219,pending,7.0,True,specific_request
MATCH_1191,ALUMNI_M3320,S2420,44.0,2026-05-05 11:22:12.787408,completed,,False,admin_assigned
MATCH_1192,M4204,S4534,48.0,2026-04-30 11:22:12.787603,rejected,2.0,True,auto_suggestion
MATCH_1193,ALUMNI_M3361,S2157,48.0,2026-04-24 11:22:12.787807,rejected,60.0,True,specific_request
MATCH_1194,M1362,S1345,55.0,2026-05-05 11:22:12.787996,pending,,True,admin_assigned
MATCH_1195,ALUMNI_M1478,S1362,44.0,2026-05-02 11:22:12.788240,completed,38.0,True,high_compatibility
MATCH_1196,ALUMNI_M2489,S4641,44.0,2026-04-08 11:22:12.788502,completed,,False,auto_suggestion
MATCH_1197,ALUMNI_M2155,S3760,44.0,2026-04-18 11:22:12.788711,accepted,42.0,False,admin_assigned
MATCH_1198,ALUMNI_M2793,S1162,51.0,2026-04-08 11:22:12.788909,pending,42.0,False,admin_assigned
MATCH_1199,ALUMNI_M881,S4509,51.0,2026-04-12 11:22:12.789096,pending,40.0,False,admin_assigned
MATCH_1200,M2658,S2868,68.5,2026-05-03 11:22:12.789289,completed,52.0,False,auto_suggestion
MATCH_1201,ALUMNI_M622,S989,44.0,2026-04-15 11:22:12.789477,completed,21.0,False,auto_suggestion
MATCH_1202,ALUMNI_M4811,S374,51.0,2026-05-06 11:22:12.789679,pending,,True,admin_assigned
MATCH_1203,ALUMNI_M3221,S822,55.0,2026-04-18 11:22:12.789886,accepted,,True,specific_request
MATCH_1204,M4063,S3424,55.0,2026-04-14 11:22:12.790080,completed,30.0,False,specific_request
MATCH_1205,ALUMNI_M3602,S2957,55.0,2026-04-13 11:22:12.790266,pending,68.0,False,admin_assigned
MATCH_1206,ALUMNI_M1786,S3607,51.0,2026-05-02 11:22:12.790451,completed,27.0,False,high_compatibility
MATCH_1207,M2294,S3997,44.0,2026-04-08 11:22:12.790652,rejected,69.0,False,specific_request
MATCH_1208,ALUMNI_M100,S3607,48.33,2026-04-22 11:22:12.790855,completed,,False,auto_suggestion
MATCH_1209,ALUMNI_M1443,S1584,68.5,2026-04-21 11:22:12.791042,rejected,,False,high_compatibility
MATCH_1210,M4537,S2704,65.5,2026-04-28 11:22:12.791227,pending,7.0,True,high_compatibility
MATCH_1211,ALUMNI_M123,S2316,43.5,2026-04-06 11:22:12.791413,accepted,52.0,False,specific_request
MATCH_1212,ALUMNI_M3941,S4153,44.0,2026-04-23 11:22:12.791609,accepted,,False,high_compatibility
MATCH_1213,ALUMNI_M5801,S3528,51.0,2026-04-29 11:22:12.791823,completed,66.0,True,specific_request
MATCH_1214,M2874,S1245,47.25,2026-04-28 11:22:12.792015,pending,1.0,False,high_compatibility
MATCH_1215,M4394,S4831,51.0,2026-05-01 11:22:12.792208,accepted,70.0,True,auto_suggestion
MATCH_1216,M2198,S3641,51.0,2026-04-26 11:22:12.792393,completed,,True,high_compatibility
MATCH_1217,ALUMNI_M2435,S3092,44.0,2026-04-08 11:22:12.792604,pending,41.0,False,admin_assigned
MATCH_1218,ALUMNI_M1436,S3148,51.0,2026-04-15 11:22:12.792810,completed,52.0,False,admin_assigned
MATCH_1219,ALUMNI_M5303,S3640,48.0,2026-04-20 11:22:12.792996,accepted,26.0,False,admin_assigned
MATCH_1220,ALUMNI_M2359,S4921,50.67,2026-04-16 11:22:12.793182,pending,55.0,False,auto_suggestion
MATCH_1221,M1927,S1981,61.5,2026-04-10 11:22:12.793373,pending,34.0,True,specific_request
MATCH_1222,M1345,S3060,51.0,2026-04-18 11:22:12.793568,completed,,False,admin_assigned
MATCH_1223,ALUMNI_M2914,S1539,40.67,2026-04-11 11:22:12.793774,completed,10.0,False,specific_request
MATCH_1224,ALUMNI_M4701,S4975,57.67,2026-05-03 11:22:12.793961,completed,14.0,True,high_compatibility
MATCH_1225,ALUMNI_M3664,S1592,48.0,2026-04-07 11:22:12.794154,rejected,53.0,True,admin_assigned
MATCH_1226,M3536,S3769,51.0,2026-04-28 11:22:12.794339,rejected,70.0,False,high_compatibility
MATCH_1227,ALUMNI_M3017,S974,44.0,2026-04-23 11:22:12.794546,completed,28.0,True,admin_assigned
MATCH_1228,ALUMNI_M5133,S4665,42.89,2026-04-29 11:22:12.794750,rejected,,False,admin_assigned
MATCH_1229,M935,S571,61.5,2026-04-15 11:22:12.794949,completed,24.0,False,high_compatibility
MATCH_1230,ALUMNI_M598,S2840,51.67,2026-04-14 11:22:12.795145,pending,66.0,True,auto_suggestion
MATCH_1231,ALUMNI_M1741,S480,48.5,2026-04-13 11:22:12.795331,completed,63.0,True,auto_suggestion
MATCH_1232,M1612,S2861,44.0,2026-05-01 11:22:12.795525,rejected,11.0,True,high_compatibility
MATCH_1233,M4203,S4196,51.25,2026-04-22 11:22:12.795726,pending,,False,specific_request
MATCH_1234,ALUMNI_M5354,S4660,55.0,2026-05-06 11:22:12.795916,rejected,46.0,False,specific_request
MATCH_1235,M1926,S4006,51.0,2026-04-15 11:22:12.796107,accepted,,False,admin_assigned
MATCH_1236,M2769,S4284,44.0,2026-04-19 11:22:12.796304,completed,21.0,True,auto_suggestion
MATCH_1237,ALUMNI_M1518,S2654,44.0,2026-04-29 11:22:12.796493,rejected,,False,admin_assigned
MATCH_1238,ALUMNI_M3913,S778,75.17,2026-04-14 11:22:12.796677,completed,25.0,False,auto_suggestion
MATCH_1239,ALUMNI_M3066,S1280,44.0,2026-04-25 11:22:12.796898,completed,45.0,False,high_compatibility
MATCH_1240,ALUMNI_M3605,S332,62.17,2026-04-28 11:22:12.797086,pending,28.0,False,specific_request
MATCH_1241,M4937,S4164,44.0,2026-04-19 11:22:12.797309,accepted,37.0,True,admin_assigned
MATCH_1242,ALUMNI_M988,S1581,55.0,2026-04-20 11:22:12.797507,completed,,True,specific_request
MATCH_1243,ALUMNI_M1851,S3312,51.0,2026-04-15 11:22:12.797697,pending,3.0,False,specific_request
MATCH_1244,ALUMNI_M2760,S4185,44.0,2026-04-30 11:22:12.797906,rejected,6.0,True,auto_suggestion
MATCH_1245,M4610,S2070,51.0,2026-04-25 11:22:12.798111,pending,52.0,True,specific_request
MATCH_1246,ALUMNI_M495,S1742,48.0,2026-04-14 11:22:12.798299,pending,48.0,False,admin_assigned
MATCH_1247,M2298,S3046,42.89,2026-04-12 11:22:12.798524,completed,3.0,True,auto_suggestion
MATCH_1248,M2645,S2155,51.0,2026-04-23 11:22:12.798731,accepted,39.0,True,admin_assigned
MATCH_1249,ALUMNI_M298,S3142,51.0,2026-04-30 11:22:12.798923,completed,,True,auto_suggestion
MATCH_1250,ALUMNI_M114,S964,47.67,2026-04-26 11:22:12.799109,pending,24.0,False,auto_suggestion
MATCH_1251,ALUMNI_M128,S1983,54.67,2026-04-27 11:22:12.799293,completed,18.0,False,admin_assigned
MATCH_1252,M685,S1899,51.0,2026-04-21 11:22:12.799479,accepted,44.0,True,specific_request
MATCH_1253,M2987,S1020,50.0,2026-04-13 11:22:12.799687,rejected,47.0,True,specific_request
MATCH_1254,ALUMNI_M2944,S205,55.0,2026-04-11 11:22:12.799904,completed,58.0,True,specific_request
MATCH_1255,M1936,S2308,43.86,2026-04-27 11:22:12.800100,accepted,57.0,True,admin_assigned
MATCH_1256,M4653,S804,47.67,2026-04-25 11:22:12.800289,accepted,15.0,False,high_compatibility
MATCH_1257,ALUMNI_M844,S4600,51.0,2026-04-21 11:22:12.800477,completed,28.0,True,specific_request
MATCH_1258,ALUMNI_M5436,S2059,44.0,2026-04-21 11:22:12.800675,pending,53.0,False,auto_suggestion
MATCH_1259,M1644,S1388,68.5,2026-04-07 11:22:12.800879,accepted,40.0,False,high_compatibility
MATCH_1260,ALUMNI_M1292,S4132,68.17,2026-04-24 11:22:12.801069,completed,1.0,True,admin_assigned
MATCH_1261,ALUMNI_M2933,S4490,72.5,2026-04-28 11:22:12.801253,pending,16.0,False,auto_suggestion
MATCH_1262,ALUMNI_M3998,S2456,63.83,2026-04-25 11:22:12.801442,completed,,False,high_compatibility
MATCH_1263,ALUMNI_M3577,S1166,61.06,2026-04-30 11:22:12.801639,accepted,51.0,True,high_compatibility
MATCH_1264,ALUMNI_M5550,S712,72.5,2026-04-11 11:22:12.801843,pending,70.0,False,high_compatibility
MATCH_1265,ALUMNI_M3767,S4317,44.0,2026-04-12 11:22:12.802031,completed,20.0,False,auto_suggestion
MATCH_1266,M900,S2107,44.0,2026-05-04 11:22:12.802217,rejected,,True,specific_request
MATCH_1267,ALUMNI_M696,S2639,44.0,2026-04-18 11:22:12.802405,pending,72.0,False,high_compatibility
MATCH_1268,ALUMNI_M1059,S3117,44.0,2026-04-12 11:22:12.802607,accepted,,False,admin_assigned
MATCH_1269,ALUMNI_M5786,S3244,44.0,2026-04-13 11:22:12.802811,accepted,28.0,True,specific_request
MATCH_1270,ALUMNI_M4124,S3430,44.0,2026-04-18 11:22:12.803018,pending,,False,auto_suggestion
MATCH_1271,ALUMNI_M1119,S1798,48.0,2026-04-11 11:22:12.803213,pending,15.0,True,high_compatibility
MATCH_1272,ALUMNI_M767,S4341,65.5,2026-04-14 11:22:12.803398,accepted,33.0,False,high_compatibility
MATCH_1273,M3855,S2359,68.17,2026-05-02 11:22:12.803597,accepted,22.0,True,specific_request
MATCH_1274,M743,S4728,51.0,2026-04-27 11:22:12.803812,rejected,65.0,True,high_compatibility
MATCH_1275,ALUMNI_M1518,S1813,51.0,2026-04-06 11:22:12.804001,completed,54.0,True,high_compatibility
MATCH_1276,ALUMNI_M2242,S2043,51.0,2026-04-06 11:22:12.804188,pending,23.0,True,high_compatibility
MATCH_1277,ALUMNI_M4420,S1756,44.0,2026-05-05 11:22:12.804395,pending,,True,specific_request
MATCH_1278,M1159,S2647,44.0,2026-04-07 11:22:12.804593,completed,,False,admin_assigned
MATCH_1279,M2669,S908,55.0,2026-04-30 11:22:12.804797,rejected,26.0,True,admin_assigned
MATCH_1280,M1668,S4207,68.5,2026-04-18 11:22:12.804982,completed,32.0,False,auto_suggestion
MATCH_1281,M2221,S4137,61.5,2026-04-29 11:22:12.805165,rejected,,False,admin_assigned
MATCH_1282,ALUMNI_M4801,S4394,50.67,2026-04-07 11:22:12.805350,accepted,24.0,True,auto_suggestion
MATCH_1283,M1419,S3518,57.67,2026-04-16 11:22:12.805553,rejected,56.0,True,admin_assigned
MATCH_1284,M57,S2585,61.5,2026-04-24 11:22:12.805775,pending,,True,high_compatibility
MATCH_1285,M4425,S2721,51.0,2026-05-04 11:22:12.805972,rejected,9.0,False,specific_request
MATCH_1286,ALUMNI_M433,S1332,67.67,2026-04-26 11:22:12.806162,pending,,True,admin_assigned
MATCH_1287,M2391,S3359,51.0,2026-04-08 11:22:12.806346,pending,,True,admin_assigned
MATCH_1288,ALUMNI_M2943,S2245,65.5,2026-04-06 11:22:12.806555,accepted,65.0,False,specific_request
MATCH_1289,ALUMNI_M943,S4106,44.0,2026-05-01 11:22:12.806761,accepted,,True,specific_request
MATCH_1290,ALUMNI_M4650,S4516,68.5,2026-04-29 11:22:12.807061,pending,67.0,False,admin_assigned
MATCH_1291,M3067,S2888,44.0,2026-04-07 11:22:12.807272,accepted,25.0,True,specific_request
MATCH_1292,M3295,S2177,65.5,2026-04-18 11:22:12.807470,rejected,37.0,False,auto_suggestion
MATCH_1293,M4028,S3318,51.0,2026-04-15 11:22:12.807678,pending,9.0,True,auto_suggestion
MATCH_1294,M509,S909,51.0,2026-05-04 11:22:12.807886,rejected,54.0,False,auto_suggestion
MATCH_1295,M3170,S1092,68.5,2026-04-27 11:22:12.808069,pending,23.0,False,specific_request
MATCH_1296,M3973,S585,51.0,2026-04-25 11:22:12.808265,rejected,,True,admin_assigned
MATCH_1297,M3388,S1687,55.0,2026-04-09 11:22:12.808457,accepted,,False,high_compatibility
MATCH_1298,M3365,S4248,68.5,2026-05-04 11:22:12.808653,rejected,38.0,True,auto_suggestion
MATCH_1299,M1147,S3997,51.0,2026-05-04 11:22:12.808861,rejected,72.0,False,specific_request
MATCH_1300,M4504,S126,51.0,2026-04-14 11:22:12.809052,rejected,7.0,False,high_compatibility
MATCH_1301,ALUMNI_M2570,S35,48.0,2026-05-06 11:22:12.809247,completed,69.0,False,high_compatibility
MATCH_1302,ALUMNI_M4645,S2395,44.0,2026-04-09 11:22:12.809438,pending,23.0,True,admin_assigned
MATCH_1303,ALUMNI_M554,S4817,51.0,2026-05-02 11:22:12.809640,completed,,True,specific_request
MATCH_1304,M372,S3650,57.67,2026-04-28 11:22:12.809844,accepted,20.0,True,high_compatibility
MATCH_1305,M898,S2434,51.0,2026-04-22 11:22:12.810030,pending,16.0,False,auto_suggestion
MATCH_1306,ALUMNI_M4533,S394,48.0,2026-04-06 11:22:12.810226,pending,,False,admin_assigned
MATCH_1307,M3747,S1756,44.0,2026-05-03 11:22:12.810431,accepted,24.0,False,specific_request
MATCH_1308,M3034,S3696,39.0,2026-04-19 11:22:12.810634,rejected,50.0,True,admin_assigned
MATCH_1309,ALUMNI_M100,S1925,43.86,2026-04-18 11:22:12.810841,pending,3.0,False,auto_suggestion
MATCH_1310,ALUMNI_M5095,S3724,55.0,2026-04-24 11:22:12.811027,completed,65.0,False,high_compatibility
MATCH_1311,ALUMNI_M4204,S4797,61.5,2026-04-13 11:22:12.811212,pending,63.0,False,auto_suggestion
MATCH_1312,ALUMNI_M979,S3363,42.33,2026-05-04 11:22:12.811398,accepted,47.0,False,specific_request
MATCH_1313,M3138,S2019,48.75,2026-05-01 11:22:12.811604,rejected,,True,admin_assigned
MATCH_1314,M1486,S770,48.0,2026-05-03 11:22:12.811808,completed,,True,auto_suggestion
MATCH_1315,ALUMNI_M1915,S861,51.0,2026-04-16 11:22:12.811995,pending,13.0,False,high_compatibility
MATCH_1316,M4425,S2425,55.0,2026-04-24 11:22:12.812179,completed,17.0,True,auto_suggestion
MATCH_1317,ALUMNI_M4534,S1406,68.17,2026-05-05 11:22:12.812375,rejected,61.0,True,auto_suggestion
MATCH_1318,ALUMNI_M5999,S4536,44.0,2026-04-15 11:22:12.812583,accepted,27.0,True,specific_request
MATCH_1319,M3185,S3735,51.0,2026-04-15 11:22:12.812786,rejected,13.0,True,high_compatibility
MATCH_1320,M1746,S2364,48.0,2026-04-24 11:22:12.812973,pending,,True,auto_suggestion
MATCH_1321,ALUMNI_M955,S322,51.0,2026-04-13 11:22:12.813159,completed,61.0,True,auto_suggestion
MATCH_1322,M1940,S4641,44.0,2026-04-16 11:22:12.813344,accepted,42.0,True,auto_suggestion
MATCH_1323,ALUMNI_M187,S707,48.14,2026-05-03 11:22:12.813541,completed,14.0,False,auto_suggestion
MATCH_1324,ALUMNI_M2418,S4710,51.0,2026-05-04 11:22:12.813744,accepted,,True,auto_suggestion
MATCH_1325,M4525,S4275,44.0,2026-05-06 11:22:12.813936,rejected,7.0,True,auto_suggestion
MATCH_1326,ALUMNI_M4136,S1285,51.0,2026-04-13 11:22:12.814123,completed,14.0,False,admin_assigned
MATCH_1327,ALUMNI_M5580,S789,44.0,2026-05-02 11:22:12.814320,completed,,False,admin_assigned
MATCH_1328,ALUMNI_M2392,S2176,47.0,2026-04-16 11:22:12.814517,rejected,47.0,True,admin_assigned
MATCH_1329,M3028,S2203,65.5,2026-04-06 11:22:12.814718,rejected,9.0,False,high_compatibility
MATCH_1330,ALUMNI_M5903,S379,44.0,2026-05-04 11:22:12.814909,pending,14.0,False,auto_suggestion
MATCH_1331,ALUMNI_M5688,S3675,51.0,2026-04-10 11:22:12.815093,completed,,True,auto_suggestion
MATCH_1332,M511,S2296,57.67,2026-04-19 11:22:12.815284,completed,7.0,True,specific_request
MATCH_1333,M3940,S3502,68.5,2026-04-29 11:22:12.815479,completed,72.0,False,auto_suggestion
MATCH_1334,M992,S1307,51.0,2026-04-18 11:22:12.815671,pending,,False,high_compatibility
MATCH_1335,M3078,S1441,55.0,2026-05-02 11:22:12.815867,rejected,,True,auto_suggestion
MATCH_1336,ALUMNI_M1353,S1798,48.0,2026-04-23 11:22:12.816076,accepted,36.0,True,specific_request
MATCH_1337,ALUMNI_M1993,S105,50.0,2026-05-06 11:22:12.816329,accepted,7.0,True,specific_request
MATCH_1338,M4682,S2780,55.0,2026-05-03 11:22:12.816572,completed,63.0,False,admin_assigned
MATCH_1339,ALUMNI_M2517,S4836,43.22,2026-05-04 11:22:12.816783,completed,4.0,False,high_compatibility
MATCH_1340,M614,S4550,51.0,2026-04-14 11:22:12.816972,completed,,False,high_compatibility
MATCH_1341,ALUMNI_M3989,S4457,51.0,2026-04-26 11:22:12.817159,accepted,61.0,False,auto_suggestion
MATCH_1342,ALUMNI_M1177,S2312,51.0,2026-04-16 11:22:12.817360,accepted,10.0,False,admin_assigned
MATCH_1343,ALUMNI_M942,S2193,48.0,2026-04-23 11:22:12.817559,rejected,,False,high_compatibility
MATCH_1344,M3914,S4008,61.5,2026-04-11 11:22:12.817760,rejected,29.0,True,auto_suggestion
MATCH_1345,M2465,S3667,49.89,2026-04-09 11:22:12.817950,pending,65.0,False,high_compatibility
MATCH_1346,ALUMNI_M413,S2500,44.0,2026-04-10 11:22:12.818135,completed,56.0,False,admin_assigned
MATCH_1347,M4190,S3650,57.67,2026-04-18 11:22:12.818318,completed,,False,high_compatibility
MATCH_1348,ALUMNI_M2683,S933,68.5,2026-04-07 11:22:12.818510,pending,64.0,True,admin_assigned
MATCH_1349,M3298,S3568,44.25,2026-04-29 11:22:12.818734,completed,,True,admin_assigned
MATCH_1350,M1623,S4978,55.0,2026-04-06 11:22:12.818925,accepted,20.0,True,specific_request
MATCH_1351,M3164,S4327,48.0,2026-04-21 11:22:12.819112,rejected,12.0,True,auto_suggestion
MATCH_1352,ALUMNI_M1876,S3248,61.5,2026-04-16 11:22:12.819310,accepted,17.0,True,auto_suggestion
MATCH_1353,M2248,S280,55.0,2026-04-11 11:22:12.819516,rejected,45.0,True,high_compatibility
MATCH_1354,ALUMNI_M455,S1784,43.5,2026-04-20 11:22:12.819731,accepted,,True,specific_request
MATCH_1355,M2876,S4421,51.0,2026-04-09 11:22:12.819923,pending,,True,high_compatibility
MATCH_1356,ALUMNI_M1183,S4514,44.0,2026-04-29 11:22:12.820109,completed,,False,admin_assigned
MATCH_1357,ALUMNI_M1472,S80,68.5,2026-05-02 11:22:12.820303,pending,9.0,False,admin_assigned
MATCH_1358,ALUMNI_M4409,S1904,51.0,2026-04-20 11:22:12.820522,pending,6.0,True,admin_assigned
MATCH_1359,M2988,S4412,51.0,2026-04-18 11:22:12.820736,accepted,36.0,True,admin_assigned
MATCH_1360,M513,S225,48.75,2026-04-17 11:22:12.820937,rejected,,False,admin_assigned
MATCH_1361,M2561,S4921,45.14,2026-04-14 11:22:12.821127,rejected,,True,specific_request
MATCH_1362,M4595,S2959,51.0,2026-05-04 11:22:12.821315,rejected,25.0,True,auto_suggestion
MATCH_1363,ALUMNI_M4162,S3632,61.67,2026-04-16 11:22:12.821520,pending,29.0,True,admin_assigned
MATCH_1364,M518,S793,51.0,2026-04-22 11:22:12.821725,completed,72.0,True,specific_request
MATCH_1365,M108,S242,42.75,2026-04-20 11:22:12.821924,accepted,9.0,False,admin_assigned
MATCH_1366,M1559,S707,55.0,2026-05-04 11:22:12.822162,pending,60.0,False,auto_suggestion
MATCH_1367,ALUMNI_M4942,S2227,51.0,2026-04-24 11:22:12.822412,accepted,49.0,False,high_compatibility
MATCH_1368,ALUMNI_M90,S1446,51.0,2026-04-24 11:22:12.822732,rejected,,False,auto_suggestion
MATCH_1369,M2453,S2294,63.5,2026-05-04 11:22:12.822957,rejected,47.0,True,specific_request
MATCH_1370,ALUMNI_M3006,S1728,44.0,2026-04-24 11:22:12.823182,pending,,True,high_compatibility
MATCH_1371,ALUMNI_M5449,S3339,44.0,2026-04-10 11:22:12.823407,completed,3.0,True,auto_suggestion
MATCH_1372,M2318,S801,51.0,2026-05-01 11:22:12.823609,rejected,,False,auto_suggestion
MATCH_1373,M2959,S3980,50.67,2026-04-25 11:22:12.823826,rejected,,True,specific_request
MATCH_1374,ALUMNI_M5388,S4532,55.0,2026-04-18 11:22:12.824016,accepted,32.0,True,auto_suggestion
MATCH_1375,ALUMNI_M1948,S2575,55.0,2026-04-30 11:22:12.824204,completed,,True,admin_assigned
MATCH_1376,ALUMNI_M1515,S3850,72.5,2026-04-15 11:22:12.824389,rejected,,False,high_compatibility
MATCH_1377,ALUMNI_M3026,S4106,48.5,2026-05-06 11:22:12.824589,completed,,False,auto_suggestion
MATCH_1378,M1042,S3558,65.17,2026-05-01 11:22:12.824797,accepted,,True,auto_suggestion
MATCH_1379,ALUMNI_M3583,S3773,44.0,2026-04-06 11:22:12.824984,accepted,9.0,True,high_compatibility
MATCH_1380,M4385,S2142,51.0,2026-04-17 11:22:12.825199,pending,19.0,False,high_compatibility
MATCH_1381,ALUMNI_M3144,S4189,68.17,2026-05-03 11:22:12.825395,pending,35.0,False,high_compatibility
MATCH_1382,ALUMNI_M141,S2478,51.0,2026-04-30 11:22:12.825593,completed,10.0,True,high_compatibility
MATCH_1383,ALUMNI_M470,S4497,44.0,2026-04-21 11:22:12.825797,completed,62.0,True,auto_suggestion
MATCH_1384,M1127,S4499,51.0,2026-04-11 11:22:12.825980,completed,62.0,True,high_compatibility
MATCH_1385,ALUMNI_M5925,S3029,48.0,2026-04-30 11:22:12.826167,pending,8.0,True,specific_request
MATCH_1386,ALUMNI_M5613,S174,48.0,2026-04-08 11:22:12.826356,accepted,68.0,False,auto_suggestion
MATCH_1387,ALUMNI_M3058,S1579,53.67,2026-05-05 11:22:12.826553,accepted,,True,admin_assigned
MATCH_1388,M4144,S3749,61.5,2026-04-22 11:22:12.826754,completed,24.0,True,specific_request
MATCH_1389,ALUMNI_M5497,S2083,51.0,2026-04-17 11:22:12.826944,completed,50.0,True,auto_suggestion
MATCH_1390,ALUMNI_M417,S1023,51.0,2026-04-12 11:22:12.827130,accepted,42.0,False,admin_assigned
MATCH_1391,ALUMNI_M1888,S4820,48.78,2026-04-10 11:22:12.827356,pending,69.0,False,admin_assigned
MATCH_1392,M4510,S3591,51.0,2026-04-18 11:22:12.827553,accepted,,True,admin_assigned
MATCH_1393,ALUMNI_M590,S3800,44.0,2026-04-30 11:22:12.827818,pending,46.0,True,specific_request
MATCH_1394,ALUMNI_M2605,S1242,68.5,2026-04-13 11:22:12.828033,pending,,False,auto_suggestion
MATCH_1395,M1744,S1385,51.0,2026-04-30 11:22:12.828220,rejected,70.0,False,specific_request
MATCH_1396,M675,S424,61.5,2026-04-30 11:22:12.828411,completed,66.0,True,specific_request
MATCH_1397,M462,S3657,44.0,2026-04-09 11:22:12.828607,accepted,,True,high_compatibility
MATCH_1398,M1069,S1003,44.0,2026-04-08 11:22:12.828810,rejected,10.0,False,high_compatibility
MATCH_1399,ALUMNI_M5457,S3047,51.0,2026-04-20 11:22:12.829000,accepted,4.0,False,admin_assigned
MATCH_1400,ALUMNI_M4248,S795,68.5,2026-04-06 11:22:12.829185,rejected,,True,admin_assigned
MATCH_1401,ALUMNI_M4634,S1856,44.0,2026-04-17 11:22:12.829376,rejected,6.0,False,specific_request
MATCH_1402,ALUMNI_M499,S1984,51.0,2026-04-26 11:22:12.829573,rejected,61.0,False,admin_assigned
MATCH_1403,ALUMNI_M1940,S2030,65.5,2026-04-06 11:22:12.829784,rejected,23.0,True,admin_assigned
MATCH_1404,M4572,S3191,64.21,2026-04-06 11:22:12.829974,completed,14.0,False,high_compatibility
MATCH_1405,ALUMNI_M5835,S3075,50.67,2026-04-06 11:22:12.830164,pending,7.0,False,auto_suggestion
MATCH_1406,ALUMNI_M4575,S4104,79.17,2026-05-01 11:22:12.830357,rejected,69.0,False,auto_suggestion
MATCH_1407,M3177,S3153,46.57,2026-04-06 11:22:12.830642,rejected,40.0,True,auto_suggestion
MATCH_1408,M149,S1563,48.0,2026-05-01 11:22:12.830875,rejected,48.0,False,high_compatibility
MATCH_1409,ALUMNI_M309,S1654,44.0,2026-04-21 11:22:12.831068,pending,,False,high_compatibility
MATCH_1410,ALUMNI_M5310,S1476,57.67,2026-05-01 11:22:12.831263,completed,14.0,True,specific_request
MATCH_1411,ALUMNI_M2195,S4684,65.5,2026-04-26 11:22:12.831451,accepted,2.0,True,admin_assigned
MATCH_1412,M3226,S4810,51.0,2026-04-14 11:22:12.831651,accepted,42.0,True,specific_request
MATCH_1413,ALUMNI_M1668,S3482,45.5,2026-04-14 11:22:12.831866,accepted,64.0,True,admin_assigned
MATCH_1414,ALUMNI_M853,S1468,44.0,2026-04-20 11:22:12.832053,completed,40.0,True,high_compatibility
MATCH_1415,ALUMNI_M5921,S1259,39.56,2026-04-06 11:22:12.832237,rejected,,True,admin_assigned
MATCH_1416,M4551,S724,51.0,2026-04-09 11:22:12.832420,rejected,41.0,True,auto_suggestion
MATCH_1417,M1258,S4110,47.67,2026-05-06 11:22:12.832622,completed,48.0,False,specific_request
MATCH_1418,M3055,S4799,72.5,2026-04-28 11:22:12.832834,completed,,True,high_compatibility
MATCH_1419,M2201,S4403,44.0,2026-04-22 11:22:12.833023,completed,,True,admin_assigned
MATCH_1420,ALUMNI_M3298,S4773,68.5,2026-04-11 11:22:12.833209,rejected,,True,high_compatibility
MATCH_1421,M1490,S4512,51.0,2026-05-02 11:22:12.833412,rejected,46.0,False,specific_request
MATCH_1422,ALUMNI_M349,S4777,68.5,2026-05-03 11:22:12.833630,completed,30.0,True,high_compatibility
MATCH_1423,M3999,S1337,72.5,2026-04-25 11:22:12.833841,pending,1.0,False,specific_request
MATCH_1424,M764,S4898,51.0,2026-04-28 11:22:12.834029,pending,9.0,False,auto_suggestion
MATCH_1425,M2974,S3181,50.67,2026-04-19 11:22:12.834215,completed,62.0,False,auto_suggestion
MATCH_1426,ALUMNI_M215,S4167,44.0,2026-04-20 11:22:12.834400,rejected,6.0,False,high_compatibility
MATCH_1427,ALUMNI_M3667,S339,44.0,2026-04-22 11:22:12.834614,completed,,False,high_compatibility
MATCH_1428,M2807,S2691,44.0,2026-04-30 11:22:12.834825,pending,42.0,False,specific_request
MATCH_1429,ALUMNI_M1715,S4893,51.0,2026-05-01 11:22:12.835012,pending,71.0,False,specific_request
MATCH_1430,ALUMNI_M506,S1144,68.5,2026-04-30 11:22:12.835213,rejected,57.0,True,auto_suggestion
MATCH_1431,M2864,S3598,51.0,2026-04-25 11:22:12.835401,completed,36.0,False,high_compatibility
MATCH_1432,M2537,S726,44.0,2026-04-24 11:22:12.835598,completed,55.0,False,auto_suggestion
MATCH_1433,M2712,S56,57.67,2026-04-25 11:22:12.835806,accepted,19.0,False,high_compatibility
MATCH_1434,M1529,S1529,72.5,2026-04-26 11:22:12.835996,accepted,70.0,False,auto_suggestion
MATCH_1435,M107,S4148,51.0,2026-04-07 11:22:12.836186,accepted,72.0,False,admin_assigned
MATCH_1436,M2162,S2970,55.0,2026-04-10 11:22:12.836370,pending,69.0,True,auto_suggestion
MATCH_1437,M81,S3507,55.0,2026-05-03 11:22:12.836571,completed,39.0,False,admin_assigned
MATCH_1438,M3597,S3068,51.0,2026-05-06 11:22:12.836772,pending,37.0,True,high_compatibility
MATCH_1439,M926,S3689,44.0,2026-04-06 11:22:12.836960,rejected,,True,specific_request
MATCH_1440,ALUMNI_M3768,S2046,67.5,2026-05-06 11:22:12.837148,completed,23.0,True,auto_suggestion
MATCH_1441,M3936,S1618,43.22,2026-04-07 11:22:12.837333,completed,,False,auto_suggestion
MATCH_1442,ALUMNI_M705,S4355,42.89,2026-04-11 11:22:12.837529,pending,59.0,True,high_compatibility
MATCH_1443,ALUMNI_M4569,S4647,51.0,2026-04-23 11:22:12.837734,accepted,41.0,True,auto_suggestion
MATCH_1444,M4801,S3730,55.0,2026-04-21 11:22:12.837924,completed,14.0,False,admin_assigned
MATCH_1445,M2154,S4113,44.0,2026-04-21 11:22:12.838121,rejected,,False,high_compatibility
MATCH_1446,M4914,S4747,44.0,2026-04-10 11:22:12.838337,rejected,58.0,True,auto_suggestion
MATCH_1447,ALUMNI_M3417,S527,75.17,2026-04-24 11:22:12.838535,rejected,19.0,True,high_compatibility
MATCH_1448,M2977,S4215,68.5,2026-04-13 11:22:12.838738,pending,18.0,False,high_compatibility
MATCH_1449,M1056,S1670,51.0,2026-04-10 11:22:12.838939,accepted,17.0,False,auto_suggestion
MATCH_1450,ALUMNI_M141,S984,51.0,2026-04-21 11:22:12.839126,pending,36.0,False,high_compatibility
MATCH_1451,M4297,S1753,51.0,2026-04-07 11:22:12.839311,pending,,True,auto_suggestion
MATCH_1452,M4315,S1081,61.5,2026-04-26 11:22:12.839502,completed,31.0,True,auto_suggestion
MATCH_1453,ALUMNI_M4131,S3309,46.0,2026-05-02 11:22:12.839801,accepted,59.0,False,specific_request
MATCH_1454,ALUMNI_M5234,S2003,44.0,2026-04-14 11:22:12.840054,rejected,,False,auto_suggestion
MATCH_1455,M310,S1362,44.0,2026-04-10 11:22:12.840245,accepted,,True,admin_assigned
MATCH_1456,M1662,S4605,44.0,2026-04-23 11:22:12.840433,rejected,18.0,True,auto_suggestion
MATCH_1457,M2957,S822,55.0,2026-04-30 11:22:12.840633,completed,59.0,False,admin_assigned
MATCH_1458,M4964,S2164,51.0,2026-04-11 11:22:12.840843,accepted,29.0,True,high_compatibility
MATCH_1459,M760,S3493,44.0,2026-04-19 11:22:12.841041,rejected,65.0,True,admin_assigned
MATCH_1460,M2918,S1812,50.67,2026-04-28 11:22:12.841228,rejected,67.0,True,high_compatibility
MATCH_1461,ALUMNI_M4982,S1805,44.0,2026-04-29 11:22:12.841416,rejected,64.0,False,high_compatibility
MATCH_1462,ALUMNI_M5430,S4097,68.5,2026-04-12 11:22:12.841617,rejected,,False,auto_suggestion
MATCH_1463,ALUMNI_M209,S3536,51.0,2026-04-14 11:22:12.841821,completed,70.0,False,auto_suggestion
MATCH_1464,M4268,S2763,50.52,2026-04-07 11:22:12.842009,pending,28.0,True,high_compatibility
MATCH_1465,ALUMNI_M4838,S373,61.5,2026-05-04 11:22:12.842195,accepted,,True,high_compatibility
MATCH_1466,M3980,S3429,55.0,2026-04-25 11:22:12.842412,pending,,True,auto_suggestion
MATCH_1467,M3919,S3418,51.0,2026-04-23 11:22:12.842613,rejected,1.0,True,admin_assigned
MATCH_1468,ALUMNI_M3205,S4724,61.5,2026-04-22 11:22:12.842821,rejected,65.0,True,auto_suggestion
MATCH_1469,M1765,S293,44.0,2026-05-04 11:22:12.843041,rejected,5.0,True,auto_suggestion
MATCH_1470,M3146,S2668,51.0,2026-04-22 11:22:12.843237,accepted,24.0,True,admin_assigned
MATCH_1471,ALUMNI_M2811,S4921,44.0,2026-04-12 11:22:12.843427,rejected,37.0,False,specific_request
MATCH_1472,ALUMNI_M4445,S4672,45.44,2026-05-01 11:22:12.843630,pending,,True,specific_request
MATCH_1473,ALUMNI_M208,S1075,51.0,2026-04-22 11:22:12.843839,rejected,71.0,True,admin_assigned
MATCH_1474,ALUMNI_M5580,S4844,55.0,2026-04-25 11:22:12.844027,rejected,29.0,True,auto_suggestion
MATCH_1475,M3357,S2943,64.5,2026-04-26 11:22:12.844232,accepted,,False,specific_request
MATCH_1476,ALUMNI_M1670,S3480,51.0,2026-04-09 11:22:12.844429,rejected,,True,auto_suggestion
MATCH_1477,ALUMNI_M5113,S4199,44.0,2026-04-11 11:22:12.844627,accepted,42.0,False,high_compatibility
MATCH_1478,M2741,S3712,55.0,2026-04-29 11:22:12.844832,rejected,,True,admin_assigned
MATCH_1479,M1596,S1441,44.0,2026-04-06 11:22:12.845025,rejected,11.0,True,specific_request
MATCH_1480,ALUMNI_M2269,S4968,55.0,2026-04-21 11:22:12.845212,accepted,62.0,False,specific_request
MATCH_1481,M1613,S4772,36.22,2026-05-04 11:22:12.845403,completed,63.0,False,auto_suggestion
MATCH_1482,ALUMNI_M4975,S4365,51.0,2026-04-09 11:22:12.845600,rejected,6.0,True,high_compatibility
MATCH_1483,M979,S1617,59.44,2026-05-01 11:22:12.845818,pending,1.0,False,specific_request
MATCH_1484,M568,S2211,61.5,2026-04-11 11:22:12.846008,completed,,True,high_compatibility
MATCH_1485,ALUMNI_M4460,S4191,40.67,2026-04-19 11:22:12.846194,rejected,,False,admin_assigned
MATCH_1486,ALUMNI_M4913,S1412,61.83,2026-04-27 11:22:12.846379,completed,,False,auto_suggestion
MATCH_1487,ALUMNI_M791,S4751,51.0,2026-04-22 11:22:12.846585,pending,,False,specific_request
MATCH_1488,ALUMNI_M2032,S3193,51.0,2026-05-06 11:22:12.846798,completed,55.0,True,admin_assigned
MATCH_1489,M2489,S246,51.0,2026-04-22 11:22:12.846989,pending,,True,admin_assigned
MATCH_1490,ALUMNI_M865,S4695,43.5,2026-05-06 11:22:12.847177,pending,,False,high_compatibility
MATCH_1491,M4519,S3101,51.0,2026-04-07 11:22:12.847360,pending,,False,specific_request
MATCH_1492,M629,S1635,43.17,2026-04-08 11:22:12.847564,rejected,,True,specific_request
MATCH_1493,M4868,S1650,55.0,2026-04-25 11:22:12.847764,completed,,True,specific_request
MATCH_1494,M2511,S243,44.0,2026-05-04 11:22:12.847953,pending,33.0,False,auto_suggestion
MATCH_1495,M4192,S2054,51.0,2026-04-08 11:22:12.848138,pending,,True,high_compatibility
MATCH_1496,ALUMNI_M713,S2784,44.0,2026-04-13 11:22:12.848334,pending,,False,auto_suggestion
MATCH_1497,ALUMNI_M4342,S965,68.5,2026-04-13 11:22:12.848538,rejected,,True,auto_suggestion
MATCH_1498,M4489,S1243,64.83,2026-04-08 11:22:12.848741,completed,65.0,True,auto_suggestion
MATCH_1499,ALUMNI_M4663,S973,51.0,2026-05-03 11:22:12.848932,rejected,18.0,True,admin_assigned
MATCH_1500,M3360,S1294,66.0,2026-04-09 11:22:12.849135,completed,,False,admin_assigned
MATCH_1501,M2536,S4234,44.0,2026-04-09 11:22:12.849335,rejected,64.0,False,high_compatibility
MATCH_1502,M3102,S3638,51.0,2026-04-27 11:22:12.849529,rejected,,True,high_compatibility
MATCH_1503,ALUMNI_M832,S309,47.67,2026-04-25 11:22:12.849731,pending,46.0,False,auto_suggestion
MATCH_1504,M3897,S3374,55.0,2026-04-12 11:22:12.849945,accepted,,False,auto_suggestion
MATCH_1505,M3845,S1081,37.33,2026-04-16 11:22:12.850137,completed,43.0,False,specific_request
MATCH_1506,ALUMNI_M2183,S1023,49.75,2026-05-03 11:22:12.850325,completed,,False,auto_suggestion
MATCH_1507,M772,S1339,65.5,2026-04-15 11:22:12.850532,completed,50.0,True,specific_request
MATCH_1508,M1638,S4229,51.0,2026-05-04 11:22:12.850747,completed,65.0,True,admin_assigned
MATCH_1509,ALUMNI_M5029,S1041,61.5,2026-04-16 11:22:12.850940,pending,19.0,True,auto_suggestion
MATCH_1510,M3545,S4767,61.75,2026-04-30 11:22:12.851136,completed,20.0,False,auto_suggestion
MATCH_1511,M4628,S3742,55.0,2026-04-14 11:22:12.851322,rejected,53.0,False,auto_suggestion
MATCH_1512,ALUMNI_M4545,S4763,48.0,2026-04-16 11:22:12.851516,rejected,40.0,False,admin_assigned
MATCH_1513,M4657,S4419,44.0,2026-05-02 11:22:12.851715,completed,44.0,True,high_compatibility
MATCH_1514,ALUMNI_M3368,S2641,51.0,2026-04-13 11:22:12.851912,pending,5.0,True,auto_suggestion
MATCH_1515,ALUMNI_M5111,S3919,44.0,2026-05-05 11:22:12.852098,completed,,False,high_compatibility
MATCH_1516,M3645,S961,64.75,2026-05-02 11:22:12.852282,completed,21.0,True,specific_request
MATCH_1517,ALUMNI_M5594,S1171,48.5,2026-05-03 11:22:12.852465,pending,1.0,False,high_compatibility
MATCH_1518,ALUMNI_M1852,S2626,55.0,2026-04-25 11:22:12.852668,accepted,55.0,False,high_compatibility
MATCH_1519,ALUMNI_M1272,S4060,51.0,2026-04-16 11:22:12.852879,accepted,,False,auto_suggestion
MATCH_1520,ALUMNI_M1110,S4976,61.5,2026-04-27 11:22:12.853066,pending,16.0,True,auto_suggestion
MATCH_1521,ALUMNI_M865,S510,65.17,2026-05-03 11:22:12.853253,accepted,65.0,False,specific_request
MATCH_1522,ALUMNI_M342,S424,44.0,2026-04-14 11:22:12.853435,accepted,27.0,False,admin_assigned
MATCH_1523,ALUMNI_M1856,S4789,44.0,2026-04-18 11:22:12.853632,pending,61.0,True,auto_suggestion
MATCH_1524,M1089,S3372,50.67,2026-04-10 11:22:12.853838,rejected,8.0,True,auto_suggestion
MATCH_1525,M4465,S1929,44.0,2026-04-12 11:22:12.854025,pending,55.0,False,auto_suggestion
MATCH_1526,M587,S280,51.0,2026-04-08 11:22:12.854210,accepted,,True,auto_suggestion
MATCH_1527,ALUMNI_M5137,S1785,51.0,2026-05-02 11:22:12.854405,pending,68.0,False,specific_request
MATCH_1528,ALUMNI_M1130,S4227,51.0,2026-04-26 11:22:12.854601,completed,24.0,False,specific_request
MATCH_1529,ALUMNI_M3075,S1060,44.0,2026-05-02 11:22:12.854807,pending,12.0,False,specific_request
MATCH_1530,M1973,S2556,36.22,2026-04-26 11:22:12.854996,pending,,True,admin_assigned
MATCH_1531,M1849,S2463,51.0,2026-04-17 11:22:12.855201,accepted,33.0,False,specific_request
MATCH_1532,M43,S4375,55.0,2026-04-26 11:22:12.855397,accepted,11.0,False,specific_request
MATCH_1533,ALUMNI_M1362,S2997,48.0,2026-04-09 11:22:12.855631,accepted,25.0,True,high_compatibility
MATCH_1534,ALUMNI_M1823,S4772,61.5,2026-05-03 11:22:12.855844,accepted,49.0,True,high_compatibility
MATCH_1535,M2159,S4120,68.5,2026-05-05 11:22:12.856033,completed,,False,auto_suggestion
MATCH_1536,ALUMNI_M97,S3158,48.0,2026-04-19 11:22:12.856232,completed,41.0,True,admin_assigned
MATCH_1537,M630,S2951,44.0,2026-04-25 11:22:12.856431,pending,1.0,True,specific_request
MATCH_1538,ALUMNI_M4715,S2148,55.0,2026-04-08 11:22:12.856639,pending,45.0,False,auto_suggestion
MATCH_1539,M25,S4762,49.44,2026-05-04 11:22:12.856849,pending,10.0,True,auto_suggestion
MATCH_1540,ALUMNI_M5198,S699,51.0,2026-04-16 11:22:12.857049,rejected,15.0,True,specific_request
MATCH_1541,M1259,S2078,55.0,2026-04-16 11:22:12.857237,accepted,48.0,False,specific_request
MATCH_1542,ALUMNI_M628,S2581,51.0,2026-04-26 11:22:12.857421,pending,3.0,True,admin_assigned
MATCH_1543,ALUMNI_M4087,S3589,47.25,2026-04-26 11:22:12.857620,pending,56.0,True,admin_assigned
MATCH_1544,ALUMNI_M55,S3339,40.0,2026-05-05 11:22:12.857823,pending,,False,high_compatibility
MATCH_1545,M3228,S2793,50.67,2026-04-15 11:22:12.858007,pending,,False,admin_assigned
MATCH_1546,M1147,S410,44.0,2026-04-07 11:22:12.858192,rejected,54.0,False,specific_request
MATCH_1547,ALUMNI_M3180,S4624,44.0,2026-05-02 11:22:12.858386,rejected,46.0,True,specific_request
MATCH_1548,ALUMNI_M4386,S587,51.0,2026-04-09 11:22:12.858584,completed,19.0,True,high_compatibility
MATCH_1549,M4963,S2575,44.0,2026-04-10 11:22:12.858785,rejected,,False,specific_request
MATCH_1550,ALUMNI_M275,S3791,44.0,2026-04-09 11:22:12.858972,pending,50.0,False,specific_request
MATCH_1551,ALUMNI_M4493,S2761,68.5,2026-04-11 11:22:12.859156,pending,40.0,False,admin_assigned
MATCH_1552,ALUMNI_M4143,S3311,44.0,2026-04-19 11:22:12.859341,accepted,66.0,False,specific_request
MATCH_1553,ALUMNI_M550,S3716,51.0,2026-04-10 11:22:12.859535,rejected,34.0,True,admin_assigned
MATCH_1554,ALUMNI_M4821,S2508,51.0,2026-05-04 11:22:12.859735,accepted,54.0,True,admin_assigned
MATCH_1555,M2621,S2077,48.0,2026-05-05 11:22:12.859942,completed,1.0,True,auto_suggestion
MATCH_1556,M1282,S3040,51.95,2026-04-08 11:22:12.860211,pending,18.0,True,high_compatibility
MATCH_1557,ALUMNI_M872,S1089,61.67,2026-04-27 11:22:12.860455,completed,67.0,True,auto_suggestion
MATCH_1558,ALUMNI_M3578,S2163,51.0,2026-04-16 11:22:12.860657,completed,27.0,False,specific_request
MATCH_1559,ALUMNI_M4681,S3487,49.0,2026-04-08 11:22:12.860943,accepted,,False,high_compatibility
MATCH_1560,M3886,S2260,51.0,2026-04-21 11:22:12.861277,accepted,41.0,True,admin_assigned
MATCH_1561,ALUMNI_M1959,S2377,65.17,2026-05-06 11:22:12.861557,accepted,,True,specific_request
MATCH_1562,M888,S836,38.44,2026-04-08 11:22:12.861793,completed,,True,specific_request
MATCH_1563,ALUMNI_M5856,S799,44.0,2026-04-28 11:22:12.861996,accepted,31.0,True,high_compatibility
MATCH_1564,M3853,S3776,61.5,2026-04-09 11:22:12.862191,pending,,False,high_compatibility
MATCH_1565,ALUMNI_M5853,S683,50.67,2026-05-02 11:22:12.862386,pending,58.0,False,admin_assigned
MATCH_1566,ALUMNI_M2754,S3184,65.17,2026-04-11 11:22:12.862602,completed,14.0,True,specific_request
MATCH_1567,ALUMNI_M2244,S4965,48.0,2026-05-04 11:22:12.862811,rejected,60.0,False,auto_suggestion
MATCH_1568,M1828,S4391,68.5,2026-05-04 11:22:12.863021,completed,,True,admin_assigned
MATCH_1569,ALUMNI_M4119,S1712,44.0,2026-04-07 11:22:12.863217,pending,56.0,True,specific_request
MATCH_1570,ALUMNI_M2737,S791,50.17,2026-04-16 11:22:12.863406,completed,8.0,False,auto_suggestion
MATCH_1571,M3099,S3274,51.0,2026-04-26 11:22:12.863602,pending,,False,high_compatibility
MATCH_1572,M3874,S936,72.5,2026-05-03 11:22:12.863816,completed,60.0,True,admin_assigned
MATCH_1573,ALUMNI_M1580,S1926,51.0,2026-04-20 11:22:12.864006,completed,43.0,True,high_compatibility
MATCH_1574,ALUMNI_M3072,S772,68.5,2026-04-25 11:22:12.864193,pending,,True,high_compatibility
MATCH_1575,M3839,S953,51.0,2026-04-30 11:22:12.864378,pending,,True,high_compatibility
MATCH_1576,ALUMNI_M5102,S2066,41.5,2026-05-02 11:22:12.864576,accepted,43.0,True,high_compatibility
MATCH_1577,ALUMNI_M4210,S2534,51.0,2026-04-09 11:22:12.864781,accepted,41.0,False,admin_assigned
MATCH_1578,M3710,S281,61.5,2026-04-12 11:22:12.864973,pending,51.0,False,auto_suggestion
MATCH_1579,ALUMNI_M2217,S213,61.5,2026-05-06 11:22:12.865164,accepted,18.0,True,specific_request
MATCH_1580,M3289,S9,51.0,2026-05-01 11:22:12.865352,pending,,True,specific_request
MATCH_1581,M4741,S3504,51.0,2026-04-24 11:22:12.865548,completed,28.0,False,auto_suggestion
MATCH_1582,ALUMNI_M1558,S3391,44.0,2026-04-17 11:22:12.865770,completed,,False,auto_suggestion
MATCH_1583,ALUMNI_M4430,S3120,68.5,2026-04-09 11:22:12.865980,rejected,12.0,False,admin_assigned
MATCH_1584,ALUMNI_M2611,S2475,44.0,2026-04-27 11:22:12.866185,accepted,2.0,True,specific_request
MATCH_1585,ALUMNI_M779,S3194,44.0,2026-04-06 11:22:12.866400,pending,28.0,True,high_compatibility
MATCH_1586,ALUMNI_M1783,S4792,51.0,2026-04-15 11:22:12.866634,rejected,,False,high_compatibility
MATCH_1587,ALUMNI_M738,S3242,51.0,2026-04-30 11:22:12.866840,completed,7.0,True,specific_request
MATCH_1588,M4863,S2401,72.5,2026-04-30 11:22:12.867050,pending,62.0,False,admin_assigned
MATCH_1589,M1739,S4696,46.0,2026-05-04 11:22:12.867251,completed,,False,admin_assigned
MATCH_1590,ALUMNI_M3318,S965,51.0,2026-04-13 11:22:12.867442,pending,40.0,True,admin_assigned
MATCH_1591,ALUMNI_M3231,S4567,55.0,2026-04-06 11:22:12.867641,accepted,70.0,False,admin_assigned
MATCH_1592,ALUMNI_M2476,S1424,44.0,2026-04-11 11:22:12.867847,rejected,61.0,False,auto_suggestion
MATCH_1593,ALUMNI_M2388,S1602,68.5,2026-04-24 11:22:12.868035,accepted,64.0,False,auto_suggestion
MATCH_1594,ALUMNI_M3530,S583,44.0,2026-05-06 11:22:12.868221,completed,54.0,True,auto_suggestion
MATCH_1595,ALUMNI_M5656,S530,44.0,2026-04-21 11:22:12.868407,rejected,19.0,True,admin_assigned
MATCH_1596,ALUMNI_M842,S2274,57.67,2026-04-27 11:22:12.868604,rejected,30.0,True,admin_assigned
MATCH_1597,ALUMNI_M178,S1234,54.67,2026-04-11 11:22:12.868809,rejected,39.0,False,auto_suggestion
MATCH_1598,M2927,S2009,51.0,2026-05-03 11:22:12.868998,completed,62.0,False,admin_assigned
MATCH_1599,ALUMNI_M4675,S3377,55.0,2026-04-15 11:22:12.869184,pending,,True,auto_suggestion
MATCH_1600,ALUMNI_M3218,S2875,55.0,2026-04-12 11:22:12.869368,accepted,47.0,True,specific_request
MATCH_1601,ALUMNI_M3897,S3279,44.0,2026-05-02 11:22:12.869564,completed,32.0,True,auto_suggestion
MATCH_1602,M2019,S3340,44.0,2026-04-20 11:22:12.869958,accepted,,False,admin_assigned
MATCH_1603,ALUMNI_M3364,S1445,51.0,2026-04-26 11:22:12.870316,completed,61.0,False,specific_request
MATCH_1604,M4053,S4238,51.0,2026-04-08 11:22:12.870727,rejected,65.0,True,auto_suggestion
MATCH_1605,ALUMNI_M1538,S4092,44.0,2026-04-19 11:22:12.871111,accepted,70.0,True,admin_assigned
MATCH_1606,ALUMNI_M5574,S1990,44.0,2026-05-05 11:22:12.871475,accepted,39.0,True,auto_suggestion
MATCH_1607,M2540,S3532,61.0,2026-04-10 11:22:12.871874,accepted,20.0,False,auto_suggestion
MATCH_1608,M4498,S1255,44.0,2026-04-10 11:22:12.872247,pending,,True,high_compatibility
MATCH_1609,M3587,S1808,44.0,2026-04-10 11:22:12.872663,accepted,50.0,False,specific_request
MATCH_1610,M1753,S4101,51.0,2026-04-14 11:22:12.873077,completed,,False,auto_suggestion
MATCH_1611,ALUMNI_M1265,S3940,51.0,2026-04-08 11:22:12.873492,completed,32.0,True,high_compatibility
MATCH_1612,ALUMNI_M1465,S2803,43.22,2026-04-19 11:22:12.873921,pending,,False,high_compatibility
MATCH_1613,ALUMNI_M956,S4615,44.0,2026-04-09 11:22:12.874314,completed,39.0,False,auto_suggestion
MATCH_1614,ALUMNI_M2627,S3301,44.0,2026-04-14 11:22:12.874789,accepted,,True,admin_assigned
MATCH_1615,ALUMNI_M4180,S4700,48.0,2026-05-06 11:22:12.875232,accepted,64.0,True,auto_suggestion
MATCH_1616,M3172,S2502,44.0,2026-04-17 11:22:12.875659,accepted,27.0,False,high_compatibility
MATCH_1617,ALUMNI_M5309,S4740,45.29,2026-04-21 11:22:12.876108,accepted,36.0,False,admin_assigned
MATCH_1618,M3571,S2771,75.17,2026-04-16 11:22:12.876636,pending,70.0,False,auto_suggestion
MATCH_1619,M4535,S3037,51.0,2026-04-06 11:22:12.877071,completed,39.0,False,auto_suggestion
MATCH_1620,M3663,S3065,55.0,2026-05-02 11:22:12.877492,rejected,57.0,False,specific_request
MATCH_1621,M1016,S4238,55.0,2026-04-16 11:22:12.877926,pending,,True,specific_request
MATCH_1622,ALUMNI_M1745,S628,48.0,2026-04-25 11:22:12.878431,accepted,21.0,True,admin_assigned
MATCH_1623,M3579,S114,55.0,2026-04-23 11:22:12.878697,completed,33.0,True,high_compatibility
MATCH_1624,ALUMNI_M5756,S1005,36.86,2026-04-17 11:22:12.879006,rejected,,True,auto_suggestion
MATCH_1625,ALUMNI_M5740,S2809,51.0,2026-04-29 11:22:12.879219,completed,46.0,True,specific_request
MATCH_1626,M1455,S2859,51.0,2026-04-20 11:22:12.879417,completed,50.0,False,high_compatibility
MATCH_1627,ALUMNI_M3089,S1073,44.0,2026-05-03 11:22:12.879626,pending,,True,auto_suggestion
MATCH_1628,ALUMNI_M4362,S2764,55.0,2026-05-05 11:22:12.879837,rejected,59.0,False,specific_request
MATCH_1629,ALUMNI_M1371,S4440,61.5,2026-04-12 11:22:12.880033,accepted,66.0,True,auto_suggestion
MATCH_1630,M4374,S808,68.5,2026-04-11 11:22:12.880224,completed,60.0,True,admin_assigned
MATCH_1631,ALUMNI_M4447,S2162,55.0,2026-04-13 11:22:12.880416,accepted,56.0,True,specific_request
MATCH_1632,M4826,S4453,44.0,2026-04-28 11:22:12.880616,pending,,True,admin_assigned
MATCH_1633,ALUMNI_M3799,S371,51.0,2026-04-14 11:22:12.880825,rejected,20.0,True,specific_request
MATCH_1634,ALUMNI_M38,S2878,68.5,2026-04-23 11:22:12.881014,completed,67.0,True,auto_suggestion
MATCH_1635,M2409,S2966,68.5,2026-04-17 11:22:12.881203,rejected,30.0,True,specific_request
MATCH_1636,ALUMNI_M4492,S694,51.0,2026-04-14 11:22:12.881401,pending,,True,auto_suggestion
MATCH_1637,M4449,S3895,68.5,2026-04-19 11:22:12.881600,pending,,False,specific_request
MATCH_1638,M640,S3358,51.0,2026-04-15 11:22:12.881808,accepted,,False,auto_suggestion
MATCH_1639,ALUMNI_M722,S1605,57.67,2026-04-29 11:22:12.881998,accepted,70.0,True,admin_assigned
MATCH_1640,M554,S4554,51.0,2026-04-19 11:22:12.882205,accepted,,False,specific_request
MATCH_1641,ALUMNI_M4239,S3585,59.94,2026-04-10 11:22:12.882402,rejected,30.0,True,auto_suggestion
MATCH_1642,ALUMNI_M2966,S2021,75.17,2026-04-19 11:22:12.882611,rejected,13.0,True,admin_assigned
MATCH_1643,M1240,S53,51.0,2026-04-28 11:22:12.882825,pending,44.0,False,auto_suggestion
MATCH_1644,ALUMNI_M2118,S4041,55.0,2026-04-10 11:22:12.883049,completed,6.0,True,auto_suggestion
MATCH_1645,ALUMNI_M1075,S2638,51.0,2026-04-16 11:22:12.883243,accepted,,False,auto_suggestion
MATCH_1646,ALUMNI_M2071,S3735,51.0,2026-04-09 11:22:12.883429,accepted,,True,auto_suggestion
MATCH_1647,M4500,S1900,61.5,2026-04-07 11:22:12.883628,rejected,52.0,False,auto_suggestion
MATCH_1648,M57,S4347,51.0,2026-04-22 11:22:12.883842,rejected,12.0,True,high_compatibility
MATCH_1649,ALUMNI_M57,S1052,51.0,2026-04-23 11:22:12.884034,accepted,17.0,False,admin_assigned
MATCH_1650,M617,S1831,53.33,2026-04-25 11:22:12.884221,accepted,,True,high_compatibility
MATCH_1651,M4719,S3646,44.0,2026-04-09 11:22:12.884408,accepted,35.0,True,high_compatibility
MATCH_1652,ALUMNI_M824,S3259,50.67,2026-05-03 11:22:12.884607,rejected,24.0,True,high_compatibility
MATCH_1653,ALUMNI_M37,S3614,65.5,2026-04-09 11:22:12.884890,completed,61.0,True,specific_request
MATCH_1654,M4016,S1699,44.0,2026-04-12 11:22:12.885089,pending,,False,high_compatibility
MATCH_1655,M1869,S3707,51.0,2026-05-03 11:22:12.885274,pending,12.0,False,specific_request
MATCH_1656,M1618,S720,51.0,2026-04-15 11:22:12.885461,pending,,True,specific_request
MATCH_1657,M3599,S4426,48.0,2026-04-11 11:22:12.885665,accepted,,False,high_compatibility
MATCH_1658,ALUMNI_M2860,S3354,48.0,2026-04-20 11:22:12.885874,rejected,45.0,True,high_compatibility
MATCH_1659,ALUMNI_M593,S4062,43.86,2026-04-21 11:22:12.886064,rejected,44.0,True,high_compatibility
MATCH_1660,ALUMNI_M3647,S654,55.0,2026-04-11 11:22:12.886252,completed,,False,specific_request
MATCH_1661,ALUMNI_M3555,S4343,61.67,2026-04-28 11:22:12.886436,completed,32.0,False,admin_assigned
MATCH_1662,ALUMNI_M4070,S3231,51.0,2026-04-08 11:22:12.886645,completed,31.0,True,admin_assigned
MATCH_1663,M1654,S474,61.5,2026-04-21 11:22:12.886860,rejected,,True,auto_suggestion
MATCH_1664,M3732,S393,47.25,2026-04-28 11:22:12.887055,rejected,19.0,True,admin_assigned
MATCH_1665,ALUMNI_M5965,S773,57.67,2026-04-08 11:22:12.887244,completed,24.0,True,high_compatibility
MATCH_1666,M2286,S4192,72.5,2026-05-01 11:22:12.887441,completed,,False,admin_assigned
MATCH_1667,ALUMNI_M2331,S1809,49.0,2026-04-13 11:22:12.887645,rejected,,False,admin_assigned
MATCH_1668,M3925,S3672,75.17,2026-04-18 11:22:12.887859,pending,18.0,False,specific_request
MATCH_1669,M4532,S1037,49.44,2026-05-06 11:22:12.888049,accepted,35.0,False,specific_request
MATCH_1670,M2877,S3820,51.0,2026-04-29 11:22:12.888245,completed,,True,admin_assigned
MATCH_1671,ALUMNI_M5767,S139,50.67,2026-05-06 11:22:12.888445,pending,28.0,False,high_compatibility
MATCH_1672,ALUMNI_M5974,S23,57.67,2026-05-03 11:22:12.888676,accepted,32.0,True,auto_suggestion
MATCH_1673,M2963,S3311,44.0,2026-04-08 11:22:12.888890,accepted,51.0,True,high_compatibility
MATCH_1674,ALUMNI_M4193,S4444,44.0,2026-04-15 11:22:12.889083,rejected,,True,specific_request
MATCH_1675,M904,S4781,55.0,2026-04-09 11:22:12.889271,completed,63.0,True,high_compatibility
MATCH_1676,ALUMNI_M2803,S443,44.75,2026-04-30 11:22:12.889461,rejected,,False,auto_suggestion
MATCH_1677,M1528,S537,51.0,2026-04-08 11:22:12.889657,pending,65.0,False,admin_assigned
MATCH_1678,M434,S1142,55.0,2026-04-15 11:22:12.889864,accepted,69.0,True,admin_assigned
MATCH_1679,M3895,S1993,44.0,2026-04-09 11:22:12.890053,completed,,False,auto_suggestion
MATCH_1680,M4349,S4429,57.67,2026-04-21 11:22:12.890239,completed,,True,specific_request
MATCH_1681,M2767,S599,48.5,2026-04-16 11:22:12.890423,pending,31.0,True,auto_suggestion
MATCH_1682,M2936,S770,44.0,2026-04-11 11:22:12.890621,rejected,30.0,True,auto_suggestion
MATCH_1683,M3569,S3537,44.0,2026-05-04 11:22:12.890834,accepted,20.0,True,auto_suggestion
MATCH_1684,M1291,S3846,48.75,2026-04-18 11:22:12.891022,accepted,57.0,False,high_compatibility
MATCH_1685,ALUMNI_M4427,S4172,46.71,2026-05-01 11:22:12.891229,accepted,68.0,True,auto_suggestion
MATCH_1686,ALUMNI_M3108,S1136,51.0,2026-05-05 11:22:12.891417,pending,55.0,False,high_compatibility
MATCH_1687,ALUMNI_M1954,S71,46.0,2026-04-07 11:22:12.891620,rejected,55.0,True,auto_suggestion
MATCH_1688,ALUMNI_M1437,S3971,48.0,2026-04-13 11:22:12.891830,accepted,,True,admin_assigned
MATCH_1689,ALUMNI_M242,S4445,61.5,2026-04-30 11:22:12.892021,completed,24.0,False,auto_suggestion
MATCH_1690,M1784,S1496,51.0,2026-05-04 11:22:12.892213,accepted,,False,high_compatibility
MATCH_1691,ALUMNI_M4108,S4305,51.0,2026-04-26 11:22:12.892399,accepted,21.0,True,specific_request
MATCH_1692,M664,S2336,55.0,2026-04-21 11:22:12.892601,rejected,,False,auto_suggestion
MATCH_1693,ALUMNI_M2640,S4708,44.0,2026-05-04 11:22:12.892808,accepted,19.0,False,admin_assigned
MATCH_1694,ALUMNI_M3180,S945,55.0,2026-04-16 11:22:12.892997,pending,34.0,False,auto_suggestion
MATCH_1695,ALUMNI_M4566,S4794,51.0,2026-04-23 11:22:12.893185,completed,69.0,False,specific_request
MATCH_1696,ALUMNI_M3322,S1872,44.0,2026-04-23 11:22:12.893371,completed,32.0,False,auto_suggestion
MATCH_1697,M3121,S405,68.5,2026-04-29 11:22:12.893566,completed,,False,specific_request
MATCH_1698,M3950,S923,51.0,2026-04-08 11:22:12.893767,pending,,False,specific_request
MATCH_1699,M1423,S1776,44.0,2026-04-06 11:22:12.893955,completed,29.0,False,auto_suggestion
MATCH_1700,ALUMNI_M5768,S2509,51.0,2026-04-15 11:22:12.894158,accepted,59.0,False,auto_suggestion
MATCH_1701,ALUMNI_M3903,S2783,45.14,2026-04-20 11:22:12.894348,accepted,3.0,True,specific_request
MATCH_1702,M3297,S758,55.0,2026-04-29 11:22:12.894543,rejected,,True,admin_assigned
MATCH_1703,M2295,S4666,51.0,2026-05-05 11:22:12.894752,pending,20.0,True,specific_request
MATCH_1704,M4753,S3458,49.33,2026-04-06 11:22:12.894957,rejected,9.0,False,admin_assigned
MATCH_1705,ALUMNI_M4240,S1402,44.75,2026-04-09 11:22:12.895146,completed,61.0,True,admin_assigned
MATCH_1706,ALUMNI_M5066,S2406,45.78,2026-04-12 11:22:12.895334,accepted,69.0,False,auto_suggestion
MATCH_1707,ALUMNI_M1165,S2657,44.0,2026-04-09 11:22:12.895530,completed,7.0,True,auto_suggestion
MATCH_1708,M787,S4015,51.0,2026-05-06 11:22:12.895791,rejected,,False,specific_request
MATCH_1709,ALUMNI_M3896,S1323,65.5,2026-05-03 11:22:12.896040,completed,1.0,False,auto_suggestion
MATCH_1710,M276,S2689,55.17,2026-04-30 11:22:12.896238,completed,33.0,False,specific_request
MATCH_1711,ALUMNI_M2611,S3499,65.5,2026-05-03 11:22:12.896434,accepted,,False,admin_assigned
MATCH_1712,ALUMNI_M5068,S861,55.0,2026-04-23 11:22:12.896632,completed,,True,admin_assigned
MATCH_1713,M1383,S2427,55.0,2026-04-13 11:22:12.896986,accepted,,True,high_compatibility
MATCH_1714,ALUMNI_M155,S1525,48.0,2026-04-14 11:22:12.897223,pending,4.0,False,high_compatibility
MATCH_1715,ALUMNI_M3836,S4780,51.0,2026-04-14 11:22:12.897419,pending,,False,auto_suggestion
MATCH_1716,ALUMNI_M717,S2617,55.0,2026-04-19 11:22:12.897622,accepted,53.0,True,specific_request
MATCH_1717,M4137,S4800,48.0,2026-04-14 11:22:12.897836,rejected,,False,specific_request
MATCH_1718,ALUMNI_M5045,S3010,50.67,2026-04-14 11:22:12.898028,accepted,60.0,True,specific_request
MATCH_1719,ALUMNI_M1142,S468,55.0,2026-05-03 11:22:12.898219,completed,17.0,True,high_compatibility
MATCH_1720,ALUMNI_M1600,S4616,51.0,2026-04-25 11:22:12.898407,completed,,True,specific_request
MATCH_1721,M2539,S111,37.33,2026-05-04 11:22:12.898615,pending,,False,specific_request
MATCH_1722,M669,S3472,44.0,2026-04-08 11:22:12.898838,accepted,,False,admin_assigned
MATCH_1723,ALUMNI_M3652,S1047,44.0,2026-04-09 11:22:12.899029,pending,40.0,False,admin_assigned
MATCH_1724,M4180,S3105,72.5,2026-04-10 11:22:12.899218,accepted,67.0,False,admin_assigned
MATCH_1725,M4514,S4314,51.0,2026-04-21 11:22:12.899405,rejected,40.0,False,admin_assigned
MATCH_1726,M3356,S782,51.0,2026-04-09 11:22:12.899602,rejected,,True,auto_suggestion
MATCH_1727,ALUMNI_M2199,S2958,55.79,2026-04-25 11:22:12.899810,completed,,True,high_compatibility
MATCH_1728,M4481,S3672,72.02,2026-04-22 11:22:12.899998,accepted,29.0,True,high_compatibility
MATCH_1729,ALUMNI_M3423,S3196,49.0,2026-05-06 11:22:12.900187,pending,51.0,False,admin_assigned
MATCH_1730,ALUMNI_M2186,S985,44.75,2026-04-29 11:22:12.900383,pending,13.0,False,auto_suggestion
MATCH_1731,ALUMNI_M646,S3967,48.0,2026-04-26 11:22:12.900594,completed,59.0,False,high_compatibility
MATCH_1732,ALUMNI_M4630,S3068,51.0,2026-04-24 11:22:12.900803,accepted,,False,admin_assigned
MATCH_1733,ALUMNI_M1487,S292,61.83,2026-04-07 11:22:12.900996,completed,48.0,True,auto_suggestion
MATCH_1734,M91,S3999,51.0,2026-04-25 11:22:12.901197,pending,71.0,True,specific_request
MATCH_1735,ALUMNI_M5926,S4976,44.0,2026-04-24 11:22:12.901389,completed,3.0,False,specific_request
MATCH_1736,M2761,S767,68.5,2026-04-15 11:22:12.901589,completed,,False,specific_request
MATCH_1737,M3913,S3981,44.0,2026-04-11 11:22:12.901822,accepted,55.0,False,high_compatibility
MATCH_1738,ALUMNI_M1325,S3809,55.0,2026-04-22 11:22:12.902025,pending,62.0,False,auto_suggestion
MATCH_1739,M4452,S2967,50.67,2026-04-21 11:22:12.902224,rejected,25.0,False,auto_suggestion
MATCH_1740,ALUMNI_M2478,S1461,48.0,2026-04-17 11:22:12.902415,accepted,,False,admin_assigned
MATCH_1741,ALUMNI_M1214,S1856,48.0,2026-04-21 11:22:12.902617,rejected,67.0,False,high_compatibility
MATCH_1742,M2625,S4337,46.0,2026-05-06 11:22:12.902837,rejected,,False,auto_suggestion
MATCH_1743,M2769,S2375,55.0,2026-04-15 11:22:12.903048,pending,,False,high_compatibility
MATCH_1744,ALUMNI_M1136,S3527,75.17,2026-05-04 11:22:12.903243,accepted,26.0,False,auto_suggestion
MATCH_1745,ALUMNI_M451,S2516,52.5,2026-04-17 11:22:12.903434,rejected,,False,high_compatibility
MATCH_1746,M383,S1100,51.0,2026-04-28 11:22:12.903633,pending,9.0,False,auto_suggestion
MATCH_1747,M2344,S1780,48.0,2026-04-15 11:22:12.903839,rejected,39.0,True,specific_request
MATCH_1748,M1257,S3854,44.0,2026-04-20 11:22:12.904025,accepted,18.0,True,admin_assigned
MATCH_1749,ALUMNI_M4687,S4348,55.0,2026-05-01 11:22:12.904212,pending,49.0,False,auto_suggestion
MATCH_1750,M3981,S3542,51.0,2026-04-06 11:22:12.904398,pending,,True,high_compatibility
MATCH_1751,M1460,S2048,68.5,2026-04-22 11:22:12.904595,pending,27.0,False,specific_request
MATCH_1752,ALUMNI_M1057,S213,61.5,2026-04-25 11:22:12.904805,pending,18.0,False,specific_request
MATCH_1753,M2133,S3925,39.0,2026-04-25 11:22:12.904996,completed,,True,high_compatibility
MATCH_1754,M2981,S63,40.67,2026-04-10 11:22:12.905188,rejected,5.0,True,auto_suggestion
MATCH_1755,ALUMNI_M2210,S4016,48.0,2026-05-03 11:22:12.905377,pending,,False,specific_request
MATCH_1756,ALUMNI_M3188,S1083,55.0,2026-04-08 11:22:12.905582,rejected,,False,specific_request
MATCH_1757,ALUMNI_M3972,S1841,44.0,2026-04-12 11:22:12.905786,rejected,27.0,True,specific_request
MATCH_1758,M2475,S3099,51.0,2026-04-08 11:22:12.905977,accepted,,False,auto_suggestion
MATCH_1759,ALUMNI_M2595,S646,42.75,2026-04-06 11:22:12.906166,completed,69.0,True,high_compatibility
MATCH_1760,ALUMNI_M2789,S222,44.0,2026-04-17 11:22:12.906357,pending,,False,auto_suggestion
MATCH_1761,ALUMNI_M5341,S2342,48.0,2026-04-07 11:22:12.906568,pending,70.0,False,high_compatibility
MATCH_1762,M4506,S2235,44.0,2026-04-28 11:22:12.906772,completed,11.0,True,auto_suggestion
MATCH_1763,ALUMNI_M3620,S129,48.0,2026-05-01 11:22:12.907078,pending,44.0,True,specific_request
MATCH_1764,M4355,S1401,51.0,2026-04-23 11:22:12.907278,completed,,False,high_compatibility
MATCH_1765,M4219,S2769,61.5,2026-04-06 11:22:12.907466,accepted,44.0,False,admin_assigned
MATCH_1766,M2640,S1602,72.5,2026-04-18 11:22:12.907681,completed,59.0,False,auto_suggestion
MATCH_1767,M1389,S2114,55.0,2026-04-09 11:22:12.907894,rejected,7.0,True,auto_suggestion
MATCH_1768,ALUMNI_M3022,S4466,44.0,2026-04-19 11:22:12.908091,pending,12.0,True,specific_request
MATCH_1769,ALUMNI_M3747,S1162,51.0,2026-04-08 11:22:12.908283,completed,26.0,True,specific_request
MATCH_1770,M875,S4924,44.0,2026-04-16 11:22:12.908471,pending,6.0,True,specific_request
MATCH_1771,M4447,S603,48.0,2026-04-10 11:22:12.908673,accepted,43.0,False,specific_request
MATCH_1772,ALUMNI_M2339,S3021,48.0,2026-05-06 11:22:12.908896,completed,57.0,True,admin_assigned
MATCH_1773,ALUMNI_M2911,S3845,51.0,2026-04-16 11:22:12.909088,accepted,29.0,True,specific_request
MATCH_1774,ALUMNI_M5955,S4093,51.0,2026-04-09 11:22:12.909280,rejected,57.0,False,high_compatibility
MATCH_1775,ALUMNI_M113,S3270,57.67,2026-04-30 11:22:12.909470,completed,54.0,True,admin_assigned
MATCH_1776,M4243,S207,44.0,2026-04-22 11:22:12.909674,rejected,71.0,True,high_compatibility
MATCH_1777,M1783,S4353,51.0,2026-04-28 11:22:12.909882,completed,11.0,False,high_compatibility
MATCH_1778,M837,S3342,47.25,2026-04-20 11:22:12.910096,pending,,True,high_compatibility
MATCH_1779,ALUMNI_M3752,S809,54.67,2026-04-06 11:22:12.910285,completed,,False,auto_suggestion
MATCH_1780,M659,S1596,55.0,2026-04-16 11:22:12.910470,rejected,34.0,False,admin_assigned
MATCH_1781,M2272,S284,57.67,2026-04-20 11:22:12.910678,rejected,,False,auto_suggestion
MATCH_1782,M3148,S4503,57.21,2026-04-28 11:22:12.910973,pending,65.0,True,specific_request
MATCH_1783,ALUMNI_M2547,S382,68.5,2026-04-12 11:22:12.911169,completed,11.0,True,high_compatibility
MATCH_1784,M4441,S1628,45.44,2026-05-01 11:22:12.911360,pending,50.0,True,high_compatibility
MATCH_1785,ALUMNI_M322,S1227,68.5,2026-04-20 11:22:12.911561,completed,,True,specific_request
MATCH_1786,ALUMNI_M1176,S2733,51.0,2026-04-17 11:22:12.911771,accepted,43.0,True,admin_assigned
MATCH_1787,ALUMNI_M3065,S2846,44.0,2026-04-07 11:22:12.911964,completed,,True,specific_request
MATCH_1788,ALUMNI_M5800,S4758,51.0,2026-04-27 11:22:12.912151,pending,,True,specific_request
MATCH_1789,M4950,S4807,55.0,2026-05-02 11:22:12.912338,completed,10.0,False,high_compatibility
MATCH_1790,ALUMNI_M3766,S698,44.0,2026-04-10 11:22:12.912538,pending,54.0,True,admin_assigned
MATCH_1791,M3208,S4516,68.5,2026-04-19 11:22:12.912757,rejected,44.0,False,auto_suggestion
MATCH_1792,ALUMNI_M202,S3386,44.0,2026-04-28 11:22:12.912950,pending,,True,auto_suggestion
MATCH_1793,M4267,S3890,54.67,2026-05-06 11:22:12.913137,pending,,False,specific_request
MATCH_1794,ALUMNI_M2710,S3932,44.0,2026-04-07 11:22:12.913324,completed,27.0,True,auto_suggestion
MATCH_1795,M116,S4665,39.56,2026-04-28 11:22:12.913546,accepted,,False,specific_request
MATCH_1796,M3440,S3965,55.0,2026-04-10 11:22:12.913752,rejected,59.0,False,admin_assigned
MATCH_1797,ALUMNI_M3393,S2403,51.0,2026-05-01 11:22:12.913947,accepted,40.0,True,high_compatibility
MATCH_1798,M3319,S4971,51.0,2026-04-30 11:22:12.914141,completed,12.0,True,high_compatibility
MATCH_1799,M847,S2679,61.5,2026-04-10 11:22:12.914336,accepted,14.0,True,admin_assigned
MATCH_1800,M2139,S4824,66.0,2026-04-16 11:22:12.914542,completed,50.0,True,high_compatibility
MATCH_1801,ALUMNI_M4252,S3204,51.0,2026-04-09 11:22:12.914766,pending,25.0,False,high_compatibility
MATCH_1802,M1842,S1854,43.22,2026-04-13 11:22:12.914965,completed,71.0,True,high_compatibility
MATCH_1803,ALUMNI_M1057,S969,37.75,2026-04-29 11:22:12.915155,rejected,23.0,False,auto_suggestion
MATCH_1804,ALUMNI_M2604,S4643,44.0,2026-05-04 11:22:12.915341,completed,26.0,False,admin_assigned
MATCH_1805,M1919,S3526,39.0,2026-05-01 11:22:12.915538,completed,67.0,True,high_compatibility
MATCH_1806,M4149,S109,51.0,2026-04-10 11:22:12.915742,pending,,True,specific_request
MATCH_1807,ALUMNI_M3857,S1523,51.0,2026-04-27 11:22:12.915935,rejected,,True,admin_assigned
MATCH_1808,M4717,S684,44.0,2026-05-05 11:22:12.916120,completed,44.0,True,specific_request
MATCH_1809,M4795,S18,55.0,2026-04-06 11:22:12.916307,pending,22.0,False,high_compatibility
MATCH_1810,M536,S1868,61.67,2026-04-22 11:22:12.916501,pending,,False,admin_assigned
MATCH_1811,ALUMNI_M415,S2870,51.0,2026-04-30 11:22:12.916691,accepted,21.0,False,high_compatibility
MATCH_1812,M333,S3201,72.5,2026-04-20 11:22:12.916894,pending,,False,high_compatibility
MATCH_1813,ALUMNI_M4057,S800,51.0,2026-04-19 11:22:12.917081,rejected,46.0,False,auto_suggestion
MATCH_1814,ALUMNI_M5928,S24,51.0,2026-04-20 11:22:12.917272,rejected,9.0,False,auto_suggestion
MATCH_1815,M2656,S2597,51.0,2026-04-25 11:22:12.917459,completed,,False,high_compatibility
MATCH_1816,M2109,S1543,44.0,2026-05-04 11:22:12.917667,pending,23.0,False,auto_suggestion
MATCH_1817,M1641,S3708,49.33,2026-04-07 11:22:12.917874,rejected,8.0,True,specific_request
MATCH_1818,ALUMNI_M132,S3352,51.0,2026-04-15 11:22:12.918061,rejected,13.0,True,high_compatibility
MATCH_1819,ALUMNI_M1786,S2452,65.5,2026-05-03 11:22:12.918250,pending,,True,admin_assigned
MATCH_1820,M3706,S3558,61.5,2026-04-30 11:22:12.918444,accepted,34.0,False,auto_suggestion
MATCH_1821,ALUMNI_M3014,S3031,51.0,2026-04-24 11:22:12.918642,rejected,38.0,True,admin_assigned
MATCH_1822,M3045,S3860,51.0,2026-04-29 11:22:12.918849,completed,50.0,True,specific_request
MATCH_1823,ALUMNI_M2903,S4391,51.0,2026-04-07 11:22:12.919036,completed,55.0,False,high_compatibility
MATCH_1824,ALUMNI_M829,S1167,51.67,2026-05-05 11:22:12.919228,accepted,,True,specific_request
MATCH_1825,ALUMNI_M1342,S2896,44.0,2026-04-24 11:22:12.919415,pending,25.0,False,high_compatibility
MATCH_1826,M1502,S1940,68.5,2026-04-13 11:22:12.919615,accepted,,False,high_compatibility
MATCH_1827,ALUMNI_M3210,S4872,55.0,2026-05-02 11:22:12.919832,pending,12.0,False,auto_suggestion
MATCH_1828,M1342,S4003,44.0,2026-04-14 11:22:12.920022,rejected,27.0,True,auto_suggestion
MATCH_1829,M1403,S1205,68.5,2026-04-23 11:22:12.920209,rejected,,True,admin_assigned
MATCH_1830,ALUMNI_M5807,S2088,46.71,2026-04-28 11:22:12.920397,rejected,3.0,False,high_compatibility
MATCH_1831,ALUMNI_M4586,S3976,55.0,2026-05-05 11:22:12.920644,rejected,3.0,True,auto_suggestion
MATCH_1832,ALUMNI_M2763,S1100,44.33,2026-04-08 11:22:12.920869,pending,,False,admin_assigned
MATCH_1833,ALUMNI_M4713,S175,61.5,2026-04-10 11:22:12.921065,accepted,72.0,True,auto_suggestion
MATCH_1834,ALUMNI_M2718,S4504,48.0,2026-04-26 11:22:12.921256,completed,,True,high_compatibility
MATCH_1835,M2592,S4476,68.5,2026-04-14 11:22:12.921442,completed,,False,high_compatibility
MATCH_1836,M1766,S4887,43.86,2026-04-17 11:22:12.921642,accepted,9.0,False,high_compatibility
MATCH_1837,M3997,S3065,62.79,2026-04-10 11:22:12.921849,completed,,False,auto_suggestion
MATCH_1838,ALUMNI_M3578,S3329,42.57,2026-04-09 11:22:12.922040,completed,3.0,False,high_compatibility
MATCH_1839,M3490,S2073,36.22,2026-04-21 11:22:12.922236,accepted,57.0,False,admin_assigned
MATCH_1840,ALUMNI_M520,S3533,72.5,2026-04-15 11:22:12.922427,pending,52.0,True,admin_assigned
MATCH_1841,ALUMNI_M4776,S4607,44.0,2026-05-01 11:22:12.922632,pending,59.0,True,high_compatibility
MATCH_1842,M1590,S4994,55.0,2026-04-22 11:22:12.922837,accepted,50.0,False,high_compatibility
MATCH_1843,M86,S3086,44.0,2026-04-16 11:22:12.923055,pending,11.0,False,auto_suggestion
MATCH_1844,M1685,S4752,57.67,2026-04-09 11:22:12.923246,completed,,True,specific_request
MATCH_1845,M1154,S204,44.0,2026-04-23 11:22:12.923436,accepted,,True,auto_suggestion
MATCH_1846,M4104,S130,50.67,2026-04-17 11:22:12.923649,completed,32.0,False,specific_request
MATCH_1847,ALUMNI_M34,S3963,51.0,2026-04-26 11:22:12.923863,completed,,False,specific_request
MATCH_1848,M2299,S4688,51.0,2026-04-18 11:22:12.924057,completed,,True,admin_assigned
MATCH_1849,M3155,S1457,41.5,2026-04-19 11:22:12.924250,pending,60.0,False,high_compatibility
MATCH_1850,ALUMNI_M988,S3787,44.0,2026-04-28 11:22:12.924439,accepted,72.0,False,high_compatibility
MATCH_1851,M3875,S3155,65.5,2026-04-12 11:22:12.924639,completed,,True,admin_assigned
MATCH_1852,M4851,S1023,48.75,2026-04-27 11:22:12.924844,completed,,True,specific_request
MATCH_1853,M3901,S3151,51.0,2026-04-16 11:22:12.925035,accepted,,True,auto_suggestion
MATCH_1854,ALUMNI_M4736,S2981,48.0,2026-04-17 11:22:12.925235,pending,53.0,False,auto_suggestion
MATCH_1855,M4487,S1627,46.71,2026-04-06 11:22:12.925420,completed,,False,admin_assigned
MATCH_1856,ALUMNI_M4104,S2274,51.0,2026-04-28 11:22:12.925619,completed,44.0,False,admin_assigned
MATCH_1857,ALUMNI_M3527,S1182,51.0,2026-04-24 11:22:12.925832,pending,17.0,False,specific_request
MATCH_1858,ALUMNI_M5652,S2301,51.0,2026-04-12 11:22:12.926029,completed,72.0,False,specific_request
MATCH_1859,ALUMNI_M2714,S3552,44.0,2026-04-27 11:22:12.926232,accepted,24.0,True,auto_suggestion
MATCH_1860,M970,S2477,51.0,2026-04-15 11:22:12.926419,accepted,14.0,False,specific_request
MATCH_1861,M2617,S1771,51.0,2026-04-09 11:22:12.926618,rejected,67.0,True,admin_assigned
MATCH_1862,M320,S630,44.0,2026-04-11 11:22:12.926822,rejected,,False,high_compatibility
MATCH_1863,ALUMNI_M3515,S1028,48.0,2026-04-06 11:22:12.927015,accepted,52.0,False,auto_suggestion
MATCH_1864,ALUMNI_M4596,S1290,44.0,2026-04-28 11:22:12.927202,completed,24.0,False,specific_request
MATCH_1865,ALUMNI_M3169,S4226,51.0,2026-04-19 11:22:12.927389,pending,,False,specific_request
MATCH_1866,ALUMNI_M5899,S4949,45.0,2026-04-13 11:22:12.927586,accepted,38.0,False,auto_suggestion
MATCH_1867,M4289,S1050,44.0,2026-04-08 11:22:12.927797,rejected,3.0,True,specific_request
MATCH_1868,M3332,S1274,51.0,2026-04-21 11:22:12.927985,completed,,True,high_compatibility
MATCH_1869,M4735,S4915,68.5,2026-04-22 11:22:12.928167,rejected,52.0,False,auto_suggestion
MATCH_1870,M494,S2955,48.0,2026-04-22 11:22:12.928355,pending,,True,specific_request
MATCH_1871,ALUMNI_M4396,S2325,51.0,2026-04-18 11:22:12.928549,completed,7.0,False,admin_assigned
MATCH_1872,ALUMNI_M906,S4362,51.0,2026-04-29 11:22:12.928751,completed,41.0,False,high_compatibility
MATCH_1873,ALUMNI_M5723,S4560,72.5,2026-04-11 11:22:12.928944,pending,10.0,False,auto_suggestion
MATCH_1874,M3479,S3418,62.94,2026-04-07 11:22:12.929128,rejected,,False,admin_assigned
MATCH_1875,M4214,S4920,61.5,2026-04-13 11:22:12.929311,rejected,16.0,True,admin_assigned
MATCH_1876,M4638,S422,55.0,2026-04-11 11:22:12.929505,pending,6.0,False,high_compatibility
MATCH_1877,M2695,S779,44.0,2026-04-16 11:22:12.929691,completed,39.0,True,specific_request
MATCH_1878,ALUMNI_M2057,S688,44.0,2026-04-10 11:22:12.929905,accepted,,True,high_compatibility
MATCH_1879,M779,S3437,57.67,2026-04-25 11:22:12.930090,completed,,True,auto_suggestion
MATCH_1880,M3257,S3496,44.0,2026-04-29 11:22:12.930273,rejected,,True,admin_assigned
MATCH_1881,M3931,S3178,57.67,2026-04-10 11:22:12.930460,completed,,True,specific_request
MATCH_1882,M4180,S1697,44.0,2026-05-01 11:22:12.930655,completed,56.0,True,admin_assigned
MATCH_1883,ALUMNI_M3707,S3215,43.5,2026-04-11 11:22:12.930862,pending,68.0,False,high_compatibility
MATCH_1884,ALUMNI_M2087,S408,61.5,2026-04-23 11:22:12.931049,rejected,64.0,True,auto_suggestion
MATCH_1885,M1467,S3914,51.0,2026-04-27 11:22:12.931236,pending,26.0,False,specific_request
MATCH_1886,ALUMNI_M5363,S2935,44.0,2026-04-22 11:22:12.931421,completed,18.0,True,specific_request
MATCH_1887,ALUMNI_M445,S2599,51.0,2026-04-08 11:22:12.931616,accepted,,True,admin_assigned
MATCH_1888,ALUMNI_M1509,S2981,39.0,2026-04-23 11:22:12.931920,pending,68.0,False,auto_suggestion
MATCH_1889,ALUMNI_M5213,S4458,51.0,2026-04-25 11:22:12.932121,pending,,True,specific_request
MATCH_1890,ALUMNI_M5212,S3379,61.5,2026-04-17 11:22:12.932305,completed,,False,auto_suggestion
MATCH_1891,M264,S2071,51.0,2026-04-22 11:22:12.932546,pending,13.0,True,specific_request
MATCH_1892,M3615,S4466,44.0,2026-04-24 11:22:12.932780,completed,30.0,False,specific_request
MATCH_1893,ALUMNI_M2317,S3685,61.67,2026-04-17 11:22:12.932979,pending,4.0,False,specific_request
MATCH_1894,M2309,S1709,48.33,2026-04-23 11:22:12.933202,rejected,12.0,False,specific_request
MATCH_1895,M4203,S2249,51.0,2026-05-06 11:22:12.933396,pending,,False,high_compatibility
MATCH_1896,M2060,S2236,51.0,2026-04-25 11:22:12.933604,rejected,7.0,False,auto_suggestion
MATCH_1897,ALUMNI_M5359,S786,44.0,2026-05-01 11:22:12.933832,accepted,64.0,False,high_compatibility
MATCH_1898,ALUMNI_M518,S2483,65.17,2026-04-18 11:22:12.934043,completed,68.0,True,admin_assigned
MATCH_1899,ALUMNI_M5839,S3909,44.0,2026-04-20 11:22:12.934238,pending,58.0,False,admin_assigned
MATCH_1900,M827,S4045,51.0,2026-04-25 11:22:12.934428,accepted,9.0,True,high_compatibility
MATCH_1901,ALUMNI_M5243,S3165,51.0,2026-04-29 11:22:12.934626,completed,,True,high_compatibility
MATCH_1902,M1388,S2272,51.0,2026-04-26 11:22:12.934833,pending,,False,high_compatibility
MATCH_1903,ALUMNI_M2829,S4474,57.67,2026-04-12 11:22:12.935022,rejected,28.0,False,high_compatibility
MATCH_1904,M3530,S3782,51.0,2026-04-16 11:22:12.935211,rejected,33.0,True,high_compatibility
MATCH_1905,M176,S2866,72.5,2026-04-24 11:22:12.935402,completed,,False,high_compatibility
MATCH_1906,M526,S3197,63.5,2026-05-02 11:22:12.935611,rejected,6.0,False,auto_suggestion
MATCH_1907,M605,S3440,51.0,2026-04-21 11:22:12.935818,rejected,24.0,False,admin_assigned
MATCH_1908,ALUMNI_M2643,S922,51.0,2026-04-26 11:22:12.936009,accepted,16.0,False,high_compatibility
MATCH_1909,M1500,S3116,36.5,2026-04-23 11:22:12.936219,rejected,,False,high_compatibility
MATCH_1910,ALUMNI_M5109,S1863,51.0,2026-04-29 11:22:12.936435,pending,4.0,False,admin_assigned
MATCH_1911,ALUMNI_M2266,S523,48.0,2026-04-12 11:22:12.936652,accepted,64.0,False,admin_assigned
MATCH_1912,M3600,S537,55.0,2026-04-22 11:22:12.936858,pending,,True,specific_request
MATCH_1913,ALUMNI_M3295,S3158,48.0,2026-04-15 11:22:12.937046,completed,35.0,False,high_compatibility
MATCH_1914,ALUMNI_M5385,S302,71.83,2026-04-18 11:22:12.937240,completed,18.0,False,specific_request
MATCH_1915,M4942,S3622,55.0,2026-04-11 11:22:12.937436,accepted,17.0,False,specific_request
MATCH_1916,ALUMNI_M429,S2798,44.0,2026-04-06 11:22:12.937636,rejected,17.0,False,specific_request
MATCH_1917,ALUMNI_M5515,S3737,68.5,2026-05-03 11:22:12.937850,rejected,70.0,True,high_compatibility
MATCH_1918,ALUMNI_M352,S3912,55.0,2026-04-28 11:22:12.938044,rejected,,True,high_compatibility
MATCH_1919,ALUMNI_M4560,S1730,44.0,2026-04-12 11:22:12.938230,accepted,,True,specific_request
MATCH_1920,ALUMNI_M4029,S1637,44.0,2026-04-13 11:22:12.938415,rejected,,True,specific_request
MATCH_1921,ALUMNI_M2403,S4265,51.0,2026-04-09 11:22:12.938612,completed,47.0,True,auto_suggestion
MATCH_1922,ALUMNI_M3178,S3822,45.5,2026-05-01 11:22:12.938816,accepted,59.0,False,admin_assigned
MATCH_1923,M4232,S3949,65.5,2026-05-04 11:22:12.939008,completed,,True,high_compatibility
MATCH_1924,M1042,S4114,65.17,2026-05-03 11:22:12.939195,completed,15.0,True,specific_request
MATCH_1925,M2646,S840,68.5,2026-04-18 11:22:12.939379,accepted,27.0,True,specific_request
MATCH_1926,ALUMNI_M4281,S2695,57.67,2026-04-22 11:22:12.939579,completed,,False,admin_assigned
MATCH_1927,ALUMNI_M1871,S4480,44.0,2026-04-25 11:22:12.939872,rejected,59.0,False,admin_assigned
MATCH_1928,ALUMNI_M5393,S4114,51.0,2026-04-10 11:22:12.940086,completed,,False,specific_request
MATCH_1929,ALUMNI_M2354,S748,51.0,2026-05-02 11:22:12.940278,completed,67.0,False,specific_request
MATCH_1930,ALUMNI_M4782,S3390,51.0,2026-04-22 11:22:12.940470,pending,67.0,False,specific_request
MATCH_1931,ALUMNI_M3753,S2583,51.0,2026-04-25 11:22:12.940670,pending,,True,specific_request
MATCH_1932,ALUMNI_M1009,S1469,61.5,2026-04-08 11:22:12.940881,rejected,,True,auto_suggestion
MATCH_1933,M4242,S4785,68.5,2026-04-29 11:22:12.941070,rejected,62.0,False,high_compatibility
MATCH_1934,ALUMNI_M5012,S3037,47.67,2026-04-15 11:22:12.941260,completed,,False,specific_request
MATCH_1935,M4404,S212,51.0,2026-04-14 11:22:12.941450,accepted,10.0,False,admin_assigned
MATCH_1936,ALUMNI_M3932,S4145,51.0,2026-04-06 11:22:12.941653,rejected,,False,specific_request
MATCH_1937,ALUMNI_M398,S3990,44.0,2026-04-17 11:22:12.941868,rejected,13.0,False,specific_request
MATCH_1938,M4393,S1069,48.0,2026-04-21 11:22:12.942058,accepted,20.0,False,admin_assigned
MATCH_1939,ALUMNI_M839,S4007,48.0,2026-05-02 11:22:12.942245,pending,,True,admin_assigned
MATCH_1940,ALUMNI_M5328,S1223,59.0,2026-04-12 11:22:12.942432,accepted,57.0,True,high_compatibility
MATCH_1941,ALUMNI_M1157,S1871,51.0,2026-04-20 11:22:12.942638,completed,29.0,True,high_compatibility
MATCH_1942,ALUMNI_M3306,S4027,51.0,2026-04-18 11:22:12.942844,pending,21.0,False,admin_assigned
MATCH_1943,ALUMNI_M1078,S392,55.0,2026-04-17 11:22:12.943053,rejected,28.0,False,specific_request
MATCH_1944,M3216,S3020,51.0,2026-04-12 11:22:12.943245,pending,,False,high_compatibility
MATCH_1945,ALUMNI_M2608,S2192,48.0,2026-04-15 11:22:12.943433,rejected,7.0,False,high_compatibility
MATCH_1946,M2194,S1369,65.17,2026-04-08 11:22:12.943631,completed,56.0,True,admin_assigned
MATCH_1947,M4324,S3657,44.0,2026-04-28 11:22:12.943925,accepted,30.0,False,specific_request
MATCH_1948,ALUMNI_M2186,S4640,37.75,2026-04-09 11:22:12.944126,pending,63.0,False,specific_request
MATCH_1949,M3046,S1856,44.0,2026-04-15 11:22:12.944316,pending,,True,auto_suggestion
MATCH_1950,ALUMNI_M1747,S3207,41.5,2026-04-29 11:22:12.944515,pending,,True,high_compatibility
MATCH_1951,M4665,S709,44.0,2026-04-16 11:22:12.944720,rejected,,True,auto_suggestion
MATCH_1952,M1440,S3505,51.0,2026-04-30 11:22:12.944914,pending,,False,admin_assigned
MATCH_1953,M744,S795,51.0,2026-04-22 11:22:12.945100,completed,41.0,True,admin_assigned
MATCH_1954,ALUMNI_M5108,S928,44.0,2026-04-22 11:22:12.945287,completed,18.0,False,specific_request
MATCH_1955,M3183,S838,55.0,2026-04-29 11:22:12.945494,rejected,,True,specific_request
MATCH_1956,ALUMNI_M116,S2445,47.67,2026-05-05 11:22:12.945693,completed,,True,admin_assigned
MATCH_1957,ALUMNI_M2218,S2064,44.0,2026-04-10 11:22:12.945900,pending,13.0,True,specific_request
MATCH_1958,ALUMNI_M152,S2631,44.0,2026-05-03 11:22:12.946084,accepted,35.0,True,high_compatibility
MATCH_1959,ALUMNI_M5759,S1773,51.0,2026-04-21 11:22:12.946270,accepted,48.0,True,specific_request
MATCH_1960,M1308,S3958,50.67,2026-04-23 11:22:12.946456,pending,,True,high_compatibility
MATCH_1961,ALUMNI_M4292,S448,48.0,2026-05-02 11:22:12.946656,rejected,31.0,True,high_compatibility
MATCH_1962,ALUMNI_M5545,S2301,68.5,2026-04-30 11:22:12.946870,rejected,24.0,False,admin_assigned
MATCH_1963,M2054,S2072,44.0,2026-04-27 11:22:12.947056,accepted,19.0,False,admin_assigned
MATCH_1964,ALUMNI_M5523,S4289,61.5,2026-04-12 11:22:12.947240,rejected,,False,admin_assigned
MATCH_1965,ALUMNI_M5434,S399,51.0,2026-04-17 11:22:12.947421,accepted,50.0,False,auto_suggestion
MATCH_1966,ALUMNI_M2102,S1820,44.67,2026-04-15 11:22:12.947626,accepted,27.0,False,auto_suggestion
MATCH_1967,M1499,S4228,50.67,2026-04-15 11:22:12.947832,rejected,,True,auto_suggestion
MATCH_1968,M3715,S2217,61.5,2026-04-12 11:22:12.948020,accepted,57.0,False,specific_request
MATCH_1969,ALUMNI_M4659,S3624,44.0,2026-04-15 11:22:12.948206,accepted,58.0,True,admin_assigned
MATCH_1970,ALUMNI_M290,S3425,45.44,2026-04-14 11:22:12.948411,pending,25.0,False,specific_request
MATCH_1971,M4115,S2605,48.5,2026-04-14 11:22:12.948623,pending,40.0,False,admin_assigned
MATCH_1972,ALUMNI_M4170,S1627,65.5,2026-04-18 11:22:12.948833,completed,19.0,True,high_compatibility
MATCH_1973,M1860,S2281,44.0,2026-04-11 11:22:12.949025,rejected,39.0,True,specific_request
MATCH_1974,ALUMNI_M5583,S4211,44.0,2026-04-26 11:22:12.949214,pending,,False,specific_request
MATCH_1975,M2604,S4122,51.0,2026-05-01 11:22:12.949398,pending,,False,high_compatibility
MATCH_1976,M793,S1023,49.75,2026-04-29 11:22:12.949609,rejected,70.0,False,auto_suggestion
MATCH_1977,ALUMNI_M3889,S4125,65.5,2026-04-22 11:22:12.949815,accepted,17.0,True,auto_suggestion
MATCH_1978,ALUMNI_M4223,S4233,51.0,2026-04-24 11:22:12.950005,pending,9.0,True,high_compatibility
MATCH_1979,M3961,S4129,44.0,2026-04-18 11:22:12.950185,pending,34.0,True,auto_suggestion
MATCH_1980,ALUMNI_M5335,S1601,56.0,2026-04-07 11:22:12.950372,rejected,45.0,True,specific_request
MATCH_1981,ALUMNI_M5431,S1197,50.67,2026-04-15 11:22:12.950815,accepted,8.0,True,high_compatibility
MATCH_1982,ALUMNI_M960,S1829,44.0,2026-05-05 11:22:12.951134,accepted,30.0,False,specific_request
MATCH_1983,M3303,S1251,51.0,2026-04-19 11:22:12.951450,completed,1.0,True,auto_suggestion
MATCH_1984,M2265,S4011,51.0,2026-04-20 11:22:12.951673,rejected,59.0,False,high_compatibility
MATCH_1985,ALUMNI_M4689,S2441,60.5,2026-04-17 11:22:12.951921,rejected,43.0,False,specific_request
MATCH_1986,ALUMNI_M60,S2577,48.0,2026-04-17 11:22:12.952174,pending,51.0,True,admin_assigned
MATCH_1987,ALUMNI_M5708,S2846,44.0,2026-04-30 11:22:12.952460,completed,,True,admin_assigned
MATCH_1988,M3991,S166,44.0,2026-04-10 11:22:12.952838,pending,47.0,False,high_compatibility
MATCH_1989,M1121,S3364,44.0,2026-04-29 11:22:12.953309,pending,27.0,True,admin_assigned
MATCH_1990,ALUMNI_M5736,S587,51.0,2026-05-04 11:22:12.953765,completed,53.0,True,high_compatibility
MATCH_1991,ALUMNI_M3238,S1849,68.5,2026-04-21 11:22:12.954045,pending,,True,admin_assigned
MATCH_1992,M4548,S1983,54.67,2026-04-21 11:22:12.954274,accepted,65.0,False,auto_suggestion
MATCH_1993,M2608,S4979,55.0,2026-04-24 11:22:12.954481,accepted,38.0,True,auto_suggestion
MATCH_1994,ALUMNI_M3848,S2436,48.0,2026-04-24 11:22:12.954681,completed,,True,high_compatibility
MATCH_1995,ALUMNI_M2546,S1851,49.0,2026-04-08 11:22:12.954973,completed,,True,admin_assigned
MATCH_1996,M3004,S1587,61.67,2026-04-28 11:22:12.955184,pending,70.0,False,specific_request
MATCH_1997,ALUMNI_M5148,S4887,67.07,2026-04-19 11:22:12.955385,accepted,,True,auto_suggestion
MATCH_1998,ALUMNI_M1056,S4721,36.86,2026-04-15 11:22:12.955589,completed,6.0,True,specific_request
MATCH_1999,M1255,S1067,51.0,2026-04-06 11:22:12.955862,accepted,69.0,False,admin_assigned
MATCH_2000,ALUMNI_M3068,S688,61.5,2026-05-05 11:22:12.956071,accepted,1.0,True,specific_request
MATCH_2001,ALUMNI_M3612,S4002,51.0,2026-04-28 11:22:12.956278,accepted,6.0,True,auto_suggestion
MATCH_2002,ALUMNI_M4658,S3215,55.0,2026-04-23 11:22:12.956475,completed,69.0,True,auto_suggestion
MATCH_2003,M1769,S1423,72.5,2026-05-06 11:22:12.956666,rejected,8.0,False,auto_suggestion
MATCH_2004,M3051,S4077,50.67,2026-04-13 11:22:12.956885,rejected,,False,admin_assigned
MATCH_2005,M1664,S1396,48.0,2026-04-09 11:22:12.957073,completed,33.0,True,auto_suggestion
MATCH_2006,ALUMNI_M220,S4760,38.29,2026-05-05 11:22:12.957281,completed,10.0,True,specific_request
MATCH_2007,M1986,S4385,44.75,2026-05-04 11:22:12.957481,accepted,55.0,True,auto_suggestion
MATCH_2008,M4963,S1196,68.5,2026-04-06 11:22:12.957679,completed,29.0,True,admin_assigned
MATCH_2009,ALUMNI_M1372,S2673,51.0,2026-04-06 11:22:12.957895,pending,58.0,False,admin_assigned
MATCH_2010,ALUMNI_M4497,S827,48.0,2026-04-15 11:22:12.958085,pending,6.0,True,high_compatibility
MATCH_2011,ALUMNI_M5142,S1349,38.44,2026-04-07 11:22:12.958294,accepted,,False,high_compatibility
MATCH_2012,ALUMNI_M2849,S3078,51.0,2026-04-23 11:22:12.958495,pending,3.0,True,admin_assigned
MATCH_2013,M1793,S3799,44.0,2026-04-17 11:22:12.958712,accepted,52.0,True,high_compatibility
MATCH_2014,ALUMNI_M3076,S438,51.0,2026-04-29 11:22:12.958924,accepted,61.0,True,specific_request
MATCH_2015,M4268,S2529,55.0,2026-04-20 11:22:12.959125,accepted,24.0,False,auto_suggestion
MATCH_2016,M2456,S4368,51.0,2026-04-19 11:22:12.959342,pending,54.0,False,high_compatibility
MATCH_2017,ALUMNI_M519,S2539,51.0,2026-04-29 11:22:12.959546,pending,37.0,True,auto_suggestion
MATCH_2018,ALUMNI_M2840,S3712,55.0,2026-04-08 11:22:12.959763,rejected,,True,auto_suggestion
MATCH_2019,M4808,S3455,44.75,2026-04-08 11:22:12.959984,pending,19.0,True,high_compatibility
MATCH_2020,ALUMNI_M2343,S2278,51.0,2026-04-07 11:22:12.960203,accepted,34.0,False,specific_request
MATCH_2021,ALUMNI_M5878,S1009,46.33,2026-04-25 11:22:12.960404,accepted,64.0,False,specific_request
MATCH_2022,ALUMNI_M5692,S3875,51.0,2026-04-07 11:22:12.960605,completed,44.0,True,auto_suggestion
MATCH_2023,ALUMNI_M2116,S1133,51.0,2026-04-10 11:22:12.960830,accepted,8.0,True,specific_request
MATCH_2024,ALUMNI_M491,S4143,44.0,2026-04-13 11:22:12.961045,completed,26.0,False,specific_request
MATCH_2025,ALUMNI_M3618,S141,61.5,2026-04-28 11:22:12.961262,rejected,,False,auto_suggestion
MATCH_2026,ALUMNI_M5493,S570,68.5,2026-04-30 11:22:12.961465,accepted,,False,high_compatibility
MATCH_2027,M1771,S2008,68.5,2026-05-04 11:22:12.961690,pending,,True,high_compatibility
MATCH_2028,ALUMNI_M3517,S326,48.0,2026-04-25 11:22:12.961930,completed,34.0,True,high_compatibility
MATCH_2029,M3832,S4002,68.5,2026-04-30 11:22:12.962155,completed,49.0,True,high_compatibility
MATCH_2030,ALUMNI_M1866,S3397,50.67,2026-04-06 11:22:12.962383,rejected,11.0,False,high_compatibility
MATCH_2031,ALUMNI_M5954,S30,48.0,2026-04-12 11:22:12.962608,completed,33.0,False,admin_assigned
MATCH_2032,ALUMNI_M1202,S1177,61.5,2026-04-30 11:22:12.962827,rejected,42.0,True,specific_request
MATCH_2033,M691,S1945,51.0,2026-04-27 11:22:12.963072,pending,,False,specific_request
MATCH_2034,ALUMNI_M1925,S3523,48.0,2026-04-17 11:22:12.963296,pending,25.0,True,high_compatibility
MATCH_2035,ALUMNI_M2875,S517,51.0,2026-05-05 11:22:12.963497,accepted,,False,high_compatibility
MATCH_2036,ALUMNI_M2549,S1554,44.0,2026-05-03 11:22:12.963695,completed,,False,auto_suggestion
MATCH_2037,M1827,S2977,55.0,2026-04-09 11:22:12.963996,rejected,16.0,True,auto_suggestion
MATCH_2038,ALUMNI_M2586,S263,55.0,2026-04-30 11:22:12.964207,accepted,15.0,True,specific_request
MATCH_2039,M3287,S3869,48.0,2026-05-06 11:22:12.964407,accepted,45.0,True,specific_request
MATCH_2040,ALUMNI_M1307,S1910,48.78,2026-04-26 11:22:12.964633,pending,,False,high_compatibility
MATCH_2041,M2220,S4099,48.0,2026-04-11 11:22:12.964861,rejected,,False,auto_suggestion
MATCH_2042,ALUMNI_M1289,S4542,51.0,2026-04-17 11:22:12.965061,completed,64.0,False,specific_request
MATCH_2043,ALUMNI_M119,S2399,44.0,2026-05-01 11:22:12.965281,completed,,True,auto_suggestion
MATCH_2044,ALUMNI_M2740,S4100,61.5,2026-04-25 11:22:12.965487,completed,32.0,True,admin_assigned
MATCH_2045,ALUMNI_M3367,S2403,51.0,2026-05-03 11:22:12.965675,rejected,,True,high_compatibility
MATCH_2046,ALUMNI_M2331,S239,55.0,2026-04-26 11:22:12.965892,completed,21.0,False,admin_assigned
MATCH_2047,ALUMNI_M3485,S2766,68.17,2026-04-08 11:22:12.966088,completed,,False,auto_suggestion
MATCH_2048,M3437,S499,55.0,2026-04-20 11:22:12.966291,rejected,38.0,False,admin_assigned
MATCH_2049,ALUMNI_M1546,S2998,57.67,2026-04-28 11:22:12.966486,completed,,True,high_compatibility
MATCH_2050,M1160,S1012,48.0,2026-05-05 11:22:12.966685,accepted,58.0,False,specific_request
MATCH_2051,M190,S1921,48.0,2026-04-13 11:22:12.966906,pending,22.0,True,auto_suggestion
MATCH_2052,ALUMNI_M2103,S1285,48.5,2026-04-22 11:22:12.967102,accepted,52.0,False,auto_suggestion
MATCH_2053,ALUMNI_M3244,S956,44.0,2026-04-09 11:22:12.967363,completed,4.0,True,high_compatibility
MATCH_2054,M3494,S3706,68.5,2026-04-18 11:22:12.967658,accepted,,True,auto_suggestion
MATCH_2055,M2915,S3966,51.0,2026-04-21 11:22:12.967876,rejected,,False,auto_suggestion
MATCH_2056,ALUMNI_M567,S2330,47.25,2026-05-01 11:22:12.968070,pending,40.0,False,admin_assigned
MATCH_2057,ALUMNI_M1017,S3393,51.0,2026-05-02 11:22:12.968571,accepted,58.0,True,auto_suggestion
MATCH_2058,ALUMNI_M4664,S3853,48.0,2026-04-18 11:22:12.968888,pending,21.0,True,auto_suggestion
MATCH_2059,ALUMNI_M4162,S4351,72.5,2026-04-12 11:22:12.969149,completed,45.0,True,auto_suggestion
MATCH_2060,ALUMNI_M5203,S2765,51.0,2026-04-21 11:22:12.969400,completed,31.0,True,high_compatibility
MATCH_2061,ALUMNI_M379,S2539,51.0,2026-05-02 11:22:12.969638,completed,,True,auto_suggestion
MATCH_2062,ALUMNI_M4524,S2825,51.0,2026-04-10 11:22:12.969893,pending,30.0,True,specific_request
MATCH_2063,ALUMNI_M2334,S3365,51.0,2026-04-27 11:22:12.970138,accepted,,False,admin_assigned
MATCH_2064,M155,S2964,65.5,2026-05-06 11:22:12.970385,completed,38.0,False,specific_request
MATCH_2065,M4540,S2939,51.0,2026-04-09 11:22:12.970616,rejected,3.0,False,auto_suggestion
MATCH_2066,ALUMNI_M4128,S3639,48.0,2026-04-16 11:22:12.970916,completed,72.0,True,auto_suggestion
MATCH_2067,M4721,S1798,61.5,2026-05-02 11:22:12.971198,accepted,12.0,True,specific_request
MATCH_2068,M1402,S2846,48.0,2026-04-17 11:22:12.971443,accepted,21.0,False,high_compatibility
MATCH_2069,M3037,S4656,61.67,2026-04-17 11:22:12.971676,rejected,18.0,False,auto_suggestion
MATCH_2070,M3353,S4506,51.0,2026-04-25 11:22:12.971983,completed,35.0,True,specific_request
MATCH_2071,M4648,S73,68.5,2026-05-05 11:22:12.972254,accepted,14.0,True,admin_assigned
MATCH_2072,M713,S2581,51.0,2026-04-10 11:22:12.972488,pending,72.0,False,auto_suggestion
MATCH_2073,M2073,S4573,61.5,2026-04-15 11:22:12.972750,accepted,28.0,True,admin_assigned
MATCH_2074,M2020,S4884,47.0,2026-05-06 11:22:12.972992,pending,8.0,False,high_compatibility
MATCH_2075,M271,S3403,48.0,2026-04-09 11:22:12.973247,completed,24.0,True,auto_suggestion
MATCH_2076,ALUMNI_M5124,S3741,55.0,2026-05-04 11:22:12.973976,completed,,True,specific_request
MATCH_2077,ALUMNI_M3185,S3520,51.0,2026-04-14 11:22:12.974506,rejected,,True,specific_request
MATCH_2078,M1301,S4941,44.0,2026-04-16 11:22:12.974850,accepted,,False,specific_request
MATCH_2079,M765,S1433,44.0,2026-04-09 11:22:12.975101,pending,56.0,False,auto_suggestion
MATCH_2080,M3583,S2710,51.0,2026-04-22 11:22:12.975378,pending,11.0,False,high_compatibility
MATCH_2081,ALUMNI_M1526,S4724,44.0,2026-04-29 11:22:12.975610,pending,,True,admin_assigned
MATCH_2082,M1826,S243,48.0,2026-04-23 11:22:12.975892,accepted,53.0,False,specific_request
MATCH_2083,ALUMNI_M3653,S2244,72.5,2026-04-18 11:22:12.976134,accepted,33.0,False,admin_assigned
MATCH_2084,ALUMNI_M2873,S4155,44.0,2026-04-18 11:22:12.976366,pending,67.0,False,auto_suggestion
MATCH_2085,M157,S2144,44.0,2026-04-23 11:22:12.976602,accepted,,False,specific_request
MATCH_2086,ALUMNI_M3051,S4900,48.0,2026-04-20 11:22:12.976934,accepted,,False,auto_suggestion
MATCH_2087,ALUMNI_M102,S23,51.0,2026-04-15 11:22:12.977186,completed,,False,specific_request
MATCH_2088,ALUMNI_M1815,S4629,50.67,2026-04-06 11:22:12.977431,rejected,,True,auto_suggestion
MATCH_2089,ALUMNI_M98,S2232,55.0,2026-04-08 11:22:12.977655,pending,,True,high_compatibility
MATCH_2090,M852,S3836,51.0,2026-04-12 11:22:12.977917,completed,54.0,True,auto_suggestion
MATCH_2091,ALUMNI_M1963,S4719,44.0,2026-04-14 11:22:12.978163,rejected,25.0,True,admin_assigned
MATCH_2092,ALUMNI_M3795,S1416,44.0,2026-04-23 11:22:12.978400,completed,,False,high_compatibility
MATCH_2093,M1913,S721,51.0,2026-04-21 11:22:12.978643,pending,,True,admin_assigned
MATCH_2094,M339,S700,42.0,2026-04-12 11:22:12.978977,rejected,68.0,False,high_compatibility
MATCH_2095,M4720,S3431,61.5,2026-05-05 11:22:12.979233,accepted,,False,auto_suggestion
MATCH_2096,ALUMNI_M1481,S3896,48.0,2026-04-07 11:22:12.979463,rejected,46.0,False,auto_suggestion
MATCH_2097,ALUMNI_M3208,S4614,44.0,2026-04-10 11:22:12.979744,pending,32.0,False,specific_request
MATCH_2098,ALUMNI_M958,S1519,44.0,2026-04-22 11:22:12.979982,accepted,,True,high_compatibility
MATCH_2099,M3026,S2520,44.0,2026-04-06 11:22:12.980226,pending,,False,auto_suggestion
MATCH_2100,ALUMNI_M3193,S1115,61.5,2026-04-23 11:22:12.980456,completed,67.0,False,admin_assigned
MATCH_2101,ALUMNI_M1498,S2952,68.5,2026-04-29 11:22:12.980679,rejected,15.0,False,admin_assigned
MATCH_2102,M2896,S3810,47.5,2026-05-04 11:22:12.980926,rejected,55.0,True,auto_suggestion
MATCH_2103,ALUMNI_M3643,S3497,51.0,2026-04-16 11:22:12.981206,rejected,23.0,True,admin_assigned
MATCH_2104,ALUMNI_M710,S2183,44.0,2026-05-01 11:22:12.981447,rejected,60.0,False,specific_request
MATCH_2105,ALUMNI_M720,S567,44.0,2026-04-20 11:22:12.981672,rejected,1.0,False,admin_assigned
MATCH_2106,M1361,S1788,51.0,2026-04-13 11:22:12.982274,pending,15.0,True,admin_assigned
MATCH_2107,M1317,S1997,64.06,2026-05-01 11:22:12.982622,completed,62.0,True,admin_assigned
MATCH_2108,M2504,S2842,51.0,2026-04-16 11:22:12.982872,completed,32.0,True,auto_suggestion
MATCH_2109,M4982,S4193,68.5,2026-04-10 11:22:12.983164,rejected,,False,admin_assigned
MATCH_2110,ALUMNI_M3342,S4955,51.0,2026-04-22 11:22:12.983444,accepted,20.0,True,admin_assigned
MATCH_2111,ALUMNI_M5987,S3404,51.0,2026-04-20 11:22:12.983664,rejected,21.0,True,specific_request
MATCH_2112,M3438,S1188,47.33,2026-04-27 11:22:12.983915,accepted,1.0,True,admin_assigned
MATCH_2113,M1624,S2592,55.0,2026-05-01 11:22:12.984119,accepted,51.0,True,specific_request
MATCH_2114,M1856,S3763,55.0,2026-04-23 11:22:12.984332,accepted,27.0,False,high_compatibility
MATCH_2115,M2861,S2754,61.5,2026-05-02 11:22:12.984543,pending,,True,admin_assigned
MATCH_2116,ALUMNI_M4686,S3588,68.92,2026-04-29 11:22:12.984770,accepted,11.0,True,auto_suggestion
MATCH_2117,ALUMNI_M5755,S4818,44.0,2026-04-20 11:22:12.984990,accepted,16.0,True,auto_suggestion
MATCH_2118,ALUMNI_M5939,S4563,42.0,2026-04-26 11:22:12.985196,rejected,,True,auto_suggestion
MATCH_2119,ALUMNI_M2917,S647,46.56,2026-04-27 11:22:12.985427,completed,72.0,True,admin_assigned
MATCH_2120,ALUMNI_M3955,S1616,55.0,2026-04-21 11:22:12.985630,completed,,False,auto_suggestion
MATCH_2121,M4365,S2387,44.0,2026-04-27 11:22:12.985847,pending,42.0,True,high_compatibility
MATCH_2122,M1960,S1589,51.0,2026-04-19 11:22:12.986060,completed,61.0,False,high_compatibility
MATCH_2123,ALUMNI_M1422,S1334,48.0,2026-04-15 11:22:12.986263,pending,17.0,False,specific_request
MATCH_2124,ALUMNI_M5876,S3770,48.0,2026-04-22 11:22:12.986471,accepted,8.0,True,admin_assigned
MATCH_2125,M3060,S3977,51.0,2026-04-19 11:22:12.986666,completed,,True,admin_assigned
MATCH_2126,ALUMNI_M4007,S3254,48.0,2026-04-30 11:22:12.986899,completed,26.0,True,high_compatibility
MATCH_2127,M3135,S2377,63.5,2026-05-01 11:22:12.987105,rejected,43.0,True,admin_assigned
MATCH_2128,M1852,S3772,48.0,2026-04-21 11:22:12.987305,pending,41.0,True,specific_request
MATCH_2129,M1603,S1694,51.0,2026-04-19 11:22:12.987510,rejected,39.0,False,admin_assigned
MATCH_2130,M4893,S1044,51.0,2026-05-02 11:22:12.987722,pending,,True,high_compatibility
MATCH_2131,M4704,S3940,51.0,2026-04-12 11:22:12.987923,pending,,False,admin_assigned
MATCH_2132,M1708,S1043,51.0,2026-04-11 11:22:12.988122,completed,39.0,True,high_compatibility
MATCH_2133,M825,S1933,51.0,2026-04-24 11:22:12.988748,completed,18.0,True,high_compatibility
MATCH_2134,ALUMNI_M45,S3753,44.0,2026-04-29 11:22:12.988986,completed,,True,admin_assigned
MATCH_2135,ALUMNI_M2108,S2481,48.0,2026-05-05 11:22:12.989212,completed,55.0,True,admin_assigned
MATCH_2136,ALUMNI_M1258,S3806,49.57,2026-04-30 11:22:12.989426,accepted,63.0,True,specific_request
MATCH_2137,M177,S2419,47.22,2026-04-29 11:22:12.989635,completed,,False,specific_request
MATCH_2138,ALUMNI_M1090,S2565,72.5,2026-05-01 11:22:12.989859,rejected,44.0,True,admin_assigned
MATCH_2139,ALUMNI_M3374,S1214,44.0,2026-04-25 11:22:12.990066,pending,36.0,True,admin_assigned
MATCH_2140,M3347,S3936,46.0,2026-04-11 11:22:12.990275,pending,,True,admin_assigned
MATCH_2141,M2210,S4889,68.5,2026-05-03 11:22:12.990476,completed,,True,specific_request
MATCH_2142,ALUMNI_M283,S2007,46.0,2026-05-03 11:22:12.990676,accepted,,True,specific_request
MATCH_2143,ALUMNI_M970,S604,75.17,2026-04-19 11:22:12.990894,accepted,66.0,False,admin_assigned
MATCH_2144,M1377,S624,72.17,2026-04-06 11:22:12.991094,rejected,,True,high_compatibility
MATCH_2145,ALUMNI_M4213,S3488,40.25,2026-04-23 11:22:12.991318,completed,58.0,False,specific_request
MATCH_2146,ALUMNI_M1336,S1521,44.0,2026-04-17 11:22:12.991538,completed,64.0,True,auto_suggestion
MATCH_2147,ALUMNI_M3429,S880,51.0,2026-04-22 11:22:12.991754,completed,,False,admin_assigned
MATCH_2148,ALUMNI_M1515,S3902,68.5,2026-04-13 11:22:12.991952,pending,,True,auto_suggestion
MATCH_2149,ALUMNI_M3642,S1564,50.67,2026-04-08 11:22:12.992154,accepted,67.0,False,high_compatibility
MATCH_2150,ALUMNI_M3994,S3562,51.0,2026-05-02 11:22:12.992372,accepted,,True,auto_suggestion
MATCH_2151,ALUMNI_M2122,S1151,44.0,2026-04-19 11:22:12.992587,pending,4.0,True,auto_suggestion
MATCH_2152,ALUMNI_M1769,S1005,51.0,2026-05-03 11:22:12.992807,pending,65.0,False,auto_suggestion
MATCH_2153,ALUMNI_M4038,S632,72.5,2026-04-07 11:22:12.993004,accepted,18.0,True,specific_request
MATCH_2154,M4247,S3378,44.0,2026-04-07 11:22:12.993213,completed,,False,high_compatibility
MATCH_2155,ALUMNI_M3755,S3689,44.0,2026-04-09 11:22:12.993409,accepted,68.0,True,specific_request
MATCH_2156,M3254,S3004,61.5,2026-04-11 11:22:12.993604,rejected,52.0,False,specific_request
MATCH_2157,ALUMNI_M1433,S4025,55.0,2026-04-19 11:22:12.993816,accepted,,True,admin_assigned
MATCH_2158,ALUMNI_M5536,S1895,55.0,2026-05-01 11:22:12.994023,completed,,True,high_compatibility
MATCH_2159,ALUMNI_M506,S1404,61.5,2026-04-22 11:22:12.994235,rejected,,False,auto_suggestion
MATCH_2160,ALUMNI_M3683,S3090,48.0,2026-04-28 11:22:12.994436,accepted,36.0,True,high_compatibility
MATCH_2161,ALUMNI_M4065,S4947,44.0,2026-04-12 11:22:12.994628,pending,56.0,True,auto_suggestion
MATCH_2162,ALUMNI_M49,S2007,72.5,2026-04-24 11:22:12.994886,completed,66.0,False,admin_assigned
MATCH_2163,M1959,S4381,51.0,2026-04-18 11:22:12.995085,completed,59.0,True,high_compatibility
MATCH_2164,ALUMNI_M5313,S2468,55.0,2026-04-13 11:22:12.995293,completed,33.0,False,auto_suggestion
MATCH_2165,ALUMNI_M5635,S4202,39.0,2026-04-29 11:22:12.995486,accepted,54.0,False,auto_suggestion
MATCH_2166,M124,S218,51.0,2026-04-15 11:22:12.995687,accepted,19.0,True,auto_suggestion
MATCH_2167,M1937,S3664,44.0,2026-04-30 11:22:12.995904,accepted,,False,high_compatibility
MATCH_2168,M3138,S1159,51.0,2026-05-05 11:22:12.996095,rejected,30.0,False,admin_assigned
MATCH_2169,M4875,S3806,67.07,2026-05-03 11:22:12.996298,completed,7.0,False,admin_assigned
MATCH_2170,M4280,S2002,48.0,2026-04-08 11:22:12.996489,pending,39.0,False,high_compatibility
MATCH_2171,ALUMNI_M4537,S1540,49.89,2026-05-05 11:22:12.996693,accepted,,True,admin_assigned
MATCH_2172,M465,S4856,44.0,2026-04-24 11:22:12.996904,pending,59.0,True,admin_assigned
MATCH_2173,ALUMNI_M294,S3899,44.67,2026-04-30 11:22:12.997104,accepted,,False,specific_request
MATCH_2174,ALUMNI_M801,S4217,44.0,2026-04-14 11:22:12.997318,accepted,60.0,False,admin_assigned
MATCH_2175,ALUMNI_M1191,S1928,75.17,2026-05-04 11:22:12.997512,rejected,39.0,False,specific_request
MATCH_2176,M2551,S2478,55.0,2026-04-20 11:22:12.997727,completed,,True,auto_suggestion
MATCH_2177,ALUMNI_M2933,S2979,44.0,2026-04-06 11:22:12.997938,completed,,True,admin_assigned
MATCH_2178,M387,S2048,51.0,2026-04-11 11:22:12.998138,completed,37.0,False,high_compatibility
MATCH_2179,ALUMNI_M1159,S1208,61.5,2026-04-30 11:22:12.998351,completed,15.0,False,high_compatibility
MATCH_2180,M2974,S3923,54.67,2026-05-01 11:22:12.998543,pending,54.0,False,admin_assigned
MATCH_2181,M597,S3255,51.0,2026-04-09 11:22:12.998765,completed,60.0,False,auto_suggestion
MATCH_2182,ALUMNI_M411,S291,68.5,2026-04-22 11:22:12.998961,accepted,42.0,False,auto_suggestion
MATCH_2183,M1356,S1718,57.67,2026-04-11 11:22:12.999162,accepted,42.0,True,auto_suggestion
MATCH_2184,ALUMNI_M2396,S688,36.5,2026-04-15 11:22:12.999415,accepted,4.0,True,high_compatibility
MATCH_2185,M2543,S4347,55.0,2026-04-17 11:22:12.999607,rejected,51.0,False,auto_suggestion
MATCH_2186,M4782,S715,61.5,2026-04-18 11:22:12.999815,completed,,False,auto_suggestion
MATCH_2187,M4029,S1229,44.0,2026-04-25 11:22:13.000066,accepted,61.0,False,high_compatibility
MATCH_2188,ALUMNI_M799,S4119,44.0,2026-04-27 11:22:13.000529,pending,33.0,False,auto_suggestion
MATCH_2189,ALUMNI_M2275,S4192,51.0,2026-05-04 11:22:13.000810,completed,46.0,True,admin_assigned
MATCH_2190,ALUMNI_M4101,S2618,42.89,2026-04-19 11:22:13.001080,accepted,,True,specific_request
MATCH_2191,M2924,S3706,51.0,2026-04-23 11:22:13.001382,completed,46.0,True,specific_request
MATCH_2192,ALUMNI_M3788,S4854,48.0,2026-04-21 11:22:13.001610,pending,,False,auto_suggestion
MATCH_2193,M4421,S3007,51.0,2026-04-07 11:22:13.001852,pending,53.0,True,admin_assigned
MATCH_2194,ALUMNI_M2909,S3058,44.0,2026-04-27 11:22:13.002062,completed,15.0,False,high_compatibility
MATCH_2195,ALUMNI_M5709,S2434,46.0,2026-04-18 11:22:13.002291,accepted,,False,auto_suggestion
MATCH_2196,ALUMNI_M599,S2624,68.5,2026-04-16 11:22:13.002500,pending,39.0,False,high_compatibility
MATCH_2197,ALUMNI_M1591,S3719,51.0,2026-05-04 11:22:13.002724,completed,2.0,False,specific_request
MATCH_2198,M4361,S789,48.0,2026-04-30 11:22:13.002930,accepted,62.0,False,admin_assigned
MATCH_2199,M1181,S511,51.0,2026-04-06 11:22:13.003175,pending,,True,auto_suggestion
MATCH_2200,M478,S817,40.67,2026-04-08 11:22:13.003380,pending,62.0,False,high_compatibility
MATCH_2201,ALUMNI_M1793,S3091,65.64,2026-04-07 11:22:13.003583,pending,68.0,False,specific_request
MATCH_2202,ALUMNI_M1320,S2869,44.0,2026-04-15 11:22:13.003799,accepted,55.0,True,auto_suggestion
MATCH_2203,M2482,S2198,51.0,2026-04-28 11:22:13.004100,completed,11.0,False,auto_suggestion
MATCH_2204,ALUMNI_M4405,S3846,43.5,2026-04-22 11:22:13.004375,pending,63.0,False,specific_request
MATCH_2205,M3666,S785,72.5,2026-04-13 11:22:13.004590,accepted,,True,auto_suggestion
MATCH_2206,M4855,S2030,44.0,2026-04-12 11:22:13.004807,pending,6.0,True,admin_assigned
MATCH_2207,ALUMNI_M2006,S1662,44.0,2026-04-21 11:22:13.005005,pending,45.0,True,admin_assigned
MATCH_2208,ALUMNI_M5257,S4076,55.0,2026-04-29 11:22:13.005213,rejected,13.0,False,auto_suggestion
MATCH_2209,ALUMNI_M3750,S426,51.0,2026-05-01 11:22:13.005410,rejected,58.0,True,specific_request
MATCH_2210,M3731,S68,44.0,2026-04-08 11:22:13.005655,pending,44.0,True,high_compatibility
MATCH_2211,ALUMNI_M1851,S4718,44.0,2026-05-03 11:22:13.005878,accepted,40.0,False,auto_suggestion
MATCH_2212,M4745,S2137,57.67,2026-04-20 11:22:13.006079,rejected,11.0,False,admin_assigned
MATCH_2213,M4239,S1171,50.0,2026-04-25 11:22:13.006281,completed,,False,auto_suggestion
MATCH_2214,ALUMNI_M5941,S1352,61.5,2026-05-03 11:22:13.006476,rejected,,True,admin_assigned
MATCH_2215,ALUMNI_M2145,S3150,51.0,2026-04-30 11:22:13.006665,pending,,True,auto_suggestion
MATCH_2216,M424,S240,48.0,2026-04-29 11:22:13.006877,pending,11.0,True,specific_request
MATCH_2217,M3467,S4390,51.0,2026-04-15 11:22:13.007079,completed,1.0,True,admin_assigned
MATCH_2218,M4086,S990,44.0,2026-04-13 11:22:13.007289,rejected,,True,high_compatibility
MATCH_2219,M4838,S2556,55.0,2026-04-13 11:22:13.007480,pending,54.0,False,high_compatibility
MATCH_2220,M3213,S4362,51.0,2026-04-08 11:22:13.007666,rejected,29.0,True,auto_suggestion
MATCH_2221,ALUMNI_M5190,S3394,44.0,2026-04-23 11:22:13.007887,rejected,40.0,False,auto_suggestion
MATCH_2222,M1187,S3389,57.67,2026-04-25 11:22:13.008084,accepted,23.0,False,specific_request
MATCH_2223,ALUMNI_M1661,S3678,51.0,2026-04-24 11:22:13.008283,rejected,32.0,False,specific_request
MATCH_2224,ALUMNI_M4829,S3797,51.0,2026-04-13 11:22:13.008482,completed,33.0,True,auto_suggestion
MATCH_2225,M2011,S2241,44.0,2026-04-08 11:22:13.008670,completed,,True,admin_assigned
MATCH_2226,ALUMNI_M2018,S3372,61.5,2026-04-14 11:22:13.008878,pending,55.0,False,specific_request
MATCH_2227,M4160,S506,44.0,2026-04-06 11:22:13.009066,accepted,,False,admin_assigned
MATCH_2228,ALUMNI_M3711,S4539,44.0,2026-04-07 11:22:13.009273,rejected,,True,admin_assigned
MATCH_2229,ALUMNI_M797,S1446,48.5,2026-04-18 11:22:13.009473,accepted,64.0,True,specific_request
MATCH_2230,ALUMNI_M2387,S485,51.0,2026-04-12 11:22:13.009660,pending,54.0,True,specific_request
MATCH_2231,ALUMNI_M2156,S3538,44.0,2026-04-12 11:22:13.010414,rejected,23.0,False,high_compatibility
MATCH_2232,M2619,S1019,42.33,2026-04-26 11:22:13.010683,accepted,5.0,False,specific_request
MATCH_2233,ALUMNI_M4865,S2165,55.0,2026-05-03 11:22:13.011022,accepted,,True,admin_assigned
MATCH_2234,ALUMNI_M876,S2385,62.5,2026-04-24 11:22:13.011273,rejected,70.0,False,auto_suggestion
MATCH_2235,ALUMNI_M4282,S1196,51.0,2026-04-23 11:22:13.011479,pending,,False,high_compatibility
MATCH_2236,M3585,S2008,48.5,2026-04-10 11:22:13.011837,accepted,25.0,False,auto_suggestion
MATCH_2237,M1461,S1005,48.0,2026-04-09 11:22:13.012095,pending,,True,specific_request
MATCH_2238,M4249,S3065,61.36,2026-04-21 11:22:13.012423,completed,,False,admin_assigned
MATCH_2239,ALUMNI_M1377,S3978,51.0,2026-04-09 11:22:13.012652,accepted,7.0,False,admin_assigned
MATCH_2240,M4687,S3406,47.67,2026-05-06 11:22:13.012980,rejected,8.0,True,high_compatibility
MATCH_2241,ALUMNI_M893,S1908,44.0,2026-04-26 11:22:13.013212,completed,35.0,False,auto_suggestion
MATCH_2242,ALUMNI_M3719,S3980,65.5,2026-04-24 11:22:13.013534,completed,,False,admin_assigned
MATCH_2243,ALUMNI_M270,S4283,68.5,2026-04-18 11:22:13.013841,accepted,26.0,True,specific_request
MATCH_2244,ALUMNI_M5611,S4259,48.33,2026-04-25 11:22:13.014148,pending,49.0,False,admin_assigned
MATCH_2245,M835,S1273,51.0,2026-04-23 11:22:13.014489,rejected,30.0,True,admin_assigned
MATCH_2246,ALUMNI_M1395,S2246,44.0,2026-04-21 11:22:13.014766,pending,36.0,False,specific_request
MATCH_2247,ALUMNI_M368,S3772,44.0,2026-05-02 11:22:13.015123,rejected,45.0,False,auto_suggestion
MATCH_2248,ALUMNI_M4358,S651,51.0,2026-04-16 11:22:13.015383,rejected,,False,auto_suggestion
MATCH_2249,M390,S891,51.0,2026-04-30 11:22:13.015814,rejected,20.0,True,admin_assigned
MATCH_2250,ALUMNI_M5410,S3070,36.22,2026-04-23 11:22:13.016057,completed,37.0,True,high_compatibility
MATCH_2251,ALUMNI_M408,S3467,44.0,2026-04-10 11:22:13.016274,completed,21.0,False,admin_assigned
MATCH_2252,M51,S3673,51.0,2026-04-20 11:22:13.016573,accepted,,False,auto_suggestion
MATCH_2253,M2919,S751,51.0,2026-04-13 11:22:13.016900,pending,,False,specific_request
MATCH_2254,ALUMNI_M5067,S184,68.5,2026-04-07 11:22:13.017150,rejected,,True,auto_suggestion
MATCH_2255,ALUMNI_M4930,S2642,55.0,2026-05-03 11:22:13.017462,pending,,False,admin_assigned
MATCH_2256,M1402,S3782,51.0,2026-04-16 11:22:13.017783,accepted,13.0,True,high_compatibility
MATCH_2257,ALUMNI_M719,S1667,51.0,2026-04-11 11:22:13.018081,rejected,41.0,False,auto_suggestion
MATCH_2258,ALUMNI_M5920,S3374,51.0,2026-04-17 11:22:13.018327,accepted,49.0,False,specific_request
MATCH_2259,ALUMNI_M5426,S4273,54.67,2026-04-22 11:22:13.019065,completed,63.0,False,auto_suggestion
MATCH_2260,M3130,S1661,51.0,2026-04-12 11:22:13.019455,completed,40.0,True,high_compatibility
MATCH_2261,ALUMNI_M3287,S3428,68.5,2026-05-01 11:22:13.019745,completed,57.0,False,admin_assigned
MATCH_2262,M4392,S4722,44.0,2026-04-16 11:22:13.020100,rejected,65.0,False,auto_suggestion
MATCH_2263,M3611,S1161,55.0,2026-05-04 11:22:13.020527,rejected,31.0,False,auto_suggestion
MATCH_2264,M811,S2384,51.0,2026-04-28 11:22:13.020930,rejected,22.0,True,high_compatibility
MATCH_2265,ALUMNI_M533,S1360,60.07,2026-04-16 11:22:13.021178,accepted,17.0,True,specific_request
MATCH_2266,M4954,S4582,55.0,2026-04-09 11:22:13.021495,accepted,,True,specific_request
MATCH_2267,M2418,S2131,51.0,2026-04-09 11:22:13.021768,accepted,64.0,False,specific_request
MATCH_2268,ALUMNI_M3382,S2175,55.0,2026-05-04 11:22:13.022117,pending,40.0,True,auto_suggestion
MATCH_2269,M4569,S1296,44.0,2026-04-20 11:22:13.022485,pending,48.0,True,high_compatibility
MATCH_2270,M4738,S4490,51.0,2026-04-26 11:22:13.022910,completed,10.0,False,high_compatibility
MATCH_2271,ALUMNI_M2781,S429,44.0,2026-04-17 11:22:13.023333,rejected,68.0,False,high_compatibility
MATCH_2272,M1773,S4978,51.0,2026-04-30 11:22:13.023731,pending,,True,high_compatibility
MATCH_2273,ALUMNI_M1483,S347,48.0,2026-04-26 11:22:13.024154,accepted,,True,auto_suggestion
MATCH_2274,M483,S1224,37.33,2026-04-27 11:22:13.024548,accepted,15.0,False,high_compatibility
MATCH_2275,M474,S779,44.0,2026-04-26 11:22:13.024976,rejected,15.0,False,admin_assigned
MATCH_2276,ALUMNI_M4360,S2372,41.5,2026-04-13 11:22:13.025394,accepted,,True,high_compatibility
MATCH_2277,ALUMNI_M3385,S930,51.0,2026-05-05 11:22:13.025819,pending,52.0,True,admin_assigned
MATCH_2278,ALUMNI_M4884,S2816,51.0,2026-04-22 11:22:13.026243,completed,22.0,True,specific_request
MATCH_2279,M160,S4794,51.0,2026-04-14 11:22:13.026634,accepted,41.0,True,specific_request
MATCH_2280,ALUMNI_M5109,S3920,51.0,2026-04-24 11:22:13.027040,rejected,66.0,False,high_compatibility
MATCH_2281,ALUMNI_M5458,S880,51.0,2026-05-05 11:22:13.027413,completed,4.0,False,admin_assigned
MATCH_2282,ALUMNI_M4194,S4526,51.0,2026-04-12 11:22:13.027811,pending,57.0,False,specific_request
MATCH_2283,M1774,S4360,51.0,2026-04-19 11:22:13.028126,pending,,False,high_compatibility
MATCH_2284,M3650,S4566,45.0,2026-04-26 11:22:13.028371,accepted,,True,auto_suggestion
MATCH_2285,ALUMNI_M3726,S2786,51.0,2026-04-23 11:22:13.028607,accepted,41.0,False,auto_suggestion
MATCH_2286,M4946,S4686,61.5,2026-04-12 11:22:13.028952,pending,,False,admin_assigned
MATCH_2287,ALUMNI_M5805,S2637,41.33,2026-04-21 11:22:13.029454,rejected,,True,admin_assigned
MATCH_2288,M4467,S3890,44.0,2026-04-27 11:22:13.029838,accepted,38.0,True,specific_request
MATCH_2289,ALUMNI_M2951,S2396,55.0,2026-05-06 11:22:13.030086,rejected,10.0,False,specific_request
MATCH_2290,M4656,S3365,50.67,2026-04-16 11:22:13.030512,completed,7.0,False,high_compatibility
MATCH_2291,M4160,S1916,51.0,2026-04-19 11:22:13.030840,rejected,21.0,False,auto_suggestion
MATCH_2292,ALUMNI_M5006,S4564,55.0,2026-04-24 11:22:13.031197,completed,,False,auto_suggestion
MATCH_2293,M3652,S3837,68.5,2026-04-13 11:22:13.031424,pending,13.0,False,specific_request
MATCH_2294,ALUMNI_M4056,S1170,55.0,2026-04-19 11:22:13.031764,completed,45.0,False,specific_request
MATCH_2295,M3817,S779,44.0,2026-04-08 11:22:13.032007,pending,60.0,False,high_compatibility
MATCH_2296,ALUMNI_M1062,S996,68.5,2026-04-15 11:22:13.032340,pending,13.0,True,specific_request
MATCH_2297,M1858,S1090,44.0,2026-04-10 11:22:13.032562,rejected,72.0,False,auto_suggestion
MATCH_2298,ALUMNI_M3404,S2199,44.0,2026-04-28 11:22:13.032958,pending,70.0,False,specific_request
MATCH_2299,M2116,S1712,44.0,2026-04-13 11:22:13.033258,rejected,32.0,False,specific_request
MATCH_2300,M4796,S588,51.0,2026-04-30 11:22:13.033545,pending,48.0,True,specific_request
MATCH_2301,ALUMNI_M1493,S4226,55.0,2026-05-05 11:22:13.033843,completed,26.0,False,admin_assigned
MATCH_2302,ALUMNI_M384,S3328,61.5,2026-04-08 11:22:13.034170,completed,22.0,True,specific_request
MATCH_2303,M4010,S3328,40.25,2026-04-27 11:22:13.034386,completed,71.0,False,specific_request
MATCH_2304,M3451,S2644,51.0,2026-04-14 11:22:13.034792,accepted,5.0,False,high_compatibility
MATCH_2305,M3950,S3076,68.5,2026-04-17 11:22:13.035109,pending,,True,auto_suggestion
MATCH_2306,M3469,S1497,75.17,2026-04-19 11:22:13.035343,pending,63.0,False,auto_suggestion
MATCH_2307,M3979,S2398,55.0,2026-05-01 11:22:13.035673,completed,37.0,False,specific_request
MATCH_2308,M1046,S4557,55.0,2026-04-25 11:22:13.036048,pending,12.0,True,admin_assigned
MATCH_2309,M3076,S1705,51.0,2026-05-03 11:22:13.036327,completed,39.0,True,high_compatibility
MATCH_2310,ALUMNI_M4030,S3528,55.0,2026-04-07 11:22:13.036594,rejected,46.0,False,high_compatibility
MATCH_2311,ALUMNI_M3502,S931,68.5,2026-04-08 11:22:13.036901,rejected,18.0,True,auto_suggestion
MATCH_2312,ALUMNI_M4322,S2405,68.17,2026-04-28 11:22:13.037212,pending,,True,specific_request
MATCH_2313,M4230,S2741,44.0,2026-04-27 11:22:13.037526,accepted,55.0,True,admin_assigned
MATCH_2314,M1581,S284,51.0,2026-04-26 11:22:13.037863,pending,,True,auto_suggestion
MATCH_2315,ALUMNI_M3333,S2411,61.5,2026-05-06 11:22:13.038076,pending,20.0,True,admin_assigned
MATCH_2316,M1979,S4632,44.0,2026-05-03 11:22:13.038283,rejected,9.0,False,admin_assigned
MATCH_2317,M2023,S1801,65.5,2026-04-28 11:22:13.038481,completed,39.0,False,specific_request
MATCH_2318,M1081,S1393,68.5,2026-04-22 11:22:13.038684,rejected,2.0,False,auto_suggestion
MATCH_2319,ALUMNI_M3644,S3891,51.0,2026-04-17 11:22:13.038957,rejected,,True,admin_assigned
MATCH_2320,ALUMNI_M854,S4727,51.0,2026-04-18 11:22:13.039225,accepted,,False,auto_suggestion
MATCH_2321,ALUMNI_M5443,S638,51.0,2026-05-02 11:22:13.039661,completed,28.0,True,specific_request
MATCH_2322,ALUMNI_M211,S2707,51.0,2026-04-16 11:22:13.040052,rejected,13.0,True,specific_request
MATCH_2323,M4350,S4635,63.5,2026-04-19 11:22:13.040295,accepted,23.0,True,auto_suggestion
MATCH_2324,ALUMNI_M5130,S4446,61.5,2026-04-28 11:22:13.040572,rejected,28.0,True,high_compatibility
MATCH_2325,ALUMNI_M5217,S3420,68.5,2026-05-01 11:22:13.040856,rejected,65.0,True,admin_assigned
MATCH_2326,ALUMNI_M288,S4250,43.86,2026-04-06 11:22:13.041085,rejected,26.0,True,specific_request
MATCH_2327,ALUMNI_M3204,S90,51.0,2026-05-01 11:22:13.041386,completed,49.0,True,high_compatibility
MATCH_2328,M1072,S741,79.17,2026-04-23 11:22:13.041598,pending,18.0,True,admin_assigned
MATCH_2329,ALUMNI_M4131,S2271,65.17,2026-04-11 11:22:13.041873,pending,17.0,True,specific_request
MATCH_2330,M931,S1447,44.0,2026-04-11 11:22:13.042078,pending,,False,specific_request
MATCH_2331,ALUMNI_M2706,S1965,51.0,2026-04-07 11:22:13.042289,rejected,39.0,True,admin_assigned
MATCH_2332,M878,S3266,48.0,2026-04-25 11:22:13.042500,accepted,66.0,False,auto_suggestion
MATCH_2333,M551,S1541,44.0,2026-04-18 11:22:13.042761,accepted,11.0,False,specific_request
MATCH_2334,ALUMNI_M5199,S2440,51.0,2026-04-24 11:22:13.042986,completed,52.0,False,auto_suggestion
MATCH_2335,ALUMNI_M2813,S1772,51.0,2026-04-20 11:22:13.043215,pending,,True,auto_suggestion
MATCH_2336,M1967,S312,47.67,2026-04-17 11:22:13.043416,accepted,,True,specific_request
MATCH_2337,ALUMNI_M335,S3526,44.0,2026-04-10 11:22:13.043624,accepted,40.0,False,high_compatibility
MATCH_2338,ALUMNI_M3407,S4061,44.0,2026-04-08 11:22:13.043901,completed,3.0,True,auto_suggestion
MATCH_2339,M2803,S2329,44.0,2026-04-09 11:22:13.044117,rejected,26.0,True,auto_suggestion
MATCH_2340,ALUMNI_M2726,S4061,65.5,2026-04-17 11:22:13.044321,completed,52.0,False,specific_request
MATCH_2341,ALUMNI_M1254,S2879,51.0,2026-04-09 11:22:13.044520,accepted,,True,auto_suggestion
MATCH_2342,ALUMNI_M505,S4025,51.0,2026-04-12 11:22:13.044805,rejected,63.0,False,specific_request
MATCH_2343,M207,S1525,72.5,2026-05-04 11:22:13.045039,rejected,33.0,False,high_compatibility
MATCH_2344,M4134,S2184,37.33,2026-05-06 11:22:13.045244,pending,68.0,True,specific_request
MATCH_2345,ALUMNI_M1003,S1918,55.0,2026-04-10 11:22:13.045443,pending,3.0,True,specific_request
MATCH_2346,ALUMNI_M412,S3273,51.0,2026-04-28 11:22:13.045646,accepted,1.0,False,auto_suggestion
MATCH_2347,ALUMNI_M3593,S383,50.67,2026-04-15 11:22:13.045867,pending,43.0,True,high_compatibility
MATCH_2348,ALUMNI_M2488,S2011,44.0,2026-05-04 11:22:13.046061,rejected,,False,admin_assigned
MATCH_2349,M1729,S4128,55.0,2026-04-11 11:22:13.046267,completed,,True,auto_suggestion
MATCH_2350,ALUMNI_M5362,S3800,44.0,2026-04-09 11:22:13.046463,accepted,,False,high_compatibility
MATCH_2351,M4244,S4705,44.0,2026-04-20 11:22:13.046750,rejected,18.0,False,auto_suggestion
MATCH_2352,M909,S2861,40.86,2026-04-13 11:22:13.046964,accepted,11.0,False,admin_assigned
MATCH_2353,ALUMNI_M2139,S2006,64.06,2026-04-16 11:22:13.047171,rejected,12.0,False,specific_request
MATCH_2354,ALUMNI_M316,S1297,61.5,2026-04-20 11:22:13.047368,accepted,40.0,False,admin_assigned
MATCH_2355,ALUMNI_M4914,S4982,51.0,2026-04-22 11:22:13.047563,pending,9.0,False,high_compatibility
MATCH_2356,ALUMNI_M4165,S1056,38.44,2026-04-30 11:22:13.047773,rejected,8.0,False,auto_suggestion
MATCH_2357,ALUMNI_M4321,S946,48.0,2026-04-10 11:22:13.047971,completed,,True,auto_suggestion
MATCH_2358,M3590,S1888,44.0,2026-05-06 11:22:13.048173,pending,41.0,False,high_compatibility
MATCH_2359,M1420,S2360,68.5,2026-04-12 11:22:13.048370,pending,,True,specific_request
MATCH_2360,M2381,S4124,51.0,2026-04-13 11:22:13.048560,completed,,True,specific_request
MATCH_2361,ALUMNI_M1002,S3842,51.0,2026-04-15 11:22:13.048766,pending,,True,high_compatibility
MATCH_2362,ALUMNI_M3025,S882,44.0,2026-04-13 11:22:13.048960,rejected,32.0,True,auto_suggestion
MATCH_2363,ALUMNI_M3185,S4914,51.0,2026-05-05 11:22:13.049157,accepted,28.0,False,specific_request
MATCH_2364,ALUMNI_M4389,S1951,39.56,2026-05-06 11:22:13.049352,completed,,False,specific_request
MATCH_2365,M1299,S3655,38.29,2026-04-13 11:22:13.049540,accepted,66.0,True,high_compatibility
MATCH_2366,ALUMNI_M543,S1354,57.75,2026-04-19 11:22:13.049757,accepted,,True,high_compatibility
MATCH_2367,ALUMNI_M223,S2828,48.0,2026-04-23 11:22:13.049960,accepted,5.0,False,high_compatibility
MATCH_2368,ALUMNI_M5921,S4333,51.25,2026-04-16 11:22:13.050161,pending,60.0,False,high_compatibility
MATCH_2369,M80,S1220,51.0,2026-04-21 11:22:13.050372,completed,48.0,False,admin_assigned
MATCH_2370,M2185,S4024,51.0,2026-04-24 11:22:13.050561,completed,9.0,False,specific_request
MATCH_2371,ALUMNI_M4580,S3133,44.75,2026-04-26 11:22:13.050861,completed,,True,auto_suggestion
MATCH_2372,ALUMNI_M5483,S1156,51.0,2026-05-03 11:22:13.051084,completed,,False,admin_assigned
MATCH_2373,ALUMNI_M3337,S1355,51.0,2026-04-24 11:22:13.051296,accepted,51.0,True,high_compatibility
MATCH_2374,ALUMNI_M5280,S2819,51.0,2026-04-19 11:22:13.051488,completed,18.0,False,specific_request
MATCH_2375,ALUMNI_M4579,S3074,51.0,2026-04-28 11:22:13.051688,rejected,57.0,False,specific_request
MATCH_2376,ALUMNI_M5573,S2964,51.0,2026-04-29 11:22:13.051896,completed,5.0,True,specific_request
MATCH_2377,M827,S4674,68.5,2026-05-06 11:22:13.052089,completed,,True,high_compatibility
MATCH_2378,ALUMNI_M715,S2637,61.5,2026-04-20 11:22:13.052301,pending,,False,auto_suggestion
MATCH_2379,ALUMNI_M5153,S1073,65.5,2026-05-05 11:22:13.052493,rejected,2.0,True,high_compatibility
MATCH_2380,ALUMNI_M1687,S946,44.0,2026-04-11 11:22:13.052693,rejected,,True,auto_suggestion
MATCH_2381,M4678,S838,51.0,2026-04-18 11:22:13.052904,rejected,52.0,True,high_compatibility
MATCH_2382,M1916,S4297,39.0,2026-04-19 11:22:13.053095,pending,5.0,False,high_compatibility
MATCH_2383,ALUMNI_M715,S3365,44.0,2026-04-19 11:22:13.053296,pending,,True,high_compatibility
MATCH_2384,ALUMNI_M3290,S434,50.52,2026-04-08 11:22:13.053484,completed,,False,specific_request
MATCH_2385,M4975,S1690,51.0,2026-04-21 11:22:13.053682,accepted,45.0,True,admin_assigned
MATCH_2386,ALUMNI_M2056,S1837,55.0,2026-04-30 11:22:13.053888,accepted,49.0,True,admin_assigned
MATCH_2387,ALUMNI_M5180,S4380,51.0,2026-04-30 11:22:13.054078,rejected,,False,high_compatibility
MATCH_2388,M2687,S4758,44.75,2026-04-22 11:22:13.054279,accepted,63.0,False,admin_assigned
MATCH_2389,ALUMNI_M1991,S4513,55.0,2026-05-06 11:22:13.054465,pending,72.0,True,specific_request
MATCH_2390,M3802,S4107,51.0,2026-04-17 11:22:13.054653,completed,8.0,True,specific_request
MATCH_2391,ALUMNI_M2433,S2163,55.0,2026-04-28 11:22:13.054862,completed,,True,specific_request
MATCH_2392,M2504,S144,61.5,2026-04-11 11:22:13.055055,pending,4.0,True,specific_request
MATCH_2393,ALUMNI_M78,S3159,44.0,2026-04-11 11:22:13.055258,rejected,,False,high_compatibility
MATCH_2394,M856,S3481,55.0,2026-04-06 11:22:13.055447,rejected,26.0,False,admin_assigned
MATCH_2395,ALUMNI_M1884,S4376,68.5,2026-04-06 11:22:13.055635,rejected,35.0,False,specific_request
MATCH_2396,M1061,S3858,51.0,2026-04-12 11:22:13.055839,accepted,2.0,True,specific_request
MATCH_2397,M14,S2626,51.0,2026-05-05 11:22:13.056032,accepted,44.0,True,high_compatibility
MATCH_2398,ALUMNI_M1755,S4191,44.0,2026-04-29 11:22:13.056233,rejected,11.0,False,admin_assigned
MATCH_2399,M3896,S991,51.0,2026-04-27 11:22:13.056423,completed,69.0,True,specific_request
MATCH_2400,ALUMNI_M4052,S3382,44.0,2026-04-22 11:22:13.056649,rejected,34.0,False,specific_request
MATCH_2401,ALUMNI_M1230,S3257,44.0,2026-04-21 11:22:13.056933,completed,49.0,False,admin_assigned
MATCH_2402,ALUMNI_M4782,S1717,52.5,2026-04-11 11:22:13.057131,rejected,,True,specific_request
MATCH_2403,ALUMNI_M5491,S2393,51.0,2026-04-27 11:22:13.057333,completed,62.0,False,high_compatibility
MATCH_2404,M2600,S279,44.0,2026-04-08 11:22:13.057565,completed,54.0,False,auto_suggestion
MATCH_2405,ALUMNI_M2514,S3104,46.71,2026-05-02 11:22:13.057781,pending,48.0,True,auto_suggestion
MATCH_2406,M800,S3305,54.67,2026-04-27 11:22:13.057974,accepted,32.0,False,auto_suggestion
MATCH_2407,M4117,S3022,55.0,2026-04-20 11:22:13.058183,completed,1.0,True,high_compatibility
MATCH_2408,M1247,S1191,44.0,2026-04-16 11:22:13.058373,rejected,55.0,True,auto_suggestion
MATCH_2409,M2648,S3860,44.0,2026-04-29 11:22:13.058562,pending,58.0,True,high_compatibility
MATCH_2410,ALUMNI_M3670,S4926,38.29,2026-04-24 11:22:13.058772,pending,24.0,True,auto_suggestion
MATCH_2411,ALUMNI_M3672,S4107,51.0,2026-04-30 11:22:13.058964,completed,43.0,True,admin_assigned
MATCH_2412,M2006,S2336,55.0,2026-04-09 11:22:13.059162,rejected,28.0,False,specific_request
MATCH_2413,ALUMNI_M1463,S307,63.5,2026-04-24 11:22:13.059432,completed,,False,auto_suggestion
MATCH_2414,M993,S1657,68.5,2026-04-21 11:22:13.059664,completed,67.0,True,specific_request
MATCH_2415,ALUMNI_M5482,S579,44.0,2026-04-16 11:22:13.059900,accepted,,False,specific_request
MATCH_2416,M4798,S4460,62.5,2026-04-24 11:22:13.060093,rejected,61.0,False,admin_assigned
MATCH_2417,ALUMNI_M3951,S3229,48.78,2026-04-27 11:22:13.060294,accepted,61.0,False,high_compatibility
MATCH_2418,M1456,S1231,48.0,2026-04-23 11:22:13.060508,completed,,False,admin_assigned
MATCH_2419,M3137,S4880,44.0,2026-04-18 11:22:13.060702,pending,56.0,False,admin_assigned
MATCH_2420,M969,S1878,51.0,2026-05-05 11:22:13.060913,completed,,False,high_compatibility
MATCH_2421,ALUMNI_M2701,S1694,51.0,2026-04-16 11:22:13.061103,accepted,59.0,False,admin_assigned
MATCH_2422,M4595,S446,55.0,2026-04-14 11:22:13.061302,rejected,41.0,False,specific_request
MATCH_2423,ALUMNI_M2924,S252,51.0,2026-04-11 11:22:13.061502,completed,23.0,False,admin_assigned
MATCH_2424,M4584,S321,48.0,2026-05-04 11:22:13.061717,accepted,,False,high_compatibility
MATCH_2425,ALUMNI_M784,S3286,51.0,2026-04-17 11:22:13.061914,pending,43.0,False,auto_suggestion
MATCH_2426,ALUMNI_M668,S1189,61.5,2026-04-15 11:22:13.062103,completed,51.0,True,specific_request
MATCH_2427,M4254,S2339,61.5,2026-05-04 11:22:13.062306,rejected,,True,auto_suggestion
MATCH_2428,M3797,S4906,48.0,2026-04-22 11:22:13.062506,pending,32.0,True,high_compatibility
MATCH_2429,ALUMNI_M3051,S2389,44.0,2026-05-01 11:22:13.062719,rejected,,False,high_compatibility
MATCH_2430,ALUMNI_M4538,S3617,55.0,2026-05-06 11:22:13.062917,accepted,72.0,False,admin_assigned
MATCH_2431,M3673,S2037,47.0,2026-04-24 11:22:13.063130,pending,,True,admin_assigned
MATCH_2432,ALUMNI_M2579,S1922,75.17,2026-04-29 11:22:13.063333,pending,,False,auto_suggestion
MATCH_2433,ALUMNI_M1665,S4903,75.17,2026-04-16 11:22:13.063537,completed,13.0,False,admin_assigned
MATCH_2434,M555,S4121,44.0,2026-04-11 11:22:13.063747,completed,21.0,False,admin_assigned
MATCH_2435,ALUMNI_M1335,S74,51.0,2026-04-28 11:22:13.063946,accepted,22.0,False,auto_suggestion
MATCH_2436,M1050,S4528,48.0,2026-04-27 11:22:13.064138,completed,,True,high_compatibility
MATCH_2437,M1973,S3606,40.67,2026-05-05 11:22:13.064339,completed,,False,specific_request
MATCH_2438,M2102,S2723,51.0,2026-04-25 11:22:13.064525,pending,32.0,False,specific_request
MATCH_2439,ALUMNI_M3869,S4,51.0,2026-04-12 11:22:13.064733,completed,,True,admin_assigned
MATCH_2440,ALUMNI_M542,S3972,44.0,2026-04-12 11:22:13.064931,pending,6.0,False,auto_suggestion
MATCH_2441,M4881,S2880,51.0,2026-05-05 11:22:13.065122,completed,52.0,True,high_compatibility
MATCH_2442,ALUMNI_M3692,S3870,66.25,2026-04-11 11:22:13.065335,pending,,False,admin_assigned
MATCH_2443,ALUMNI_M3230,S212,68.5,2026-05-06 11:22:13.065534,accepted,34.0,True,admin_assigned
MATCH_2444,ALUMNI_M3165,S2870,51.0,2026-04-25 11:22:13.065763,rejected,63.0,True,specific_request
MATCH_2445,ALUMNI_M5186,S4955,72.5,2026-04-22 11:22:13.065959,pending,,False,admin_assigned
MATCH_2446,ALUMNI_M301,S3638,51.0,2026-04-10 11:22:13.066167,completed,49.0,True,high_compatibility
MATCH_2447,M40,S1166,44.0,2026-05-03 11:22:13.066364,pending,52.0,True,high_compatibility
MATCH_2448,M3825,S4221,44.0,2026-04-15 11:22:13.066556,accepted,7.0,True,admin_assigned
MATCH_2449,M4178,S1304,44.0,2026-04-24 11:22:13.066769,pending,65.0,True,auto_suggestion
MATCH_2450,ALUMNI_M964,S1568,44.0,2026-04-23 11:22:13.066972,pending,57.0,False,auto_suggestion
MATCH_2451,M2619,S2940,79.17,2026-04-25 11:22:13.067182,pending,,True,auto_suggestion
MATCH_2452,ALUMNI_M4150,S1693,51.0,2026-04-17 11:22:13.067373,pending,33.0,False,high_compatibility
MATCH_2453,M3656,S209,44.33,2026-04-13 11:22:13.067565,rejected,,True,high_compatibility
MATCH_2454,ALUMNI_M2570,S3503,51.0,2026-04-25 11:22:13.067776,accepted,57.0,False,auto_suggestion
MATCH_2455,ALUMNI_M34,S599,55.0,2026-05-06 11:22:13.067970,pending,,True,high_compatibility
MATCH_2456,ALUMNI_M143,S2726,51.0,2026-04-20 11:22:13.068169,pending,55.0,False,specific_request
MATCH_2457,M1824,S4347,55.0,2026-04-12 11:22:13.068363,rejected,65.0,False,auto_suggestion
MATCH_2458,ALUMNI_M2697,S25,44.0,2026-04-09 11:22:13.068555,completed,40.0,False,admin_assigned
MATCH_2459,ALUMNI_M1097,S4002,51.0,2026-04-12 11:22:13.068761,accepted,18.0,False,high_compatibility
MATCH_2460,M538,S4943,44.0,2026-04-17 11:22:13.068952,completed,25.0,False,auto_suggestion
MATCH_2461,ALUMNI_M4000,S741,57.67,2026-04-14 11:22:13.069151,completed,17.0,False,admin_assigned
MATCH_2462,ALUMNI_M1641,S4431,66.0,2026-04-17 11:22:13.069344,pending,15.0,True,specific_request
MATCH_2463,ALUMNI_M3745,S872,68.5,2026-04-25 11:22:13.069541,accepted,34.0,False,admin_assigned
MATCH_2464,ALUMNI_M1391,S556,51.0,2026-04-30 11:22:13.069745,completed,,True,auto_suggestion
MATCH_2465,ALUMNI_M4931,S3306,41.5,2026-04-17 11:22:13.069958,completed,20.0,True,admin_assigned
MATCH_2466,ALUMNI_M3247,S751,51.0,2026-04-29 11:22:13.070225,completed,12.0,True,auto_suggestion
MATCH_2467,ALUMNI_M3032,S4776,68.5,2026-04-20 11:22:13.070450,accepted,8.0,False,specific_request
MATCH_2468,ALUMNI_M3556,S850,51.0,2026-04-20 11:22:13.070641,pending,32.0,False,high_compatibility
MATCH_2469,M2701,S1078,57.67,2026-04-09 11:22:13.070849,pending,,False,high_compatibility
MATCH_2470,M1188,S3098,48.0,2026-04-11 11:22:13.071037,pending,58.0,True,auto_suggestion
MATCH_2471,ALUMNI_M5205,S2488,51.0,2026-04-28 11:22:13.071237,completed,,False,high_compatibility
MATCH_2472,M3208,S3905,68.5,2026-04-14 11:22:13.071433,completed,,True,specific_request
MATCH_2473,M3569,S4766,61.5,2026-04-25 11:22:13.071619,pending,2.0,False,high_compatibility
MATCH_2474,M3885,S2207,55.0,2026-04-20 11:22:13.071824,completed,71.0,False,specific_request
MATCH_2475,ALUMNI_M1139,S3265,57.67,2026-04-17 11:22:13.072016,rejected,11.0,False,auto_suggestion
MATCH_2476,ALUMNI_M4305,S2913,57.67,2026-04-19 11:22:13.072267,accepted,,False,auto_suggestion
MATCH_2477,M4025,S4236,51.0,2026-04-29 11:22:13.072463,pending,53.0,True,auto_suggestion
MATCH_2478,M1408,S3891,57.67,2026-04-21 11:22:13.072657,pending,69.0,True,high_compatibility
MATCH_2479,ALUMNI_M2877,S679,44.0,2026-04-10 11:22:13.072874,completed,21.0,False,high_compatibility
MATCH_2480,ALUMNI_M5864,S3567,44.0,2026-04-13 11:22:13.073068,completed,26.0,True,admin_assigned
MATCH_2481,M3206,S321,48.0,2026-04-17 11:22:13.073406,rejected,6.0,False,specific_request
MATCH_2482,ALUMNI_M2110,S3064,52.78,2026-04-07 11:22:13.073824,accepted,,False,admin_assigned
MATCH_2483,ALUMNI_M2154,S2534,68.5,2026-04-26 11:22:13.074065,completed,,True,admin_assigned
MATCH_2484,ALUMNI_M5061,S4247,44.0,2026-04-24 11:22:13.074273,rejected,,True,specific_request
MATCH_2485,M4608,S4772,48.0,2026-05-03 11:22:13.074471,accepted,67.0,True,high_compatibility
MATCH_2486,ALUMNI_M4760,S3434,61.5,2026-04-26 11:22:13.074662,completed,,False,admin_assigned
MATCH_2487,M2685,S4597,75.17,2026-04-27 11:22:13.074935,completed,10.0,True,auto_suggestion
MATCH_2488,ALUMNI_M3092,S1488,55.0,2026-04-08 11:22:13.075132,accepted,,True,admin_assigned
MATCH_2489,M731,S4647,61.5,2026-04-14 11:22:13.075334,accepted,,True,high_compatibility
MATCH_2490,ALUMNI_M2016,S2656,48.0,2026-04-14 11:22:13.075527,rejected,33.0,False,auto_suggestion
MATCH_2491,ALUMNI_M5090,S4254,51.0,2026-04-09 11:22:13.075789,completed,69.0,True,admin_assigned
MATCH_2492,ALUMNI_M112,S293,44.0,2026-04-18 11:22:13.076016,rejected,14.0,True,admin_assigned
MATCH_2493,M4768,S2281,48.0,2026-05-06 11:22:13.076246,completed,3.0,False,admin_assigned
MATCH_2494,ALUMNI_M2842,S2218,47.81,2026-04-25 11:22:13.076454,pending,20.0,True,admin_assigned
MATCH_2495,M4529,S1565,55.0,2026-04-15 11:22:13.076645,completed,3.0,False,admin_assigned
MATCH_2496,ALUMNI_M2040,S1477,51.0,2026-04-06 11:22:13.076926,rejected,8.0,True,admin_assigned
MATCH_2497,M2883,S2245,48.0,2026-05-06 11:22:13.077130,accepted,56.0,True,admin_assigned
MATCH_2498,M1548,S4307,65.5,2026-04-19 11:22:13.077337,completed,,True,specific_request
MATCH_2499,M3170,S4268,51.0,2026-04-20 11:22:13.077523,pending,11.0,True,admin_assigned
MATCH_2500,ALUMNI_M1004,S54,44.0,2026-05-03 11:22:13.077778,completed,,True,auto_suggestion
MATCH_2501,ALUMNI_M3124,S4584,65.5,2026-04-16 11:22:13.078011,completed,6.0,False,specific_request
MATCH_2502,ALUMNI_M1472,S659,48.14,2026-04-16 11:22:13.078229,rejected,,False,specific_request
MATCH_2503,ALUMNI_M1530,S2130,67.07,2026-04-22 11:22:13.078447,pending,,False,high_compatibility
MATCH_2504,ALUMNI_M3085,S537,47.5,2026-04-30 11:22:13.078641,completed,70.0,True,auto_suggestion
MATCH_2505,ALUMNI_M856,S2451,44.0,2026-05-04 11:22:13.078851,accepted,18.0,False,auto_suggestion
MATCH_2506,M3777,S3172,48.0,2026-04-12 11:22:13.079044,completed,46.0,False,auto_suggestion
MATCH_2507,ALUMNI_M1082,S2915,40.67,2026-04-13 11:22:13.079247,rejected,50.0,False,auto_suggestion
MATCH_2508,M3275,S2961,68.5,2026-04-20 11:22:13.079434,accepted,,False,specific_request
MATCH_2509,ALUMNI_M3984,S1463,53.89,2026-04-26 11:22:13.079624,completed,47.0,True,high_compatibility
MATCH_2510,M37,S1201,55.0,2026-04-25 11:22:13.079837,pending,25.0,True,specific_request
MATCH_2511,M2313,S4147,54.83,2026-04-08 11:22:13.080028,rejected,45.0,True,high_compatibility
MATCH_2512,M4481,S3647,68.17,2026-04-13 11:22:13.080228,completed,19.0,True,high_compatibility
MATCH_2513,M4801,S4670,55.0,2026-05-04 11:22:13.080416,pending,49.0,True,high_compatibility
MATCH_2514,M2659,S1280,51.0,2026-04-11 11:22:13.080602,rejected,48.0,False,auto_suggestion
MATCH_2515,M1761,S154,68.5,2026-05-01 11:22:13.080812,rejected,,False,auto_suggestion
MATCH_2516,M3465,S2910,44.0,2026-05-05 11:22:13.081002,accepted,19.0,True,high_compatibility
MATCH_2517,ALUMNI_M2675,S2782,68.5,2026-04-25 11:22:13.081201,rejected,45.0,True,auto_suggestion
MATCH_2518,M4103,S1026,41.5,2026-05-06 11:22:13.081393,completed,,True,specific_request
MATCH_2519,M1794,S1386,57.67,2026-04-09 11:22:13.081579,completed,,True,high_compatibility
MATCH_2520,M1751,S3667,68.5,2026-04-23 11:22:13.081801,accepted,69.0,True,admin_assigned
MATCH_2521,ALUMNI_M5799,S2212,51.0,2026-04-22 11:22:13.081995,completed,39.0,True,high_compatibility
MATCH_2522,ALUMNI_M5822,S1733,51.0,2026-05-04 11:22:13.082206,completed,24.0,False,high_compatibility
MATCH_2523,ALUMNI_M4518,S3495,51.0,2026-04-08 11:22:13.082396,pending,13.0,False,high_compatibility
MATCH_2524,ALUMNI_M1073,S385,55.0,2026-04-12 11:22:13.082591,pending,,True,admin_assigned
MATCH_2525,M3093,S922,65.17,2026-04-26 11:22:13.082797,accepted,9.0,False,high_compatibility
MATCH_2526,ALUMNI_M3568,S4353,68.5,2026-05-01 11:22:13.082987,rejected,71.0,False,admin_assigned
MATCH_2527,M1397,S2200,61.67,2026-04-11 11:22:13.083221,pending,15.0,True,admin_assigned
MATCH_2528,ALUMNI_M1855,S3636,45.67,2026-04-21 11:22:13.083421,pending,33.0,False,specific_request
MATCH_2529,ALUMNI_M4590,S2308,44.0,2026-04-27 11:22:13.083620,accepted,36.0,True,auto_suggestion
MATCH_2530,M2682,S997,44.0,2026-04-30 11:22:13.083913,accepted,,True,specific_request
MATCH_2531,ALUMNI_M1595,S469,68.5,2026-04-11 11:22:13.084124,completed,,False,high_compatibility
MATCH_2532,ALUMNI_M2804,S4901,51.0,2026-04-16 11:22:13.084329,completed,29.0,False,auto_suggestion
MATCH_2533,ALUMNI_M1362,S4643,45.14,2026-04-27 11:22:13.084519,pending,72.0,False,admin_assigned
MATCH_2534,M3632,S1856,41.5,2026-04-08 11:22:13.084723,pending,45.0,True,high_compatibility
MATCH_2535,M862,S1983,44.0,2026-05-06 11:22:13.084922,rejected,44.0,False,auto_suggestion
MATCH_2536,ALUMNI_M2330,S4653,51.0,2026-05-05 11:22:13.085110,pending,,False,high_compatibility
MATCH_2537,ALUMNI_M3451,S3518,51.0,2026-04-27 11:22:13.085310,rejected,68.0,True,high_compatibility
MATCH_2538,M4212,S3429,40.0,2026-05-01 11:22:13.085496,completed,24.0,False,admin_assigned
MATCH_2539,M4878,S4065,64.06,2026-04-18 11:22:13.085685,completed,,False,auto_suggestion
MATCH_2540,ALUMNI_M1504,S1996,51.0,2026-04-29 11:22:13.085889,rejected,,True,specific_request
MATCH_2541,M3987,S4687,68.5,2026-04-19 11:22:13.086084,pending,,False,auto_suggestion
MATCH_2542,M8,S2935,38.44,2026-05-03 11:22:13.086290,pending,56.0,False,high_compatibility
MATCH_2543,ALUMNI_M1022,S3649,48.0,2026-04-24 11:22:13.086489,rejected,42.0,False,auto_suggestion
MATCH_2544,M713,S916,44.0,2026-05-05 11:22:13.086677,rejected,,False,high_compatibility
MATCH_2545,ALUMNI_M247,S3696,44.0,2026-04-14 11:22:13.086881,pending,,True,auto_suggestion
MATCH_2546,ALUMNI_M2221,S1433,44.0,2026-04-30 11:22:13.087071,rejected,1.0,True,auto_suggestion
MATCH_2547,ALUMNI_M2911,S3919,44.0,2026-04-18 11:22:13.087271,accepted,44.0,True,specific_request
MATCH_2548,ALUMNI_M3941,S2914,68.5,2026-04-10 11:22:13.087457,rejected,49.0,False,high_compatibility
MATCH_2549,M3393,S1653,55.0,2026-05-05 11:22:13.087644,rejected,41.0,False,admin_assigned
MATCH_2550,M1580,S3826,40.22,2026-04-16 11:22:13.087848,rejected,2.0,True,high_compatibility
MATCH_2551,ALUMNI_M849,S357,51.0,2026-05-04 11:22:13.088047,pending,42.0,True,high_compatibility
MATCH_2552,ALUMNI_M1485,S1720,39.56,2026-04-26 11:22:13.088247,pending,6.0,True,specific_request
MATCH_2553,ALUMNI_M3183,S1347,48.0,2026-04-07 11:22:13.088447,rejected,,False,high_compatibility
MATCH_2554,M4802,S3784,44.0,2026-04-12 11:22:13.088632,pending,5.0,False,specific_request
MATCH_2555,ALUMNI_M659,S3502,49.44,2026-04-19 11:22:13.088837,accepted,38.0,True,specific_request
MATCH_2556,M4008,S4053,51.0,2026-04-24 11:22:13.089024,rejected,13.0,True,high_compatibility
MATCH_2557,M135,S3836,54.67,2026-05-03 11:22:13.089231,pending,,True,specific_request
MATCH_2558,ALUMNI_M5618,S1940,68.5,2026-04-07 11:22:13.089424,accepted,,True,auto_suggestion
MATCH_2559,M4883,S2454,68.5,2026-04-10 11:22:13.089614,completed,63.0,True,admin_assigned
MATCH_2560,M4927,S1626,46.56,2026-05-05 11:22:13.089841,pending,44.0,True,specific_request
MATCH_2561,M3216,S4527,57.67,2026-05-02 11:22:13.090051,rejected,32.0,True,high_compatibility
MATCH_2562,ALUMNI_M578,S4663,44.0,2026-05-03 11:22:13.090253,accepted,,True,auto_suggestion
MATCH_2563,M1276,S1553,51.0,2026-04-07 11:22:13.090445,completed,46.0,False,admin_assigned
MATCH_2564,ALUMNI_M4466,S4337,57.67,2026-04-26 11:22:13.090639,pending,,True,admin_assigned
MATCH_2565,M1564,S983,48.0,2026-04-26 11:22:13.090845,accepted,65.0,False,high_compatibility
MATCH_2566,M229,S1429,51.0,2026-04-07 11:22:13.091038,accepted,43.0,False,admin_assigned
MATCH_2567,ALUMNI_M3929,S827,44.0,2026-04-23 11:22:13.091248,completed,67.0,True,specific_request
MATCH_2568,M2756,S1270,68.5,2026-04-07 11:22:13.091437,rejected,59.0,False,high_compatibility
MATCH_2569,M2425,S1729,51.0,2026-04-30 11:22:13.091624,rejected,13.0,True,specific_request
MATCH_2570,ALUMNI_M4735,S3641,51.0,2026-04-06 11:22:13.091832,accepted,,False,high_compatibility
MATCH_2571,ALUMNI_M2640,S4954,44.0,2026-04-29 11:22:13.092021,pending,30.0,False,admin_assigned
MATCH_2572,ALUMNI_M2274,S2891,51.0,2026-04-29 11:22:13.092218,accepted,66.0,True,auto_suggestion
MATCH_2573,ALUMNI_M1779,S3398,47.22,2026-04-11 11:22:13.092407,accepted,12.0,True,auto_suggestion
MATCH_2574,ALUMNI_M2624,S3587,44.0,2026-04-25 11:22:13.092598,accepted,,True,admin_assigned
MATCH_2575,M4841,S4112,51.0,2026-04-23 11:22:13.092801,rejected,,False,auto_suggestion
MATCH_2576,ALUMNI_M1505,S3374,68.5,2026-04-16 11:22:13.092989,pending,28.0,True,high_compatibility
MATCH_2577,M4541,S201,51.0,2026-04-24 11:22:13.093191,accepted,,True,auto_suggestion
MATCH_2578,M1216,S2793,48.44,2026-04-21 11:22:13.093384,completed,47.0,False,auto_suggestion
MATCH_2579,ALUMNI_M3732,S1871,68.5,2026-04-26 11:22:13.093573,accepted,,True,auto_suggestion
MATCH_2580,M4253,S174,44.0,2026-05-05 11:22:13.093788,pending,,False,auto_suggestion
MATCH_2581,M2082,S1100,44.33,2026-04-19 11:22:13.093982,rejected,46.0,False,specific_request
MATCH_2582,ALUMNI_M5686,S2103,55.0,2026-04-21 11:22:13.094189,accepted,57.0,False,admin_assigned
MATCH_2583,ALUMNI_M3569,S2747,36.86,2026-04-11 11:22:13.094385,rejected,20.0,True,specific_request
MATCH_2584,M2365,S4598,48.0,2026-04-08 11:22:13.094577,rejected,40.0,False,admin_assigned
MATCH_2585,ALUMNI_M2905,S3628,55.0,2026-04-29 11:22:13.094783,rejected,35.0,False,admin_assigned
MATCH_2586,ALUMNI_M2711,S3268,44.0,2026-04-18 11:22:13.094972,pending,2.0,True,high_compatibility
MATCH_2587,M498,S3070,44.0,2026-05-05 11:22:13.095166,completed,38.0,False,auto_suggestion
MATCH_2588,M269,S1266,47.67,2026-04-17 11:22:13.095356,completed,,False,high_compatibility
MATCH_2589,ALUMNI_M2865,S3472,46.89,2026-04-27 11:22:13.095543,pending,15.0,True,specific_request
MATCH_2590,ALUMNI_M5702,S4554,51.0,2026-04-19 11:22:13.095746,completed,,True,admin_assigned
MATCH_2591,ALUMNI_M1555,S1988,51.0,2026-04-29 11:22:13.095935,accepted,,False,high_compatibility
MATCH_2592,ALUMNI_M5846,S3166,44.0,2026-04-24 11:22:13.096132,completed,39.0,False,auto_suggestion
MATCH_2593,ALUMNI_M1978,S3500,68.5,2026-04-11 11:22:13.096332,pending,13.0,True,admin_assigned
MATCH_2594,M2429,S4239,55.0,2026-04-12 11:22:13.096519,pending,39.0,True,admin_assigned
MATCH_2595,M3097,S3064,51.0,2026-04-20 11:22:13.096716,rejected,33.0,False,auto_suggestion
MATCH_2596,M4886,S3146,51.0,2026-04-09 11:22:13.096907,completed,20.0,True,high_compatibility
MATCH_2597,M3098,S2250,44.0,2026-04-20 11:22:13.097091,accepted,9.0,True,admin_assigned
MATCH_2598,ALUMNI_M1543,S41,45.5,2026-04-17 11:22:13.097294,accepted,26.0,True,specific_request
MATCH_2599,M2548,S674,48.0,2026-04-17 11:22:13.097484,completed,17.0,True,high_compatibility
MATCH_2600,M2178,S3468,49.89,2026-04-15 11:22:13.097958,rejected,9.0,True,admin_assigned
MATCH_2601,M2512,S193,44.0,2026-04-24 11:22:13.098453,completed,68.0,True,admin_assigned
MATCH_2602,ALUMNI_M4132,S2583,51.0,2026-04-29 11:22:13.098846,accepted,16.0,True,high_compatibility
MATCH_2603,M1720,S3045,60.25,2026-04-11 11:22:13.099077,completed,4.0,False,auto_suggestion
MATCH_2604,ALUMNI_M3383,S528,51.0,2026-04-15 11:22:13.099291,pending,11.0,False,specific_request
MATCH_2605,ALUMNI_M1461,S4490,68.5,2026-04-09 11:22:13.099493,pending,,False,specific_request
MATCH_2606,M1103,S1060,44.0,2026-04-12 11:22:13.099685,accepted,61.0,False,specific_request
MATCH_2607,M57,S2997,44.0,2026-04-15 11:22:13.099902,pending,66.0,False,auto_suggestion
MATCH_2608,ALUMNI_M2710,S2045,55.0,2026-04-28 11:22:13.100096,completed,31.0,True,admin_assigned
MATCH_2609,M1214,S617,55.0,2026-04-19 11:22:13.100296,accepted,24.0,True,auto_suggestion
MATCH_2610,M4829,S1769,68.5,2026-05-03 11:22:13.100483,pending,14.0,True,specific_request
MATCH_2611,ALUMNI_M3168,S4497,50.67,2026-04-26 11:22:13.100671,pending,10.0,True,admin_assigned
MATCH_2612,ALUMNI_M46,S2453,51.0,2026-04-22 11:22:13.100879,accepted,30.0,False,admin_assigned
MATCH_2613,ALUMNI_M208,S1576,48.0,2026-04-15 11:22:13.101067,completed,23.0,False,auto_suggestion
MATCH_2614,ALUMNI_M1298,S3847,51.0,2026-04-24 11:22:13.101354,accepted,61.0,False,auto_suggestion
MATCH_2615,ALUMNI_M1190,S4050,51.0,2026-05-01 11:22:13.101548,rejected,,True,auto_suggestion
MATCH_2616,M2978,S1912,44.0,2026-04-10 11:22:13.101754,completed,42.0,True,admin_assigned
MATCH_2617,ALUMNI_M2203,S3806,51.0,2026-04-14 11:22:13.101949,rejected,5.0,False,auto_suggestion
MATCH_2618,M1510,S3795,68.5,2026-04-21 11:22:13.102136,pending,63.0,False,specific_request
MATCH_2619,M3962,S1236,68.17,2026-04-19 11:22:13.102413,pending,57.0,True,admin_assigned
MATCH_2620,M3300,S961,48.5,2026-05-04 11:22:13.102611,accepted,63.0,False,specific_request
MATCH_2621,M1351,S3312,49.75,2026-04-08 11:22:13.102894,accepted,2.0,False,admin_assigned
MATCH_2622,M3455,S1120,41.5,2026-05-05 11:22:13.103119,rejected,6.0,True,admin_assigned
MATCH_2623,M1684,S24,51.0,2026-04-09 11:22:13.103328,pending,,False,auto_suggestion
MATCH_2624,ALUMNI_M3845,S45,44.0,2026-04-26 11:22:13.103531,completed,30.0,True,auto_suggestion
MATCH_2625,M901,S2648,57.67,2026-04-16 11:22:13.103738,rejected,3.0,True,high_compatibility
MATCH_2626,ALUMNI_M3772,S999,51.0,2026-04-14 11:22:13.103934,accepted,,True,auto_suggestion
MATCH_2627,ALUMNI_M1036,S4108,44.0,2026-04-07 11:22:13.104125,completed,64.0,True,admin_assigned
MATCH_2628,M220,S333,79.17,2026-05-03 11:22:13.104331,accepted,63.0,True,auto_suggestion
MATCH_2629,ALUMNI_M3954,S852,51.0,2026-04-26 11:22:13.104529,completed,,False,specific_request
MATCH_2630,ALUMNI_M1036,S2248,51.0,2026-04-28 11:22:13.104730,completed,17.0,False,auto_suggestion
MATCH_2631,ALUMNI_M4640,S3467,50.67,2026-04-29 11:22:13.104926,pending,35.0,True,high_compatibility
MATCH_2632,M3880,S876,44.0,2026-04-22 11:22:13.105122,accepted,2.0,True,specific_request
MATCH_2633,M3610,S2693,44.0,2026-04-21 11:22:13.105321,pending,27.0,False,specific_request
MATCH_2634,ALUMNI_M479,S1984,51.0,2026-05-06 11:22:13.105508,accepted,12.0,True,admin_assigned
MATCH_2635,M3583,S584,66.28,2026-04-25 11:22:13.105694,rejected,44.0,False,high_compatibility
MATCH_2636,M2924,S4197,61.5,2026-04-21 11:22:13.105901,pending,3.0,True,high_compatibility
MATCH_2637,M4177,S2979,41.75,2026-05-05 11:22:13.106088,rejected,,True,admin_assigned
MATCH_2638,ALUMNI_M3383,S978,46.0,2026-04-19 11:22:13.106287,rejected,15.0,False,specific_request
MATCH_2639,M1950,S4919,45.29,2026-04-06 11:22:13.106482,rejected,66.0,True,specific_request
MATCH_2640,ALUMNI_M2624,S417,48.0,2026-04-11 11:22:13.106668,pending,66.0,True,auto_suggestion
MATCH_2641,ALUMNI_M5085,S2174,48.0,2026-05-03 11:22:13.106876,rejected,67.0,False,auto_suggestion
MATCH_2642,ALUMNI_M3499,S3735,51.0,2026-04-12 11:22:13.107072,rejected,16.0,True,specific_request
MATCH_2643,M708,S4541,51.0,2026-04-09 11:22:13.107270,rejected,29.0,True,admin_assigned
MATCH_2644,ALUMNI_M5499,S1649,55.0,2026-04-13 11:22:13.107456,pending,41.0,False,admin_assigned
MATCH_2645,M974,S99,39.0,2026-04-26 11:22:13.107677,accepted,22.0,False,specific_request
MATCH_2646,ALUMNI_M5321,S1690,68.5,2026-04-19 11:22:13.107895,completed,,True,specific_request
MATCH_2647,ALUMNI_M2568,S1792,48.0,2026-05-04 11:22:13.108083,completed,27.0,True,auto_suggestion
MATCH_2648,M4444,S1810,68.5,2026-05-01 11:22:13.108303,pending,,False,specific_request
MATCH_2649,ALUMNI_M1377,S4252,44.0,2026-04-14 11:22:13.108539,pending,72.0,False,admin_assigned
MATCH_2650,ALUMNI_M1426,S4828,44.0,2026-04-14 11:22:13.108758,pending,,True,auto_suggestion
MATCH_2651,M582,S3571,48.0,2026-05-05 11:22:13.109054,rejected,45.0,True,specific_request
MATCH_2652,M3029,S2720,55.0,2026-04-27 11:22:13.109281,pending,,True,high_compatibility
MATCH_2653,ALUMNI_M3466,S1088,51.0,2026-05-03 11:22:13.109488,accepted,,False,specific_request
MATCH_2654,ALUMNI_M3894,S2230,55.25,2026-04-25 11:22:13.109687,accepted,61.0,False,specific_request
MATCH_2655,M1017,S465,49.0,2026-04-10 11:22:13.109900,accepted,23.0,True,auto_suggestion
MATCH_2656,ALUMNI_M5679,S2767,65.5,2026-05-03 11:22:13.110098,pending,,True,auto_suggestion
MATCH_2657,M3477,S1715,55.0,2026-04-29 11:22:13.110301,completed,7.0,False,auto_suggestion
MATCH_2658,ALUMNI_M227,S4244,44.0,2026-04-21 11:22:13.110511,accepted,,True,specific_request
MATCH_2659,ALUMNI_M3862,S4379,54.67,2026-04-12 11:22:13.110779,pending,,True,auto_suggestion
MATCH_2660,ALUMNI_M5149,S1614,44.0,2026-04-15 11:22:13.111003,completed,43.0,True,auto_suggestion
MATCH_2661,ALUMNI_M2494,S1808,48.0,2026-04-12 11:22:13.111204,rejected,,True,auto_suggestion
MATCH_2662,M2123,S2900,61.5,2026-04-18 11:22:13.111394,completed,38.0,True,high_compatibility
MATCH_2663,ALUMNI_M3606,S976,51.0,2026-04-08 11:22:13.111587,rejected,,True,high_compatibility
MATCH_2664,M2101,S3433,39.71,2026-04-13 11:22:13.111796,rejected,15.0,False,auto_suggestion
MATCH_2665,ALUMNI_M4704,S3630,44.0,2026-04-25 11:22:13.111996,accepted,32.0,False,auto_suggestion
MATCH_2666,ALUMNI_M5791,S4900,48.0,2026-04-14 11:22:13.112193,rejected,5.0,False,specific_request
MATCH_2667,ALUMNI_M455,S3922,50.17,2026-05-04 11:22:13.112392,pending,1.0,True,admin_assigned
MATCH_2668,ALUMNI_M2844,S1185,54.67,2026-04-25 11:22:13.112593,rejected,32.0,False,specific_request
MATCH_2669,ALUMNI_M319,S2730,51.0,2026-04-06 11:22:13.112800,pending,44.0,True,high_compatibility
MATCH_2670,ALUMNI_M5479,S586,51.0,2026-05-04 11:22:13.112989,rejected,70.0,False,high_compatibility
MATCH_2671,M201,S4442,51.0,2026-04-11 11:22:13.113196,pending,,False,specific_request
MATCH_2672,M2528,S1810,51.0,2026-05-04 11:22:13.113384,rejected,65.0,True,admin_assigned
MATCH_2673,ALUMNI_M3283,S4089,65.5,2026-04-16 11:22:13.113573,rejected,34.0,False,auto_suggestion
MATCH_2674,ALUMNI_M17,S1942,50.67,2026-04-26 11:22:13.113774,rejected,43.0,True,auto_suggestion
MATCH_2675,ALUMNI_M2157,S72,44.0,2026-04-08 11:22:13.113976,rejected,69.0,False,high_compatibility
MATCH_2676,ALUMNI_M1199,S1985,44.0,2026-04-16 11:22:13.114178,accepted,68.0,True,specific_request
MATCH_2677,ALUMNI_M1590,S2391,43.86,2026-05-01 11:22:13.114500,rejected,,True,high_compatibility
MATCH_2678,ALUMNI_M4315,S549,65.5,2026-04-08 11:22:13.114926,rejected,,True,specific_request
MATCH_2679,M23,S2285,51.0,2026-04-09 11:22:13.115251,rejected,,False,specific_request
MATCH_2680,ALUMNI_M1135,S725,51.0,2026-04-13 11:22:13.115608,pending,18.0,False,admin_assigned
MATCH_2681,M1989,S4173,61.5,2026-04-28 11:22:13.116020,rejected,25.0,True,specific_request
MATCH_2682,M1581,S4410,44.0,2026-04-06 11:22:13.116392,completed,52.0,True,auto_suggestion
MATCH_2683,ALUMNI_M1182,S4155,44.0,2026-04-23 11:22:13.116791,accepted,14.0,True,specific_request
MATCH_2684,ALUMNI_M1043,S1590,40.22,2026-04-16 11:22:13.117188,pending,55.0,True,specific_request
MATCH_2685,ALUMNI_M4586,S3954,51.0,2026-05-06 11:22:13.117541,accepted,,True,high_compatibility
MATCH_2686,M1405,S3317,49.0,2026-04-11 11:22:13.117904,rejected,,True,specific_request
MATCH_2687,ALUMNI_M113,S1763,68.5,2026-04-17 11:22:13.118272,accepted,,True,admin_assigned
MATCH_2688,M3383,S873,44.0,2026-04-26 11:22:13.118654,completed,12.0,False,auto_suggestion
MATCH_2689,M499,S4061,51.0,2026-04-09 11:22:13.119047,rejected,28.0,False,admin_assigned
MATCH_2690,ALUMNI_M5127,S2963,61.5,2026-04-14 11:22:13.119425,accepted,69.0,False,auto_suggestion
MATCH_2691,ALUMNI_M3653,S1467,51.0,2026-04-13 11:22:13.119809,accepted,,False,admin_assigned
MATCH_2692,M1437,S2303,44.0,2026-04-25 11:22:13.120187,pending,42.0,True,specific_request
MATCH_2693,ALUMNI_M3179,S4416,55.0,2026-04-10 11:22:13.120548,pending,,True,specific_request
MATCH_2694,M2742,S4011,51.0,2026-04-07 11:22:13.120889,pending,,True,admin_assigned
MATCH_2695,ALUMNI_M3610,S2016,51.0,2026-04-20 11:22:13.121216,pending,29.0,False,admin_assigned
MATCH_2696,M1894,S2568,68.5,2026-04-11 11:22:13.121531,pending,,True,high_compatibility
MATCH_2697,ALUMNI_M4805,S3851,68.5,2026-04-06 11:22:13.121877,rejected,,False,specific_request
MATCH_2698,M4113,S4492,44.0,2026-04-18 11:22:13.122219,completed,51.0,False,high_compatibility
MATCH_2699,ALUMNI_M2905,S1960,44.0,2026-05-03 11:22:13.122539,completed,56.0,True,high_compatibility
MATCH_2700,ALUMNI_M4846,S3240,46.0,2026-04-20 11:22:13.122881,rejected,4.0,True,admin_assigned
MATCH_2701,M1826,S867,44.0,2026-04-16 11:22:13.123239,pending,23.0,False,specific_request
MATCH_2702,M1010,S3809,51.0,2026-05-02 11:22:13.123565,accepted,16.0,False,specific_request
MATCH_2703,M855,S2729,44.0,2026-05-06 11:22:13.123922,completed,11.0,False,auto_suggestion
MATCH_2704,M4071,S2138,49.0,2026-05-04 11:22:13.124250,rejected,,True,high_compatibility
MATCH_2705,ALUMNI_M516,S2006,51.0,2026-04-24 11:22:13.124554,rejected,41.0,False,high_compatibility
MATCH_2706,ALUMNI_M3055,S1724,48.0,2026-04-21 11:22:13.124901,accepted,28.0,True,auto_suggestion
MATCH_2707,M3015,S3023,51.0,2026-04-15 11:22:13.125246,completed,34.0,True,auto_suggestion
MATCH_2708,ALUMNI_M4645,S4606,48.0,2026-04-06 11:22:13.125582,completed,9.0,False,specific_request
MATCH_2709,M3693,S1886,45.78,2026-04-28 11:22:13.125965,rejected,66.0,True,high_compatibility
MATCH_2710,ALUMNI_M5640,S2496,51.0,2026-04-13 11:22:13.126352,accepted,28.0,True,auto_suggestion
MATCH_2711,M4072,S510,51.0,2026-04-15 11:22:13.126743,completed,43.0,False,auto_suggestion
MATCH_2712,M2470,S2911,51.0,2026-05-02 11:22:13.127126,accepted,,True,specific_request
MATCH_2713,ALUMNI_M4469,S2327,44.0,2026-04-13 11:22:13.127536,completed,9.0,False,specific_request
MATCH_2714,ALUMNI_M816,S3565,51.0,2026-04-15 11:22:13.127955,rejected,60.0,True,high_compatibility
MATCH_2715,ALUMNI_M3981,S1938,44.0,2026-04-22 11:22:13.128370,completed,68.0,False,high_compatibility
MATCH_2716,ALUMNI_M1333,S4112,51.0,2026-04-06 11:22:13.128792,completed,,False,specific_request
MATCH_2717,ALUMNI_M5553,S1808,44.0,2026-04-19 11:22:13.129223,rejected,66.0,True,high_compatibility
MATCH_2718,M2950,S4749,55.0,2026-05-03 11:22:13.129637,rejected,2.0,False,auto_suggestion
MATCH_2719,ALUMNI_M4415,S1203,48.0,2026-05-03 11:22:13.130071,rejected,18.0,True,high_compatibility
MATCH_2720,M115,S733,44.67,2026-04-19 11:22:13.130494,rejected,38.0,False,high_compatibility
MATCH_2721,M3282,S4960,55.0,2026-04-21 11:22:13.130923,pending,35.0,False,admin_assigned
MATCH_2722,ALUMNI_M1585,S1206,51.0,2026-04-27 11:22:13.131344,rejected,15.0,False,admin_assigned
MATCH_2723,ALUMNI_M4244,S575,44.0,2026-04-07 11:22:13.131768,completed,,True,specific_request
MATCH_2724,ALUMNI_M1090,S2165,48.14,2026-05-05 11:22:13.132289,accepted,,True,high_compatibility
MATCH_2725,M1249,S2917,51.0,2026-04-15 11:22:13.132736,accepted,42.0,True,auto_suggestion
MATCH_2726,ALUMNI_M687,S3784,61.5,2026-04-16 11:22:13.133156,rejected,54.0,True,specific_request
MATCH_2727,ALUMNI_M4736,S1475,44.0,2026-04-22 11:22:13.133573,rejected,8.0,True,specific_request
MATCH_2728,M641,S2957,51.0,2026-04-19 11:22:13.134008,pending,,False,auto_suggestion
MATCH_2729,ALUMNI_M2789,S4715,69.17,2026-04-29 11:22:13.134434,completed,,False,high_compatibility
MATCH_2730,ALUMNI_M2121,S3486,41.75,2026-04-16 11:22:13.134893,pending,47.0,True,specific_request
MATCH_2731,M4922,S2335,79.17,2026-04-21 11:22:13.135274,rejected,4.0,False,specific_request
MATCH_2732,M4935,S2504,51.0,2026-04-16 11:22:13.135606,pending,,True,auto_suggestion
MATCH_2733,ALUMNI_M1432,S1920,51.0,2026-04-28 11:22:13.135944,pending,36.0,False,high_compatibility
MATCH_2734,M2110,S3006,68.5,2026-04-21 11:22:13.136327,rejected,1.0,False,specific_request
MATCH_2735,ALUMNI_M1190,S1067,68.5,2026-04-28 11:22:13.136744,completed,47.0,False,high_compatibility
MATCH_2736,M2608,S1819,51.0,2026-04-23 11:22:13.137156,accepted,72.0,False,specific_request
MATCH_2737,ALUMNI_M2770,S2906,51.0,2026-04-23 11:22:13.137547,accepted,55.0,True,high_compatibility
MATCH_2738,ALUMNI_M3662,S2141,51.0,2026-04-13 11:22:13.137956,completed,68.0,False,auto_suggestion
MATCH_2739,ALUMNI_M1745,S3374,51.0,2026-05-01 11:22:13.138370,accepted,62.0,False,auto_suggestion
MATCH_2740,ALUMNI_M707,S2365,41.75,2026-05-03 11:22:13.138788,pending,63.0,False,high_compatibility
MATCH_2741,ALUMNI_M580,S4424,48.0,2026-04-06 11:22:13.139199,pending,22.0,True,high_compatibility
MATCH_2742,ALUMNI_M2038,S3606,44.0,2026-04-18 11:22:13.139551,pending,68.0,True,specific_request
MATCH_2743,M2376,S2983,55.0,2026-04-23 11:22:13.139973,completed,65.0,True,high_compatibility
MATCH_2744,M1260,S4982,51.0,2026-05-02 11:22:13.140361,pending,28.0,True,admin_assigned
MATCH_2745,M939,S2615,44.0,2026-04-29 11:22:13.140736,rejected,66.0,True,auto_suggestion
MATCH_2746,ALUMNI_M1497,S3504,68.5,2026-04-13 11:22:13.141101,completed,50.0,False,auto_suggestion
MATCH_2747,ALUMNI_M434,S3993,50.67,2026-04-17 11:22:13.141475,completed,52.0,False,admin_assigned
MATCH_2748,ALUMNI_M2009,S4836,51.0,2026-04-29 11:22:13.141849,pending,3.0,False,admin_assigned
MATCH_2749,ALUMNI_M5803,S3947,48.0,2026-04-16 11:22:13.142240,pending,31.0,True,high_compatibility
MATCH_2750,ALUMNI_M5453,S4347,51.0,2026-04-28 11:22:13.142591,accepted,,True,high_compatibility
MATCH_2751,ALUMNI_M3762,S2309,48.0,2026-04-15 11:22:13.142986,rejected,41.0,True,admin_assigned
MATCH_2752,ALUMNI_M141,S709,44.0,2026-04-18 11:22:13.143387,rejected,22.0,False,auto_suggestion
MATCH_2753,M4697,S3038,47.25,2026-04-16 11:22:13.143742,pending,68.0,True,specific_request
MATCH_2754,ALUMNI_M220,S477,48.5,2026-04-27 11:22:13.144097,completed,70.0,False,specific_request
MATCH_2755,ALUMNI_M2942,S724,47.67,2026-05-04 11:22:13.144448,pending,60.0,False,admin_assigned
MATCH_2756,ALUMNI_M4076,S3317,55.0,2026-05-02 11:22:13.144832,accepted,28.0,False,admin_assigned
MATCH_2757,M3039,S2635,36.86,2026-05-02 11:22:13.145218,pending,52.0,True,admin_assigned
MATCH_2758,ALUMNI_M3661,S117,44.0,2026-04-25 11:22:13.145588,rejected,66.0,False,auto_suggestion
MATCH_2759,ALUMNI_M907,S1320,54.67,2026-04-14 11:22:13.145984,accepted,1.0,False,auto_suggestion
MATCH_2760,M3971,S4758,51.0,2026-04-30 11:22:13.146380,rejected,61.0,True,specific_request
MATCH_2761,ALUMNI_M5167,S3963,51.0,2026-04-27 11:22:13.146794,accepted,10.0,True,high_compatibility
MATCH_2762,ALUMNI_M397,S2748,68.5,2026-04-21 11:22:13.147206,completed,,False,high_compatibility
MATCH_2763,ALUMNI_M5263,S682,44.0,2026-04-24 11:22:13.147611,rejected,29.0,False,admin_assigned
MATCH_2764,ALUMNI_M1869,S3036,48.0,2026-04-17 11:22:13.148023,pending,55.0,True,high_compatibility
MATCH_2765,ALUMNI_M1925,S564,61.5,2026-05-05 11:22:13.148397,completed,54.0,True,specific_request
MATCH_2766,ALUMNI_M5682,S2273,51.0,2026-05-05 11:22:13.148771,pending,,True,high_compatibility
MATCH_2767,M4284,S2992,51.0,2026-04-27 11:22:13.149133,completed,6.0,True,admin_assigned
MATCH_2768,ALUMNI_M1313,S2253,55.0,2026-04-14 11:22:13.149485,pending,7.0,False,auto_suggestion
MATCH_2769,ALUMNI_M3000,S4916,37.75,2026-05-06 11:22:13.149858,completed,62.0,False,admin_assigned
MATCH_2770,ALUMNI_M3967,S3473,58.36,2026-04-18 11:22:13.150264,completed,8.0,False,specific_request
MATCH_2771,ALUMNI_M3759,S2357,50.67,2026-04-26 11:22:13.150659,accepted,34.0,True,auto_suggestion
MATCH_2772,ALUMNI_M4943,S1964,54.67,2026-04-22 11:22:13.151074,pending,70.0,True,high_compatibility
MATCH_2773,M1776,S1372,48.0,2026-04-13 11:22:13.151427,rejected,19.0,True,high_compatibility
MATCH_2774,ALUMNI_M5962,S4253,48.0,2026-04-23 11:22:13.151784,accepted,,False,specific_request
MATCH_2775,ALUMNI_M2355,S2799,51.0,2026-04-30 11:22:13.152158,accepted,7.0,True,specific_request
MATCH_2776,ALUMNI_M92,S2809,55.0,2026-04-10 11:22:13.152553,completed,36.0,True,auto_suggestion
MATCH_2777,M753,S4549,48.0,2026-04-09 11:22:13.152998,pending,4.0,True,high_compatibility
MATCH_2778,M3757,S2592,44.0,2026-04-14 11:22:13.153388,rejected,27.0,True,admin_assigned
MATCH_2779,M4168,S1633,51.0,2026-05-02 11:22:13.153865,rejected,21.0,True,specific_request
MATCH_2780,M1543,S4421,51.0,2026-04-12 11:22:13.154349,pending,5.0,True,specific_request
MATCH_2781,ALUMNI_M1647,S1511,44.0,2026-04-16 11:22:13.154760,completed,51.0,False,high_compatibility
MATCH_2782,ALUMNI_M2054,S4959,55.0,2026-04-07 11:22:13.155270,accepted,40.0,False,auto_suggestion
MATCH_2783,M4233,S3937,41.78,2026-04-19 11:22:13.155644,accepted,,True,specific_request
MATCH_2784,ALUMNI_M393,S2480,51.0,2026-05-03 11:22:13.156015,completed,32.0,False,admin_assigned
MATCH_2785,ALUMNI_M4313,S1694,47.0,2026-04-13 11:22:13.156414,completed,57.0,True,auto_suggestion
MATCH_2786,ALUMNI_M2407,S163,51.0,2026-05-01 11:22:13.156834,accepted,,False,admin_assigned
MATCH_2787,M2691,S4139,47.0,2026-04-11 11:22:13.157228,pending,17.0,False,high_compatibility
MATCH_2788,M4382,S726,68.5,2026-04-07 11:22:13.157577,accepted,63.0,False,specific_request
MATCH_2789,ALUMNI_M1533,S1034,54.67,2026-05-01 11:22:13.157942,accepted,38.0,True,specific_request
MATCH_2790,M2772,S3357,51.0,2026-04-19 11:22:13.158292,completed,71.0,True,admin_assigned
MATCH_2791,ALUMNI_M5028,S1094,51.0,2026-04-24 11:22:13.158659,rejected,57.0,True,specific_request
MATCH_2792,ALUMNI_M5117,S1584,50.0,2026-04-24 11:22:13.159080,completed,,True,admin_assigned
MATCH_2793,ALUMNI_M2973,S4983,51.0,2026-04-26 11:22:13.159478,pending,,True,specific_request
MATCH_2794,ALUMNI_M5028,S3915,44.0,2026-04-17 11:22:13.159867,pending,19.0,True,auto_suggestion
MATCH_2795,ALUMNI_M4076,S200,44.0,2026-04-13 11:22:13.160262,pending,15.0,False,high_compatibility
MATCH_2796,M2280,S3946,51.0,2026-04-08 11:22:13.160603,completed,52.0,True,high_compatibility
MATCH_2797,ALUMNI_M2854,S4605,51.0,2026-04-28 11:22:13.161022,accepted,20.0,True,specific_request
MATCH_2798,M4940,S3228,43.56,2026-04-08 11:22:13.161418,pending,,False,high_compatibility
MATCH_2799,M1496,S3225,79.17,2026-04-24 11:22:13.161834,rejected,29.0,False,specific_request
MATCH_2800,M2805,S1723,44.0,2026-04-22 11:22:13.162242,completed,72.0,True,high_compatibility
MATCH_2801,ALUMNI_M5853,S474,54.67,2026-04-22 11:22:13.162636,pending,7.0,True,specific_request
MATCH_2802,ALUMNI_M786,S4091,44.0,2026-05-01 11:22:13.163083,rejected,39.0,False,specific_request
MATCH_2803,ALUMNI_M1795,S1994,51.0,2026-05-01 11:22:13.163569,pending,38.0,True,auto_suggestion
MATCH_2804,M2601,S764,54.67,2026-04-23 11:22:13.163974,pending,,True,auto_suggestion
MATCH_2805,ALUMNI_M3789,S3414,43.56,2026-05-02 11:22:13.164356,accepted,26.0,True,admin_assigned
MATCH_2806,ALUMNI_M16,S1315,56.5,2026-04-22 11:22:13.164763,completed,37.0,False,high_compatibility
MATCH_2807,M4630,S2860,44.0,2026-04-15 11:22:13.165159,accepted,64.0,False,auto_suggestion
MATCH_2808,ALUMNI_M4382,S3117,61.5,2026-04-11 11:22:13.165532,rejected,64.0,False,specific_request
MATCH_2809,M833,S355,51.0,2026-05-01 11:22:13.165923,pending,54.0,False,specific_request
MATCH_2810,M3981,S67,68.5,2026-04-26 11:22:13.166293,pending,43.0,True,specific_request
MATCH_2811,M139,S4384,48.0,2026-05-03 11:22:13.166646,rejected,,True,high_compatibility
MATCH_2812,ALUMNI_M4107,S3763,51.0,2026-04-13 11:22:13.167016,accepted,20.0,False,high_compatibility
MATCH_2813,ALUMNI_M1003,S3435,36.22,2026-04-30 11:22:13.167411,accepted,,True,high_compatibility
MATCH_2814,M4683,S320,68.5,2026-04-28 11:22:13.167828,accepted,72.0,True,high_compatibility
MATCH_2815,ALUMNI_M759,S2138,68.5,2026-05-01 11:22:13.168233,completed,,True,specific_request
MATCH_2816,M2785,S2505,51.0,2026-04-20 11:22:13.168585,completed,46.0,True,admin_assigned
MATCH_2817,ALUMNI_M2081,S4303,51.0,2026-04-14 11:22:13.168977,accepted,35.0,True,auto_suggestion
MATCH_2818,M3417,S1734,61.5,2026-05-04 11:22:13.169378,accepted,11.0,True,admin_assigned
MATCH_2819,ALUMNI_M3081,S430,51.0,2026-04-17 11:22:13.169789,rejected,61.0,False,admin_assigned
MATCH_2820,ALUMNI_M447,S4684,44.0,2026-05-03 11:22:13.170196,accepted,,False,admin_assigned
MATCH_2821,M3646,S3795,48.0,2026-04-13 11:22:13.170573,rejected,,True,specific_request
MATCH_2822,M1048,S1614,44.0,2026-04-10 11:22:13.170987,rejected,72.0,False,admin_assigned
MATCH_2823,ALUMNI_M968,S1804,44.0,2026-04-22 11:22:13.171361,rejected,30.0,False,auto_suggestion
MATCH_2824,ALUMNI_M151,S2368,50.67,2026-04-28 11:22:13.171748,accepted,,True,high_compatibility
MATCH_2825,ALUMNI_M737,S3702,51.0,2026-04-11 11:22:13.172104,completed,,False,admin_assigned
MATCH_2826,M1860,S3120,51.0,2026-04-28 11:22:13.172482,pending,71.0,False,admin_assigned
MATCH_2827,ALUMNI_M968,S729,44.0,2026-04-16 11:22:13.172916,pending,18.0,True,auto_suggestion
MATCH_2828,M1892,S1949,51.0,2026-05-05 11:22:13.173313,accepted,44.0,True,high_compatibility
MATCH_2829,M788,S2836,51.0,2026-05-06 11:22:13.173688,pending,33.0,True,high_compatibility
MATCH_2830,ALUMNI_M927,S3613,55.0,2026-05-04 11:22:13.174072,accepted,26.0,False,specific_request
MATCH_2831,ALUMNI_M3861,S992,50.67,2026-04-25 11:22:13.174422,pending,,False,high_compatibility
MATCH_2832,M3423,S106,48.0,2026-04-23 11:22:13.174877,accepted,19.0,True,admin_assigned
MATCH_2833,ALUMNI_M5688,S1555,68.5,2026-05-05 11:22:13.175255,rejected,46.0,True,specific_request
MATCH_2834,ALUMNI_M1497,S4829,51.0,2026-04-19 11:22:13.175619,rejected,,True,high_compatibility
MATCH_2835,ALUMNI_M2692,S1821,48.0,2026-04-11 11:22:13.176033,accepted,10.0,True,specific_request
MATCH_2836,ALUMNI_M1269,S3787,44.0,2026-04-24 11:22:13.176449,completed,,True,auto_suggestion
MATCH_2837,M3226,S4984,51.0,2026-04-30 11:22:13.176875,accepted,41.0,False,specific_request
MATCH_2838,M4402,S3486,48.0,2026-04-27 11:22:13.177279,pending,,True,high_compatibility
MATCH_2839,ALUMNI_M4943,S2466,44.0,2026-04-07 11:22:13.177671,completed,11.0,True,high_compatibility
MATCH_2840,M3290,S3620,44.0,2026-04-14 11:22:13.178102,completed,41.0,False,auto_suggestion
MATCH_2841,ALUMNI_M3758,S1515,44.0,2026-04-15 11:22:13.178519,rejected,44.0,False,high_compatibility
MATCH_2842,ALUMNI_M3644,S2355,44.0,2026-04-26 11:22:13.178962,rejected,64.0,True,specific_request
MATCH_2843,M1437,S3695,44.0,2026-04-16 11:22:13.179379,accepted,18.0,True,high_compatibility
MATCH_2844,ALUMNI_M5227,S3462,68.17,2026-05-06 11:22:13.179790,pending,56.0,True,specific_request
MATCH_2845,ALUMNI_M72,S4006,51.0,2026-04-15 11:22:13.180165,pending,50.0,True,high_compatibility
MATCH_2846,M900,S3194,44.0,2026-04-24 11:22:13.180543,completed,4.0,True,admin_assigned
MATCH_2847,ALUMNI_M4422,S2204,48.0,2026-05-01 11:22:13.180946,completed,33.0,True,specific_request
MATCH_2848,M2127,S3276,55.0,2026-05-02 11:22:13.181344,rejected,54.0,False,high_compatibility
MATCH_2849,M4171,S477,51.0,2026-04-09 11:22:13.181735,completed,26.0,False,high_compatibility
MATCH_2850,M3784,S1770,51.0,2026-04-17 11:22:13.182114,accepted,71.0,False,auto_suggestion
MATCH_2851,ALUMNI_M3979,S2536,55.0,2026-04-10 11:22:13.182503,accepted,,False,high_compatibility
MATCH_2852,M3101,S2201,48.0,2026-04-27 11:22:13.182926,accepted,53.0,False,admin_assigned
MATCH_2853,M1386,S1322,61.5,2026-04-30 11:22:13.183347,rejected,,True,high_compatibility
MATCH_2854,M3937,S2742,55.0,2026-04-18 11:22:13.183722,rejected,52.0,True,specific_request
MATCH_2855,M4422,S1951,65.17,2026-04-12 11:22:13.184171,completed,,True,high_compatibility
MATCH_2856,M1999,S2074,51.0,2026-04-09 11:22:13.184540,accepted,,False,specific_request
MATCH_2857,M657,S291,51.0,2026-04-21 11:22:13.184968,rejected,,False,auto_suggestion
MATCH_2858,M497,S2704,55.0,2026-04-24 11:22:13.185333,completed,,True,high_compatibility
MATCH_2859,ALUMNI_M4130,S4214,44.0,2026-04-06 11:22:13.185727,pending,32.0,True,auto_suggestion
MATCH_2860,ALUMNI_M1798,S4676,51.0,2026-05-03 11:22:13.186108,completed,2.0,True,high_compatibility
MATCH_2861,M3763,S1631,51.0,2026-04-29 11:22:13.186507,accepted,8.0,False,high_compatibility
MATCH_2862,M4779,S1030,51.0,2026-04-10 11:22:13.186939,accepted,,False,auto_suggestion
MATCH_2863,ALUMNI_M3378,S1779,61.5,2026-04-29 11:22:13.187328,pending,,False,auto_suggestion
MATCH_2864,M2409,S2221,51.0,2026-04-15 11:22:13.187744,rejected,,False,specific_request
MATCH_2865,M3883,S973,68.5,2026-04-09 11:22:13.188126,pending,22.0,False,specific_request
MATCH_2866,M429,S3998,43.22,2026-04-19 11:22:13.188533,completed,,True,admin_assigned
MATCH_2867,ALUMNI_M3373,S1900,40.67,2026-04-10 11:22:13.188953,rejected,58.0,True,admin_assigned
MATCH_2868,ALUMNI_M4641,S1439,68.5,2026-04-29 11:22:13.189364,pending,5.0,True,specific_request
MATCH_2869,M4504,S3909,51.0,2026-04-06 11:22:13.189763,completed,6.0,True,high_compatibility
MATCH_2870,M4677,S1294,51.25,2026-04-09 11:22:13.190163,completed,,True,auto_suggestion
MATCH_2871,M583,S2713,68.5,2026-04-22 11:22:13.190541,rejected,,False,auto_suggestion
MATCH_2872,M3738,S180,44.0,2026-04-11 11:22:13.190960,completed,15.0,True,admin_assigned
MATCH_2873,ALUMNI_M972,S3077,44.0,2026-05-03 11:22:13.191384,accepted,,False,auto_suggestion
MATCH_2874,ALUMNI_M4177,S750,51.0,2026-04-23 11:22:13.191802,rejected,,True,specific_request
MATCH_2875,M2189,S3663,54.67,2026-04-20 11:22:13.192214,accepted,1.0,False,high_compatibility
MATCH_2876,ALUMNI_M5994,S4969,44.0,2026-04-21 11:22:13.192607,accepted,,False,auto_suggestion
MATCH_2877,ALUMNI_M4400,S3630,55.79,2026-04-28 11:22:13.193017,accepted,51.0,True,auto_suggestion
MATCH_2878,M616,S2345,51.0,2026-04-29 11:22:13.193399,pending,64.0,True,auto_suggestion
MATCH_2879,ALUMNI_M1432,S577,57.67,2026-05-04 11:22:13.193844,completed,,False,admin_assigned
MATCH_2880,M3644,S3480,55.0,2026-04-19 11:22:13.194317,pending,,False,auto_suggestion
MATCH_2881,M2401,S2527,61.5,2026-04-14 11:22:13.194737,completed,35.0,False,admin_assigned
MATCH_2882,ALUMNI_M3714,S3741,55.0,2026-04-08 11:22:13.195136,pending,55.0,False,auto_suggestion
MATCH_2883,ALUMNI_M3247,S1569,51.0,2026-05-05 11:22:13.195565,completed,63.0,True,high_compatibility
MATCH_2884,ALUMNI_M5243,S339,65.5,2026-04-25 11:22:13.196022,rejected,45.0,True,specific_request
MATCH_2885,ALUMNI_M4871,S4758,51.0,2026-04-17 11:22:13.196416,pending,66.0,False,auto_suggestion
MATCH_2886,M1003,S4508,55.0,2026-04-13 11:22:13.196821,completed,52.0,True,specific_request
MATCH_2887,ALUMNI_M1752,S2793,53.72,2026-04-17 11:22:13.197231,completed,35.0,False,admin_assigned
MATCH_2888,ALUMNI_M747,S211,51.0,2026-04-24 11:22:13.197641,rejected,20.0,False,admin_assigned
MATCH_2889,ALUMNI_M4281,S516,57.67,2026-04-22 11:22:13.198071,completed,11.0,True,specific_request
MATCH_2890,ALUMNI_M4651,S1075,51.0,2026-04-19 11:22:13.198496,pending,57.0,False,auto_suggestion
MATCH_2891,M3929,S1228,61.5,2026-04-14 11:22:13.198926,completed,7.0,False,admin_assigned
MATCH_2892,M2157,S2493,55.0,2026-04-18 11:22:13.199356,pending,13.0,False,admin_assigned
MATCH_2893,ALUMNI_M2748,S483,51.0,2026-04-16 11:22:13.199809,rejected,33.0,False,high_compatibility
MATCH_2894,ALUMNI_M2886,S3181,50.67,2026-04-09 11:22:13.200256,pending,17.0,False,high_compatibility
MATCH_2895,M31,S4908,72.5,2026-04-23 11:22:13.200650,accepted,35.0,True,admin_assigned
MATCH_2896,M925,S3146,51.0,2026-05-02 11:22:13.201060,pending,,True,specific_request
MATCH_2897,M2272,S1560,48.0,2026-04-18 11:22:13.201463,rejected,11.0,True,auto_suggestion
MATCH_2898,M989,S2813,55.0,2026-04-22 11:22:13.201879,pending,10.0,False,auto_suggestion
MATCH_2899,ALUMNI_M3764,S3036,44.0,2026-04-10 11:22:13.202266,rejected,13.0,False,high_compatibility
MATCH_2900,M4086,S707,55.0,2026-04-06 11:22:13.202647,completed,18.0,False,high_compatibility
MATCH_2901,M4723,S3134,61.5,2026-04-08 11:22:13.203064,rejected,,True,auto_suggestion
MATCH_2902,ALUMNI_M3363,S704,55.0,2026-04-12 11:22:13.203451,accepted,55.0,False,specific_request
MATCH_2903,ALUMNI_M1163,S1616,51.0,2026-04-27 11:22:13.203854,accepted,47.0,False,auto_suggestion
MATCH_2904,ALUMNI_M2483,S3680,40.67,2026-04-14 11:22:13.204235,rejected,25.0,True,specific_request
MATCH_2905,ALUMNI_M1291,S1723,44.0,2026-05-03 11:22:13.204604,accepted,,True,specific_request
MATCH_2906,ALUMNI_M5436,S1444,72.5,2026-04-24 11:22:13.205018,completed,34.0,False,specific_request
MATCH_2907,ALUMNI_M5476,S4224,54.67,2026-04-22 11:22:13.205574,rejected,24.0,True,specific_request
MATCH_2908,M4143,S3655,44.0,2026-04-26 11:22:13.206255,rejected,57.0,True,admin_assigned
MATCH_2909,ALUMNI_M1831,S623,44.0,2026-05-04 11:22:13.206683,rejected,49.0,True,specific_request
MATCH_2910,ALUMNI_M200,S969,44.0,2026-04-23 11:22:13.207060,completed,,False,auto_suggestion
MATCH_2911,M1393,S4192,68.5,2026-05-06 11:22:13.207418,rejected,60.0,False,auto_suggestion
MATCH_2912,M1685,S1184,44.0,2026-04-06 11:22:13.207879,completed,,False,auto_suggestion
MATCH_2913,M142,S4709,51.0,2026-04-12 11:22:13.208254,rejected,45.0,True,admin_assigned
MATCH_2914,M2939,S2763,68.5,2026-04-26 11:22:13.208607,rejected,52.0,False,auto_suggestion
MATCH_2915,ALUMNI_M1060,S3162,66.0,2026-04-23 11:22:13.208973,rejected,35.0,True,high_compatibility
MATCH_2916,ALUMNI_M3524,S281,44.0,2026-05-02 11:22:13.209327,completed,68.0,True,admin_assigned
MATCH_2917,ALUMNI_M4563,S4694,48.0,2026-04-06 11:22:13.209661,accepted,,False,high_compatibility
MATCH_2918,ALUMNI_M1468,S3236,40.67,2026-04-18 11:22:13.210019,pending,8.0,True,admin_assigned
MATCH_2919,ALUMNI_M1643,S122,36.86,2026-04-28 11:22:13.210361,rejected,46.0,False,high_compatibility
MATCH_2920,ALUMNI_M2903,S5,51.0,2026-04-21 11:22:13.210692,rejected,,False,high_compatibility
MATCH_2921,ALUMNI_M5600,S3992,65.5,2026-04-08 11:22:13.211055,accepted,45.0,False,specific_request
MATCH_2922,M3885,S3296,48.0,2026-05-02 11:22:13.211405,pending,71.0,True,high_compatibility
MATCH_2923,M7,S1856,65.5,2026-05-04 11:22:13.211753,rejected,12.0,True,auto_suggestion
MATCH_2924,M2253,S3365,54.67,2026-04-20 11:22:13.212097,rejected,,True,specific_request
MATCH_2925,ALUMNI_M5738,S2651,37.33,2026-04-18 11:22:13.212436,rejected,,False,admin_assigned
MATCH_2926,ALUMNI_M5345,S1559,68.5,2026-04-08 11:22:13.212787,accepted,27.0,True,admin_assigned
MATCH_2927,M4403,S3837,41.78,2026-04-09 11:22:13.213117,accepted,49.0,False,auto_suggestion
MATCH_2928,M2814,S3489,51.0,2026-04-20 11:22:13.213459,completed,,True,admin_assigned
MATCH_2929,ALUMNI_M992,S2842,44.33,2026-05-01 11:22:13.213798,accepted,51.0,False,high_compatibility
MATCH_2930,M886,S3909,44.0,2026-05-02 11:22:13.214197,completed,45.0,False,specific_request
MATCH_2931,ALUMNI_M4084,S2899,51.0,2026-04-24 11:22:13.214567,rejected,,False,specific_request
MATCH_2932,M4595,S1707,51.0,2026-04-22 11:22:13.214914,accepted,52.0,True,high_compatibility
MATCH_2933,ALUMNI_M1957,S3790,65.5,2026-04-25 11:22:13.215252,pending,51.0,False,specific_request
MATCH_2934,ALUMNI_M4369,S3706,55.0,2026-04-20 11:22:13.215586,rejected,44.0,False,admin_assigned
MATCH_2935,M4304,S2536,53.57,2026-04-24 11:22:13.215937,completed,11.0,True,specific_request
MATCH_2936,M2827,S1109,39.0,2026-04-28 11:22:13.216276,pending,35.0,False,auto_suggestion
MATCH_2937,ALUMNI_M495,S1571,44.0,2026-04-09 11:22:13.216603,rejected,,False,auto_suggestion
MATCH_2938,ALUMNI_M1464,S4745,51.0,2026-04-26 11:22:13.216959,accepted,42.0,True,specific_request
MATCH_2939,ALUMNI_M5825,S4110,51.0,2026-05-05 11:22:13.217324,accepted,,True,admin_assigned
MATCH_2940,M3936,S696,49.0,2026-04-27 11:22:13.217695,pending,69.0,True,admin_assigned
MATCH_2941,ALUMNI_M2428,S4717,51.0,2026-04-09 11:22:13.218133,completed,12.0,True,auto_suggestion
MATCH_2942,ALUMNI_M2144,S4360,55.0,2026-04-16 11:22:13.218524,pending,,True,auto_suggestion
MATCH_2943,ALUMNI_M4563,S2507,46.0,2026-04-21 11:22:13.218920,pending,,True,auto_suggestion
MATCH_2944,ALUMNI_M4805,S1553,47.67,2026-04-28 11:22:13.219341,completed,,True,specific_request
MATCH_2945,ALUMNI_M3263,S2811,50.67,2026-05-05 11:22:13.219695,pending,,True,admin_assigned
MATCH_2946,ALUMNI_M3539,S2440,68.5,2026-04-12 11:22:13.220100,rejected,,True,admin_assigned
MATCH_2947,ALUMNI_M3657,S3405,51.0,2026-04-27 11:22:13.220495,rejected,,False,auto_suggestion
MATCH_2948,M367,S3693,51.0,2026-04-16 11:22:13.220895,pending,39.0,True,specific_request
MATCH_2949,M1105,S4378,48.0,2026-04-22 11:22:13.221289,accepted,36.0,False,high_compatibility
MATCH_2950,M4133,S4295,40.25,2026-04-09 11:22:13.221660,completed,,True,specific_request
MATCH_2951,ALUMNI_M3316,S919,51.0,2026-05-01 11:22:13.222074,completed,,False,auto_suggestion
MATCH_2952,M1817,S4940,68.5,2026-04-22 11:22:13.222474,accepted,,True,admin_assigned
MATCH_2953,ALUMNI_M1506,S2585,47.33,2026-04-08 11:22:13.222863,rejected,26.0,False,specific_request
MATCH_2954,ALUMNI_M1927,S3301,61.5,2026-04-11 11:22:13.223243,completed,62.0,True,admin_assigned
MATCH_2955,M224,S4463,51.0,2026-05-05 11:22:13.223604,accepted,48.0,True,specific_request
MATCH_2956,ALUMNI_M5550,S1224,36.22,2026-04-06 11:22:13.224006,completed,,False,admin_assigned
MATCH_2957,ALUMNI_M4440,S2059,44.0,2026-04-26 11:22:13.224374,completed,7.0,False,auto_suggestion
MATCH_2958,ALUMNI_M5922,S2455,68.17,2026-05-06 11:22:13.224759,pending,36.0,True,high_compatibility
MATCH_2959,M1868,S3739,68.5,2026-05-01 11:22:13.225158,completed,,True,high_compatibility
MATCH_2960,M506,S3079,51.0,2026-04-09 11:22:13.225522,completed,56.0,True,specific_request
MATCH_2961,ALUMNI_M2237,S286,48.0,2026-04-26 11:22:13.225922,rejected,,True,admin_assigned
MATCH_2962,M4274,S3977,51.0,2026-04-29 11:22:13.226307,rejected,12.0,True,high_compatibility
MATCH_2963,M3101,S2198,51.0,2026-04-25 11:22:13.226671,pending,1.0,True,specific_request
MATCH_2964,ALUMNI_M3094,S4497,50.67,2026-04-29 11:22:13.227056,rejected,,True,auto_suggestion
MATCH_2965,ALUMNI_M710,S1535,44.0,2026-04-28 11:22:13.227423,accepted,57.0,False,high_compatibility
MATCH_2966,ALUMNI_M1452,S4298,55.0,2026-04-22 11:22:13.227834,completed,,False,specific_request
MATCH_2967,M3932,S3464,39.0,2026-04-14 11:22:13.228220,accepted,,False,specific_request
MATCH_2968,ALUMNI_M4180,S1088,51.0,2026-04-06 11:22:13.228611,rejected,10.0,False,specific_request
MATCH_2969,M3001,S3596,51.0,2026-04-17 11:22:13.229045,pending,57.0,True,specific_request
MATCH_2970,ALUMNI_M2148,S3826,44.0,2026-04-19 11:22:13.229479,completed,8.0,False,high_compatibility
MATCH_2971,M1700,S4206,50.67,2026-04-11 11:22:13.229901,completed,,False,auto_suggestion
MATCH_2972,ALUMNI_M2871,S1839,68.5,2026-04-23 11:22:13.230305,rejected,7.0,True,auto_suggestion
MATCH_2973,ALUMNI_M968,S3436,44.0,2026-04-13 11:22:13.230691,completed,37.0,False,admin_assigned
MATCH_2974,M3301,S3663,48.0,2026-05-02 11:22:13.231107,rejected,52.0,True,specific_request
MATCH_2975,ALUMNI_M139,S2653,44.0,2026-04-12 11:22:13.231540,completed,,True,specific_request
MATCH_2976,M1926,S4785,44.33,2026-04-24 11:22:13.231934,completed,72.0,True,specific_request
MATCH_2977,M4694,S4860,55.0,2026-05-01 11:22:13.232339,rejected,37.0,False,specific_request
MATCH_2978,M3327,S253,44.0,2026-04-28 11:22:13.232776,rejected,,False,specific_request
MATCH_2979,ALUMNI_M2034,S1116,48.0,2026-04-13 11:22:13.233199,completed,67.0,False,auto_suggestion
MATCH_2980,ALUMNI_M339,S3719,51.0,2026-05-04 11:22:13.233605,accepted,,False,auto_suggestion
MATCH_2981,ALUMNI_M1723,S2145,44.0,2026-04-15 11:22:13.234019,accepted,64.0,False,high_compatibility
MATCH_2982,ALUMNI_M553,S191,44.0,2026-05-06 11:22:13.234415,pending,,True,auto_suggestion
MATCH_2983,M2252,S3559,51.0,2026-05-05 11:22:13.234848,pending,,False,auto_suggestion
MATCH_2984,M2717,S162,64.06,2026-04-06 11:22:13.235241,rejected,,True,high_compatibility
MATCH_2985,ALUMNI_M4763,S4557,57.67,2026-05-03 11:22:13.235636,pending,14.0,True,auto_suggestion
MATCH_2986,ALUMNI_M3751,S4690,68.5,2026-04-10 11:22:13.236053,accepted,63.0,True,high_compatibility
MATCH_2987,M724,S1898,44.0,2026-04-26 11:22:13.236448,accepted,54.0,False,high_compatibility
MATCH_2988,ALUMNI_M3390,S4039,40.25,2026-05-05 11:22:13.236852,rejected,,False,admin_assigned
MATCH_2989,ALUMNI_M3024,S4712,51.0,2026-05-04 11:22:13.237243,pending,,True,specific_request
MATCH_2990,ALUMNI_M1645,S1664,44.67,2026-04-19 11:22:13.237644,completed,34.0,True,specific_request
MATCH_2991,M1805,S4849,72.5,2026-04-22 11:22:13.238062,rejected,35.0,True,admin_assigned
MATCH_2992,M2101,S3408,46.0,2026-05-02 11:22:13.238459,completed,28.0,True,auto_suggestion
MATCH_2993,ALUMNI_M4524,S1647,55.0,2026-04-29 11:22:13.238857,rejected,72.0,True,admin_assigned
MATCH_2994,M1108,S3712,51.0,2026-04-09 11:22:13.239281,accepted,,False,admin_assigned
MATCH_2995,M1608,S4884,44.0,2026-04-20 11:22:13.239672,completed,,True,admin_assigned
MATCH_2996,ALUMNI_M5111,S2206,44.0,2026-05-05 11:22:13.240083,pending,,True,high_compatibility
MATCH_2997,M1877,S2923,51.0,2026-04-12 11:22:13.240469,accepted,,True,admin_assigned
MATCH_2998,ALUMNI_M2239,S1972,51.0,2026-04-19 11:22:13.240874,rejected,,False,specific_request
MATCH_2999,M1910,S98,51.0,2026-04-11 11:22:13.241260,completed,18.0,False,auto_suggestion
MATCH_3000,ALUMNI_M2456,S3084,68.5,2026-05-06 11:22:13.241662,accepted,,True,admin_assigned
MATCH_3001,M3660,S1828,44.67,2026-04-29 11:22:13.242089,rejected,65.0,False,high_compatibility
MATCH_3002,ALUMNI_M2247,S118,48.0,2026-04-16 11:22:13.242491,accepted,18.0,True,specific_request
MATCH_3003,ALUMNI_M3490,S4329,45.78,2026-05-01 11:22:13.242953,completed,,False,admin_assigned
MATCH_3004,ALUMNI_M3298,S2094,50.67,2026-04-14 11:22:13.243402,rejected,57.0,False,specific_request
MATCH_3005,M414,S2292,56.56,2026-04-29 11:22:13.243809,completed,,False,auto_suggestion
MATCH_3006,M1058,S3016,51.0,2026-04-19 11:22:13.244234,rejected,68.0,False,admin_assigned
MATCH_3007,ALUMNI_M3628,S2858,48.0,2026-04-30 11:22:13.244622,accepted,67.0,False,admin_assigned
MATCH_3008,ALUMNI_M2171,S169,44.0,2026-04-21 11:22:13.245044,accepted,9.0,True,specific_request
MATCH_3009,M4395,S3234,44.0,2026-05-03 11:22:13.245558,pending,34.0,False,high_compatibility
MATCH_3010,ALUMNI_M2229,S4707,49.0,2026-04-18 11:22:13.245960,accepted,,False,admin_assigned
MATCH_3011,M4311,S593,44.33,2026-04-26 11:22:13.246341,rejected,62.0,False,specific_request
MATCH_3012,ALUMNI_M5612,S2127,40.67,2026-04-06 11:22:13.246756,accepted,6.0,True,specific_request
MATCH_3013,M4805,S3957,48.0,2026-05-06 11:22:13.247161,accepted,61.0,True,high_compatibility
MATCH_3014,M2003,S2609,51.0,2026-04-19 11:22:13.247557,rejected,68.0,True,specific_request
MATCH_3015,ALUMNI_M708,S3339,44.0,2026-05-03 11:22:13.247981,completed,,False,admin_assigned
MATCH_3016,M3815,S2517,51.0,2026-04-21 11:22:13.248380,accepted,,False,auto_suggestion
MATCH_3017,M4263,S4703,55.0,2026-04-09 11:22:13.248782,rejected,69.0,False,admin_assigned
MATCH_3018,M2804,S3259,50.67,2026-04-26 11:22:13.249198,accepted,6.0,False,admin_assigned
MATCH_3019,M4486,S668,44.0,2026-05-01 11:22:13.249590,rejected,40.0,False,admin_assigned
MATCH_3020,M3391,S3664,44.0,2026-04-15 11:22:13.250009,completed,63.0,True,specific_request
MATCH_3021,M2001,S510,55.0,2026-04-20 11:22:13.250417,pending,43.0,True,auto_suggestion
MATCH_3022,ALUMNI_M1467,S4120,44.0,2026-04-24 11:22:13.250842,pending,,True,high_compatibility
MATCH_3023,ALUMNI_M1720,S2814,51.0,2026-05-05 11:22:13.251249,completed,,False,admin_assigned
MATCH_3024,M4639,S2717,48.0,2026-04-21 11:22:13.251633,rejected,23.0,False,auto_suggestion
MATCH_3025,ALUMNI_M3360,S1200,44.0,2026-04-09 11:22:13.252059,accepted,,True,high_compatibility
MATCH_3026,ALUMNI_M2017,S2958,44.0,2026-05-01 11:22:13.252482,accepted,12.0,False,specific_request
MATCH_3027,ALUMNI_M1039,S2757,40.67,2026-04-18 11:22:13.252982,completed,8.0,True,admin_assigned
MATCH_3028,ALUMNI_M1810,S4274,68.5,2026-04-28 11:22:13.253386,pending,36.0,True,high_compatibility
MATCH_3029,ALUMNI_M821,S4696,68.5,2026-04-11 11:22:13.253793,completed,8.0,False,specific_request
MATCH_3030,M3078,S1714,51.0,2026-04-27 11:22:13.254168,accepted,12.0,True,admin_assigned
MATCH_3031,ALUMNI_M489,S2797,48.0,2026-05-04 11:22:13.254578,completed,33.0,True,admin_assigned
MATCH_3032,ALUMNI_M104,S1552,44.0,2026-04-14 11:22:13.254984,pending,,True,specific_request
MATCH_3033,ALUMNI_M904,S4494,61.67,2026-04-21 11:22:13.255357,completed,53.0,True,high_compatibility
MATCH_3034,ALUMNI_M5382,S4110,51.0,2026-04-11 11:22:13.255754,rejected,47.0,False,auto_suggestion
MATCH_3035,ALUMNI_M4509,S4647,44.0,2026-04-30 11:22:13.256108,accepted,43.0,False,high_compatibility
MATCH_3036,M4646,S1723,61.5,2026-04-24 11:22:13.256501,rejected,52.0,True,high_compatibility
MATCH_3037,M102,S3281,44.0,2026-04-10 11:22:13.256916,rejected,,True,admin_assigned
MATCH_3038,ALUMNI_M1591,S1519,44.0,2026-04-26 11:22:13.257344,completed,,True,high_compatibility
MATCH_3039,ALUMNI_M2404,S2548,44.0,2026-04-30 11:22:13.257764,pending,58.0,True,high_compatibility
MATCH_3040,ALUMNI_M270,S478,61.5,2026-04-20 11:22:13.258190,pending,58.0,False,specific_request
MATCH_3041,ALUMNI_M4098,S694,72.5,2026-05-05 11:22:13.258581,rejected,28.0,True,admin_assigned
MATCH_3042,ALUMNI_M1865,S3414,65.5,2026-05-03 11:22:13.259012,completed,,False,admin_assigned
MATCH_3043,ALUMNI_M3383,S291,51.0,2026-04-14 11:22:13.259421,rejected,28.0,True,high_compatibility
MATCH_3044,ALUMNI_M3810,S4692,68.5,2026-04-26 11:22:13.259834,accepted,21.0,False,high_compatibility
MATCH_3045,ALUMNI_M1079,S4774,51.0,2026-04-06 11:22:13.260235,pending,11.0,True,auto_suggestion
MATCH_3046,ALUMNI_M1629,S495,51.0,2026-04-09 11:22:13.260645,rejected,12.0,False,auto_suggestion
MATCH_3047,M2035,S4440,48.0,2026-04-17 11:22:13.261066,rejected,,False,specific_request
MATCH_3048,M4578,S521,41.5,2026-04-08 11:22:13.261497,completed,,False,high_compatibility
MATCH_3049,ALUMNI_M3043,S3673,45.29,2026-04-06 11:22:13.261918,accepted,13.0,False,auto_suggestion
MATCH_3050,ALUMNI_M558,S56,51.0,2026-04-20 11:22:13.262319,pending,43.0,False,admin_assigned
MATCH_3051,ALUMNI_M4487,S543,75.17,2026-04-21 11:22:13.262726,accepted,22.0,False,admin_assigned
MATCH_3052,ALUMNI_M1477,S4908,51.0,2026-04-08 11:22:13.263151,pending,72.0,True,high_compatibility
MATCH_3053,ALUMNI_M4868,S1482,44.0,2026-04-08 11:22:13.263536,rejected,,False,admin_assigned
MATCH_3054,M1167,S1824,61.5,2026-04-13 11:22:13.263943,rejected,59.0,False,auto_suggestion
MATCH_3055,M2537,S4956,51.0,2026-04-30 11:22:13.264331,completed,,False,auto_suggestion
MATCH_3056,ALUMNI_M3357,S3171,44.33,2026-04-08 11:22:13.264729,accepted,8.0,False,specific_request
MATCH_3057,ALUMNI_M5493,S4774,51.0,2026-04-21 11:22:13.265118,pending,,True,auto_suggestion
MATCH_3058,ALUMNI_M3031,S454,51.0,2026-04-09 11:22:13.265506,pending,11.0,True,high_compatibility
MATCH_3059,ALUMNI_M5831,S2030,48.0,2026-04-13 11:22:13.265908,accepted,,True,high_compatibility
MATCH_3060,ALUMNI_M3755,S2954,48.0,2026-04-29 11:22:13.266295,pending,,True,admin_assigned
MATCH_3061,M3451,S4445,44.0,2026-05-05 11:22:13.266669,accepted,14.0,False,specific_request
MATCH_3062,ALUMNI_M684,S143,68.17,2026-04-10 11:22:13.267072,pending,31.0,True,admin_assigned
MATCH_3063,M1739,S1539,48.0,2026-05-03 11:22:13.267469,completed,,True,high_compatibility
MATCH_3064,ALUMNI_M1228,S4563,61.5,2026-04-06 11:22:13.267865,accepted,54.0,True,high_compatibility
MATCH_3065,ALUMNI_M136,S4456,44.0,2026-05-02 11:22:13.268250,pending,17.0,False,high_compatibility
MATCH_3066,ALUMNI_M466,S1013,65.5,2026-04-09 11:22:13.268636,accepted,3.0,False,auto_suggestion
MATCH_3067,M4753,S2756,50.56,2026-04-08 11:22:13.269038,pending,69.0,False,admin_assigned
MATCH_3068,ALUMNI_M5942,S761,68.5,2026-04-17 11:22:13.269447,pending,57.0,False,admin_assigned
MATCH_3069,ALUMNI_M5096,S2280,48.0,2026-04-11 11:22:13.269852,accepted,,True,specific_request
MATCH_3070,ALUMNI_M4637,S816,55.0,2026-05-03 11:22:13.270262,rejected,,False,auto_suggestion
MATCH_3071,M2226,S776,57.67,2026-04-28 11:22:13.270637,pending,63.0,False,auto_suggestion
MATCH_3072,M1668,S3917,51.0,2026-04-25 11:22:13.271035,rejected,48.0,False,admin_assigned
MATCH_3073,M4525,S2411,44.0,2026-04-14 11:22:13.271419,accepted,,False,admin_assigned
MATCH_3074,M1888,S459,57.67,2026-04-14 11:22:13.271814,pending,40.0,False,specific_request
MATCH_3075,M2953,S2564,44.0,2026-04-19 11:22:13.272206,rejected,28.0,False,admin_assigned
MATCH_3076,ALUMNI_M5679,S4719,44.0,2026-05-06 11:22:13.272578,accepted,,True,high_compatibility
MATCH_3077,M125,S2481,47.67,2026-05-01 11:22:13.272986,rejected,,True,high_compatibility
MATCH_3078,ALUMNI_M2130,S1910,53.89,2026-04-14 11:22:13.273360,rejected,,True,admin_assigned
MATCH_3079,M1197,S2023,40.22,2026-04-12 11:22:13.273734,completed,16.0,True,high_compatibility
MATCH_3080,ALUMNI_M3911,S1016,51.0,2026-04-27 11:22:13.274103,accepted,17.0,False,high_compatibility
MATCH_3081,ALUMNI_M2421,S1350,51.0,2026-04-27 11:22:13.274485,pending,,True,admin_assigned
MATCH_3082,ALUMNI_M3312,S2255,44.0,2026-04-25 11:22:13.274902,completed,36.0,False,specific_request
MATCH_3083,ALUMNI_M4014,S3229,51.0,2026-04-18 11:22:13.275304,completed,44.0,False,specific_request
MATCH_3084,M1781,S3456,51.0,2026-04-19 11:22:13.275695,accepted,51.0,False,auto_suggestion
MATCH_3085,ALUMNI_M3579,S1543,44.0,2026-04-18 11:22:13.276192,pending,31.0,False,specific_request
MATCH_3086,ALUMNI_M5104,S3448,61.5,2026-04-28 11:22:13.276622,completed,17.0,True,specific_request
MATCH_3087,M196,S4267,61.5,2026-04-28 11:22:13.277036,pending,,False,high_compatibility
MATCH_3088,ALUMNI_M1604,S135,51.0,2026-05-01 11:22:13.277440,completed,58.0,True,high_compatibility
MATCH_3089,M1056,S360,68.5,2026-04-26 11:22:13.277853,rejected,47.0,True,auto_suggestion
MATCH_3090,M2600,S1847,51.0,2026-04-25 11:22:13.278267,accepted,,False,auto_suggestion
MATCH_3091,M1859,S3366,48.0,2026-04-27 11:22:13.278667,rejected,57.0,True,specific_request
MATCH_3092,M573,S2131,51.0,2026-05-01 11:22:13.279087,pending,37.0,False,auto_suggestion
MATCH_3093,M2404,S4697,48.0,2026-04-09 11:22:13.279587,rejected,11.0,False,admin_assigned
MATCH_3094,ALUMNI_M5911,S4060,51.0,2026-04-25 11:22:13.280008,completed,19.0,True,specific_request
MATCH_3095,ALUMNI_M5079,S1319,55.0,2026-04-23 11:22:13.280390,completed,6.0,True,admin_assigned
MATCH_3096,M301,S861,51.0,2026-04-11 11:22:13.280767,completed,,False,specific_request
MATCH_3097,ALUMNI_M1668,S611,51.0,2026-05-01 11:22:13.281138,rejected,19.0,False,high_compatibility
MATCH_3098,ALUMNI_M5891,S4804,44.0,2026-04-15 11:22:13.281528,completed,46.0,False,high_compatibility
MATCH_3099,M4832,S3782,68.5,2026-04-20 11:22:13.281951,pending,22.0,False,auto_suggestion
MATCH_3100,M2985,S2181,68.5,2026-04-30 11:22:13.282343,rejected,70.0,False,auto_suggestion
MATCH_3101,ALUMNI_M4797,S721,45.14,2026-04-28 11:22:13.282735,pending,22.0,True,admin_assigned
MATCH_3102,ALUMNI_M68,S413,51.0,2026-04-30 11:22:13.283166,pending,71.0,True,admin_assigned
MATCH_3103,ALUMNI_M4734,S3051,51.0,2026-04-17 11:22:13.283571,completed,8.0,False,auto_suggestion
MATCH_3104,ALUMNI_M1088,S4708,44.0,2026-05-03 11:22:13.283985,completed,10.0,True,admin_assigned
MATCH_3105,ALUMNI_M242,S4160,51.0,2026-04-23 11:22:13.284362,accepted,16.0,True,admin_assigned
MATCH_3106,M505,S1250,72.5,2026-04-08 11:22:13.284767,rejected,18.0,True,auto_suggestion
MATCH_3107,ALUMNI_M2162,S4354,51.0,2026-04-10 11:22:13.285164,accepted,21.0,True,auto_suggestion
MATCH_3108,ALUMNI_M5169,S2890,48.0,2026-05-04 11:22:13.285545,completed,16.0,False,auto_suggestion
MATCH_3109,M761,S3740,75.17,2026-04-20 11:22:13.285976,completed,36.0,False,high_compatibility
MATCH_3110,ALUMNI_M5143,S2159,44.0,2026-05-04 11:22:13.286382,rejected,23.0,False,auto_suggestion
MATCH_3111,ALUMNI_M3104,S532,51.0,2026-04-09 11:22:13.286815,pending,,True,high_compatibility
MATCH_3112,ALUMNI_M5996,S4377,51.0,2026-04-09 11:22:13.287231,rejected,,True,auto_suggestion
MATCH_3113,M3700,S2497,48.0,2026-04-16 11:22:13.287617,pending,,True,specific_request
MATCH_3114,M3912,S2115,51.0,2026-04-26 11:22:13.288022,completed,8.0,False,high_compatibility
MATCH_3115,ALUMNI_M5029,S3139,51.0,2026-05-02 11:22:13.288407,accepted,67.0,True,high_compatibility
MATCH_3116,ALUMNI_M4537,S3449,56.56,2026-04-16 11:22:13.288829,pending,18.0,False,auto_suggestion
MATCH_3117,ALUMNI_M4756,S879,66.28,2026-05-03 11:22:13.289242,accepted,,True,specific_request
MATCH_3118,ALUMNI_M5341,S2643,61.5,2026-04-29 11:22:13.289625,completed,51.0,False,admin_assigned
MATCH_3119,M4264,S3298,62.5,2026-04-24 11:22:13.290044,completed,15.0,True,auto_suggestion
MATCH_3120,M2262,S3026,72.5,2026-04-06 11:22:13.290437,pending,25.0,True,high_compatibility
MATCH_3121,M1844,S1555,55.67,2026-04-13 11:22:13.290846,pending,43.0,True,auto_suggestion
MATCH_3122,ALUMNI_M5435,S4580,51.0,2026-04-15 11:22:13.291250,completed,,True,high_compatibility
MATCH_3123,ALUMNI_M4141,S3873,55.0,2026-04-27 11:22:13.291638,pending,51.0,False,auto_suggestion
MATCH_3124,M4815,S2484,55.0,2026-04-26 11:22:13.292049,completed,5.0,False,admin_assigned
MATCH_3125,ALUMNI_M3910,S1273,51.0,2026-04-06 11:22:13.292456,accepted,45.0,False,admin_assigned
MATCH_3126,ALUMNI_M2659,S2394,44.0,2026-04-23 11:22:13.292896,rejected,49.0,True,admin_assigned
MATCH_3127,ALUMNI_M627,S3087,66.5,2026-04-23 11:22:13.293307,accepted,,False,specific_request
MATCH_3128,M4728,S3373,51.0,2026-04-29 11:22:13.293692,rejected,16.0,True,admin_assigned
MATCH_3129,ALUMNI_M1671,S4134,55.0,2026-05-04 11:22:13.294112,accepted,,False,high_compatibility
MATCH_3130,M4153,S267,60.72,2026-04-30 11:22:13.294501,accepted,3.0,True,high_compatibility
MATCH_3131,ALUMNI_M2303,S1812,48.0,2026-04-23 11:22:13.294901,pending,,False,specific_request
MATCH_3132,ALUMNI_M1419,S2708,51.0,2026-04-13 11:22:13.295274,completed,51.0,False,specific_request
MATCH_3133,ALUMNI_M2179,S2995,44.0,2026-04-16 11:22:13.295692,pending,15.0,True,high_compatibility
MATCH_3134,M644,S623,44.0,2026-04-13 11:22:13.296140,accepted,,False,auto_suggestion
MATCH_3135,ALUMNI_M3488,S987,48.0,2026-05-02 11:22:13.296605,completed,,True,specific_request
MATCH_3136,ALUMNI_M3247,S1947,51.0,2026-04-26 11:22:13.297029,rejected,55.0,False,auto_suggestion
MATCH_3137,ALUMNI_M2819,S562,51.0,2026-05-01 11:22:13.297405,completed,,False,admin_assigned
MATCH_3138,ALUMNI_M473,S2647,68.5,2026-04-23 11:22:13.297778,accepted,57.0,True,high_compatibility
MATCH_3139,ALUMNI_M2205,S549,44.0,2026-04-27 11:22:13.298187,completed,,True,specific_request
MATCH_3140,M906,S2403,51.0,2026-04-08 11:22:13.298568,pending,5.0,False,auto_suggestion
MATCH_3141,M2223,S3543,61.5,2026-04-17 11:22:13.298976,accepted,45.0,True,auto_suggestion
MATCH_3142,ALUMNI_M1607,S2040,44.0,2026-05-01 11:22:13.299392,completed,12.0,True,admin_assigned
MATCH_3143,ALUMNI_M3308,S2767,65.5,2026-04-25 11:22:13.299804,rejected,16.0,True,admin_assigned
MATCH_3144,M161,S1943,55.0,2026-04-14 11:22:13.300212,accepted,33.0,False,auto_suggestion
MATCH_3145,M2311,S4099,48.0,2026-05-05 11:22:13.300612,accepted,70.0,True,specific_request
MATCH_3146,ALUMNI_M232,S3685,57.67,2026-04-10 11:22:13.301048,rejected,3.0,False,high_compatibility
MATCH_3147,ALUMNI_M2540,S3697,44.0,2026-04-23 11:22:13.301465,pending,,False,admin_assigned
MATCH_3148,ALUMNI_M1703,S4902,51.0,2026-04-25 11:22:13.301889,completed,7.0,True,high_compatibility
MATCH_3149,M3643,S4148,51.0,2026-04-16 11:22:13.302301,rejected,63.0,True,auto_suggestion
MATCH_3150,M4530,S2355,54.67,2026-05-05 11:22:13.302694,pending,7.0,True,high_compatibility
MATCH_3151,M828,S4755,44.0,2026-04-23 11:22:13.303143,accepted,,False,specific_request
MATCH_3152,ALUMNI_M4662,S4361,72.5,2026-04-06 11:22:13.303536,completed,,True,auto_suggestion
MATCH_3153,M4243,S4343,57.67,2026-04-12 11:22:13.303958,pending,58.0,False,auto_suggestion
MATCH_3154,ALUMNI_M1366,S554,48.0,2026-04-10 11:22:13.304365,completed,26.0,False,specific_request
MATCH_3155,M4483,S3640,44.0,2026-04-28 11:22:13.304784,completed,38.0,False,auto_suggestion
MATCH_3156,M367,S3641,51.0,2026-04-22 11:22:13.305194,completed,34.0,False,auto_suggestion
MATCH_3157,ALUMNI_M451,S2737,44.0,2026-05-06 11:22:13.305562,rejected,,False,specific_request
MATCH_3158,ALUMNI_M5795,S4476,51.0,2026-04-20 11:22:13.306044,completed,58.0,False,admin_assigned
MATCH_3159,ALUMNI_M4438,S3798,44.0,2026-04-27 11:22:13.306461,pending,39.0,True,admin_assigned
MATCH_3160,ALUMNI_M3598,S358,44.0,2026-04-14 11:22:13.306871,completed,,True,auto_suggestion
MATCH_3161,ALUMNI_M3583,S4591,44.0,2026-04-24 11:22:13.307356,rejected,59.0,True,admin_assigned
MATCH_3162,M1578,S2749,51.0,2026-04-29 11:22:13.307783,completed,23.0,False,specific_request
MATCH_3163,M3762,S2719,44.0,2026-05-04 11:22:13.308189,completed,21.0,False,high_compatibility
MATCH_3164,ALUMNI_M3096,S3450,65.5,2026-04-08 11:22:13.308580,rejected,10.0,False,admin_assigned
MATCH_3165,ALUMNI_M4386,S157,44.0,2026-05-06 11:22:13.309015,accepted,,True,high_compatibility
MATCH_3166,M933,S810,44.0,2026-05-03 11:22:13.309432,completed,36.0,False,auto_suggestion
MATCH_3167,M2619,S2789,41.14,2026-04-06 11:22:13.309853,accepted,,True,auto_suggestion
MATCH_3168,ALUMNI_M5939,S4951,49.0,2026-05-05 11:22:13.310263,rejected,10.0,True,specific_request
MATCH_3169,M3783,S3582,54.67,2026-04-08 11:22:13.310643,rejected,32.0,True,admin_assigned
MATCH_3170,M4983,S1407,51.0,2026-04-06 11:22:13.311063,pending,27.0,True,high_compatibility
MATCH_3171,ALUMNI_M3774,S3251,47.17,2026-04-30 11:22:13.311456,pending,,False,auto_suggestion
MATCH_3172,ALUMNI_M4776,S2528,44.0,2026-04-24 11:22:13.311838,completed,63.0,False,high_compatibility
MATCH_3173,ALUMNI_M3425,S1188,57.67,2026-04-12 11:22:13.312216,completed,60.0,True,specific_request
MATCH_3174,M3468,S697,51.0,2026-05-06 11:22:13.312600,accepted,1.0,False,auto_suggestion
MATCH_3175,ALUMNI_M5258,S224,48.0,2026-04-13 11:22:13.312991,accepted,65.0,False,high_compatibility
MATCH_3176,ALUMNI_M1115,S4486,55.0,2026-05-03 11:22:13.313398,rejected,62.0,True,specific_request
MATCH_3177,M4246,S2564,55.0,2026-05-03 11:22:13.313814,pending,68.0,True,high_compatibility
MATCH_3178,M822,S2643,51.0,2026-04-28 11:22:13.314369,rejected,,True,high_compatibility
MATCH_3179,M2408,S2560,43.5,2026-05-04 11:22:13.314782,pending,,False,auto_suggestion
MATCH_3180,ALUMNI_M929,S4878,68.5,2026-04-08 11:22:13.315208,completed,37.0,True,specific_request
MATCH_3181,M1707,S4540,47.67,2026-04-08 11:22:13.315597,completed,22.0,True,admin_assigned
MATCH_3182,M722,S3801,51.0,2026-04-14 11:22:13.315974,accepted,10.0,False,specific_request
MATCH_3183,ALUMNI_M4597,S2548,57.67,2026-04-07 11:22:13.316372,pending,63.0,False,specific_request
MATCH_3184,M3598,S4125,47.33,2026-04-28 11:22:13.316793,rejected,71.0,True,specific_request
MATCH_3185,M2304,S3705,48.0,2026-04-14 11:22:13.317227,rejected,,True,admin_assigned
MATCH_3186,M2210,S1221,51.0,2026-04-14 11:22:13.317639,completed,21.0,False,high_compatibility
MATCH_3187,ALUMNI_M4310,S2136,55.0,2026-04-28 11:22:13.318059,rejected,13.0,True,high_compatibility
MATCH_3188,ALUMNI_M5749,S2580,51.0,2026-05-03 11:22:13.318477,completed,,True,high_compatibility
MATCH_3189,ALUMNI_M3081,S4957,51.0,2026-04-27 11:22:13.318947,accepted,52.0,True,auto_suggestion
MATCH_3190,ALUMNI_M2807,S450,51.0,2026-05-04 11:22:13.319362,pending,33.0,False,admin_assigned
MATCH_3191,M2314,S4912,68.5,2026-04-28 11:22:13.319770,rejected,,False,auto_suggestion
MATCH_3192,M2530,S1682,44.0,2026-05-05 11:22:13.320196,completed,70.0,True,high_compatibility
MATCH_3193,ALUMNI_M3743,S1279,51.0,2026-04-10 11:22:13.320605,rejected,16.0,False,admin_assigned
MATCH_3194,M4838,S4845,44.0,2026-04-14 11:22:13.321162,accepted,65.0,False,admin_assigned
MATCH_3195,M4404,S1009,44.0,2026-04-12 11:22:13.321600,rejected,15.0,False,high_compatibility
MATCH_3196,M2434,S3954,44.0,2026-04-16 11:22:13.322039,accepted,,False,high_compatibility
MATCH_3197,ALUMNI_M1718,S3389,51.0,2026-04-18 11:22:13.322437,accepted,,True,specific_request
MATCH_3198,M4569,S980,44.0,2026-04-13 11:22:13.322867,rejected,40.0,True,high_compatibility
MATCH_3199,ALUMNI_M2573,S2240,39.0,2026-04-19 11:22:13.323318,completed,,False,admin_assigned
MATCH_3200,ALUMNI_M2398,S4468,44.0,2026-04-11 11:22:13.323727,completed,49.0,True,auto_suggestion
MATCH_3201,ALUMNI_M4184,S4826,50.67,2026-04-14 11:22:13.324116,accepted,47.0,True,auto_suggestion
MATCH_3202,ALUMNI_M4302,S1342,55.0,2026-04-10 11:22:13.324511,rejected,55.0,True,auto_suggestion
MATCH_3203,M4797,S4266,43.5,2026-04-11 11:22:13.324939,pending,49.0,False,specific_request
MATCH_3204,M912,S801,51.0,2026-04-26 11:22:13.325348,rejected,11.0,True,specific_request
MATCH_3205,ALUMNI_M5934,S1846,51.0,2026-04-16 11:22:13.325777,completed,,True,admin_assigned
MATCH_3206,ALUMNI_M4996,S3264,44.0,2026-04-12 11:22:13.326201,accepted,,False,admin_assigned
MATCH_3207,ALUMNI_M1183,S1891,44.0,2026-04-18 11:22:13.326598,rejected,14.0,True,admin_assigned
MATCH_3208,ALUMNI_M2862,S350,47.22,2026-05-03 11:22:13.327030,completed,18.0,False,specific_request
MATCH_3209,ALUMNI_M4209,S3003,44.0,2026-04-08 11:22:13.327432,pending,2.0,False,high_compatibility
MATCH_3210,ALUMNI_M4677,S4461,44.0,2026-04-27 11:22:13.327845,completed,51.0,True,specific_request
MATCH_3211,ALUMNI_M4110,S1838,61.67,2026-04-08 11:22:13.328249,rejected,55.0,True,admin_assigned
MATCH_3212,ALUMNI_M2005,S1070,48.0,2026-04-12 11:22:13.328641,completed,72.0,True,high_compatibility
MATCH_3213,ALUMNI_M115,S3335,44.0,2026-04-20 11:22:13.329068,completed,2.0,True,admin_assigned
MATCH_3214,ALUMNI_M4893,S4863,44.0,2026-04-23 11:22:13.329486,accepted,68.0,False,high_compatibility
MATCH_3215,ALUMNI_M2861,S4209,51.0,2026-04-24 11:22:13.329892,completed,27.0,False,admin_assigned
MATCH_3216,ALUMNI_M4319,S844,51.0,2026-04-26 11:22:13.330302,rejected,37.0,True,high_compatibility
MATCH_3217,ALUMNI_M5571,S1923,53.0,2026-05-03 11:22:13.330697,rejected,35.0,True,high_compatibility
MATCH_3218,ALUMNI_M3166,S2033,44.0,2026-04-27 11:22:13.331151,pending,,False,admin_assigned
MATCH_3219,ALUMNI_M1203,S587,68.5,2026-04-26 11:22:13.331542,accepted,,False,auto_suggestion
MATCH_3220,ALUMNI_M4805,S451,68.5,2026-04-17 11:22:13.331959,accepted,52.0,False,auto_suggestion
MATCH_3221,ALUMNI_M4419,S1214,61.5,2026-05-02 11:22:13.332338,accepted,62.0,True,admin_assigned
MATCH_3222,ALUMNI_M1767,S4361,55.0,2026-04-12 11:22:13.332763,pending,23.0,False,high_compatibility
MATCH_3223,M2042,S3908,68.5,2026-04-15 11:22:13.333199,completed,,True,high_compatibility
MATCH_3224,M196,S4537,44.0,2026-04-08 11:22:13.333622,accepted,,False,specific_request
MATCH_3225,ALUMNI_M903,S425,44.0,2026-04-20 11:22:13.334042,accepted,70.0,True,admin_assigned
MATCH_3226,ALUMNI_M4022,S1065,61.5,2026-04-27 11:22:13.334474,rejected,36.0,True,specific_request
MATCH_3227,M3663,S1783,55.0,2026-04-24 11:22:13.334890,rejected,36.0,True,high_compatibility
MATCH_3228,M1078,S3024,55.0,2026-04-29 11:22:13.335254,rejected,58.0,True,specific_request
MATCH_3229,ALUMNI_M2590,S3724,51.0,2026-04-28 11:22:13.335601,accepted,,False,auto_suggestion
MATCH_3230,ALUMNI_M736,S3879,50.67,2026-04-09 11:22:13.336001,accepted,,False,admin_assigned
MATCH_3231,M1406,S2012,51.0,2026-04-24 11:22:13.336372,completed,47.0,False,auto_suggestion
MATCH_3232,M1084,S2694,46.0,2026-04-07 11:22:13.336767,pending,,False,specific_request
MATCH_3233,ALUMNI_M1027,S167,51.0,2026-04-23 11:22:13.337172,completed,67.0,True,specific_request
MATCH_3234,ALUMNI_M369,S335,65.5,2026-04-13 11:22:13.337554,accepted,39.0,False,specific_request
MATCH_3235,ALUMNI_M1611,S2519,72.5,2026-04-27 11:22:13.337972,rejected,67.0,True,specific_request
MATCH_3236,ALUMNI_M1114,S4244,39.56,2026-04-27 11:22:13.338472,accepted,,True,high_compatibility
MATCH_3237,M4457,S2780,51.0,2026-04-23 11:22:13.338916,rejected,12.0,True,admin_assigned
MATCH_3238,M391,S4932,68.17,2026-04-22 11:22:13.339346,completed,34.0,True,specific_request
MATCH_3239,M4865,S1394,49.0,2026-04-10 11:22:13.339790,accepted,42.0,True,admin_assigned
MATCH_3240,ALUMNI_M3054,S998,51.0,2026-05-06 11:22:13.340238,rejected,54.0,False,admin_assigned
MATCH_3241,ALUMNI_M508,S2641,47.0,2026-04-28 11:22:13.340669,rejected,,True,specific_request
MATCH_3242,M163,S2084,51.0,2026-04-19 11:22:13.341113,accepted,23.0,True,admin_assigned
MATCH_3243,ALUMNI_M5455,S3461,46.75,2026-04-07 11:22:13.341628,accepted,,True,admin_assigned
MATCH_3244,ALUMNI_M4728,S2856,61.67,2026-04-16 11:22:13.342084,completed,68.0,True,auto_suggestion
MATCH_3245,ALUMNI_M2961,S1621,44.0,2026-04-27 11:22:13.342523,accepted,29.0,True,specific_request
MATCH_3246,M4955,S3382,50.67,2026-05-04 11:22:13.342964,accepted,26.0,False,admin_assigned
MATCH_3247,ALUMNI_M1085,S4359,49.75,2026-04-11 11:22:13.343380,rejected,8.0,False,admin_assigned
MATCH_3248,M3793,S4848,55.94,2026-04-30 11:22:13.343804,accepted,61.0,False,admin_assigned
MATCH_3249,M2731,S2632,48.0,2026-04-21 11:22:13.344220,accepted,12.0,True,specific_request
MATCH_3250,ALUMNI_M4618,S1943,46.56,2026-04-06 11:22:13.344608,completed,11.0,True,admin_assigned
MATCH_3251,M780,S748,51.0,2026-04-10 11:22:13.345074,completed,24.0,False,admin_assigned
MATCH_3252,M1770,S183,52.14,2026-04-26 11:22:13.345524,completed,28.0,True,high_compatibility
MATCH_3253,M2005,S1267,39.0,2026-04-18 11:22:13.345982,accepted,71.0,False,auto_suggestion
MATCH_3254,M3499,S2061,44.0,2026-04-13 11:22:13.346424,pending,70.0,True,high_compatibility
MATCH_3255,M4502,S4332,55.0,2026-04-12 11:22:13.346854,completed,32.0,False,auto_suggestion
MATCH_3256,ALUMNI_M5987,S3356,51.0,2026-04-19 11:22:13.347265,accepted,64.0,True,auto_suggestion
MATCH_3257,M2167,S2459,51.0,2026-04-13 11:22:13.347689,accepted,,False,high_compatibility
MATCH_3258,M2793,S763,48.78,2026-04-17 11:22:13.348145,completed,,False,high_compatibility
MATCH_3259,M322,S274,51.0,2026-04-08 11:22:13.348643,accepted,51.0,True,auto_suggestion
MATCH_3260,M3378,S4870,55.0,2026-04-27 11:22:13.349084,rejected,10.0,True,high_compatibility
MATCH_3261,M3915,S3213,48.0,2026-04-30 11:22:13.349543,pending,47.0,True,specific_request
MATCH_3262,M2103,S165,61.5,2026-04-20 11:22:13.350027,completed,53.0,False,high_compatibility
MATCH_3263,ALUMNI_M298,S2009,55.0,2026-04-09 11:22:13.350493,pending,,False,admin_assigned
MATCH_3264,ALUMNI_M1937,S488,61.5,2026-04-09 11:22:13.350991,accepted,,True,high_compatibility
MATCH_3265,ALUMNI_M873,S117,44.0,2026-04-21 11:22:13.351443,rejected,,False,specific_request
MATCH_3266,ALUMNI_M3687,S1070,44.0,2026-04-23 11:22:13.351900,pending,10.0,True,specific_request
MATCH_3267,M4390,S1171,55.0,2026-04-15 11:22:13.352346,pending,13.0,False,specific_request
MATCH_3268,ALUMNI_M4499,S220,52.78,2026-05-01 11:22:13.352798,rejected,30.0,True,admin_assigned
MATCH_3269,ALUMNI_M4367,S2320,51.0,2026-04-18 11:22:13.353222,rejected,,False,auto_suggestion
MATCH_3270,M4138,S3418,55.0,2026-04-25 11:22:13.353600,pending,16.0,False,high_compatibility
MATCH_3271,M906,S1045,61.5,2026-05-03 11:22:13.354040,accepted,53.0,True,admin_assigned
MATCH_3272,M1234,S1148,51.0,2026-04-23 11:22:13.354476,pending,55.0,False,auto_suggestion
MATCH_3273,M153,S4861,51.0,2026-04-08 11:22:13.354921,pending,18.0,False,admin_assigned
MATCH_3274,ALUMNI_M2273,S613,51.0,2026-04-15 11:22:13.355309,pending,37.0,False,specific_request
MATCH_3275,ALUMNI_M1994,S2023,51.0,2026-05-03 11:22:13.355670,accepted,39.0,False,admin_assigned
MATCH_3276,ALUMNI_M4599,S1966,55.0,2026-05-05 11:22:13.356094,rejected,72.0,False,high_compatibility
MATCH_3277,M2343,S4369,65.5,2026-05-02 11:22:13.356464,pending,5.0,True,admin_assigned
MATCH_3278,ALUMNI_M4626,S3181,44.0,2026-04-08 11:22:13.356860,pending,,False,high_compatibility
MATCH_3279,ALUMNI_M1299,S1463,65.5,2026-04-26 11:22:13.357267,pending,,False,auto_suggestion
MATCH_3280,ALUMNI_M3256,S2890,55.0,2026-04-17 11:22:13.357671,rejected,2.0,True,auto_suggestion
MATCH_3281,ALUMNI_M1320,S3907,48.0,2026-04-11 11:22:13.358114,completed,7.0,False,admin_assigned
MATCH_3282,ALUMNI_M2403,S4287,51.0,2026-04-28 11:22:13.358574,completed,22.0,False,admin_assigned
MATCH_3283,ALUMNI_M3236,S2402,65.5,2026-04-13 11:22:13.359025,pending,,False,specific_request
MATCH_3284,M4540,S4949,51.0,2026-04-26 11:22:13.359428,accepted,45.0,True,high_compatibility
MATCH_3285,ALUMNI_M793,S2288,47.5,2026-04-07 11:22:13.359842,rejected,69.0,True,high_compatibility
MATCH_3286,ALUMNI_M888,S2746,48.0,2026-05-01 11:22:13.360287,accepted,21.0,True,auto_suggestion
MATCH_3287,ALUMNI_M3436,S4833,51.0,2026-04-23 11:22:13.360693,rejected,,True,auto_suggestion
MATCH_3288,ALUMNI_M2430,S1998,51.0,2026-04-10 11:22:13.361150,rejected,50.0,True,admin_assigned
MATCH_3289,ALUMNI_M5476,S884,50.67,2026-04-26 11:22:13.361583,pending,55.0,True,auto_suggestion
MATCH_3290,ALUMNI_M2461,S3266,44.0,2026-04-12 11:22:13.362047,rejected,,True,auto_suggestion
MATCH_3291,ALUMNI_M3079,S3575,54.83,2026-04-20 11:22:13.362498,completed,16.0,False,high_compatibility
MATCH_3292,ALUMNI_M171,S3859,44.0,2026-04-27 11:22:13.362971,rejected,7.0,True,high_compatibility
MATCH_3293,ALUMNI_M5940,S4579,68.5,2026-04-17 11:22:13.363459,pending,52.0,False,specific_request
MATCH_3294,M216,S2265,51.0,2026-04-07 11:22:13.363929,pending,44.0,False,auto_suggestion
MATCH_3295,ALUMNI_M162,S2958,44.0,2026-04-16 11:22:13.364391,rejected,6.0,False,admin_assigned
MATCH_3296,ALUMNI_M4730,S2246,39.71,2026-04-25 11:22:13.364853,rejected,65.0,False,high_compatibility
MATCH_3297,M4340,S906,43.86,2026-05-01 11:22:13.365296,pending,4.0,True,specific_request
MATCH_3298,M1367,S2442,55.0,2026-04-11 11:22:13.365692,pending,,False,high_compatibility
MATCH_3299,ALUMNI_M2925,S3757,47.67,2026-04-18 11:22:13.366118,pending,,False,high_compatibility
MATCH_3300,ALUMNI_M3584,S178,65.5,2026-04-26 11:22:13.366527,completed,66.0,False,auto_suggestion
MATCH_3301,ALUMNI_M2360,S788,55.0,2026-04-25 11:22:13.366936,pending,47.0,True,specific_request
MATCH_3302,M2959,S2000,44.0,2026-05-03 11:22:13.367336,accepted,,False,auto_suggestion
MATCH_3303,ALUMNI_M1152,S3357,55.0,2026-04-09 11:22:13.367762,completed,37.0,False,auto_suggestion
MATCH_3304,M4717,S4928,51.0,2026-04-25 11:22:13.368171,completed,6.0,False,high_compatibility
MATCH_3305,ALUMNI_M4908,S940,68.5,2026-04-27 11:22:13.368566,accepted,53.0,True,high_compatibility
MATCH_3306,M4071,S3649,40.67,2026-04-27 11:22:13.368980,accepted,46.0,True,admin_assigned
MATCH_3307,ALUMNI_M5012,S4643,42.57,2026-04-30 11:22:13.369449,rejected,,True,auto_suggestion
MATCH_3308,ALUMNI_M4106,S1797,44.0,2026-04-25 11:22:13.369861,pending,39.0,False,auto_suggestion
MATCH_3309,M38,S1678,51.0,2026-04-22 11:22:13.370237,rejected,26.0,False,specific_request
MATCH_3310,M630,S4872,46.71,2026-05-02 11:22:13.370664,accepted,14.0,False,auto_suggestion
MATCH_3311,ALUMNI_M3508,S2044,51.0,2026-05-06 11:22:13.371113,completed,15.0,True,high_compatibility
MATCH_3312,ALUMNI_M2052,S2428,55.0,2026-04-08 11:22:13.371513,completed,45.0,False,high_compatibility
MATCH_3313,ALUMNI_M1067,S2343,51.0,2026-04-14 11:22:13.371958,pending,61.0,True,auto_suggestion
MATCH_3314,M3070,S1220,44.0,2026-04-25 11:22:13.372363,accepted,34.0,False,admin_assigned
MATCH_3315,ALUMNI_M4043,S4179,51.0,2026-04-11 11:22:13.372776,pending,27.0,False,admin_assigned
MATCH_3316,ALUMNI_M1872,S1957,48.0,2026-04-24 11:22:13.373213,pending,31.0,True,high_compatibility
MATCH_3317,ALUMNI_M424,S4195,48.0,2026-04-20 11:22:13.373642,accepted,,False,specific_request
MATCH_3318,ALUMNI_M5695,S4181,44.0,2026-04-12 11:22:13.374100,pending,52.0,True,high_compatibility
MATCH_3319,M3322,S4444,44.0,2026-04-19 11:22:13.374559,rejected,,True,admin_assigned
MATCH_3320,M2488,S3072,51.0,2026-05-02 11:22:13.375009,completed,4.0,False,auto_suggestion
MATCH_3321,M1419,S2068,55.0,2026-04-17 11:22:13.375465,pending,,False,admin_assigned
MATCH_3322,ALUMNI_M3388,S1351,51.0,2026-04-07 11:22:13.375924,rejected,23.0,False,admin_assigned
MATCH_3323,ALUMNI_M4140,S2786,51.0,2026-04-09 11:22:13.376370,rejected,,False,auto_suggestion
MATCH_3324,M950,S2017,51.0,2026-04-13 11:22:13.376828,completed,63.0,True,specific_request
MATCH_3325,M931,S4322,44.0,2026-04-07 11:22:13.377282,pending,,False,specific_request
MATCH_3326,ALUMNI_M5112,S797,44.0,2026-04-08 11:22:13.377692,pending,,False,admin_assigned
MATCH_3327,M3971,S2071,61.5,2026-04-27 11:22:13.378070,completed,67.0,False,auto_suggestion
MATCH_3328,M4872,S4238,72.5,2026-04-13 11:22:13.378419,pending,,False,auto_suggestion
MATCH_3329,ALUMNI_M2206,S1590,48.0,2026-04-13 11:22:13.378854,accepted,53.0,True,admin_assigned
MATCH_3330,M3326,S4256,51.0,2026-04-27 11:22:13.379293,rejected,47.0,True,specific_request
MATCH_3331,ALUMNI_M3547,S3636,64.83,2026-05-03 11:22:13.379665,completed,36.0,False,auto_suggestion
MATCH_3332,ALUMNI_M3515,S2354,55.0,2026-04-21 11:22:13.380053,pending,,True,high_compatibility
MATCH_3333,M3143,S3823,44.0,2026-04-06 11:22:13.380473,rejected,37.0,False,high_compatibility
MATCH_3334,ALUMNI_M5673,S853,51.0,2026-04-12 11:22:13.380919,accepted,51.0,False,auto_suggestion
MATCH_3335,M197,S3938,55.0,2026-04-20 11:22:13.381353,rejected,4.0,True,admin_assigned
MATCH_3336,ALUMNI_M1896,S506,61.5,2026-04-26 11:22:13.381816,pending,23.0,False,high_compatibility
MATCH_3337,ALUMNI_M1718,S2394,43.0,2026-04-09 11:22:13.382266,accepted,26.0,False,high_compatibility
MATCH_3338,ALUMNI_M5069,S1199,51.0,2026-04-26 11:22:13.382733,pending,,True,high_compatibility
MATCH_3339,ALUMNI_M105,S2152,75.17,2026-04-11 11:22:13.383214,rejected,51.0,True,specific_request
MATCH_3340,ALUMNI_M81,S4999,51.0,2026-04-12 11:22:13.383654,pending,3.0,False,specific_request
MATCH_3341,M202,S3466,51.0,2026-04-20 11:22:13.384117,rejected,54.0,True,specific_request
MATCH_3342,M1684,S3107,48.0,2026-05-05 11:22:13.384563,rejected,,True,specific_request
MATCH_3343,ALUMNI_M3979,S2533,61.5,2026-04-26 11:22:13.385040,accepted,57.0,False,auto_suggestion
MATCH_3344,M2217,S3601,51.0,2026-04-17 11:22:13.385474,rejected,44.0,False,auto_suggestion
MATCH_3345,ALUMNI_M4732,S387,51.0,2026-04-30 11:22:13.385928,completed,,True,specific_request
MATCH_3346,ALUMNI_M5327,S586,68.5,2026-04-30 11:22:13.386358,accepted,68.0,False,specific_request
MATCH_3347,M3898,S3152,44.0,2026-04-24 11:22:13.386801,completed,31.0,False,specific_request
MATCH_3348,M4299,S3237,55.0,2026-04-18 11:22:13.387213,pending,21.0,True,auto_suggestion
MATCH_3349,M551,S3251,50.67,2026-05-03 11:22:13.387592,accepted,11.0,True,auto_suggestion
MATCH_3350,M2162,S4181,44.0,2026-04-26 11:22:13.388007,pending,20.0,False,admin_assigned
MATCH_3351,ALUMNI_M3928,S3560,44.0,2026-05-04 11:22:13.388393,completed,,False,specific_request
MATCH_3352,ALUMNI_M5371,S2200,57.67,2026-05-01 11:22:13.388782,pending,39.0,True,specific_request
MATCH_3353,M2883,S2670,44.0,2026-05-02 11:22:13.389159,rejected,,False,high_compatibility
MATCH_3354,M3818,S4993,44.75,2026-05-02 11:22:13.389562,accepted,44.0,True,admin_assigned
MATCH_3355,M2556,S1369,47.67,2026-04-09 11:22:13.389989,rejected,23.0,False,specific_request
MATCH_3356,M4780,S3421,72.5,2026-04-09 11:22:13.390421,pending,,False,high_compatibility
MATCH_3357,ALUMNI_M883,S831,44.0,2026-04-06 11:22:13.390895,accepted,14.0,True,auto_suggestion
MATCH_3358,M1589,S791,68.5,2026-05-04 11:22:13.391345,pending,13.0,False,admin_assigned
MATCH_3359,ALUMNI_M5261,S421,61.5,2026-04-12 11:22:13.391809,rejected,9.0,True,specific_request
MATCH_3360,ALUMNI_M480,S3046,44.0,2026-04-30 11:22:13.392260,pending,41.0,True,high_compatibility
MATCH_3361,M2594,S2396,51.0,2026-04-21 11:22:13.392719,pending,,False,high_compatibility
MATCH_3362,ALUMNI_M2531,S3784,44.0,2026-04-26 11:22:13.393175,pending,,True,specific_request
MATCH_3363,ALUMNI_M2825,S3233,44.0,2026-05-06 11:22:13.393606,completed,69.0,True,admin_assigned
MATCH_3364,M2649,S4826,50.67,2026-04-10 11:22:13.394046,rejected,42.0,True,admin_assigned
MATCH_3365,ALUMNI_M1441,S327,51.0,2026-04-19 11:22:13.394492,rejected,64.0,True,high_compatibility
MATCH_3366,ALUMNI_M4490,S2578,51.0,2026-04-07 11:22:13.394944,rejected,,False,high_compatibility
MATCH_3367,ALUMNI_M2946,S3562,55.0,2026-04-21 11:22:13.395364,rejected,,True,high_compatibility
MATCH_3368,M566,S4417,51.0,2026-04-27 11:22:13.395798,rejected,27.0,False,auto_suggestion
MATCH_3369,M2596,S2283,48.0,2026-04-12 11:22:13.396236,rejected,72.0,True,high_compatibility
MATCH_3370,ALUMNI_M5551,S4561,44.0,2026-04-10 11:22:13.396664,rejected,,True,specific_request
MATCH_3371,ALUMNI_M1883,S4710,46.71,2026-04-11 11:22:13.397110,accepted,36.0,False,auto_suggestion
MATCH_3372,ALUMNI_M5990,S2306,66.79,2026-04-17 11:22:13.397554,accepted,10.0,True,specific_request
MATCH_3373,M1524,S3466,51.0,2026-04-27 11:22:13.398061,rejected,53.0,False,auto_suggestion
MATCH_3374,ALUMNI_M537,S2757,44.0,2026-04-20 11:22:13.398465,pending,6.0,True,specific_request
MATCH_3375,ALUMNI_M4669,S3578,51.0,2026-04-12 11:22:13.398862,completed,15.0,False,specific_request
MATCH_3376,M247,S3395,61.5,2026-04-19 11:22:13.399242,accepted,,True,auto_suggestion
MATCH_3377,M2937,S2464,51.0,2026-04-28 11:22:13.399560,rejected,29.0,True,auto_suggestion
MATCH_3378,ALUMNI_M4770,S3339,48.0,2026-05-03 11:22:13.399909,rejected,33.0,False,admin_assigned
MATCH_3379,ALUMNI_M4925,S882,42.33,2026-04-09 11:22:13.400386,accepted,62.0,True,auto_suggestion
MATCH_3380,M3182,S3575,44.0,2026-04-10 11:22:13.400807,accepted,29.0,False,admin_assigned
MATCH_3381,ALUMNI_M918,S1518,48.0,2026-04-13 11:22:13.401189,rejected,34.0,False,auto_suggestion
MATCH_3382,M936,S3946,44.0,2026-04-16 11:22:13.401566,accepted,43.0,True,auto_suggestion
MATCH_3383,ALUMNI_M3273,S2896,44.0,2026-05-02 11:22:13.401955,completed,,False,specific_request
MATCH_3384,M1478,S3066,51.0,2026-04-11 11:22:13.402358,rejected,29.0,True,auto_suggestion
MATCH_3385,M3692,S789,50.67,2026-04-25 11:22:13.402807,accepted,11.0,True,admin_assigned
MATCH_3386,M3231,S4579,51.0,2026-04-22 11:22:13.403341,completed,72.0,True,high_compatibility
MATCH_3387,ALUMNI_M3854,S488,44.0,2026-04-16 11:22:13.403761,pending,71.0,True,high_compatibility
MATCH_3388,ALUMNI_M3500,S2984,61.5,2026-04-25 11:22:13.404141,completed,,True,specific_request
MATCH_3389,M863,S2888,48.0,2026-05-03 11:22:13.404580,pending,,False,auto_suggestion
MATCH_3390,M4825,S3089,51.0,2026-05-04 11:22:13.404994,completed,,True,high_compatibility
MATCH_3391,ALUMNI_M1331,S4923,42.33,2026-04-22 11:22:13.405395,pending,,False,high_compatibility
MATCH_3392,M3373,S4789,44.0,2026-04-15 11:22:13.405791,pending,,False,specific_request
MATCH_3393,ALUMNI_M744,S179,48.0,2026-04-29 11:22:13.406196,pending,32.0,True,high_compatibility
MATCH_3394,ALUMNI_M4485,S3521,44.0,2026-04-13 11:22:13.406600,completed,,True,auto_suggestion
MATCH_3395,ALUMNI_M5082,S1865,37.33,2026-05-04 11:22:13.406991,pending,62.0,True,specific_request
MATCH_3396,ALUMNI_M3865,S2387,39.71,2026-04-30 11:22:13.407372,rejected,5.0,False,admin_assigned
MATCH_3397,ALUMNI_M2411,S3743,68.5,2026-04-24 11:22:13.407760,completed,30.0,True,high_compatibility
MATCH_3398,M672,S502,44.0,2026-04-14 11:22:13.408187,accepted,27.0,False,admin_assigned
MATCH_3399,ALUMNI_M5503,S3978,57.67,2026-04-21 11:22:13.408606,accepted,58.0,True,high_compatibility
MATCH_3400,M4191,S4318,68.5,2026-04-17 11:22:13.409044,accepted,20.0,False,admin_assigned
MATCH_3401,ALUMNI_M1951,S2345,55.0,2026-04-10 11:22:13.409445,pending,72.0,True,high_compatibility
MATCH_3402,ALUMNI_M157,S1934,44.0,2026-04-25 11:22:13.409863,accepted,,False,admin_assigned
MATCH_3403,ALUMNI_M3793,S2478,51.0,2026-05-02 11:22:13.410242,accepted,64.0,False,high_compatibility
MATCH_3404,ALUMNI_M1530,S3821,65.17,2026-04-20 11:22:13.410608,pending,15.0,True,high_compatibility
MATCH_3405,M3845,S397,51.0,2026-04-15 11:22:13.411040,pending,51.0,False,specific_request
MATCH_3406,ALUMNI_M978,S2478,61.67,2026-05-01 11:22:13.411493,accepted,12.0,False,high_compatibility
MATCH_3407,M584,S62,44.0,2026-04-20 11:22:13.411886,accepted,,True,admin_assigned
MATCH_3408,ALUMNI_M3880,S2359,50.67,2026-04-22 11:22:13.412279,accepted,,False,specific_request
MATCH_3409,M716,S710,44.0,2026-04-17 11:22:13.412682,accepted,,False,admin_assigned
MATCH_3410,M420,S2984,44.0,2026-04-24 11:22:13.413172,pending,54.0,True,specific_request
MATCH_3411,ALUMNI_M3841,S495,51.0,2026-04-14 11:22:13.413555,pending,53.0,False,specific_request
MATCH_3412,ALUMNI_M2852,S3878,51.0,2026-04-24 11:22:13.413962,pending,35.0,False,auto_suggestion
MATCH_3413,ALUMNI_M927,S1350,51.0,2026-04-12 11:22:13.414385,completed,21.0,True,high_compatibility
MATCH_3414,M2195,S4463,51.0,2026-05-03 11:22:13.414823,completed,,True,specific_request
MATCH_3415,ALUMNI_M4910,S3957,44.0,2026-05-06 11:22:13.415233,pending,27.0,False,admin_assigned
MATCH_3416,M4295,S3808,51.0,2026-04-11 11:22:13.415595,pending,54.0,True,admin_assigned
MATCH_3417,M2753,S4330,48.0,2026-04-22 11:22:13.416031,rejected,46.0,False,specific_request
MATCH_3418,ALUMNI_M1563,S53,51.0,2026-04-24 11:22:13.416434,completed,39.0,True,auto_suggestion
MATCH_3419,ALUMNI_M3690,S1077,44.0,2026-04-15 11:22:13.416910,completed,2.0,False,auto_suggestion
MATCH_3420,ALUMNI_M4405,S466,40.67,2026-04-24 11:22:13.417314,pending,20.0,False,admin_assigned
MATCH_3421,M2616,S4043,48.0,2026-05-01 11:22:13.417761,completed,27.0,False,admin_assigned
MATCH_3422,ALUMNI_M4384,S1528,51.0,2026-04-28 11:22:13.418187,pending,10.0,True,admin_assigned
MATCH_3423,ALUMNI_M4970,S1033,51.0,2026-04-22 11:22:13.418607,completed,55.0,False,high_compatibility
MATCH_3424,ALUMNI_M2487,S4513,51.0,2026-04-26 11:22:13.419001,completed,68.0,False,admin_assigned
MATCH_3425,M1240,S1137,44.0,2026-04-13 11:22:13.419429,pending,12.0,False,specific_request
MATCH_3426,ALUMNI_M3765,S2576,55.0,2026-05-06 11:22:13.419890,completed,57.0,False,specific_request
MATCH_3427,M267,S723,55.0,2026-04-08 11:22:13.420320,rejected,5.0,False,admin_assigned
MATCH_3428,ALUMNI_M826,S1753,68.5,2026-04-11 11:22:13.420731,completed,,True,specific_request
MATCH_3429,M2292,S4973,44.0,2026-04-28 11:22:13.421104,rejected,50.0,False,high_compatibility
MATCH_3430,M2192,S359,65.5,2026-04-09 11:22:13.421553,pending,10.0,True,high_compatibility
MATCH_3431,ALUMNI_M1542,S4084,48.0,2026-05-04 11:22:13.421974,rejected,58.0,False,specific_request
MATCH_3432,M2531,S833,44.0,2026-05-06 11:22:13.422359,rejected,35.0,False,specific_request
MATCH_3433,M2605,S226,55.0,2026-04-14 11:22:13.422765,completed,20.0,True,admin_assigned
MATCH_3434,M3008,S836,55.0,2026-05-03 11:22:13.423221,rejected,61.0,True,admin_assigned
MATCH_3435,M4672,S959,44.0,2026-04-20 11:22:13.423613,accepted,69.0,True,auto_suggestion
MATCH_3436,M2772,S3077,48.0,2026-05-04 11:22:13.424026,rejected,,True,high_compatibility
MATCH_3437,ALUMNI_M4749,S4819,68.5,2026-04-24 11:22:13.424416,pending,,False,high_compatibility
MATCH_3438,ALUMNI_M2797,S2073,44.0,2026-04-17 11:22:13.424817,rejected,,False,specific_request
MATCH_3439,M4022,S2332,54.52,2026-04-28 11:22:13.425226,accepted,28.0,True,admin_assigned
MATCH_3440,ALUMNI_M2022,S2682,55.0,2026-04-19 11:22:13.425660,rejected,33.0,False,high_compatibility
MATCH_3441,M2852,S4944,51.0,2026-05-02 11:22:13.426071,rejected,27.0,True,high_compatibility
MATCH_3442,ALUMNI_M4651,S3961,44.0,2026-04-28 11:22:13.426480,rejected,60.0,False,high_compatibility
MATCH_3443,M1756,S883,44.0,2026-04-08 11:22:13.426873,pending,3.0,True,auto_suggestion
MATCH_3444,ALUMNI_M1737,S1949,49.75,2026-04-30 11:22:13.427279,accepted,,True,admin_assigned
MATCH_3445,M3291,S3498,44.0,2026-04-06 11:22:13.427720,completed,13.0,True,admin_assigned
MATCH_3446,M1312,S2985,55.0,2026-05-02 11:22:13.428133,rejected,63.0,False,high_compatibility
MATCH_3447,M610,S4813,68.5,2026-04-08 11:22:13.428526,accepted,,False,admin_assigned
MATCH_3448,ALUMNI_M823,S2345,51.0,2026-04-12 11:22:13.428930,pending,46.0,True,specific_request
MATCH_3449,ALUMNI_M849,S2273,55.0,2026-04-28 11:22:13.429366,completed,65.0,True,auto_suggestion
MATCH_3450,ALUMNI_M5540,S1377,51.0,2026-04-21 11:22:13.429788,pending,64.0,True,auto_suggestion
MATCH_3451,ALUMNI_M4290,S1378,57.67,2026-04-11 11:22:13.430193,pending,,True,admin_assigned
MATCH_3452,M3621,S2382,51.0,2026-05-04 11:22:13.430576,rejected,20.0,False,admin_assigned
MATCH_3453,M944,S2078,72.5,2026-04-27 11:22:13.431049,pending,18.0,True,auto_suggestion
MATCH_3454,M1800,S550,61.67,2026-04-24 11:22:13.431537,rejected,,True,admin_assigned
MATCH_3455,ALUMNI_M845,S4186,48.0,2026-04-21 11:22:13.431967,pending,24.0,True,high_compatibility
MATCH_3456,ALUMNI_M5162,S4047,50.52,2026-04-24 11:22:13.432376,accepted,,False,specific_request
MATCH_3457,M4561,S1909,44.0,2026-05-01 11:22:13.432810,rejected,21.0,True,specific_request
MATCH_3458,ALUMNI_M33,S236,44.0,2026-04-25 11:22:13.433234,rejected,63.0,True,specific_request
MATCH_3459,M4331,S2599,72.5,2026-05-06 11:22:13.433597,completed,,True,specific_request
MATCH_3460,ALUMNI_M3137,S1923,51.0,2026-05-01 11:22:13.433963,accepted,10.0,True,auto_suggestion
MATCH_3461,ALUMNI_M3987,S1441,45.14,2026-05-03 11:22:13.434324,accepted,19.0,True,auto_suggestion
MATCH_3462,ALUMNI_M668,S1453,48.0,2026-04-24 11:22:13.434675,accepted,54.0,False,high_compatibility
MATCH_3463,M4160,S3950,51.0,2026-04-10 11:22:13.435035,rejected,,True,auto_suggestion
MATCH_3464,M1775,S4311,55.0,2026-05-04 11:22:13.435380,rejected,18.0,True,high_compatibility
MATCH_3465,ALUMNI_M2739,S2927,57.67,2026-04-19 11:22:13.435741,pending,11.0,True,specific_request
MATCH_3466,ALUMNI_M3760,S569,44.0,2026-04-12 11:22:13.436086,rejected,23.0,True,high_compatibility
MATCH_3467,M1406,S1321,51.0,2026-04-20 11:22:13.436438,rejected,7.0,True,high_compatibility
MATCH_3468,M1265,S3087,68.5,2026-04-20 11:22:13.436801,rejected,23.0,False,high_compatibility
MATCH_3469,ALUMNI_M4598,S1574,45.0,2026-04-21 11:22:13.437155,rejected,,True,specific_request
MATCH_3470,M3431,S1250,68.5,2026-04-19 11:22:13.437508,pending,72.0,False,high_compatibility
MATCH_3471,ALUMNI_M2534,S1734,51.0,2026-04-06 11:22:13.437874,pending,,True,high_compatibility
MATCH_3472,ALUMNI_M4411,S204,48.0,2026-04-22 11:22:13.438236,rejected,72.0,False,auto_suggestion
MATCH_3473,M3088,S1181,44.0,2026-05-02 11:22:13.438581,pending,,False,high_compatibility
MATCH_3474,M1629,S2431,36.86,2026-04-30 11:22:13.438943,rejected,,True,auto_suggestion
MATCH_3475,ALUMNI_M3321,S3681,49.57,2026-04-17 11:22:13.439299,pending,42.0,True,high_compatibility
MATCH_3476,M3524,S1066,51.0,2026-04-14 11:22:13.439643,rejected,7.0,False,high_compatibility
MATCH_3477,ALUMNI_M4058,S4887,51.0,2026-05-03 11:22:13.440020,completed,21.0,True,admin_assigned
MATCH_3478,M4452,S396,51.0,2026-04-21 11:22:13.440394,rejected,26.0,False,auto_suggestion
MATCH_3479,ALUMNI_M4431,S2575,44.0,2026-04-18 11:22:13.440807,accepted,48.0,False,admin_assigned
MATCH_3480,M2847,S4668,41.33,2026-05-03 11:22:13.441238,pending,22.0,False,specific_request
MATCH_3481,ALUMNI_M5016,S829,51.0,2026-04-27 11:22:13.441645,accepted,4.0,False,high_compatibility
MATCH_3482,M1617,S2837,44.0,2026-04-18 11:22:13.442089,rejected,,False,auto_suggestion
MATCH_3483,M1985,S4752,52.5,2026-05-01 11:22:13.442531,rejected,59.0,False,high_compatibility
MATCH_3484,M234,S3851,51.0,2026-04-23 11:22:13.443028,completed,7.0,True,specific_request
MATCH_3485,M2090,S1993,51.0,2026-04-15 11:22:13.443477,rejected,,True,specific_request
MATCH_3486,M4572,S3668,68.5,2026-04-21 11:22:13.443928,pending,63.0,True,high_compatibility
MATCH_3487,ALUMNI_M1817,S3927,61.67,2026-04-22 11:22:13.444373,completed,,True,admin_assigned
MATCH_3488,ALUMNI_M4418,S180,65.5,2026-04-30 11:22:13.444824,completed,,True,admin_assigned
MATCH_3489,M2364,S364,55.0,2026-04-28 11:22:13.445239,completed,36.0,True,specific_request
MATCH_3490,M3188,S346,51.0,2026-04-20 11:22:13.445623,pending,72.0,True,specific_request
MATCH_3491,M1007,S544,44.0,2026-04-28 11:22:13.446031,accepted,55.0,False,auto_suggestion
MATCH_3492,ALUMNI_M5708,S4063,51.0,2026-05-06 11:22:13.446460,completed,45.0,False,high_compatibility
MATCH_3493,ALUMNI_M2923,S247,55.0,2026-04-14 11:22:13.446885,completed,30.0,False,specific_request
MATCH_3494,ALUMNI_M2791,S1744,55.0,2026-04-18 11:22:13.447272,accepted,72.0,True,admin_assigned
MATCH_3495,ALUMNI_M3395,S402,44.25,2026-04-13 11:22:13.447635,pending,,True,auto_suggestion
MATCH_3496,ALUMNI_M5374,S1655,51.0,2026-05-03 11:22:13.448056,pending,,True,specific_request
MATCH_3497,ALUMNI_M2678,S3326,48.0,2026-05-05 11:22:13.448505,pending,,True,auto_suggestion
MATCH_3498,ALUMNI_M866,S4820,68.5,2026-04-27 11:22:13.448958,completed,16.0,True,auto_suggestion
MATCH_3499,M4155,S1790,55.0,2026-04-11 11:22:13.449378,accepted,33.0,True,auto_suggestion
MATCH_3500,ALUMNI_M4943,S712,68.5,2026-04-10 11:22:13.449829,completed,52.0,False,specific_request
MATCH_3501,ALUMNI_M2095,S3166,44.0,2026-04-22 11:22:13.450247,pending,,True,high_compatibility
MATCH_3502,M1376,S1946,51.0,2026-04-14 11:22:13.450640,accepted,3.0,True,admin_assigned
MATCH_3503,ALUMNI_M2611,S3022,55.0,2026-05-04 11:22:13.451056,rejected,63.0,True,admin_assigned
MATCH_3504,M4815,S1837,51.0,2026-04-16 11:22:13.451472,rejected,14.0,True,auto_suggestion
MATCH_3505,M52,S4862,51.0,2026-04-15 11:22:13.451889,completed,,True,specific_request
MATCH_3506,ALUMNI_M3720,S1283,44.0,2026-04-10 11:22:13.452285,accepted,67.0,False,high_compatibility
MATCH_3507,M1794,S1600,44.33,2026-04-08 11:22:13.452722,completed,19.0,False,high_compatibility
MATCH_3508,M2466,S4498,68.5,2026-04-07 11:22:13.453100,rejected,63.0,False,specific_request
MATCH_3509,ALUMNI_M5938,S1996,51.0,2026-04-24 11:22:13.453545,rejected,27.0,True,specific_request
MATCH_3510,M1157,S875,46.0,2026-04-29 11:22:13.453993,completed,10.0,True,high_compatibility
MATCH_3511,ALUMNI_M1792,S1887,44.0,2026-04-19 11:22:13.454423,rejected,,True,specific_request
MATCH_3512,M3524,S913,51.0,2026-04-12 11:22:13.454925,completed,11.0,True,auto_suggestion
MATCH_3513,ALUMNI_M5615,S2577,44.0,2026-04-12 11:22:13.455367,pending,,False,high_compatibility
MATCH_3514,ALUMNI_M3565,S1263,61.5,2026-05-01 11:22:13.455805,pending,53.0,True,high_compatibility
MATCH_3515,M328,S1102,51.0,2026-04-22 11:22:13.456221,completed,72.0,True,auto_suggestion
MATCH_3516,ALUMNI_M5027,S3749,46.89,2026-04-18 11:22:13.456672,pending,71.0,False,admin_assigned
MATCH_3517,ALUMNI_M5970,S4409,57.67,2026-05-03 11:22:13.457114,pending,4.0,True,specific_request
MATCH_3518,ALUMNI_M4671,S4493,44.0,2026-04-28 11:22:13.457521,pending,20.0,False,high_compatibility
MATCH_3519,ALUMNI_M5141,S2570,44.0,2026-05-03 11:22:13.457941,pending,68.0,False,specific_request
MATCH_3520,ALUMNI_M2765,S3899,48.0,2026-04-15 11:22:13.458391,completed,59.0,False,auto_suggestion
MATCH_3521,M584,S338,44.0,2026-04-24 11:22:13.458841,rejected,3.0,False,high_compatibility
MATCH_3522,ALUMNI_M2848,S2672,46.56,2026-04-30 11:22:13.459267,rejected,71.0,True,auto_suggestion
MATCH_3523,M2960,S2957,72.5,2026-04-15 11:22:13.459691,rejected,,False,admin_assigned
MATCH_3524,ALUMNI_M47,S4114,51.0,2026-04-14 11:22:13.460180,accepted,50.0,True,high_compatibility
MATCH_3525,ALUMNI_M5651,S4795,45.44,2026-04-24 11:22:13.460614,rejected,10.0,True,admin_assigned
MATCH_3526,ALUMNI_M1866,S3263,70.0,2026-04-14 11:22:13.461041,accepted,,False,specific_request
MATCH_3527,M4891,S4875,51.0,2026-04-16 11:22:13.461466,completed,54.0,False,specific_request
MATCH_3528,M402,S82,68.5,2026-04-25 11:22:13.461929,pending,45.0,False,auto_suggestion
MATCH_3529,ALUMNI_M403,S3184,51.0,2026-05-05 11:22:13.462436,rejected,,False,auto_suggestion
MATCH_3530,M1881,S3660,51.0,2026-04-27 11:22:13.462879,pending,,False,specific_request
MATCH_3531,M4306,S162,45.44,2026-05-02 11:22:13.463335,completed,35.0,False,admin_assigned
MATCH_3532,ALUMNI_M579,S3402,51.0,2026-04-15 11:22:13.463783,rejected,4.0,False,high_compatibility
MATCH_3533,M2956,S1993,44.0,2026-04-17 11:22:13.464202,rejected,,False,high_compatibility
MATCH_3534,ALUMNI_M5978,S246,51.0,2026-04-09 11:22:13.464615,completed,28.0,True,auto_suggestion
MATCH_3535,ALUMNI_M1389,S2377,47.67,2026-04-18 11:22:13.465054,completed,2.0,False,auto_suggestion
MATCH_3536,M1101,S972,75.17,2026-04-23 11:22:13.465535,completed,19.0,True,admin_assigned
MATCH_3537,M3275,S3365,44.0,2026-04-20 11:22:13.465995,pending,,True,auto_suggestion
MATCH_3538,M4634,S2806,44.0,2026-04-24 11:22:13.466443,accepted,26.0,True,admin_assigned
MATCH_3539,M2891,S3320,68.17,2026-04-09 11:22:13.466892,rejected,30.0,False,admin_assigned
MATCH_3540,ALUMNI_M4536,S3083,44.0,2026-04-14 11:22:13.467348,pending,39.0,True,auto_suggestion
MATCH_3541,ALUMNI_M2499,S4516,68.5,2026-04-14 11:22:13.467808,accepted,61.0,True,auto_suggestion
MATCH_3542,M2021,S2889,55.0,2026-05-04 11:22:13.468295,completed,,True,admin_assigned
MATCH_3543,ALUMNI_M2155,S4948,51.0,2026-04-13 11:22:13.468745,completed,44.0,False,specific_request
MATCH_3544,ALUMNI_M2787,S3487,49.0,2026-04-11 11:22:13.469191,accepted,,False,specific_request
MATCH_3545,M2639,S1039,44.0,2026-04-29 11:22:13.469617,pending,32.0,True,high_compatibility
MATCH_3546,ALUMNI_M2022,S1065,42.57,2026-04-06 11:22:13.470067,rejected,54.0,True,specific_request
MATCH_3547,M1624,S1667,51.0,2026-04-16 11:22:13.470495,pending,,False,high_compatibility
MATCH_3548,ALUMNI_M3248,S3408,44.0,2026-04-25 11:22:13.470963,rejected,,True,auto_suggestion
MATCH_3549,M3050,S877,68.5,2026-05-01 11:22:13.471378,completed,,True,high_compatibility
MATCH_3550,ALUMNI_M4707,S193,55.0,2026-04-15 11:22:13.471833,accepted,,False,high_compatibility
MATCH_3551,ALUMNI_M1475,S4065,55.0,2026-04-18 11:22:13.472363,accepted,,False,auto_suggestion
MATCH_3552,M4172,S3053,55.0,2026-04-16 11:22:13.472826,rejected,,True,high_compatibility
MATCH_3553,ALUMNI_M2694,S4389,65.5,2026-05-04 11:22:13.473281,rejected,,True,admin_assigned
MATCH_3554,ALUMNI_M3625,S3318,68.5,2026-04-09 11:22:13.473695,pending,69.0,False,auto_suggestion
MATCH_3555,ALUMNI_M3399,S4438,44.0,2026-04-19 11:22:13.474172,accepted,,False,admin_assigned
MATCH_3556,ALUMNI_M1285,S782,51.0,2026-04-20 11:22:13.474577,completed,,True,high_compatibility
MATCH_3557,ALUMNI_M2073,S375,75.17,2026-04-09 11:22:13.474992,pending,53.0,True,specific_request
MATCH_3558,ALUMNI_M2633,S1090,55.0,2026-04-11 11:22:13.475390,pending,,False,auto_suggestion
MATCH_3559,M3213,S704,51.0,2026-04-21 11:22:13.475827,completed,,False,specific_request
MATCH_3560,M2895,S2246,50.67,2026-04-18 11:22:13.476237,pending,35.0,True,auto_suggestion
MATCH_3561,ALUMNI_M5754,S3024,44.0,2026-04-23 11:22:13.476659,accepted,34.0,True,specific_request
MATCH_3562,M3006,S151,51.0,2026-04-11 11:22:13.477112,completed,48.0,True,auto_suggestion
MATCH_3563,M589,S407,48.14,2026-04-28 11:22:13.477531,completed,29.0,False,admin_assigned
MATCH_3564,ALUMNI_M2063,S2696,44.0,2026-04-14 11:22:13.477957,completed,33.0,True,auto_suggestion
MATCH_3565,ALUMNI_M2519,S914,55.0,2026-04-12 11:22:13.478369,pending,19.0,False,specific_request
MATCH_3566,M4785,S4776,51.0,2026-05-01 11:22:13.478789,completed,34.0,False,specific_request
MATCH_3567,ALUMNI_M4603,S1324,55.0,2026-05-06 11:22:13.479194,completed,33.0,True,specific_request
MATCH_3568,M3318,S1859,38.29,2026-04-11 11:22:13.479603,rejected,51.0,True,admin_assigned
MATCH_3569,M1497,S3565,46.0,2026-05-05 11:22:13.479983,accepted,23.0,False,high_compatibility
MATCH_3570,ALUMNI_M80,S4622,51.0,2026-04-30 11:22:13.480342,rejected,29.0,False,specific_request
MATCH_3571,ALUMNI_M602,S298,51.0,2026-04-26 11:22:13.480693,accepted,,False,specific_request
MATCH_3572,M1190,S1357,44.0,2026-04-21 11:22:13.481425,accepted,,True,specific_request
MATCH_3573,M1426,S837,51.0,2026-04-20 11:22:13.482191,completed,28.0,True,high_compatibility
MATCH_3574,M294,S2238,72.5,2026-04-22 11:22:13.482664,pending,60.0,True,specific_request
MATCH_3575,ALUMNI_M1156,S1520,66.25,2026-05-02 11:22:13.483141,pending,34.0,True,high_compatibility
MATCH_3576,ALUMNI_M605,S4822,50.67,2026-05-06 11:22:13.483540,rejected,59.0,True,auto_suggestion
MATCH_3577,ALUMNI_M5276,S511,51.0,2026-04-22 11:22:13.483985,rejected,,True,admin_assigned
MATCH_3578,M1968,S3534,38.29,2026-04-12 11:22:13.484426,accepted,23.0,False,auto_suggestion
MATCH_3579,M2407,S2351,50.67,2026-04-11 11:22:13.484875,accepted,39.0,False,specific_request
MATCH_3580,M1210,S4766,48.0,2026-04-10 11:22:13.485330,accepted,,True,admin_assigned
MATCH_3581,ALUMNI_M1443,S4595,44.0,2026-05-01 11:22:13.485794,accepted,53.0,True,auto_suggestion
MATCH_3582,ALUMNI_M2944,S129,44.0,2026-04-19 11:22:13.486250,pending,21.0,False,specific_request
MATCH_3583,ALUMNI_M3910,S4468,44.0,2026-04-15 11:22:13.486679,completed,37.0,False,auto_suggestion
MATCH_3584,M1230,S4393,51.0,2026-04-29 11:22:13.487282,accepted,,False,specific_request
MATCH_3585,ALUMNI_M4937,S2618,48.0,2026-04-20 11:22:13.487750,completed,,True,admin_assigned
MATCH_3586,ALUMNI_M3222,S4854,48.0,2026-05-01 11:22:13.488187,pending,19.0,True,specific_request
MATCH_3587,M767,S1382,48.0,2026-05-06 11:22:13.488582,rejected,51.0,False,high_compatibility
MATCH_3588,ALUMNI_M2885,S2294,51.0,2026-04-10 11:22:13.489035,rejected,40.0,False,high_compatibility
MATCH_3589,ALUMNI_M2144,S3371,55.0,2026-04-27 11:22:13.489477,pending,,False,specific_request
MATCH_3590,M4323,S410,61.5,2026-05-01 11:22:13.489899,rejected,,False,admin_assigned
MATCH_3591,ALUMNI_M482,S3100,51.0,2026-04-09 11:22:13.490293,pending,11.0,False,auto_suggestion
MATCH_3592,M1678,S4143,44.33,2026-04-17 11:22:13.490679,completed,67.0,True,high_compatibility
MATCH_3593,M1595,S1011,68.5,2026-04-13 11:22:13.491110,accepted,30.0,True,specific_request
MATCH_3594,M3852,S3482,44.0,2026-04-15 11:22:13.491555,completed,62.0,True,high_compatibility
MATCH_3595,ALUMNI_M3674,S91,65.5,2026-04-19 11:22:13.492039,completed,60.0,False,admin_assigned
MATCH_3596,ALUMNI_M2852,S2486,46.57,2026-05-02 11:22:13.492485,completed,23.0,True,high_compatibility
MATCH_3597,ALUMNI_M1926,S2252,55.0,2026-04-18 11:22:13.492935,completed,,True,specific_request
MATCH_3598,M873,S3303,44.0,2026-04-07 11:22:13.493433,pending,,True,admin_assigned
MATCH_3599,M3945,S21,51.0,2026-04-16 11:22:13.493920,completed,27.0,False,auto_suggestion
MATCH_3600,ALUMNI_M5733,S1888,44.0,2026-05-01 11:22:13.494378,accepted,41.0,False,specific_request
MATCH_3601,ALUMNI_M5373,S1519,55.0,2026-04-25 11:22:13.494798,rejected,46.0,True,auto_suggestion
MATCH_3602,M673,S3433,50.67,2026-05-04 11:22:13.495221,rejected,,False,high_compatibility
MATCH_3603,M2788,S3273,47.67,2026-04-17 11:22:13.495630,completed,39.0,True,admin_assigned
MATCH_3604,ALUMNI_M972,S3199,61.5,2026-04-18 11:22:13.496086,accepted,,False,auto_suggestion
MATCH_3605,ALUMNI_M5719,S1274,44.0,2026-04-23 11:22:13.496531,accepted,21.0,True,high_compatibility
MATCH_3606,ALUMNI_M3229,S3442,44.0,2026-04-10 11:22:13.496951,accepted,67.0,False,auto_suggestion
MATCH_3607,ALUMNI_M4035,S2191,57.67,2026-04-08 11:22:13.497323,rejected,28.0,True,high_compatibility
MATCH_3608,ALUMNI_M5597,S1358,44.0,2026-04-22 11:22:13.497753,pending,62.0,False,specific_request
MATCH_3609,M2531,S4952,61.5,2026-04-08 11:22:13.498175,accepted,,True,admin_assigned
MATCH_3610,ALUMNI_M4359,S169,44.0,2026-05-04 11:22:13.498575,accepted,30.0,False,auto_suggestion
MATCH_3611,ALUMNI_M3860,S1206,55.0,2026-04-12 11:22:13.498993,completed,,False,specific_request
MATCH_3612,M3160,S4568,44.33,2026-05-06 11:22:13.499410,completed,25.0,False,admin_assigned
MATCH_3613,ALUMNI_M1670,S3924,51.0,2026-04-30 11:22:13.499826,pending,59.0,False,high_compatibility
MATCH_3614,M1628,S1577,44.0,2026-04-21 11:22:13.500236,accepted,,True,admin_assigned
MATCH_3615,ALUMNI_M5975,S1714,44.33,2026-04-11 11:22:13.500634,completed,5.0,True,auto_suggestion
MATCH_3616,ALUMNI_M412,S4896,61.5,2026-04-23 11:22:13.501077,completed,6.0,False,specific_request
MATCH_3617,ALUMNI_M5486,S2934,44.0,2026-04-16 11:22:13.501489,pending,,True,auto_suggestion
MATCH_3618,M2082,S2157,44.0,2026-04-21 11:22:13.501933,completed,4.0,False,high_compatibility
MATCH_3619,M3784,S924,61.5,2026-04-09 11:22:13.502342,rejected,,True,specific_request
MATCH_3620,ALUMNI_M2128,S1341,55.0,2026-04-14 11:22:13.502790,rejected,8.0,True,high_compatibility
MATCH_3621,ALUMNI_M5537,S2977,51.0,2026-04-07 11:22:13.503259,accepted,70.0,False,admin_assigned
MATCH_3622,ALUMNI_M209,S100,61.5,2026-05-05 11:22:13.503641,rejected,47.0,False,high_compatibility
MATCH_3623,M3075,S4986,44.0,2026-04-16 11:22:13.504074,accepted,,True,auto_suggestion
MATCH_3624,M564,S283,72.5,2026-05-01 11:22:13.504502,completed,,False,specific_request
MATCH_3625,M762,S2996,68.5,2026-04-23 11:22:13.504938,rejected,62.0,True,high_compatibility
MATCH_3626,M3516,S2407,55.0,2026-04-12 11:22:13.505329,rejected,,True,high_compatibility
MATCH_3627,ALUMNI_M112,S2960,51.0,2026-04-14 11:22:13.505757,pending,23.0,True,admin_assigned
MATCH_3628,M743,S3877,48.0,2026-04-15 11:22:13.506169,pending,,False,auto_suggestion
MATCH_3629,M462,S2750,55.0,2026-04-30 11:22:13.506565,completed,41.0,False,auto_suggestion
MATCH_3630,ALUMNI_M3761,S2260,51.0,2026-04-12 11:22:13.507007,completed,50.0,False,admin_assigned
MATCH_3631,M2126,S1790,51.0,2026-04-16 11:22:13.507533,completed,38.0,True,admin_assigned
MATCH_3632,ALUMNI_M2190,S3285,51.0,2026-04-28 11:22:13.507986,accepted,31.0,True,auto_suggestion
MATCH_3633,M3768,S4419,61.5,2026-04-16 11:22:13.508447,completed,67.0,True,specific_request
MATCH_3634,ALUMNI_M5457,S1919,44.0,2026-04-23 11:22:13.508884,pending,,True,high_compatibility
MATCH_3635,ALUMNI_M209,S1137,61.5,2026-04-17 11:22:13.509309,pending,52.0,False,auto_suggestion
MATCH_3636,M1893,S55,48.0,2026-05-01 11:22:13.509761,pending,,True,admin_assigned
MATCH_3637,ALUMNI_M1935,S2213,51.0,2026-04-06 11:22:13.510213,completed,38.0,False,admin_assigned
MATCH_3638,ALUMNI_M2282,S4464,51.0,2026-04-20 11:22:13.510641,rejected,42.0,True,auto_suggestion
MATCH_3639,ALUMNI_M2434,S1329,68.5,2026-04-29 11:22:13.511082,completed,27.0,False,auto_suggestion
MATCH_3640,ALUMNI_M1698,S4496,68.5,2026-05-04 11:22:13.511500,accepted,,True,admin_assigned
MATCH_3641,ALUMNI_M5904,S2428,51.0,2026-05-04 11:22:13.511951,pending,25.0,False,admin_assigned
MATCH_3642,M3945,S4579,68.5,2026-04-27 11:22:13.512377,accepted,40.0,True,high_compatibility
MATCH_3643,ALUMNI_M799,S456,51.0,2026-04-10 11:22:13.512814,pending,,False,specific_request
MATCH_3644,M4175,S851,51.0,2026-05-03 11:22:13.513257,completed,,True,specific_request
MATCH_3645,M1735,S3656,68.5,2026-05-05 11:22:13.513668,rejected,,False,admin_assigned
MATCH_3646,M3691,S1333,44.0,2026-04-14 11:22:13.514095,completed,31.0,True,admin_assigned
MATCH_3647,ALUMNI_M4470,S440,68.5,2026-05-04 11:22:13.514523,pending,10.0,True,auto_suggestion
MATCH_3648,ALUMNI_M4585,S173,61.5,2026-04-13 11:22:13.514979,pending,13.0,True,auto_suggestion
MATCH_3649,ALUMNI_M4259,S2441,44.0,2026-04-26 11:22:13.515445,pending,,False,auto_suggestion
MATCH_3650,ALUMNI_M25,S1661,62.25,2026-04-17 11:22:13.515907,completed,62.0,False,admin_assigned
MATCH_3651,ALUMNI_M5183,S3783,45.0,2026-04-22 11:22:13.516363,completed,,True,auto_suggestion
MATCH_3652,ALUMNI_M1436,S1810,51.0,2026-05-04 11:22:13.516811,completed,61.0,False,specific_request
MATCH_3653,ALUMNI_M3788,S867,44.67,2026-04-07 11:22:13.517247,rejected,,True,auto_suggestion
MATCH_3654,ALUMNI_M3164,S4625,51.0,2026-04-19 11:22:13.517674,accepted,,False,high_compatibility
MATCH_3655,ALUMNI_M653,S4990,44.0,2026-04-06 11:22:13.518116,accepted,29.0,True,admin_assigned
MATCH_3656,M1566,S4931,68.5,2026-05-02 11:22:13.518556,completed,38.0,True,specific_request
MATCH_3657,M1976,S392,51.0,2026-04-10 11:22:13.518985,rejected,55.0,True,high_compatibility
MATCH_3658,ALUMNI_M545,S3557,51.0,2026-04-07 11:22:13.519385,rejected,17.0,False,auto_suggestion
MATCH_3659,M1077,S4232,49.75,2026-04-30 11:22:13.519823,completed,34.0,True,high_compatibility
MATCH_3660,ALUMNI_M5105,S851,51.0,2026-04-09 11:22:13.520226,rejected,35.0,True,specific_request
MATCH_3661,ALUMNI_M1255,S2478,57.67,2026-04-11 11:22:13.520618,accepted,50.0,True,admin_assigned
MATCH_3662,ALUMNI_M3853,S4762,43.22,2026-04-06 11:22:13.521000,rejected,,True,admin_assigned
MATCH_3663,ALUMNI_M3794,S3592,40.5,2026-04-22 11:22:13.521352,accepted,58.0,False,admin_assigned
MATCH_3664,ALUMNI_M3137,S2854,44.0,2026-04-24 11:22:13.521687,accepted,58.0,True,admin_assigned
MATCH_3665,ALUMNI_M2797,S1302,51.0,2026-05-05 11:22:13.522076,completed,49.0,True,high_compatibility
MATCH_3666,ALUMNI_M5044,S1496,68.5,2026-04-14 11:22:13.522473,pending,10.0,False,admin_assigned
MATCH_3667,ALUMNI_M4553,S1053,44.0,2026-05-05 11:22:13.522852,pending,65.0,False,high_compatibility
MATCH_3668,M2944,S4084,44.0,2026-04-21 11:22:13.523239,completed,16.0,True,admin_assigned
MATCH_3669,M1809,S3046,37.33,2026-04-09 11:22:13.523582,accepted,25.0,True,auto_suggestion
MATCH_3670,M3151,S2507,51.0,2026-04-22 11:22:13.523944,accepted,48.0,True,specific_request
MATCH_3671,ALUMNI_M302,S1316,49.57,2026-04-27 11:22:13.524388,pending,31.0,False,auto_suggestion
MATCH_3672,M4945,S91,44.0,2026-04-22 11:22:13.524831,pending,12.0,False,auto_suggestion
MATCH_3673,M4067,S2509,51.0,2026-04-30 11:22:13.525256,pending,62.0,True,admin_assigned
MATCH_3674,M762,S1243,44.0,2026-05-01 11:22:13.525685,completed,18.0,True,high_compatibility
MATCH_3675,ALUMNI_M5528,S2685,51.0,2026-05-03 11:22:13.526142,pending,,False,specific_request
MATCH_3676,M633,S3823,51.0,2026-04-07 11:22:13.526574,pending,34.0,True,auto_suggestion
MATCH_3677,ALUMNI_M1906,S3604,44.0,2026-04-20 11:22:13.526997,completed,,True,specific_request
MATCH_3678,M2257,S4448,51.0,2026-04-24 11:22:13.527399,pending,40.0,True,admin_assigned
MATCH_3679,M3325,S1895,51.0,2026-04-24 11:22:13.527820,pending,,False,admin_assigned
MATCH_3680,ALUMNI_M1492,S3787,44.0,2026-04-29 11:22:13.528235,rejected,64.0,True,high_compatibility
MATCH_3681,ALUMNI_M5778,S83,61.5,2026-04-14 11:22:13.528630,accepted,29.0,False,specific_request
MATCH_3682,ALUMNI_M2414,S2666,51.0,2026-05-04 11:22:13.529069,rejected,,True,auto_suggestion
MATCH_3683,ALUMNI_M5892,S4049,44.0,2026-05-06 11:22:13.529489,accepted,,False,admin_assigned
MATCH_3684,M1753,S1290,42.33,2026-04-30 11:22:13.529914,pending,,True,admin_assigned
MATCH_3685,ALUMNI_M1683,S4883,51.0,2026-04-27 11:22:13.530354,accepted,1.0,False,admin_assigned
MATCH_3686,ALUMNI_M5274,S894,68.5,2026-05-05 11:22:13.530805,pending,,True,admin_assigned
MATCH_3687,ALUMNI_M40,S3379,36.5,2026-04-12 11:22:13.531240,completed,47.0,True,high_compatibility
MATCH_3688,M23,S4462,44.0,2026-04-07 11:22:13.531664,completed,2.0,True,auto_suggestion
MATCH_3689,ALUMNI_M436,S1005,44.0,2026-04-29 11:22:13.532075,pending,,False,specific_request
MATCH_3690,ALUMNI_M5836,S3798,44.0,2026-05-04 11:22:13.532493,pending,71.0,True,admin_assigned
MATCH_3691,ALUMNI_M163,S3362,55.0,2026-04-25 11:22:13.532955,rejected,,True,high_compatibility
MATCH_3692,ALUMNI_M3056,S1259,44.0,2026-04-06 11:22:13.533415,rejected,66.0,False,auto_suggestion
MATCH_3693,M3352,S4347,49.57,2026-04-09 11:22:13.533864,completed,37.0,True,high_compatibility
MATCH_3694,M512,S3878,55.0,2026-05-01 11:22:13.534380,rejected,11.0,False,high_compatibility
MATCH_3695,M2375,S133,44.0,2026-05-05 11:22:13.534810,rejected,,False,specific_request
MATCH_3696,M4554,S2324,61.5,2026-04-20 11:22:13.535206,pending,64.0,True,high_compatibility
MATCH_3697,M4031,S2091,38.0,2026-04-27 11:22:13.535634,pending,28.0,True,auto_suggestion
MATCH_3698,M2249,S4199,65.5,2026-04-27 11:22:13.536092,completed,6.0,False,auto_suggestion
MATCH_3699,ALUMNI_M2240,S3505,68.5,2026-04-28 11:22:13.536541,pending,53.0,False,auto_suggestion
MATCH_3700,ALUMNI_M5526,S1447,61.5,2026-05-03 11:22:13.537003,pending,10.0,True,high_compatibility
MATCH_3701,ALUMNI_M1635,S4464,55.0,2026-04-23 11:22:13.537439,completed,54.0,True,admin_assigned
MATCH_3702,M4950,S923,51.0,2026-04-24 11:22:13.537892,completed,66.0,True,auto_suggestion
MATCH_3703,M4709,S2524,55.0,2026-04-30 11:22:13.538392,accepted,57.0,True,admin_assigned
MATCH_3704,M3496,S4933,61.5,2026-05-03 11:22:13.538869,accepted,11.0,False,specific_request
MATCH_3705,ALUMNI_M4314,S1280,44.0,2026-04-14 11:22:13.539316,completed,47.0,False,admin_assigned
MATCH_3706,M3612,S3312,51.0,2026-04-26 11:22:13.539778,pending,30.0,True,admin_assigned
MATCH_3707,ALUMNI_M853,S3414,48.0,2026-04-16 11:22:13.540236,rejected,17.0,False,specific_request
MATCH_3708,M3468,S2277,51.0,2026-04-30 11:22:13.540702,rejected,49.0,False,admin_assigned
MATCH_3709,M3393,S3718,65.5,2026-04-11 11:22:13.541212,accepted,39.0,False,auto_suggestion
MATCH_3710,M441,S1669,68.5,2026-04-15 11:22:13.541651,rejected,44.0,True,auto_suggestion
MATCH_3711,M2216,S1619,44.67,2026-04-14 11:22:13.542132,pending,19.0,False,high_compatibility
MATCH_3712,ALUMNI_M693,S2973,68.5,2026-04-20 11:22:13.542569,accepted,48.0,True,specific_request
MATCH_3713,ALUMNI_M956,S70,44.0,2026-05-04 11:22:13.543058,accepted,37.0,False,auto_suggestion
MATCH_3714,M3924,S2356,51.0,2026-04-11 11:22:13.543485,accepted,,True,specific_request
MATCH_3715,M1092,S2983,51.0,2026-04-19 11:22:13.543903,pending,11.0,True,admin_assigned
MATCH_3716,M1462,S4120,61.5,2026-05-05 11:22:13.544346,rejected,67.0,False,auto_suggestion
MATCH_3717,M3375,S1881,44.0,2026-04-13 11:22:13.544769,rejected,,True,admin_assigned
MATCH_3718,M4668,S1940,51.0,2026-04-11 11:22:13.545209,accepted,,True,high_compatibility
MATCH_3719,ALUMNI_M4438,S326,44.0,2026-04-27 11:22:13.545637,accepted,,False,admin_assigned
MATCH_3720,M65,S3573,50.67,2026-04-11 11:22:13.546092,rejected,30.0,False,auto_suggestion
MATCH_3721,M3985,S244,44.0,2026-04-19 11:22:13.546522,completed,,True,admin_assigned
MATCH_3722,M2712,S1919,65.5,2026-04-09 11:22:13.546960,pending,9.0,False,specific_request
MATCH_3723,M2149,S4824,63.5,2026-04-10 11:22:13.547405,rejected,41.0,False,admin_assigned
MATCH_3724,M4378,S2653,39.0,2026-04-26 11:22:13.547924,completed,10.0,True,auto_suggestion
MATCH_3725,ALUMNI_M4046,S1476,51.0,2026-04-11 11:22:13.548376,completed,,False,admin_assigned
MATCH_3726,ALUMNI_M5325,S3360,56.5,2026-04-30 11:22:13.548950,rejected,,False,admin_assigned
MATCH_3727,ALUMNI_M4106,S4073,55.0,2026-04-06 11:22:13.549411,completed,37.0,True,specific_request
MATCH_3728,M4199,S0,41.14,2026-04-11 11:22:13.549871,completed,53.0,False,specific_request
MATCH_3729,ALUMNI_M1398,S1835,51.0,2026-04-09 11:22:13.550318,pending,,False,high_compatibility
MATCH_3730,ALUMNI_M379,S3754,68.5,2026-04-13 11:22:13.550780,completed,,False,specific_request
MATCH_3731,ALUMNI_M4026,S1821,40.0,2026-05-06 11:22:13.551249,pending,,False,auto_suggestion
MATCH_3732,ALUMNI_M1580,S3803,51.0,2026-04-09 11:22:13.551664,accepted,28.0,False,high_compatibility
MATCH_3733,ALUMNI_M645,S1171,51.0,2026-04-09 11:22:13.552141,accepted,52.0,False,admin_assigned
MATCH_3734,ALUMNI_M3778,S457,51.0,2026-05-06 11:22:13.552577,accepted,58.0,True,admin_assigned
MATCH_3735,ALUMNI_M4980,S1275,65.5,2026-05-05 11:22:13.553045,rejected,,True,specific_request
MATCH_3736,ALUMNI_M4411,S4676,51.0,2026-04-17 11:22:13.553468,accepted,29.0,True,high_compatibility
MATCH_3737,M1867,S4379,44.0,2026-05-04 11:22:13.553910,accepted,17.0,False,admin_assigned
MATCH_3738,ALUMNI_M2942,S3860,40.67,2026-04-24 11:22:13.554350,pending,68.0,True,auto_suggestion
MATCH_3739,M1631,S2170,48.0,2026-04-24 11:22:13.554805,completed,,True,high_compatibility
MATCH_3740,M1659,S4688,72.5,2026-04-07 11:22:13.555273,rejected,,False,high_compatibility
MATCH_3741,M3451,S4220,44.0,2026-04-06 11:22:13.555680,pending,10.0,False,specific_request
MATCH_3742,M4870,S3882,48.0,2026-04-29 11:22:13.556137,rejected,,True,auto_suggestion
MATCH_3743,M1965,S4977,51.0,2026-04-18 11:22:13.556532,pending,,False,auto_suggestion
MATCH_3744,ALUMNI_M3005,S3802,44.0,2026-04-22 11:22:13.556953,accepted,,True,specific_request
MATCH_3745,M1378,S1647,55.0,2026-04-12 11:22:13.557353,rejected,,False,auto_suggestion
MATCH_3746,ALUMNI_M4630,S2452,44.0,2026-05-01 11:22:13.557776,pending,15.0,True,specific_request
MATCH_3747,ALUMNI_M2225,S3347,44.0,2026-04-12 11:22:13.558275,accepted,53.0,True,admin_assigned
MATCH_3748,ALUMNI_M665,S4279,40.67,2026-04-10 11:22:13.558669,accepted,61.0,True,specific_request
MATCH_3749,ALUMNI_M3958,S3009,51.0,2026-04-24 11:22:13.559100,accepted,44.0,False,admin_assigned
MATCH_3750,ALUMNI_M5357,S108,57.67,2026-04-19 11:22:13.559545,accepted,66.0,False,specific_request
MATCH_3751,M4609,S4384,51.0,2026-04-18 11:22:13.559950,accepted,21.0,False,specific_request
MATCH_3752,ALUMNI_M3776,S2762,55.0,2026-04-10 11:22:13.560368,pending,8.0,False,high_compatibility
MATCH_3753,ALUMNI_M3778,S3252,51.0,2026-04-20 11:22:13.560814,completed,54.0,False,admin_assigned
MATCH_3754,M540,S4467,51.0,2026-04-18 11:22:13.561258,accepted,,False,specific_request
MATCH_3755,ALUMNI_M5270,S1072,61.67,2026-05-02 11:22:13.561765,completed,,True,high_compatibility
MATCH_3756,ALUMNI_M1608,S279,44.0,2026-04-17 11:22:13.562233,rejected,37.0,False,auto_suggestion
MATCH_3757,M3356,S4989,44.0,2026-04-20 11:22:13.562682,accepted,,True,high_compatibility
MATCH_3758,M75,S1956,44.0,2026-04-22 11:22:13.565190,pending,13.0,False,auto_suggestion
MATCH_3759,ALUMNI_M2919,S2329,41.33,2026-04-13 11:22:13.565596,rejected,45.0,False,auto_suggestion
MATCH_3760,ALUMNI_M4213,S1535,54.67,2026-04-21 11:22:13.566025,pending,17.0,True,admin_assigned
MATCH_3761,M949,S1853,44.0,2026-04-07 11:22:13.566450,accepted,38.0,False,high_compatibility
MATCH_3762,M1349,S3910,48.0,2026-04-17 11:22:13.566893,rejected,5.0,True,admin_assigned
MATCH_3763,M2087,S4397,44.0,2026-04-09 11:22:13.567304,pending,,False,high_compatibility
MATCH_3764,ALUMNI_M4680,S768,52.11,2026-05-01 11:22:13.567744,completed,15.0,True,specific_request
MATCH_3765,M1944,S2851,51.0,2026-04-10 11:22:13.568128,rejected,,True,high_compatibility
MATCH_3766,M2440,S78,48.0,2026-04-30 11:22:13.568367,accepted,37.0,True,auto_suggestion
MATCH_3767,M741,S2604,44.0,2026-04-19 11:22:13.568589,pending,71.0,False,high_compatibility
MATCH_3768,M4080,S2995,44.0,2026-04-21 11:22:13.568903,rejected,56.0,True,high_compatibility
MATCH_3769,M4322,S4962,68.5,2026-04-28 11:22:13.569131,rejected,,False,admin_assigned
MATCH_3770,M349,S615,42.44,2026-04-13 11:22:13.569353,pending,61.0,True,high_compatibility
MATCH_3771,M2717,S185,48.0,2026-04-13 11:22:13.569571,pending,41.0,False,high_compatibility
MATCH_3772,ALUMNI_M4649,S1291,46.71,2026-04-09 11:22:13.569864,pending,62.0,False,admin_assigned
MATCH_3773,ALUMNI_M195,S3691,57.67,2026-04-18 11:22:13.570088,rejected,2.0,True,admin_assigned
MATCH_3774,M4937,S4040,51.0,2026-04-10 11:22:13.570299,rejected,71.0,False,high_compatibility
MATCH_3775,ALUMNI_M275,S4806,61.5,2026-04-24 11:22:13.570504,completed,2.0,False,specific_request
MATCH_3776,ALUMNI_M5756,S4980,61.0,2026-04-18 11:22:13.570757,accepted,,False,auto_suggestion
MATCH_3777,ALUMNI_M69,S2274,75.17,2026-04-25 11:22:13.571010,accepted,18.0,False,auto_suggestion
MATCH_3778,M2770,S3494,40.5,2026-04-27 11:22:13.571227,completed,2.0,True,auto_suggestion
MATCH_3779,M1019,S4516,55.0,2026-05-01 11:22:13.571435,pending,51.0,False,specific_request
MATCH_3780,ALUMNI_M1916,S4186,65.5,2026-04-14 11:22:13.571637,pending,,False,auto_suggestion
MATCH_3781,ALUMNI_M3504,S4170,55.0,2026-05-06 11:22:13.571921,completed,,False,auto_suggestion
MATCH_3782,ALUMNI_M1676,S4782,61.5,2026-05-03 11:22:13.572138,pending,33.0,True,admin_assigned
MATCH_3783,M4718,S2522,55.0,2026-05-03 11:22:13.572342,rejected,,True,auto_suggestion
MATCH_3784,M175,S2403,55.0,2026-04-14 11:22:13.572547,pending,19.0,False,high_compatibility
MATCH_3785,M708,S115,44.0,2026-05-05 11:22:13.572858,accepted,72.0,True,admin_assigned
MATCH_3786,M1811,S3356,44.0,2026-04-29 11:22:13.573075,pending,,False,specific_request
MATCH_3787,ALUMNI_M623,S2767,44.0,2026-05-01 11:22:13.573379,accepted,7.0,False,high_compatibility
MATCH_3788,ALUMNI_M83,S4380,51.0,2026-04-14 11:22:13.573826,rejected,54.0,True,admin_assigned
MATCH_3789,M1778,S4996,51.0,2026-04-09 11:22:13.574220,pending,1.0,True,auto_suggestion
MATCH_3790,ALUMNI_M4991,S624,61.5,2026-04-11 11:22:13.574626,pending,20.0,True,specific_request
MATCH_3791,M2913,S137,61.5,2026-04-27 11:22:13.575036,pending,6.0,False,auto_suggestion
MATCH_3792,ALUMNI_M2070,S3073,51.0,2026-04-19 11:22:13.575433,pending,22.0,False,specific_request
MATCH_3793,ALUMNI_M4836,S138,51.0,2026-04-08 11:22:13.575872,rejected,23.0,True,high_compatibility
MATCH_3794,ALUMNI_M2266,S4038,51.0,2026-04-12 11:22:13.576273,accepted,,False,auto_suggestion
MATCH_3795,ALUMNI_M1737,S1273,51.0,2026-04-14 11:22:13.576690,pending,,False,admin_assigned
MATCH_3796,M3635,S1223,51.0,2026-05-06 11:22:13.577099,accepted,33.0,False,specific_request
MATCH_3797,ALUMNI_M5007,S3924,51.0,2026-04-30 11:22:13.577512,pending,15.0,True,auto_suggestion
MATCH_3798,ALUMNI_M5639,S412,75.17,2026-04-14 11:22:13.577936,accepted,57.0,False,high_compatibility
MATCH_3799,ALUMNI_M766,S2034,51.0,2026-04-17 11:22:13.578320,pending,9.0,True,auto_suggestion
MATCH_3800,ALUMNI_M702,S3161,51.0,2026-04-14 11:22:13.578696,pending,2.0,False,high_compatibility
MATCH_3801,M4644,S4858,51.0,2026-04-30 11:22:13.579119,pending,8.0,False,specific_request
MATCH_3802,ALUMNI_M4486,S4367,61.67,2026-04-14 11:22:13.579510,pending,42.0,True,specific_request
MATCH_3803,ALUMNI_M4724,S3076,51.0,2026-04-16 11:22:13.579911,rejected,64.0,False,specific_request
MATCH_3804,M3758,S2905,61.5,2026-04-28 11:22:13.580259,accepted,10.0,True,auto_suggestion
MATCH_3805,ALUMNI_M1206,S484,44.0,2026-04-28 11:22:13.580607,rejected,54.0,True,specific_request
MATCH_3806,ALUMNI_M1200,S433,51.0,2026-04-27 11:22:13.580983,rejected,38.0,False,specific_request
MATCH_3807,ALUMNI_M1850,S2063,49.75,2026-04-29 11:22:13.581334,pending,57.0,False,specific_request
MATCH_3808,M1752,S834,44.0,2026-04-13 11:22:13.581719,completed,,False,admin_assigned
MATCH_3809,M4989,S4832,55.0,2026-04-15 11:22:13.582094,completed,,True,specific_request
MATCH_3810,M1650,S3623,51.0,2026-04-27 11:22:13.582461,completed,70.0,False,specific_request
MATCH_3811,M95,S1740,40.67,2026-04-26 11:22:13.582859,accepted,17.0,True,admin_assigned
MATCH_3812,ALUMNI_M1410,S1006,44.0,2026-04-26 11:22:13.583257,rejected,,True,admin_assigned
MATCH_3813,ALUMNI_M3575,S4134,55.0,2026-04-10 11:22:13.583628,pending,32.0,True,specific_request
MATCH_3814,ALUMNI_M837,S3935,44.0,2026-04-18 11:22:13.584022,completed,,True,specific_request
MATCH_3815,M155,S4452,61.5,2026-04-25 11:22:13.584400,accepted,11.0,True,high_compatibility
MATCH_3816,ALUMNI_M5600,S2131,49.89,2026-04-30 11:22:13.584789,completed,11.0,True,auto_suggestion
MATCH_3817,ALUMNI_M1063,S639,55.0,2026-05-06 11:22:13.585144,pending,,False,high_compatibility
MATCH_3818,ALUMNI_M1584,S2119,75.17,2026-04-24 11:22:13.585493,rejected,37.0,False,specific_request
MATCH_3819,ALUMNI_M5115,S1685,44.0,2026-04-26 11:22:13.585869,accepted,61.0,True,high_compatibility
MATCH_3820,ALUMNI_M1795,S4824,75.17,2026-05-06 11:22:13.586218,pending,,True,auto_suggestion
MATCH_3821,M2963,S423,68.5,2026-04-19 11:22:13.586589,rejected,19.0,True,admin_assigned
MATCH_3822,ALUMNI_M4054,S3070,44.0,2026-05-04 11:22:13.586986,pending,42.0,True,admin_assigned
MATCH_3823,M988,S530,44.0,2026-05-01 11:22:13.587343,pending,36.0,False,auto_suggestion
MATCH_3824,ALUMNI_M1362,S1100,46.56,2026-04-16 11:22:13.587736,accepted,27.0,False,admin_assigned
MATCH_3825,M3121,S847,44.33,2026-04-28 11:22:13.588102,rejected,,False,admin_assigned
MATCH_3826,ALUMNI_M2112,S2790,44.0,2026-04-16 11:22:13.588471,pending,57.0,True,admin_assigned
MATCH_3827,ALUMNI_M2466,S2487,68.5,2026-04-23 11:22:13.588865,accepted,44.0,True,specific_request
MATCH_3828,M4266,S4293,50.67,2026-04-22 11:22:13.589240,accepted,30.0,True,high_compatibility
MATCH_3829,M3194,S2347,48.0,2026-05-02 11:22:13.589624,completed,27.0,False,auto_suggestion
MATCH_3830,ALUMNI_M4586,S1876,51.0,2026-04-16 11:22:13.590034,accepted,,True,admin_assigned
MATCH_3831,ALUMNI_M3119,S3857,51.0,2026-04-27 11:22:13.590428,rejected,27.0,True,auto_suggestion
MATCH_3832,ALUMNI_M4461,S3690,51.0,2026-04-08 11:22:13.590870,rejected,3.0,False,auto_suggestion
MATCH_3833,ALUMNI_M5693,S1725,44.0,2026-04-09 11:22:13.591273,rejected,70.0,False,admin_assigned
MATCH_3834,M1396,S4715,51.0,2026-04-29 11:22:13.591681,pending,11.0,False,admin_assigned
MATCH_3835,M4853,S3751,48.0,2026-04-28 11:22:13.592124,completed,30.0,False,admin_assigned
MATCH_3836,M3020,S3989,51.0,2026-04-14 11:22:13.592498,pending,6.0,False,specific_request
MATCH_3837,ALUMNI_M5148,S4182,51.0,2026-04-20 11:22:13.592897,completed,67.0,False,high_compatibility
MATCH_3838,ALUMNI_M5976,S931,51.0,2026-04-30 11:22:13.593255,rejected,11.0,True,auto_suggestion
MATCH_3839,M1066,S3742,46.71,2026-04-29 11:22:13.593621,pending,2.0,False,admin_assigned
MATCH_3840,ALUMNI_M5993,S2872,50.38,2026-05-05 11:22:13.594014,rejected,23.0,True,auto_suggestion
MATCH_3841,ALUMNI_M4705,S4960,55.0,2026-04-23 11:22:13.594359,completed,67.0,True,admin_assigned
MATCH_3842,ALUMNI_M3597,S1580,68.5,2026-04-24 11:22:13.594779,pending,34.0,True,high_compatibility
MATCH_3843,M3684,S991,51.0,2026-04-26 11:22:13.595143,accepted,,True,auto_suggestion
MATCH_3844,ALUMNI_M2039,S3898,44.0,2026-04-07 11:22:13.595531,accepted,63.0,True,auto_suggestion
MATCH_3845,ALUMNI_M1336,S4789,44.0,2026-04-25 11:22:13.595980,completed,11.0,True,high_compatibility
MATCH_3846,M3218,S3282,61.67,2026-04-18 11:22:13.596379,rejected,63.0,True,admin_assigned
MATCH_3847,M1986,S3216,37.33,2026-04-13 11:22:13.596781,completed,50.0,True,specific_request
MATCH_3848,M3265,S2960,61.67,2026-04-30 11:22:13.597195,rejected,65.0,False,auto_suggestion
MATCH_3849,M1090,S1961,48.0,2026-05-05 11:22:13.597578,accepted,66.0,True,auto_suggestion
MATCH_3850,ALUMNI_M735,S2422,48.5,2026-04-13 11:22:13.597983,accepted,33.0,False,specific_request
MATCH_3851,M778,S3595,61.5,2026-04-24 11:22:13.598404,completed,20.0,False,high_compatibility
MATCH_3852,ALUMNI_M2847,S3603,68.17,2026-04-10 11:22:13.598819,pending,2.0,True,specific_request
MATCH_3853,ALUMNI_M2278,S3500,75.17,2026-05-05 11:22:13.599203,rejected,19.0,False,specific_request
MATCH_3854,M3826,S3591,51.0,2026-04-24 11:22:13.599595,completed,65.0,False,auto_suggestion
MATCH_3855,M570,S56,75.17,2026-04-07 11:22:13.600038,accepted,49.0,True,specific_request
MATCH_3856,M1227,S4589,46.0,2026-04-20 11:22:13.600450,completed,,False,high_compatibility
MATCH_3857,M1363,S1406,54.67,2026-04-11 11:22:13.600884,accepted,3.0,False,high_compatibility
MATCH_3858,M1218,S2178,44.0,2026-04-23 11:22:13.601272,pending,12.0,True,specific_request
MATCH_3859,M2684,S4850,44.0,2026-05-04 11:22:13.601687,rejected,,False,high_compatibility
MATCH_3860,M3523,S3899,44.0,2026-04-27 11:22:13.602114,rejected,,True,admin_assigned
MATCH_3861,M2121,S2937,55.0,2026-04-14 11:22:13.602525,accepted,52.0,False,auto_suggestion
MATCH_3862,ALUMNI_M3341,S3327,44.0,2026-04-11 11:22:13.602968,pending,,False,high_compatibility
MATCH_3863,ALUMNI_M305,S2238,51.0,2026-04-24 11:22:13.603416,rejected,19.0,True,specific_request
MATCH_3864,ALUMNI_M5936,S4202,54.67,2026-04-18 11:22:13.603841,rejected,16.0,True,admin_assigned
MATCH_3865,ALUMNI_M3471,S3887,57.67,2026-05-02 11:22:13.604271,pending,57.0,False,admin_assigned
MATCH_3866,M2527,S1859,44.0,2026-04-22 11:22:13.604681,accepted,,True,admin_assigned
MATCH_3867,ALUMNI_M5329,S3639,44.0,2026-04-07 11:22:13.605132,accepted,29.0,False,specific_request
MATCH_3868,ALUMNI_M644,S2992,55.0,2026-04-26 11:22:13.605550,completed,17.0,True,specific_request
MATCH_3869,ALUMNI_M5642,S1268,44.0,2026-05-03 11:22:13.605988,completed,67.0,True,high_compatibility
MATCH_3870,M4917,S3774,51.0,2026-04-14 11:22:13.606408,completed,,True,admin_assigned
MATCH_3871,ALUMNI_M2007,S2299,44.0,2026-04-14 11:22:13.606857,pending,41.0,False,admin_assigned
MATCH_3872,M2948,S1161,44.33,2026-05-06 11:22:13.607281,rejected,23.0,True,admin_assigned
MATCH_3873,ALUMNI_M3353,S4379,54.67,2026-04-26 11:22:13.607732,accepted,66.0,True,auto_suggestion
MATCH_3874,M2108,S1869,51.0,2026-05-05 11:22:13.608156,accepted,64.0,True,admin_assigned
MATCH_3875,ALUMNI_M1264,S3982,68.17,2026-04-28 11:22:13.608587,rejected,68.0,False,admin_assigned
MATCH_3876,M4951,S564,44.0,2026-04-11 11:22:13.609042,rejected,,True,admin_assigned
MATCH_3877,ALUMNI_M2223,S2097,51.0,2026-04-12 11:22:13.609472,rejected,21.0,False,specific_request
MATCH_3878,ALUMNI_M2294,S754,46.0,2026-05-02 11:22:13.609919,completed,27.0,True,auto_suggestion
MATCH_3879,ALUMNI_M1189,S3811,50.67,2026-04-25 11:22:13.610338,pending,,False,high_compatibility
MATCH_3880,ALUMNI_M3139,S3544,65.5,2026-04-23 11:22:13.610800,completed,72.0,False,specific_request
MATCH_3881,M3293,S4026,50.67,2026-04-23 11:22:13.611225,accepted,39.0,True,auto_suggestion
MATCH_3882,M435,S3668,51.0,2026-05-06 11:22:13.611660,accepted,18.0,True,auto_suggestion
MATCH_3883,M38,S4135,48.0,2026-05-01 11:22:13.612109,accepted,,False,specific_request
MATCH_3884,ALUMNI_M1838,S4173,40.67,2026-04-23 11:22:13.612549,accepted,,False,high_compatibility
MATCH_3885,M818,S2266,44.0,2026-05-05 11:22:13.613007,pending,3.0,True,admin_assigned
MATCH_3886,ALUMNI_M2376,S1487,51.0,2026-04-15 11:22:13.613417,completed,,True,admin_assigned
MATCH_3887,M1909,S3201,52.67,2026-05-02 11:22:13.613844,rejected,,False,auto_suggestion
MATCH_3888,ALUMNI_M5011,S570,72.5,2026-04-07 11:22:13.614252,rejected,40.0,True,admin_assigned
MATCH_3889,M3289,S3659,68.5,2026-04-07 11:22:13.614667,accepted,,True,specific_request
MATCH_3890,M4765,S499,55.0,2026-05-03 11:22:13.615092,accepted,,True,auto_suggestion
MATCH_3891,M2992,S4999,49.57,2026-04-23 11:22:13.615485,rejected,25.0,False,auto_suggestion
MATCH_3892,ALUMNI_M2217,S3365,61.5,2026-04-08 11:22:13.615876,completed,,False,admin_assigned
MATCH_3893,M1995,S2543,44.0,2026-04-29 11:22:13.616111,pending,,False,admin_assigned
MATCH_3894,ALUMNI_M3083,S4688,51.0,2026-04-15 11:22:13.616328,accepted,46.0,True,high_compatibility
MATCH_3895,ALUMNI_M51,S1821,65.5,2026-04-18 11:22:13.616547,accepted,39.0,True,admin_assigned
MATCH_3896,M634,S921,44.0,2026-04-17 11:22:13.616833,pending,49.0,True,auto_suggestion
MATCH_3897,ALUMNI_M2381,S1977,61.67,2026-04-27 11:22:13.617071,completed,22.0,True,admin_assigned
MATCH_3898,ALUMNI_M3956,S3745,44.0,2026-04-24 11:22:13.617303,rejected,35.0,True,auto_suggestion
MATCH_3899,ALUMNI_M2710,S3333,59.0,2026-04-29 11:22:13.617541,accepted,50.0,True,high_compatibility
MATCH_3900,M2231,S1334,44.0,2026-04-27 11:22:13.617888,completed,22.0,False,high_compatibility
MATCH_3901,M1680,S4518,47.67,2026-04-13 11:22:13.618156,pending,23.0,True,high_compatibility
MATCH_3902,ALUMNI_M2683,S776,47.0,2026-04-12 11:22:13.618404,rejected,56.0,False,high_compatibility
MATCH_3903,ALUMNI_M3299,S2477,51.0,2026-04-10 11:22:13.618621,completed,38.0,True,admin_assigned
MATCH_3904,ALUMNI_M141,S3930,51.0,2026-04-30 11:22:13.618907,completed,55.0,False,specific_request
MATCH_3905,ALUMNI_M948,S4399,51.0,2026-05-03 11:22:13.619117,rejected,12.0,False,admin_assigned
MATCH_3906,M2175,S4380,55.0,2026-04-20 11:22:13.619328,pending,,False,high_compatibility
MATCH_3907,M63,S4290,51.0,2026-04-28 11:22:13.619555,rejected,18.0,False,high_compatibility
MATCH_3908,M3027,S3995,39.0,2026-04-19 11:22:13.619829,completed,72.0,False,high_compatibility
MATCH_3909,ALUMNI_M1282,S2948,50.0,2026-04-16 11:22:13.620050,rejected,,True,specific_request
MATCH_3910,ALUMNI_M1641,S1212,48.75,2026-04-15 11:22:13.620257,completed,47.0,True,auto_suggestion
MATCH_3911,ALUMNI_M2470,S3841,68.5,2026-05-04 11:22:13.620542,rejected,51.0,False,admin_assigned
MATCH_3912,M250,S4933,50.67,2026-04-21 11:22:13.620855,pending,31.0,True,high_compatibility
MATCH_3913,ALUMNI_M4671,S2581,51.0,2026-04-28 11:22:13.621073,pending,,False,admin_assigned
MATCH_3914,M1982,S868,51.0,2026-05-05 11:22:13.621278,pending,,False,auto_suggestion
MATCH_3915,M4143,S3090,55.0,2026-04-30 11:22:13.621489,accepted,55.0,False,auto_suggestion
MATCH_3916,ALUMNI_M2449,S4099,44.0,2026-04-22 11:22:13.621687,accepted,,False,auto_suggestion
MATCH_3917,ALUMNI_M3871,S256,61.5,2026-04-17 11:22:13.621975,accepted,3.0,False,specific_request
MATCH_3918,ALUMNI_M492,S734,44.0,2026-04-09 11:22:13.622185,completed,27.0,True,specific_request
MATCH_3919,ALUMNI_M1260,S1118,44.0,2026-04-26 11:22:13.622392,accepted,,False,high_compatibility
MATCH_3920,M869,S3853,65.5,2026-04-27 11:22:13.622592,rejected,51.0,True,specific_request
MATCH_3921,M911,S417,44.0,2026-04-23 11:22:13.622866,completed,,True,admin_assigned
MATCH_3922,ALUMNI_M5401,S4707,51.0,2026-04-12 11:22:13.623103,completed,45.0,False,admin_assigned
MATCH_3923,M2350,S101,50.0,2026-04-17 11:22:13.623313,pending,,True,high_compatibility
MATCH_3924,M4192,S1488,68.5,2026-04-08 11:22:13.623526,accepted,62.0,True,auto_suggestion
MATCH_3925,ALUMNI_M5465,S13,44.0,2026-05-02 11:22:13.623794,accepted,,False,specific_request
MATCH_3926,M4382,S3124,44.0,2026-04-24 11:22:13.624035,completed,,False,auto_suggestion
MATCH_3927,ALUMNI_M3527,S4481,51.0,2026-04-16 11:22:13.624245,accepted,58.0,True,admin_assigned
MATCH_3928,M1493,S490,61.67,2026-04-21 11:22:13.624456,rejected,,True,admin_assigned
MATCH_3929,M589,S1508,47.25,2026-04-21 11:22:13.624667,completed,,True,auto_suggestion
MATCH_3930,M149,S349,51.0,2026-04-28 11:22:13.624940,rejected,16.0,False,specific_request
MATCH_3931,ALUMNI_M4604,S4892,48.0,2026-05-05 11:22:13.625157,completed,14.0,True,specific_request
MATCH_3932,ALUMNI_M5539,S1657,51.0,2026-04-26 11:22:13.625353,rejected,54.0,False,specific_request
MATCH_3933,ALUMNI_M5250,S652,41.5,2026-04-22 11:22:13.625586,pending,,False,admin_assigned
MATCH_3934,ALUMNI_M2445,S4339,44.0,2026-04-27 11:22:13.625867,rejected,,True,admin_assigned
MATCH_3935,M827,S223,68.5,2026-04-29 11:22:13.626082,accepted,21.0,False,auto_suggestion
MATCH_3936,M767,S4680,51.0,2026-04-26 11:22:13.626289,completed,,False,high_compatibility
MATCH_3937,ALUMNI_M3117,S537,46.0,2026-05-02 11:22:13.626499,completed,33.0,False,auto_suggestion
MATCH_3938,ALUMNI_M4869,S4641,44.0,2026-04-08 11:22:13.626713,completed,,False,auto_suggestion
MATCH_3939,ALUMNI_M5069,S4158,51.0,2026-05-01 11:22:13.626916,pending,58.0,False,admin_assigned
MATCH_3940,ALUMNI_M967,S3382,50.67,2026-04-22 11:22:13.627116,rejected,46.0,True,admin_assigned
MATCH_3941,M4895,S146,68.5,2026-04-06 11:22:13.627318,pending,72.0,True,specific_request
MATCH_3942,M2146,S1540,45.44,2026-04-14 11:22:13.627528,rejected,,False,specific_request
MATCH_3943,M4495,S1531,50.67,2026-05-04 11:22:13.627800,completed,28.0,True,admin_assigned
MATCH_3944,ALUMNI_M1058,S296,44.0,2026-04-29 11:22:13.628038,completed,72.0,True,high_compatibility
MATCH_3945,ALUMNI_M3691,S2018,51.0,2026-04-17 11:22:13.628255,pending,,True,admin_assigned
MATCH_3946,M793,S4358,51.0,2026-04-18 11:22:13.628465,accepted,6.0,True,high_compatibility
MATCH_3947,ALUMNI_M1113,S1387,48.78,2026-04-14 11:22:13.628665,completed,46.0,True,auto_suggestion
MATCH_3948,ALUMNI_M3229,S4144,51.0,2026-04-11 11:22:13.628888,rejected,51.0,True,specific_request
MATCH_3949,ALUMNI_M1322,S384,44.0,2026-04-23 11:22:13.629086,completed,6.0,False,admin_assigned
MATCH_3950,M2931,S1077,55.0,2026-04-28 11:22:13.629284,completed,,False,high_compatibility
MATCH_3951,ALUMNI_M4318,S2621,75.17,2026-04-28 11:22:13.629491,accepted,,False,admin_assigned
MATCH_3952,M2266,S2006,46.56,2026-05-03 11:22:13.629687,accepted,29.0,False,admin_assigned
MATCH_3953,M3080,S4956,68.5,2026-04-14 11:22:13.629903,accepted,,True,admin_assigned
MATCH_3954,M4761,S4113,51.0,2026-04-13 11:22:13.630097,completed,34.0,True,specific_request
MATCH_3955,M2336,S4962,55.0,2026-04-12 11:22:13.630289,rejected,,True,specific_request
MATCH_3956,M2236,S3981,44.0,2026-04-06 11:22:13.630494,rejected,47.0,True,specific_request
MATCH_3957,ALUMNI_M4379,S2772,51.0,2026-04-27 11:22:13.630689,accepted,9.0,False,high_compatibility
MATCH_3958,ALUMNI_M3440,S2750,51.0,2026-05-02 11:22:13.630913,rejected,46.0,True,high_compatibility
MATCH_3959,ALUMNI_M2069,S3088,55.0,2026-04-09 11:22:13.631110,completed,60.0,True,specific_request
MATCH_3960,M593,S2723,72.5,2026-04-25 11:22:13.631314,accepted,39.0,True,admin_assigned
MATCH_3961,ALUMNI_M5011,S2814,55.0,2026-04-29 11:22:13.631520,accepted,18.0,False,admin_assigned
MATCH_3962,M4040,S2259,61.5,2026-04-19 11:22:13.631734,accepted,19.0,False,auto_suggestion
MATCH_3963,ALUMNI_M3968,S4441,51.0,2026-05-01 11:22:13.631943,pending,,True,auto_suggestion
MATCH_3964,ALUMNI_M5751,S3462,44.0,2026-04-18 11:22:13.632138,accepted,57.0,False,specific_request
MATCH_3965,ALUMNI_M2788,S2134,51.0,2026-04-30 11:22:13.632340,rejected,36.0,False,admin_assigned
MATCH_3966,ALUMNI_M2501,S798,51.0,2026-04-17 11:22:13.632548,rejected,34.0,False,auto_suggestion
MATCH_3967,M1400,S4503,38.29,2026-04-22 11:22:13.632895,accepted,3.0,True,specific_request
MATCH_3968,ALUMNI_M2365,S3658,61.5,2026-04-07 11:22:13.633199,completed,63.0,True,high_compatibility
MATCH_3969,M27,S4261,55.0,2026-04-21 11:22:13.633426,accepted,69.0,False,high_compatibility
MATCH_3970,M104,S44,55.0,2026-04-20 11:22:13.633776,accepted,9.0,True,admin_assigned
MATCH_3971,ALUMNI_M3835,S4995,51.0,2026-05-05 11:22:13.634127,pending,,False,auto_suggestion
MATCH_3972,ALUMNI_M4002,S950,39.0,2026-05-01 11:22:13.634345,pending,,True,specific_request
MATCH_3973,M1117,S3157,68.5,2026-04-11 11:22:13.634560,pending,51.0,True,admin_assigned
MATCH_3974,M3451,S2758,51.0,2026-04-20 11:22:13.634836,pending,63.0,False,high_compatibility
MATCH_3975,ALUMNI_M4342,S2255,51.0,2026-05-03 11:22:13.635055,pending,7.0,True,high_compatibility
MATCH_3976,ALUMNI_M5891,S1346,68.5,2026-04-30 11:22:13.635257,rejected,71.0,True,auto_suggestion
MATCH_3977,ALUMNI_M3241,S411,55.0,2026-04-26 11:22:13.635468,rejected,41.0,True,admin_assigned
MATCH_3978,ALUMNI_M3763,S4460,51.0,2026-04-08 11:22:13.635668,pending,41.0,True,auto_suggestion
MATCH_3979,ALUMNI_M4280,S1227,51.0,2026-05-05 11:22:13.635970,rejected,40.0,True,auto_suggestion
MATCH_3980,ALUMNI_M1332,S2415,57.67,2026-04-26 11:22:13.636449,pending,,False,admin_assigned
MATCH_3981,M721,S3315,51.0,2026-04-17 11:22:13.636913,completed,,True,specific_request
MATCH_3982,ALUMNI_M1545,S1518,61.5,2026-04-29 11:22:13.637315,rejected,40.0,True,high_compatibility
MATCH_3983,M392,S4573,44.0,2026-04-06 11:22:13.637694,pending,23.0,False,specific_request
MATCH_3984,ALUMNI_M5108,S3601,68.5,2026-04-18 11:22:13.638152,accepted,51.0,False,specific_request
MATCH_3985,ALUMNI_M5929,S2381,72.5,2026-04-29 11:22:13.638570,accepted,60.0,True,admin_assigned
MATCH_3986,M2867,S856,48.0,2026-04-20 11:22:13.639154,rejected,,True,specific_request
MATCH_3987,M842,S4367,56.11,2026-05-01 11:22:13.639492,rejected,33.0,False,admin_assigned
MATCH_3988,ALUMNI_M5074,S1454,48.0,2026-04-07 11:22:13.639786,rejected,,True,high_compatibility
MATCH_3989,ALUMNI_M1531,S985,47.25,2026-04-14 11:22:13.640030,pending,,False,specific_request
MATCH_3990,ALUMNI_M540,S3359,61.5,2026-04-22 11:22:13.640249,accepted,,False,specific_request
MATCH_3991,M1923,S2371,51.0,2026-04-21 11:22:13.640457,completed,,True,admin_assigned
MATCH_3992,M4236,S3229,51.0,2026-04-11 11:22:13.640658,rejected,58.0,True,auto_suggestion
MATCH_3993,ALUMNI_M585,S2183,44.0,2026-04-09 11:22:13.640953,completed,,True,specific_request
MATCH_3994,ALUMNI_M1118,S1736,65.5,2026-04-07 11:22:13.641170,completed,,False,high_compatibility
MATCH_3995,ALUMNI_M3025,S1467,51.0,2026-04-25 11:22:13.641392,completed,66.0,False,specific_request
MATCH_3996,ALUMNI_M5175,S582,44.0,2026-04-20 11:22:13.641596,pending,65.0,False,auto_suggestion
MATCH_3997,ALUMNI_M3009,S4823,48.0,2026-04-11 11:22:13.641818,rejected,39.0,True,specific_request
MATCH_3998,ALUMNI_M3812,S1184,44.0,2026-04-15 11:22:13.642018,accepted,24.0,False,auto_suggestion
MATCH_3999,ALUMNI_M372,S3934,51.0,2026-04-21 11:22:13.642227,pending,70.0,True,specific_request
MATCH_4000,ALUMNI_M3616,S1109,44.75,2026-04-09 11:22:13.642431,rejected,54.0,False,high_compatibility
MATCH_4001,M1936,S4047,43.86,2026-05-03 11:22:13.642635,accepted,,False,auto_suggestion
MATCH_4002,ALUMNI_M4801,S2666,55.0,2026-04-11 11:22:13.642856,completed,,True,admin_assigned
MATCH_4003,ALUMNI_M3005,S1605,57.67,2026-04-06 11:22:13.643072,pending,18.0,False,admin_assigned
MATCH_4004,M3074,S4201,44.0,2026-04-14 11:22:13.643425,accepted,59.0,False,high_compatibility
MATCH_4005,M2787,S1010,37.33,2026-04-30 11:22:13.643727,accepted,25.0,False,high_compatibility
MATCH_4006,ALUMNI_M4946,S2721,55.0,2026-04-30 11:22:13.643954,completed,48.0,True,specific_request
MATCH_4007,ALUMNI_M270,S3316,51.0,2026-05-03 11:22:13.644165,pending,,True,specific_request
MATCH_4008,ALUMNI_M3655,S2095,51.0,2026-05-05 11:22:13.644363,rejected,43.0,False,auto_suggestion
MATCH_4009,M1988,S495,55.0,2026-04-25 11:22:13.644560,pending,18.0,False,admin_assigned
MATCH_4010,ALUMNI_M1283,S765,51.0,2026-04-22 11:22:13.644849,completed,,False,admin_assigned
MATCH_4011,ALUMNI_M2193,S4339,44.0,2026-04-29 11:22:13.645059,accepted,6.0,True,high_compatibility
MATCH_4012,M4957,S4856,40.25,2026-04-26 11:22:13.645292,completed,67.0,True,auto_suggestion
MATCH_4013,M1596,S2824,51.0,2026-04-10 11:22:13.645502,accepted,17.0,True,auto_suggestion
MATCH_4014,ALUMNI_M3964,S4129,44.0,2026-04-11 11:22:13.645702,pending,,True,specific_request
MATCH_4015,ALUMNI_M2600,S4532,51.0,2026-04-07 11:22:13.645921,accepted,4.0,False,high_compatibility
MATCH_4016,ALUMNI_M4433,S1299,51.0,2026-05-06 11:22:13.646118,accepted,39.0,True,auto_suggestion
MATCH_4017,ALUMNI_M5533,S1015,51.0,2026-04-16 11:22:13.646327,pending,55.0,False,auto_suggestion
MATCH_4018,ALUMNI_M4847,S1060,44.0,2026-04-27 11:22:13.646523,pending,31.0,True,auto_suggestion
MATCH_4019,ALUMNI_M216,S776,51.0,2026-04-24 11:22:13.646735,pending,,True,auto_suggestion
MATCH_4020,M558,S1502,51.0,2026-05-05 11:22:13.646934,accepted,,False,auto_suggestion
MATCH_4021,ALUMNI_M796,S2881,51.0,2026-04-15 11:22:13.647137,rejected,32.0,True,admin_assigned
MATCH_4022,ALUMNI_M1274,S3705,44.0,2026-05-05 11:22:13.647335,completed,3.0,True,high_compatibility
MATCH_4023,ALUMNI_M1546,S105,51.0,2026-04-15 11:22:13.647547,pending,,False,admin_assigned
MATCH_4024,ALUMNI_M5318,S3730,55.0,2026-04-27 11:22:13.647821,rejected,,True,auto_suggestion
MATCH_4025,ALUMNI_M3050,S3088,51.0,2026-04-27 11:22:13.648043,pending,,True,specific_request
MATCH_4026,ALUMNI_M2850,S4502,44.0,2026-04-13 11:22:13.648272,accepted,,False,admin_assigned
MATCH_4027,M941,S1671,39.56,2026-04-10 11:22:13.648474,completed,27.0,True,specific_request
MATCH_4028,ALUMNI_M2792,S1268,44.0,2026-04-12 11:22:13.648671,completed,,True,high_compatibility
MATCH_4029,ALUMNI_M349,S1192,51.0,2026-04-18 11:22:13.648891,completed,15.0,False,specific_request
MATCH_4030,ALUMNI_M2352,S4966,38.44,2026-04-08 11:22:13.649092,rejected,8.0,False,high_compatibility
MATCH_4031,ALUMNI_M3297,S42,68.5,2026-05-01 11:22:13.649306,pending,54.0,False,auto_suggestion
MATCH_4032,M4123,S139,44.0,2026-04-21 11:22:13.649518,pending,2.0,False,high_compatibility
MATCH_4033,M4705,S3925,44.0,2026-04-15 11:22:13.649732,accepted,31.0,True,admin_assigned
MATCH_4034,M1105,S235,50.67,2026-04-10 11:22:13.649939,pending,,True,high_compatibility
MATCH_4035,M2675,S1919,44.0,2026-04-30 11:22:13.650145,rejected,35.0,True,auto_suggestion
MATCH_4036,M3168,S2268,65.5,2026-04-21 11:22:13.650344,pending,4.0,True,auto_suggestion
MATCH_4037,M3367,S3283,51.0,2026-04-28 11:22:13.650539,accepted,19.0,False,admin_assigned
MATCH_4038,M4421,S4375,55.0,2026-04-25 11:22:13.650751,accepted,,True,high_compatibility
MATCH_4039,M1867,S2938,44.0,2026-04-13 11:22:13.650950,completed,,False,high_compatibility
MATCH_4040,ALUMNI_M4271,S921,44.0,2026-05-01 11:22:13.651152,accepted,38.0,False,specific_request
MATCH_4041,M2727,S2739,51.0,2026-04-25 11:22:13.651349,pending,30.0,True,admin_assigned
MATCH_4042,M4511,S1068,57.67,2026-05-03 11:22:13.651542,pending,45.0,False,admin_assigned
MATCH_4043,M4349,S2436,51.0,2026-04-16 11:22:13.651765,accepted,35.0,True,specific_request
MATCH_4044,ALUMNI_M5931,S3534,50.67,2026-05-04 11:22:13.651967,pending,,False,admin_assigned
MATCH_4045,ALUMNI_M4487,S2989,51.0,2026-04-13 11:22:13.652174,accepted,,False,high_compatibility
MATCH_4046,ALUMNI_M1187,S2400,49.89,2026-04-06 11:22:13.652373,pending,17.0,True,auto_suggestion
MATCH_4047,ALUMNI_M1301,S3185,44.0,2026-04-10 11:22:13.652570,completed,,False,admin_assigned
MATCH_4048,M4312,S2479,44.0,2026-04-29 11:22:13.652786,accepted,41.0,False,admin_assigned
MATCH_4049,ALUMNI_M3882,S1858,51.0,2026-04-07 11:22:13.652984,rejected,3.0,True,admin_assigned
MATCH_4050,ALUMNI_M1336,S2932,48.0,2026-04-23 11:22:13.653193,pending,,True,specific_request
MATCH_4051,M2436,S399,46.56,2026-04-22 11:22:13.653390,accepted,,True,admin_assigned
MATCH_4052,M624,S3507,47.25,2026-04-27 11:22:13.653585,completed,68.0,True,high_compatibility
MATCH_4053,M4677,S4545,51.0,2026-04-11 11:22:13.653797,rejected,48.0,False,specific_request
MATCH_4054,ALUMNI_M5138,S3187,44.0,2026-04-17 11:22:13.653994,pending,52.0,False,specific_request
MATCH_4055,M196,S2338,51.0,2026-05-05 11:22:13.654205,accepted,5.0,True,high_compatibility
MATCH_4056,ALUMNI_M67,S3657,57.67,2026-04-24 11:22:13.654404,completed,12.0,True,admin_assigned
MATCH_4057,ALUMNI_M3706,S2482,48.0,2026-04-17 11:22:13.654595,pending,27.0,False,specific_request
MATCH_4058,ALUMNI_M2082,S2692,39.0,2026-04-08 11:22:13.654819,rejected,39.0,True,auto_suggestion
MATCH_4059,ALUMNI_M4582,S2558,51.0,2026-04-06 11:22:13.655014,pending,2.0,True,auto_suggestion
MATCH_4060,ALUMNI_M4580,S411,55.0,2026-04-11 11:22:13.655224,pending,61.0,True,admin_assigned
MATCH_4061,M3818,S4523,68.5,2026-04-10 11:22:13.655421,pending,,True,high_compatibility
MATCH_4062,M1730,S2720,66.83,2026-04-18 11:22:13.655624,accepted,,True,specific_request
MATCH_4063,ALUMNI_M5128,S1740,72.5,2026-05-02 11:22:13.655839,completed,,False,admin_assigned
MATCH_4064,M1923,S2635,44.0,2026-04-12 11:22:13.656033,accepted,22.0,True,auto_suggestion
MATCH_4065,ALUMNI_M1076,S1562,48.14,2026-04-30 11:22:13.656249,pending,32.0,True,specific_request
MATCH_4066,ALUMNI_M1091,S3613,51.0,2026-05-02 11:22:13.656444,completed,31.0,True,auto_suggestion
MATCH_4067,ALUMNI_M1244,S2349,44.0,2026-04-07 11:22:13.656637,accepted,,True,auto_suggestion
MATCH_4068,M2418,S4994,61.5,2026-04-24 11:22:13.656851,rejected,16.0,False,admin_assigned
MATCH_4069,M1984,S1944,61.5,2026-04-06 11:22:13.657044,rejected,71.0,True,auto_suggestion
MATCH_4070,M227,S366,46.56,2026-04-23 11:22:13.657252,accepted,22.0,False,specific_request
MATCH_4071,M2653,S3560,61.5,2026-04-16 11:22:13.657447,pending,,True,specific_request
MATCH_4072,M1303,S519,47.25,2026-04-28 11:22:13.657641,completed,26.0,False,specific_request
MATCH_4073,M3295,S1847,68.5,2026-04-21 11:22:13.657856,accepted,28.0,True,high_compatibility
MATCH_4074,ALUMNI_M5561,S2841,47.33,2026-04-22 11:22:13.658057,accepted,68.0,False,high_compatibility
MATCH_4075,M4586,S1597,55.0,2026-04-13 11:22:13.658260,accepted,25.0,False,specific_request
MATCH_4076,ALUMNI_M5548,S3548,48.0,2026-04-11 11:22:13.658456,rejected,27.0,True,admin_assigned
MATCH_4077,ALUMNI_M4015,S2557,51.0,2026-04-13 11:22:13.658651,completed,63.0,False,high_compatibility
MATCH_4078,M3678,S1807,46.71,2026-05-04 11:22:13.658866,rejected,,True,admin_assigned
MATCH_4079,ALUMNI_M1368,S3503,51.0,2026-04-18 11:22:13.659060,rejected,1.0,False,auto_suggestion
MATCH_4080,M3549,S1901,68.5,2026-04-11 11:22:13.659262,rejected,66.0,False,high_compatibility
MATCH_4081,M4646,S4462,72.5,2026-05-02 11:22:13.659460,rejected,43.0,True,specific_request
MATCH_4082,ALUMNI_M4959,S4910,51.0,2026-04-13 11:22:13.659669,completed,,True,auto_suggestion
MATCH_4083,ALUMNI_M1066,S1070,48.0,2026-05-04 11:22:13.659893,pending,72.0,False,specific_request
MATCH_4084,M971,S3143,44.0,2026-04-12 11:22:13.660093,pending,20.0,False,admin_assigned
MATCH_4085,M3608,S719,44.0,2026-04-23 11:22:13.660300,pending,32.0,False,auto_suggestion
MATCH_4086,M4250,S2586,51.0,2026-04-06 11:22:13.660496,pending,9.0,False,high_compatibility
MATCH_4087,M2400,S2298,44.0,2026-04-26 11:22:13.660691,pending,60.0,True,admin_assigned
MATCH_4088,M3290,S2996,51.0,2026-04-21 11:22:13.660907,completed,56.0,False,high_compatibility
MATCH_4089,M2378,S648,39.71,2026-04-10 11:22:13.661105,completed,33.0,True,high_compatibility
MATCH_4090,M2989,S4752,57.67,2026-05-05 11:22:13.661324,pending,6.0,False,admin_assigned
MATCH_4091,ALUMNI_M4331,S404,51.0,2026-04-11 11:22:13.661524,pending,,True,auto_suggestion
MATCH_4092,ALUMNI_M2182,S1035,51.0,2026-04-21 11:22:13.661736,completed,35.0,False,admin_assigned
MATCH_4093,ALUMNI_M1080,S2626,51.0,2026-04-13 11:22:13.661937,accepted,31.0,False,high_compatibility
MATCH_4094,ALUMNI_M1393,S4189,54.67,2026-04-06 11:22:13.662143,accepted,,False,auto_suggestion
MATCH_4095,M4821,S1885,51.0,2026-04-12 11:22:13.662339,completed,20.0,True,high_compatibility
MATCH_4096,M4259,S876,41.5,2026-04-29 11:22:13.662534,pending,,False,specific_request
MATCH_4097,ALUMNI_M4379,S1925,68.5,2026-04-15 11:22:13.662748,pending,72.0,False,high_compatibility
MATCH_4098,ALUMNI_M3948,S1328,44.0,2026-04-22 11:22:13.662950,rejected,38.0,True,high_compatibility
MATCH_4099,M310,S3486,68.5,2026-04-28 11:22:13.663183,completed,55.0,False,admin_assigned
MATCH_4100,M608,S1975,57.67,2026-04-28 11:22:13.663381,completed,62.0,False,high_compatibility
MATCH_4101,ALUMNI_M398,S4685,44.0,2026-05-06 11:22:13.663590,rejected,28.0,False,auto_suggestion
MATCH_4102,ALUMNI_M797,S1013,37.33,2026-04-10 11:22:13.663804,pending,12.0,True,admin_assigned
MATCH_4103,M1319,S4837,48.0,2026-04-10 11:22:13.664001,rejected,,False,auto_suggestion
MATCH_4104,M198,S730,59.83,2026-04-08 11:22:13.664212,pending,60.0,False,high_compatibility
MATCH_4105,ALUMNI_M2783,S4300,68.17,2026-04-30 11:22:13.664412,completed,54.0,True,specific_request
MATCH_4106,ALUMNI_M5684,S4621,51.0,2026-04-13 11:22:13.664610,pending,64.0,True,auto_suggestion
MATCH_4107,M4421,S3743,51.0,2026-04-13 11:22:13.664838,accepted,31.0,True,specific_request
MATCH_4108,M1819,S2217,48.0,2026-04-18 11:22:13.665036,rejected,43.0,True,admin_assigned
MATCH_4109,ALUMNI_M4538,S3078,55.0,2026-04-21 11:22:13.665246,completed,,False,high_compatibility
MATCH_4110,M2888,S2368,52.67,2026-04-08 11:22:13.665440,completed,59.0,False,high_compatibility
MATCH_4111,ALUMNI_M5182,S229,65.5,2026-04-23 11:22:13.665651,completed,,False,auto_suggestion
MATCH_4112,ALUMNI_M5488,S3930,52.78,2026-04-08 11:22:13.665868,completed,3.0,True,auto_suggestion
MATCH_4113,ALUMNI_M4428,S4497,44.0,2026-05-03 11:22:13.666096,pending,,True,admin_assigned
MATCH_4114,ALUMNI_M2140,S3027,51.0,2026-04-23 11:22:13.666345,pending,41.0,True,admin_assigned
MATCH_4115,M3985,S1530,55.0,2026-04-27 11:22:13.666546,accepted,44.0,True,admin_assigned
MATCH_4116,M1961,S2706,44.0,2026-05-01 11:22:13.666790,pending,,True,admin_assigned
MATCH_4117,M2733,S4214,44.0,2026-04-28 11:22:13.666988,completed,53.0,False,admin_assigned
MATCH_4118,ALUMNI_M1390,S19,44.33,2026-04-25 11:22:13.667230,completed,7.0,False,admin_assigned
MATCH_4119,ALUMNI_M1580,S2037,62.5,2026-04-26 11:22:13.667432,rejected,12.0,True,specific_request
MATCH_4120,M2466,S4335,55.0,2026-05-01 11:22:13.667626,completed,49.0,True,specific_request
MATCH_4121,ALUMNI_M704,S4294,51.0,2026-05-01 11:22:13.667851,completed,20.0,False,specific_request
MATCH_4122,M542,S2019,51.0,2026-04-11 11:22:13.668111,accepted,,False,admin_assigned
MATCH_4123,M4492,S2954,44.0,2026-05-05 11:22:13.668345,pending,70.0,False,auto_suggestion
MATCH_4124,ALUMNI_M1627,S2932,51.0,2026-04-11 11:22:13.668549,accepted,51.0,False,admin_assigned
MATCH_4125,ALUMNI_M969,S1977,57.67,2026-04-22 11:22:13.668769,pending,7.0,False,admin_assigned
MATCH_4126,M1049,S3844,51.0,2026-04-17 11:22:13.668967,accepted,44.0,False,specific_request
MATCH_4127,M4098,S882,48.0,2026-04-15 11:22:13.669174,rejected,3.0,False,auto_suggestion
MATCH_4128,ALUMNI_M5476,S4358,68.5,2026-04-10 11:22:13.669372,completed,48.0,False,admin_assigned
MATCH_4129,ALUMNI_M4226,S878,48.0,2026-04-11 11:22:13.669565,completed,8.0,True,auto_suggestion
MATCH_4130,ALUMNI_M5799,S4445,51.0,2026-04-23 11:22:13.669778,completed,66.0,True,admin_assigned
MATCH_4131,ALUMNI_M4625,S1224,44.67,2026-04-29 11:22:13.669974,accepted,36.0,True,specific_request
MATCH_4132,ALUMNI_M3281,S3165,44.0,2026-04-14 11:22:13.670180,completed,,True,auto_suggestion
MATCH_4133,M1460,S764,50.67,2026-04-20 11:22:13.670376,rejected,26.0,True,specific_request
MATCH_4134,M3658,S2808,55.0,2026-04-27 11:22:13.670573,rejected,,False,auto_suggestion
MATCH_4135,M716,S343,51.0,2026-04-18 11:22:13.670785,pending,,False,high_compatibility
MATCH_4136,M2512,S3027,51.0,2026-04-25 11:22:13.670982,rejected,,True,auto_suggestion
MATCH_4137,ALUMNI_M1054,S949,44.0,2026-04-14 11:22:13.671186,accepted,65.0,True,auto_suggestion
MATCH_4138,M3173,S3603,61.5,2026-05-03 11:22:13.671384,rejected,,False,admin_assigned
MATCH_4139,M4309,S4197,39.0,2026-04-20 11:22:13.671576,pending,29.0,True,specific_request
MATCH_4140,ALUMNI_M5185,S1002,68.5,2026-04-28 11:22:13.671800,accepted,24.0,True,auto_suggestion
MATCH_4141,M112,S2727,51.0,2026-04-13 11:22:13.672002,accepted,25.0,False,admin_assigned
MATCH_4142,M794,S3632,57.67,2026-04-10 11:22:13.672207,rejected,7.0,True,admin_assigned
MATCH_4143,ALUMNI_M956,S1171,51.0,2026-04-18 11:22:13.672403,completed,,False,auto_suggestion
MATCH_4144,M1115,S449,44.0,2026-04-27 11:22:13.672596,completed,42.0,False,admin_assigned
MATCH_4145,ALUMNI_M2170,S2319,48.0,2026-04-08 11:22:13.672820,completed,72.0,False,auto_suggestion
MATCH_4146,M2722,S1686,51.0,2026-04-23 11:22:13.673016,completed,22.0,False,auto_suggestion
MATCH_4147,M1935,S4879,61.5,2026-04-06 11:22:13.673223,accepted,,True,admin_assigned
MATCH_4148,M691,S2058,53.57,2026-04-28 11:22:13.673416,rejected,63.0,True,specific_request
MATCH_4149,M3602,S1945,51.0,2026-04-07 11:22:13.673609,completed,,False,high_compatibility
MATCH_4150,M51,S4319,68.5,2026-05-04 11:22:13.673825,accepted,47.0,True,specific_request
MATCH_4151,ALUMNI_M2064,S4647,48.0,2026-04-30 11:22:13.674025,rejected,,False,admin_assigned
MATCH_4152,ALUMNI_M3343,S4685,44.0,2026-04-21 11:22:13.674228,accepted,,True,specific_request
MATCH_4153,M1949,S640,44.0,2026-05-01 11:22:13.674422,pending,70.0,False,specific_request
MATCH_4154,ALUMNI_M2659,S3197,48.0,2026-04-21 11:22:13.674627,pending,,False,admin_assigned
MATCH_4155,M4514,S2165,51.0,2026-05-02 11:22:13.674841,rejected,,True,specific_request
MATCH_4156,M3849,S315,72.5,2026-05-06 11:22:13.675037,rejected,,False,auto_suggestion
MATCH_4157,M3887,S265,44.0,2026-04-07 11:22:13.675240,completed,14.0,False,auto_suggestion
MATCH_4158,M3034,S3501,44.0,2026-04-28 11:22:13.675435,accepted,60.0,True,admin_assigned
MATCH_4159,ALUMNI_M3585,S1120,45.5,2026-04-15 11:22:13.675642,pending,,True,auto_suggestion
MATCH_4160,M3772,S1691,44.0,2026-04-26 11:22:13.675867,completed,6.0,False,high_compatibility
MATCH_4161,M4584,S1690,55.0,2026-05-02 11:22:13.676059,completed,61.0,True,auto_suggestion
MATCH_4162,ALUMNI_M1591,S2256,51.0,2026-04-26 11:22:13.676274,completed,9.0,False,admin_assigned
MATCH_4163,M4559,S2720,55.0,2026-04-12 11:22:13.676467,accepted,59.0,False,auto_suggestion
MATCH_4164,ALUMNI_M1158,S664,51.0,2026-04-13 11:22:13.676661,completed,,True,specific_request
MATCH_4165,M660,S3630,41.14,2026-04-15 11:22:13.676876,pending,8.0,True,high_compatibility
MATCH_4166,ALUMNI_M3171,S4716,51.0,2026-04-14 11:22:13.677072,accepted,26.0,True,auto_suggestion
MATCH_4167,ALUMNI_M4145,S1956,44.0,2026-05-02 11:22:13.677277,pending,39.0,False,admin_assigned
MATCH_4168,M3036,S2126,61.5,2026-04-07 11:22:13.677481,pending,,False,auto_suggestion
MATCH_4169,M2947,S3032,44.0,2026-05-02 11:22:13.677672,pending,55.0,False,high_compatibility
MATCH_4170,ALUMNI_M5,S2310,51.0,2026-04-09 11:22:13.677887,pending,41.0,False,auto_suggestion
MATCH_4171,ALUMNI_M1041,S1866,55.0,2026-04-10 11:22:13.678082,rejected,25.0,True,auto_suggestion
MATCH_4172,ALUMNI_M1351,S4281,48.0,2026-05-05 11:22:13.678290,pending,48.0,False,high_compatibility
MATCH_4173,ALUMNI_M1110,S2149,51.0,2026-04-19 11:22:13.678484,completed,,True,high_compatibility
MATCH_4174,ALUMNI_M372,S1225,65.5,2026-04-19 11:22:13.678675,rejected,19.0,True,specific_request
MATCH_4175,ALUMNI_M1645,S2887,51.0,2026-04-10 11:22:13.678886,pending,20.0,True,admin_assigned
MATCH_4176,M2139,S4822,65.5,2026-05-05 11:22:13.679082,rejected,5.0,False,auto_suggestion
MATCH_4177,M3862,S2850,53.75,2026-04-07 11:22:13.679291,completed,41.0,True,admin_assigned
MATCH_4178,M2331,S4064,39.0,2026-04-30 11:22:13.679485,rejected,72.0,False,auto_suggestion
MATCH_4179,M4175,S4050,51.0,2026-04-21 11:22:13.679690,rejected,,False,specific_request
MATCH_4180,ALUMNI_M5670,S3854,44.0,2026-05-04 11:22:13.679904,accepted,7.0,True,auto_suggestion
MATCH_4181,ALUMNI_M4022,S2505,51.0,2026-05-04 11:22:13.680099,rejected,48.0,False,specific_request
MATCH_4182,ALUMNI_M2523,S241,51.0,2026-05-03 11:22:13.680306,accepted,62.0,True,admin_assigned
MATCH_4183,M3021,S4466,55.0,2026-04-28 11:22:13.680502,pending,51.0,False,admin_assigned
MATCH_4184,M3902,S1688,51.0,2026-04-26 11:22:13.680695,rejected,47.0,False,admin_assigned
MATCH_4185,ALUMNI_M1228,S4658,44.0,2026-04-21 11:22:13.681014,rejected,58.0,False,specific_request
MATCH_4186,ALUMNI_M108,S2798,61.5,2026-05-06 11:22:13.681241,pending,36.0,True,auto_suggestion
MATCH_4187,ALUMNI_M5400,S134,65.5,2026-04-27 11:22:13.681455,completed,29.0,True,specific_request
MATCH_4188,ALUMNI_M1561,S1752,47.67,2026-05-03 11:22:13.681656,rejected,51.0,True,admin_assigned
MATCH_4189,M2141,S4223,57.67,2026-04-25 11:22:13.681880,pending,,True,high_compatibility
MATCH_4190,ALUMNI_M2878,S1530,51.0,2026-04-17 11:22:13.682078,pending,3.0,False,auto_suggestion
MATCH_4191,M69,S1116,44.0,2026-04-15 11:22:13.682291,rejected,21.0,True,auto_suggestion
MATCH_4192,ALUMNI_M787,S682,44.0,2026-04-07 11:22:13.682498,rejected,67.0,True,auto_suggestion
MATCH_4193,ALUMNI_M2249,S1056,52.78,2026-04-08 11:22:13.682716,pending,69.0,False,high_compatibility
MATCH_4194,ALUMNI_M5235,S3006,72.5,2026-04-28 11:22:13.682920,accepted,59.0,False,admin_assigned
MATCH_4195,M3161,S1747,68.5,2026-04-26 11:22:13.683148,accepted,,True,high_compatibility
MATCH_4196,M426,S1012,48.0,2026-04-19 11:22:13.683348,pending,2.0,True,specific_request
MATCH_4197,M4529,S2170,65.5,2026-04-06 11:22:13.683543,completed,,False,high_compatibility
MATCH_4198,M525,S2529,51.0,2026-04-22 11:22:13.683753,pending,20.0,False,admin_assigned
MATCH_4199,ALUMNI_M4291,S1203,44.0,2026-04-23 11:22:13.683962,pending,46.0,False,high_compatibility
MATCH_4200,M4855,S2029,44.0,2026-04-12 11:22:13.684194,completed,66.0,False,auto_suggestion
MATCH_4201,ALUMNI_M4185,S870,51.0,2026-04-14 11:22:13.684401,pending,31.0,False,auto_suggestion
MATCH_4202,M952,S2234,61.5,2026-05-01 11:22:13.684598,rejected,4.0,False,admin_assigned
MATCH_4203,M241,S551,51.0,2026-04-08 11:22:13.684816,completed,41.0,False,auto_suggestion
MATCH_4204,M587,S846,51.0,2026-04-06 11:22:13.685012,completed,43.0,True,high_compatibility
MATCH_4205,ALUMNI_M5241,S4794,55.0,2026-05-01 11:22:13.685218,accepted,69.0,True,auto_suggestion
MATCH_4206,ALUMNI_M1638,S165,44.0,2026-05-04 11:22:13.685417,pending,4.0,True,high_compatibility
MATCH_4207,M1512,S2115,61.67,2026-04-23 11:22:13.685614,rejected,68.0,False,specific_request
MATCH_4208,ALUMNI_M1775,S191,61.5,2026-04-07 11:22:13.685834,rejected,43.0,False,specific_request
MATCH_4209,ALUMNI_M4687,S2744,51.0,2026-04-18 11:22:13.686031,pending,35.0,True,specific_request
MATCH_4210,M4909,S1584,51.0,2026-04-08 11:22:13.686248,accepted,65.0,True,high_compatibility
MATCH_4211,M4401,S2526,44.33,2026-04-20 11:22:13.686447,pending,57.0,False,specific_request
MATCH_4212,M278,S650,55.0,2026-04-19 11:22:13.686642,accepted,15.0,False,high_compatibility
MATCH_4213,ALUMNI_M5560,S4987,67.25,2026-04-20 11:22:13.686859,pending,64.0,True,auto_suggestion
MATCH_4214,ALUMNI_M3771,S2518,51.0,2026-04-25 11:22:13.687069,accepted,48.0,False,admin_assigned
MATCH_4215,ALUMNI_M3879,S2931,51.0,2026-04-30 11:22:13.687286,pending,42.0,True,high_compatibility
MATCH_4216,M952,S310,44.0,2026-04-28 11:22:13.687487,pending,7.0,True,auto_suggestion
MATCH_4217,M4896,S2626,46.0,2026-04-17 11:22:13.687681,pending,41.0,True,specific_request
MATCH_4218,ALUMNI_M435,S4786,43.56,2026-04-19 11:22:13.687909,completed,53.0,False,auto_suggestion
MATCH_4219,ALUMNI_M4560,S3314,44.0,2026-04-16 11:22:13.688105,accepted,,True,admin_assigned
MATCH_4220,M2603,S214,44.0,2026-05-05 11:22:13.688315,accepted,40.0,False,specific_request
MATCH_4221,M2194,S4202,47.33,2026-04-14 11:22:13.688510,pending,58.0,False,admin_assigned
MATCH_4222,ALUMNI_M922,S69,47.67,2026-04-14 11:22:13.688723,accepted,,False,admin_assigned
MATCH_4223,M3163,S3868,55.0,2026-04-29 11:22:13.688924,pending,48.0,False,high_compatibility
MATCH_4224,M454,S2349,68.17,2026-04-16 11:22:13.689126,rejected,56.0,True,high_compatibility
MATCH_4225,M3940,S4252,61.5,2026-04-19 11:22:13.689418,completed,,False,auto_suggestion
MATCH_4226,ALUMNI_M2605,S88,51.0,2026-05-02 11:22:13.689788,completed,,False,admin_assigned
MATCH_4227,ALUMNI_M5496,S3971,39.56,2026-04-10 11:22:13.690187,completed,15.0,True,high_compatibility
MATCH_4228,ALUMNI_M5748,S3743,51.0,2026-04-20 11:22:13.690564,accepted,,False,specific_request
MATCH_4229,ALUMNI_M1019,S1869,51.0,2026-05-06 11:22:13.690979,pending,7.0,True,auto_suggestion
MATCH_4230,ALUMNI_M4567,S899,68.5,2026-04-10 11:22:13.691389,accepted,45.0,False,admin_assigned
MATCH_4231,M1330,S4814,55.0,2026-04-08 11:22:13.691831,rejected,,False,admin_assigned
MATCH_4232,ALUMNI_M3833,S3159,44.0,2026-04-14 11:22:13.692231,rejected,67.0,False,auto_suggestion
MATCH_4233,M1163,S4514,39.0,2026-04-16 11:22:13.692523,accepted,45.0,True,auto_suggestion
MATCH_4234,M157,S4821,44.0,2026-05-01 11:22:13.692822,rejected,,False,auto_suggestion
MATCH_4235,ALUMNI_M763,S4477,55.0,2026-04-29 11:22:13.693051,accepted,38.0,True,specific_request
MATCH_4236,ALUMNI_M5548,S1832,68.17,2026-04-07 11:22:13.693272,completed,11.0,False,admin_assigned
MATCH_4237,ALUMNI_M3723,S4872,51.0,2026-04-10 11:22:13.693483,completed,,False,auto_suggestion
MATCH_4238,M3183,S1606,44.0,2026-05-04 11:22:13.693696,completed,1.0,False,specific_request
MATCH_4239,ALUMNI_M340,S442,51.0,2026-04-11 11:22:13.693995,completed,9.0,False,auto_suggestion
MATCH_4240,ALUMNI_M3823,S3119,51.0,2026-05-04 11:22:13.694215,pending,35.0,True,auto_suggestion
MATCH_4241,M608,S987,46.75,2026-04-10 11:22:13.694423,rejected,27.0,True,admin_assigned
MATCH_4242,ALUMNI_M4731,S1426,51.0,2026-04-08 11:22:13.694623,accepted,44.0,True,specific_request
MATCH_4243,ALUMNI_M1092,S3914,68.5,2026-04-21 11:22:13.694917,accepted,35.0,True,auto_suggestion
MATCH_4244,M3841,S4486,51.0,2026-04-14 11:22:13.695136,completed,,False,admin_assigned
MATCH_4245,ALUMNI_M5756,S329,68.5,2026-04-21 11:22:13.695339,pending,67.0,True,high_compatibility
MATCH_4246,M1365,S2091,61.5,2026-04-20 11:22:13.695543,completed,32.0,False,auto_suggestion
MATCH_4247,ALUMNI_M607,S1945,51.0,2026-04-09 11:22:13.695813,completed,69.0,True,admin_assigned
MATCH_4248,M4800,S2773,61.5,2026-04-26 11:22:13.696037,accepted,3.0,False,admin_assigned
MATCH_4249,M3161,S3252,51.0,2026-04-09 11:22:13.696247,pending,,False,high_compatibility
MATCH_4250,ALUMNI_M5127,S1094,51.0,2026-04-08 11:22:13.696466,completed,71.0,False,admin_assigned
MATCH_4251,M4077,S3078,51.0,2026-04-23 11:22:13.696662,pending,31.0,False,admin_assigned
MATCH_4252,ALUMNI_M4477,S2486,44.0,2026-04-25 11:22:13.696955,pending,45.0,False,high_compatibility
MATCH_4253,M4161,S1652,55.0,2026-04-22 11:22:13.697204,pending,47.0,True,auto_suggestion
MATCH_4254,ALUMNI_M1469,S4656,57.67,2026-04-19 11:22:13.697456,completed,38.0,True,specific_request
MATCH_4255,ALUMNI_M2924,S3913,68.5,2026-04-24 11:22:13.697665,completed,,False,high_compatibility
MATCH_4256,ALUMNI_M3674,S2884,51.0,2026-04-16 11:22:13.697989,rejected,19.0,False,admin_assigned
MATCH_4257,ALUMNI_M1938,S2952,51.0,2026-04-10 11:22:13.698245,pending,,True,specific_request
MATCH_4258,ALUMNI_M1853,S2812,51.0,2026-04-21 11:22:13.698486,rejected,,False,high_compatibility
MATCH_4259,ALUMNI_M1473,S3958,50.67,2026-05-01 11:22:13.698694,pending,16.0,False,admin_assigned
MATCH_4260,ALUMNI_M4053,S179,54.67,2026-04-13 11:22:13.698979,rejected,60.0,True,specific_request
MATCH_4261,M3517,S3517,51.0,2026-05-04 11:22:13.699194,rejected,,True,specific_request
MATCH_4262,M1891,S4550,51.0,2026-04-16 11:22:13.699397,rejected,,False,specific_request
MATCH_4263,ALUMNI_M55,S4600,51.0,2026-04-23 11:22:13.699596,pending,24.0,False,high_compatibility
MATCH_4264,M2077,S317,44.0,2026-04-17 11:22:13.699882,accepted,41.0,False,auto_suggestion
MATCH_4265,ALUMNI_M1619,S4475,66.28,2026-05-03 11:22:13.700093,rejected,1.0,False,high_compatibility
MATCH_4266,ALUMNI_M4150,S4068,44.0,2026-04-23 11:22:13.700303,pending,13.0,False,high_compatibility
MATCH_4267,M3375,S2537,55.0,2026-05-04 11:22:13.700504,pending,64.0,False,auto_suggestion
MATCH_4268,M2238,S284,57.67,2026-05-05 11:22:13.700742,pending,50.0,False,auto_suggestion
MATCH_4269,M1985,S3840,40.0,2026-05-04 11:22:13.700981,rejected,,True,admin_assigned
MATCH_4270,ALUMNI_M5297,S719,44.0,2026-04-17 11:22:13.701190,pending,,False,specific_request
MATCH_4271,M310,S1215,55.0,2026-04-10 11:22:13.701387,rejected,29.0,True,high_compatibility
MATCH_4272,ALUMNI_M2447,S3562,51.0,2026-04-22 11:22:13.701591,rejected,10.0,False,admin_assigned
MATCH_4273,M3299,S2681,44.0,2026-04-22 11:22:13.701863,rejected,6.0,False,specific_request
MATCH_4274,ALUMNI_M5040,S4478,51.0,2026-04-25 11:22:13.702069,completed,,False,auto_suggestion
MATCH_4275,ALUMNI_M3296,S506,44.0,2026-04-24 11:22:13.702274,rejected,1.0,True,specific_request
MATCH_4276,M3541,S3592,44.0,2026-04-28 11:22:13.702476,pending,31.0,True,specific_request
MATCH_4277,M4478,S3557,51.0,2026-04-07 11:22:13.702688,pending,40.0,False,admin_assigned
MATCH_4278,ALUMNI_M3292,S3052,48.0,2026-04-11 11:22:13.702968,accepted,31.0,False,auto_suggestion
MATCH_4279,M241,S2578,51.0,2026-05-06 11:22:13.703209,accepted,16.0,False,specific_request
MATCH_4280,M4950,S1083,51.0,2026-04-07 11:22:13.703420,rejected,55.0,True,admin_assigned
MATCH_4281,M4863,S369,47.25,2026-04-10 11:22:13.703664,rejected,72.0,True,high_compatibility
MATCH_4282,ALUMNI_M3566,S527,50.67,2026-04-12 11:22:13.703911,accepted,56.0,False,auto_suggestion
MATCH_4283,M4305,S408,44.0,2026-04-12 11:22:13.704108,accepted,,False,auto_suggestion
MATCH_4284,ALUMNI_M3479,S3572,61.5,2026-05-02 11:22:13.704317,completed,17.0,True,auto_suggestion
MATCH_4285,M474,S202,53.75,2026-04-24 11:22:13.704525,completed,,True,specific_request
MATCH_4286,M476,S586,51.0,2026-04-19 11:22:13.704735,completed,32.0,False,admin_assigned
MATCH_4287,ALUMNI_M3869,S768,55.0,2026-04-30 11:22:13.704949,rejected,68.0,True,auto_suggestion
MATCH_4288,ALUMNI_M5625,S2265,51.0,2026-04-20 11:22:13.705156,accepted,17.0,True,auto_suggestion
MATCH_4289,M1219,S4624,44.0,2026-04-15 11:22:13.705358,accepted,50.0,True,auto_suggestion
MATCH_4290,ALUMNI_M1593,S496,72.5,2026-04-16 11:22:13.705555,pending,13.0,True,high_compatibility
MATCH_4291,ALUMNI_M3912,S2466,48.0,2026-04-16 11:22:13.705772,accepted,37.0,True,specific_request
MATCH_4292,M1777,S1169,37.33,2026-05-05 11:22:13.705973,rejected,68.0,False,admin_assigned
MATCH_4293,ALUMNI_M583,S2911,51.0,2026-04-08 11:22:13.706184,pending,,True,auto_suggestion
MATCH_4294,ALUMNI_M5714,S4888,51.0,2026-04-17 11:22:13.706380,accepted,28.0,True,high_compatibility
MATCH_4295,M1388,S1489,51.0,2026-04-24 11:22:13.706576,pending,,False,auto_suggestion
MATCH_4296,M4996,S4359,62.25,2026-04-09 11:22:13.706797,pending,,True,specific_request
MATCH_4297,ALUMNI_M4539,S3117,44.0,2026-04-24 11:22:13.706997,accepted,30.0,True,admin_assigned
MATCH_4298,ALUMNI_M3013,S3224,55.0,2026-05-03 11:22:13.707205,completed,46.0,True,specific_request
MATCH_4299,M3199,S3884,51.0,2026-04-29 11:22:13.707403,completed,55.0,True,high_compatibility
MATCH_4300,M2587,S1300,57.67,2026-04-29 11:22:13.707643,completed,60.0,False,high_compatibility
MATCH_4301,ALUMNI_M3808,S4241,48.0,2026-04-29 11:22:13.707866,rejected,36.0,True,admin_assigned
MATCH_4302,ALUMNI_M1232,S656,57.67,2026-04-21 11:22:13.708076,pending,72.0,True,admin_assigned
MATCH_4303,M1305,S846,51.0,2026-04-11 11:22:13.708283,pending,71.0,False,high_compatibility
MATCH_4304,ALUMNI_M1349,S4112,55.0,2026-04-11 11:22:13.708479,completed,54.0,False,admin_assigned
MATCH_4305,M2815,S4637,51.0,2026-05-03 11:22:13.708672,completed,,True,high_compatibility
MATCH_4306,ALUMNI_M2604,S4784,68.5,2026-04-27 11:22:13.708892,completed,61.0,False,auto_suggestion
MATCH_4307,M4798,S3578,43.22,2026-05-05 11:22:13.709086,pending,50.0,False,admin_assigned
MATCH_4308,M2015,S229,42.57,2026-04-12 11:22:13.709298,rejected,14.0,False,high_compatibility
MATCH_4309,ALUMNI_M5364,S1351,72.5,2026-04-07 11:22:13.709496,accepted,50.0,True,high_compatibility
MATCH_4310,ALUMNI_M2187,S4598,44.0,2026-05-03 11:22:13.709691,pending,29.0,False,high_compatibility
MATCH_4311,M4785,S319,70.92,2026-04-15 11:22:13.709908,completed,68.0,True,admin_assigned
MATCH_4312,ALUMNI_M551,S4994,44.0,2026-04-30 11:22:13.710107,rejected,1.0,False,admin_assigned
MATCH_4313,M4379,S415,37.33,2026-04-12 11:22:13.710330,rejected,71.0,True,high_compatibility
MATCH_4314,M3111,S2742,68.5,2026-04-07 11:22:13.710526,rejected,59.0,False,high_compatibility
MATCH_4315,M2233,S297,51.0,2026-04-27 11:22:13.710744,pending,54.0,True,admin_assigned
MATCH_4316,M3430,S688,44.0,2026-04-09 11:22:13.710951,completed,8.0,True,admin_assigned
MATCH_4317,M1404,S700,61.5,2026-04-27 11:22:13.711156,pending,,True,auto_suggestion
MATCH_4318,ALUMNI_M5646,S3708,48.0,2026-04-22 11:22:13.711356,pending,,True,high_compatibility
MATCH_4319,ALUMNI_M2623,S3849,44.0,2026-05-01 11:22:13.711552,rejected,66.0,False,high_compatibility
MATCH_4320,M1734,S2196,57.67,2026-04-22 11:22:13.711764,accepted,,False,auto_suggestion
MATCH_4321,M1519,S1582,51.0,2026-05-02 11:22:13.711961,accepted,,True,specific_request
MATCH_4322,M1364,S4487,55.0,2026-04-21 11:22:13.712163,pending,46.0,True,auto_suggestion
MATCH_4323,M1180,S3040,51.0,2026-04-16 11:22:13.712359,completed,,False,specific_request
MATCH_4324,M3635,S775,72.5,2026-04-12 11:22:13.712552,accepted,,True,high_compatibility
MATCH_4325,ALUMNI_M2477,S2804,57.67,2026-04-15 11:22:13.712771,completed,68.0,False,high_compatibility
MATCH_4326,M51,S2594,44.0,2026-04-28 11:22:13.713009,accepted,4.0,True,high_compatibility
MATCH_4327,M4942,S4925,57.67,2026-04-11 11:22:13.713214,rejected,,False,specific_request
MATCH_4328,ALUMNI_M3304,S157,44.0,2026-04-25 11:22:13.713414,pending,,True,admin_assigned
MATCH_4329,ALUMNI_M694,S4923,44.0,2026-05-04 11:22:13.713607,rejected,16.0,False,auto_suggestion
MATCH_4330,ALUMNI_M3042,S2709,51.0,2026-04-15 11:22:13.713905,rejected,34.0,True,auto_suggestion
MATCH_4331,ALUMNI_M1039,S1446,55.0,2026-04-08 11:22:13.714114,rejected,10.0,True,specific_request
MATCH_4332,M1129,S3562,55.0,2026-04-29 11:22:13.714352,pending,18.0,True,specific_request
MATCH_4333,ALUMNI_M782,S4294,46.0,2026-04-20 11:22:13.714562,accepted,9.0,False,auto_suggestion
MATCH_4334,ALUMNI_M3915,S1602,51.0,2026-04-17 11:22:13.714778,rejected,43.0,True,admin_assigned
MATCH_4335,ALUMNI_M1143,S2423,44.0,2026-04-24 11:22:13.714989,completed,3.0,True,high_compatibility
MATCH_4336,M1600,S1951,54.67,2026-04-23 11:22:13.715196,completed,35.0,False,auto_suggestion
MATCH_4337,ALUMNI_M4812,S4926,48.0,2026-04-13 11:22:13.715392,accepted,24.0,True,specific_request
MATCH_4338,ALUMNI_M503,S4468,44.0,2026-04-28 11:22:13.715586,pending,,False,auto_suggestion
MATCH_4339,M2742,S4135,44.0,2026-04-17 11:22:13.715799,completed,,False,high_compatibility
MATCH_4340,ALUMNI_M1240,S4085,51.0,2026-04-07 11:22:13.716032,completed,11.0,True,auto_suggestion
MATCH_4341,ALUMNI_M1450,S1265,48.0,2026-04-09 11:22:13.716243,rejected,,False,specific_request
MATCH_4342,ALUMNI_M1598,S3836,45.11,2026-04-25 11:22:13.716438,rejected,54.0,True,high_compatibility
MATCH_4343,M2976,S2285,55.0,2026-04-29 11:22:13.716632,pending,47.0,True,high_compatibility
MATCH_4344,M634,S130,44.0,2026-04-13 11:22:13.716854,completed,23.0,False,specific_request
MATCH_4345,ALUMNI_M5065,S4471,65.64,2026-04-14 11:22:13.717071,rejected,,True,auto_suggestion
MATCH_4346,ALUMNI_M3776,S659,51.0,2026-05-02 11:22:13.717281,pending,,True,auto_suggestion
MATCH_4347,M3719,S4509,51.0,2026-04-15 11:22:13.717478,rejected,,False,high_compatibility
MATCH_4348,ALUMNI_M201,S2642,55.0,2026-04-17 11:22:13.717672,rejected,,False,admin_assigned
MATCH_4349,ALUMNI_M464,S1064,61.5,2026-04-26 11:22:13.717884,completed,69.0,True,specific_request
MATCH_4350,ALUMNI_M2755,S2090,45.44,2026-05-01 11:22:13.718081,accepted,25.0,True,auto_suggestion
MATCH_4351,ALUMNI_M5814,S1570,44.0,2026-04-11 11:22:13.718285,rejected,24.0,False,auto_suggestion
MATCH_4352,ALUMNI_M4072,S2085,41.14,2026-04-11 11:22:13.718478,completed,19.0,False,auto_suggestion
MATCH_4353,ALUMNI_M822,S1184,61.5,2026-05-05 11:22:13.718672,pending,,False,high_compatibility
MATCH_4354,ALUMNI_M1042,S2633,48.0,2026-04-12 11:22:13.718885,pending,72.0,True,specific_request
MATCH_4355,ALUMNI_M5967,S666,51.0,2026-04-23 11:22:13.719090,pending,27.0,True,admin_assigned
MATCH_4356,ALUMNI_M4019,S937,51.0,2026-04-23 11:22:13.719297,pending,33.0,False,admin_assigned
MATCH_4357,ALUMNI_M4924,S4364,44.0,2026-04-19 11:22:13.719494,pending,,False,admin_assigned
MATCH_4358,M1360,S4552,54.67,2026-04-29 11:22:13.719687,pending,67.0,False,specific_request
MATCH_4359,M295,S2246,54.67,2026-04-08 11:22:13.719903,rejected,63.0,True,admin_assigned
MATCH_4360,M2240,S4503,67.07,2026-04-21 11:22:13.720098,rejected,,True,specific_request
MATCH_4361,M2113,S370,61.36,2026-04-27 11:22:13.720301,completed,27.0,False,high_compatibility
MATCH_4362,M3979,S1932,44.0,2026-05-03 11:22:13.720497,completed,35.0,True,admin_assigned
MATCH_4363,M4675,S4248,51.0,2026-04-25 11:22:13.720691,accepted,55.0,True,admin_assigned
MATCH_4364,ALUMNI_M2654,S4886,51.0,2026-04-30 11:22:13.720905,completed,34.0,True,high_compatibility
MATCH_4365,ALUMNI_M2521,S2070,68.5,2026-04-10 11:22:13.721099,rejected,,False,specific_request
MATCH_4366,M2116,S1408,44.0,2026-04-19 11:22:13.721312,accepted,9.0,False,admin_assigned
MATCH_4367,M1617,S2443,42.57,2026-04-17 11:22:13.721507,accepted,15.0,True,auto_suggestion
MATCH_4368,M2586,S4684,37.75,2026-05-06 11:22:13.721713,accepted,38.0,True,admin_assigned
MATCH_4369,M4369,S173,40.22,2026-04-27 11:22:13.721918,accepted,,True,admin_assigned
MATCH_4370,M2045,S986,48.0,2026-05-04 11:22:13.722113,completed,,True,specific_request
MATCH_4371,ALUMNI_M4981,S3505,51.0,2026-04-30 11:22:13.722323,accepted,,True,high_compatibility
MATCH_4372,ALUMNI_M1594,S449,44.0,2026-04-22 11:22:13.722519,accepted,69.0,False,high_compatibility
MATCH_4373,ALUMNI_M1876,S831,44.0,2026-04-08 11:22:13.722772,completed,62.0,True,admin_assigned
MATCH_4374,ALUMNI_M2725,S2145,44.0,2026-04-09 11:22:13.722982,rejected,35.0,True,auto_suggestion
MATCH_4375,M1178,S3331,42.33,2026-04-09 11:22:13.723216,rejected,,False,high_compatibility
MATCH_4376,M911,S2559,44.0,2026-04-30 11:22:13.723414,accepted,63.0,False,high_compatibility
MATCH_4377,ALUMNI_M3679,S2256,68.5,2026-04-07 11:22:13.723622,accepted,54.0,True,auto_suggestion
MATCH_4378,ALUMNI_M1407,S1111,48.0,2026-04-14 11:22:13.723839,rejected,,False,specific_request
MATCH_4379,M2311,S85,55.0,2026-04-19 11:22:13.724068,accepted,59.0,True,high_compatibility
MATCH_4380,ALUMNI_M2994,S4131,61.5,2026-04-12 11:22:13.724303,completed,,True,auto_suggestion
MATCH_4381,ALUMNI_M4904,S2119,57.67,2026-04-20 11:22:13.724529,completed,33.0,True,admin_assigned
MATCH_4382,M1369,S2022,44.0,2026-04-19 11:22:13.724800,completed,13.0,True,specific_request
MATCH_4383,M293,S3282,51.0,2026-04-11 11:22:13.725023,completed,32.0,False,auto_suggestion
MATCH_4384,ALUMNI_M2403,S1683,51.0,2026-04-16 11:22:13.725235,pending,48.0,True,high_compatibility
MATCH_4385,ALUMNI_M1324,S4952,44.0,2026-04-06 11:22:13.725431,rejected,53.0,True,auto_suggestion
MATCH_4386,M1260,S458,44.0,2026-04-17 11:22:13.725625,accepted,39.0,True,auto_suggestion
MATCH_4387,ALUMNI_M3588,S3930,51.0,2026-04-23 11:22:13.725844,rejected,5.0,True,specific_request
MATCH_4388,ALUMNI_M4801,S1972,51.0,2026-04-30 11:22:13.726041,pending,,False,high_compatibility
MATCH_4389,ALUMNI_M3840,S3411,44.0,2026-04-21 11:22:13.726246,completed,54.0,True,specific_request
MATCH_4390,M1980,S1177,44.0,2026-04-15 11:22:13.726440,accepted,,False,high_compatibility
MATCH_4391,M3521,S4313,51.0,2026-04-28 11:22:13.726633,accepted,,True,admin_assigned
MATCH_4392,M2157,S1115,72.5,2026-04-09 11:22:13.726841,completed,26.0,True,specific_request
MATCH_4393,M3804,S1372,44.0,2026-04-07 11:22:13.727038,accepted,66.0,True,high_compatibility
MATCH_4394,ALUMNI_M4335,S19,51.0,2026-04-16 11:22:13.727259,completed,46.0,False,admin_assigned
MATCH_4395,M3831,S2473,44.0,2026-04-29 11:22:13.727456,accepted,,False,admin_assigned
MATCH_4396,ALUMNI_M1650,S1028,61.5,2026-04-20 11:22:13.727654,completed,,True,auto_suggestion
MATCH_4397,M1665,S408,44.0,2026-04-12 11:22:13.727885,rejected,32.0,True,admin_assigned
MATCH_4398,ALUMNI_M1137,S1536,44.0,2026-04-11 11:22:13.728084,completed,,True,admin_assigned
MATCH_4399,M1936,S1409,47.86,2026-04-30 11:22:13.728290,accepted,25.0,True,high_compatibility
MATCH_4400,M1088,S3202,55.0,2026-05-03 11:22:13.728486,accepted,52.0,True,specific_request
MATCH_4401,M645,S80,51.67,2026-05-01 11:22:13.728684,completed,,False,specific_request
MATCH_4402,M2473,S129,44.0,2026-04-24 11:22:13.728904,pending,52.0,True,auto_suggestion
MATCH_4403,ALUMNI_M5571,S2853,55.67,2026-04-22 11:22:13.729106,pending,43.0,False,high_compatibility
MATCH_4404,M1256,S2592,44.0,2026-04-12 11:22:13.729313,accepted,,False,admin_assigned
MATCH_4405,M3215,S4874,50.67,2026-04-16 11:22:13.729509,completed,,True,high_compatibility
MATCH_4406,ALUMNI_M3901,S1880,44.0,2026-04-15 11:22:13.729787,pending,14.0,False,auto_suggestion
MATCH_4407,ALUMNI_M3559,S3533,51.0,2026-04-06 11:22:13.730010,accepted,34.0,True,high_compatibility
MATCH_4408,ALUMNI_M3430,S4295,44.0,2026-04-26 11:22:13.730219,accepted,4.0,False,admin_assigned
MATCH_4409,ALUMNI_M3148,S2674,55.0,2026-04-17 11:22:13.730436,pending,53.0,True,specific_request
MATCH_4410,ALUMNI_M351,S4348,44.0,2026-04-08 11:22:13.730635,completed,31.0,True,admin_assigned
MATCH_4411,ALUMNI_M2129,S2924,51.0,2026-04-23 11:22:13.730852,completed,,True,high_compatibility
MATCH_4412,M3821,S2044,72.5,2026-05-06 11:22:13.731103,completed,33.0,False,specific_request
MATCH_4413,M2113,S3018,54.67,2026-04-24 11:22:13.731329,accepted,6.0,False,auto_suggestion
MATCH_4414,ALUMNI_M4131,S4434,44.33,2026-04-10 11:22:13.731534,pending,10.0,True,high_compatibility
MATCH_4415,M858,S3558,44.0,2026-04-28 11:22:13.731810,accepted,,False,admin_assigned
MATCH_4416,M4215,S3635,46.0,2026-04-15 11:22:13.732044,pending,2.0,False,specific_request
MATCH_4417,ALUMNI_M3269,S1149,44.0,2026-05-01 11:22:13.732256,pending,69.0,False,auto_suggestion
MATCH_4418,M4482,S4693,44.0,2026-04-07 11:22:13.732464,pending,,False,admin_assigned
MATCH_4419,ALUMNI_M5053,S4811,57.67,2026-04-27 11:22:13.732672,rejected,21.0,False,specific_request
MATCH_4420,ALUMNI_M4541,S4754,46.56,2026-04-26 11:22:13.732895,pending,37.0,True,specific_request
MATCH_4421,M191,S4538,55.0,2026-04-21 11:22:13.733101,accepted,36.0,False,auto_suggestion
MATCH_4422,ALUMNI_M2593,S3300,51.0,2026-04-09 11:22:13.733313,accepted,49.0,True,auto_suggestion
MATCH_4423,ALUMNI_M4872,S1557,51.0,2026-04-16 11:22:13.733523,accepted,10.0,False,high_compatibility
MATCH_4424,ALUMNI_M2001,S4794,51.0,2026-04-21 11:22:13.733735,accepted,1.0,False,specific_request
MATCH_4425,ALUMNI_M3048,S2709,68.5,2026-04-06 11:22:13.733937,rejected,40.0,True,high_compatibility
MATCH_4426,ALUMNI_M5822,S2027,72.17,2026-04-09 11:22:13.734141,accepted,69.0,False,high_compatibility
MATCH_4427,M1671,S2105,48.0,2026-04-30 11:22:13.734340,pending,61.0,False,specific_request
MATCH_4428,M3653,S3606,48.0,2026-05-02 11:22:13.734535,accepted,,True,high_compatibility
MATCH_4429,M480,S2489,51.0,2026-04-25 11:22:13.734746,completed,20.0,False,specific_request
MATCH_4430,M2532,S494,61.5,2026-04-08 11:22:13.734945,accepted,71.0,False,auto_suggestion
MATCH_4431,ALUMNI_M2667,S2552,51.0,2026-05-01 11:22:13.735146,pending,48.0,True,specific_request
MATCH_4432,ALUMNI_M1545,S2948,51.0,2026-04-29 11:22:13.735356,pending,,False,admin_assigned
MATCH_4433,ALUMNI_M5255,S4920,44.0,2026-04-30 11:22:13.735562,accepted,62.0,False,admin_assigned
MATCH_4434,M3481,S4791,55.0,2026-04-15 11:22:13.735773,rejected,,False,specific_request
MATCH_4435,M2928,S446,51.0,2026-04-16 11:22:13.735968,rejected,,False,high_compatibility
MATCH_4436,ALUMNI_M2121,S2875,59.79,2026-04-14 11:22:13.736171,pending,61.0,False,auto_suggestion
MATCH_4437,M2112,S1537,48.0,2026-04-24 11:22:13.736368,completed,64.0,False,specific_request
MATCH_4438,ALUMNI_M4483,S2065,51.0,2026-04-19 11:22:13.736562,rejected,,True,admin_assigned
MATCH_4439,ALUMNI_M72,S1028,44.0,2026-04-12 11:22:13.736773,completed,,False,high_compatibility
MATCH_4440,ALUMNI_M4440,S1384,51.0,2026-04-24 11:22:13.736969,accepted,25.0,False,admin_assigned
MATCH_4441,ALUMNI_M3298,S1369,51.0,2026-04-07 11:22:13.737311,accepted,,False,high_compatibility
MATCH_4442,ALUMNI_M3877,S1318,44.0,2026-04-08 11:22:13.737515,pending,36.0,True,admin_assigned
MATCH_4443,ALUMNI_M2576,S3253,72.5,2026-05-02 11:22:13.737730,accepted,,False,auto_suggestion
MATCH_4444,ALUMNI_M1123,S4506,51.0,2026-04-11 11:22:13.738035,accepted,40.0,True,auto_suggestion
MATCH_4445,ALUMNI_M239,S2907,53.72,2026-04-23 11:22:13.738253,completed,3.0,True,auto_suggestion
MATCH_4446,ALUMNI_M3819,S3331,42.33,2026-04-14 11:22:13.738452,rejected,13.0,False,high_compatibility
MATCH_4447,ALUMNI_M5070,S3533,55.0,2026-04-22 11:22:13.738648,pending,,False,specific_request
MATCH_4448,ALUMNI_M3142,S3616,45.67,2026-04-10 11:22:13.738869,rejected,,True,auto_suggestion
MATCH_4449,ALUMNI_M1150,S1675,55.0,2026-04-27 11:22:13.739067,rejected,9.0,True,admin_assigned
MATCH_4450,ALUMNI_M2034,S1430,72.17,2026-04-21 11:22:13.739275,accepted,21.0,True,specific_request
MATCH_4451,M4726,S4050,51.0,2026-05-04 11:22:13.739474,rejected,63.0,True,high_compatibility
MATCH_4452,M378,S4013,44.0,2026-04-26 11:22:13.739682,rejected,20.0,False,auto_suggestion
MATCH_4453,M2617,S3750,51.0,2026-04-07 11:22:13.739898,pending,13.0,True,admin_assigned
MATCH_4454,ALUMNI_M2350,S3615,51.0,2026-04-30 11:22:13.740092,completed,65.0,True,high_compatibility
MATCH_4455,ALUMNI_M4060,S1187,51.0,2026-04-20 11:22:13.740297,accepted,45.0,True,admin_assigned
MATCH_4456,M4111,S2858,44.0,2026-04-28 11:22:13.740492,rejected,,False,specific_request
MATCH_4457,ALUMNI_M4117,S3821,51.0,2026-05-06 11:22:13.740684,accepted,11.0,True,auto_suggestion
MATCH_4458,ALUMNI_M1877,S363,48.0,2026-04-17 11:22:13.740900,pending,34.0,False,admin_assigned
MATCH_4459,ALUMNI_M1676,S2978,55.0,2026-04-17 11:22:13.741107,pending,27.0,True,admin_assigned
MATCH_4460,M2471,S1581,44.33,2026-04-13 11:22:13.741316,rejected,,False,auto_suggestion
MATCH_4461,ALUMNI_M5916,S454,51.0,2026-04-27 11:22:13.741511,rejected,,False,admin_assigned
MATCH_4462,M1026,S2922,51.0,2026-05-06 11:22:13.741720,rejected,8.0,True,high_compatibility
MATCH_4463,ALUMNI_M5106,S1931,51.0,2026-04-15 11:22:13.741924,accepted,68.0,True,specific_request
MATCH_4464,M1176,S3227,44.0,2026-04-12 11:22:13.742117,pending,,True,auto_suggestion
MATCH_4465,M2578,S747,40.67,2026-04-27 11:22:13.742323,completed,58.0,False,high_compatibility
MATCH_4466,ALUMNI_M1257,S1403,44.0,2026-04-28 11:22:13.742519,accepted,24.0,False,auto_suggestion
MATCH_4467,ALUMNI_M3265,S4533,60.5,2026-04-21 11:22:13.742737,completed,,False,high_compatibility
MATCH_4468,ALUMNI_M2476,S2746,61.5,2026-05-03 11:22:13.742949,completed,54.0,False,admin_assigned
MATCH_4469,M568,S1340,55.0,2026-04-18 11:22:13.743182,rejected,,True,admin_assigned
MATCH_4470,ALUMNI_M53,S2175,68.5,2026-04-10 11:22:13.743382,pending,24.0,True,auto_suggestion
MATCH_4471,M350,S3285,51.0,2026-04-17 11:22:13.743576,completed,25.0,False,specific_request
MATCH_4472,ALUMNI_M1987,S3018,54.67,2026-05-03 11:22:13.743803,rejected,24.0,True,high_compatibility
MATCH_4473,ALUMNI_M3262,S63,44.0,2026-05-01 11:22:13.744015,completed,1.0,False,admin_assigned
MATCH_4474,ALUMNI_M5417,S3919,44.0,2026-04-17 11:22:13.744228,rejected,,False,admin_assigned
MATCH_4475,ALUMNI_M5214,S1833,61.67,2026-05-03 11:22:13.744424,accepted,70.0,True,high_compatibility
MATCH_4476,ALUMNI_M233,S2516,51.0,2026-04-13 11:22:13.744620,accepted,,False,high_compatibility
MATCH_4477,M4637,S951,68.5,2026-05-01 11:22:13.744832,rejected,,False,admin_assigned
MATCH_4478,M610,S3226,51.0,2026-04-14 11:22:13.745027,pending,,False,admin_assigned
MATCH_4479,M672,S1852,44.0,2026-04-28 11:22:13.745227,completed,,False,high_compatibility
MATCH_4480,ALUMNI_M742,S3824,57.67,2026-04-13 11:22:13.745420,accepted,25.0,False,auto_suggestion
MATCH_4481,ALUMNI_M5894,S3082,42.89,2026-04-25 11:22:13.745615,completed,,True,admin_assigned
MATCH_4482,ALUMNI_M2699,S2813,51.0,2026-04-09 11:22:13.745827,rejected,69.0,False,auto_suggestion
MATCH_4483,M381,S2829,51.0,2026-04-30 11:22:13.746019,rejected,,True,high_compatibility
MATCH_4484,M4756,S1007,51.0,2026-04-13 11:22:13.746222,pending,53.0,False,admin_assigned
MATCH_4485,M241,S4477,55.0,2026-05-04 11:22:13.746424,rejected,43.0,True,high_compatibility
MATCH_4486,ALUMNI_M640,S1753,51.0,2026-05-04 11:22:13.746616,accepted,12.0,False,high_compatibility
MATCH_4487,ALUMNI_M1921,S4300,44.0,2026-04-22 11:22:13.746919,pending,46.0,True,high_compatibility
MATCH_4488,M2105,S4120,44.0,2026-04-13 11:22:13.747135,pending,55.0,False,auto_suggestion
MATCH_4489,ALUMNI_M3689,S596,65.5,2026-05-03 11:22:13.747338,pending,,False,specific_request
MATCH_4490,ALUMNI_M636,S1463,61.5,2026-04-10 11:22:13.747532,completed,,False,specific_request
MATCH_4491,ALUMNI_M2967,S1463,50.67,2026-04-17 11:22:13.747752,rejected,56.0,False,admin_assigned
MATCH_4492,ALUMNI_M4175,S4897,55.0,2026-04-22 11:22:13.747954,completed,65.0,True,auto_suggestion
MATCH_4493,ALUMNI_M1030,S1125,51.0,2026-04-24 11:22:13.748169,accepted,2.0,False,admin_assigned
MATCH_4494,ALUMNI_M5807,S596,61.5,2026-04-29 11:22:13.748366,accepted,47.0,True,admin_assigned
MATCH_4495,ALUMNI_M5201,S120,51.0,2026-05-04 11:22:13.748564,pending,,True,high_compatibility
MATCH_4496,ALUMNI_M2019,S2664,44.0,2026-04-21 11:22:13.748779,rejected,66.0,True,auto_suggestion
MATCH_4497,ALUMNI_M3268,S4218,50.67,2026-04-17 11:22:13.748978,pending,34.0,True,high_compatibility
MATCH_4498,ALUMNI_M551,S1560,51.0,2026-04-30 11:22:13.749209,rejected,,True,specific_request
MATCH_4499,M1004,S4658,44.0,2026-04-24 11:22:13.749413,rejected,,True,admin_assigned
MATCH_4500,M4946,S1185,51.0,2026-04-08 11:22:13.749725,pending,19.0,True,admin_assigned
MATCH_4501,ALUMNI_M1137,S2873,47.67,2026-04-17 11:22:13.749955,pending,,False,auto_suggestion
MATCH_4502,ALUMNI_M2664,S4903,72.5,2026-05-05 11:22:13.750165,completed,,True,auto_suggestion
MATCH_4503,M2333,S4239,51.0,2026-04-19 11:22:13.750365,rejected,20.0,True,specific_request
MATCH_4504,ALUMNI_M5823,S2028,48.0,2026-04-28 11:22:13.750563,pending,43.0,False,admin_assigned
MATCH_4505,ALUMNI_M4066,S2979,44.0,2026-05-04 11:22:13.750809,rejected,60.0,False,admin_assigned
MATCH_4506,M2878,S76,40.67,2026-04-26 11:22:13.751017,completed,15.0,False,specific_request
MATCH_4507,ALUMNI_M725,S548,51.0,2026-04-15 11:22:13.751226,accepted,42.0,True,admin_assigned
MATCH_4508,M4999,S4049,57.67,2026-04-26 11:22:13.751424,rejected,,True,admin_assigned
MATCH_4509,M4267,S440,57.67,2026-04-30 11:22:13.751618,completed,,True,specific_request
MATCH_4510,ALUMNI_M1608,S1230,51.0,2026-04-10 11:22:13.751834,pending,5.0,True,high_compatibility
MATCH_4511,M2585,S2641,51.0,2026-04-19 11:22:13.752040,accepted,59.0,False,specific_request
MATCH_4512,ALUMNI_M4853,S1639,57.67,2026-05-04 11:22:13.752245,pending,,False,auto_suggestion
MATCH_4513,M4372,S4703,51.0,2026-05-05 11:22:13.752440,accepted,,True,auto_suggestion
MATCH_4514,ALUMNI_M4732,S3858,72.5,2026-04-23 11:22:13.752635,accepted,,False,admin_assigned
MATCH_4515,ALUMNI_M4161,S3655,36.86,2026-04-30 11:22:13.752852,pending,8.0,False,high_compatibility
MATCH_4516,ALUMNI_M5547,S2086,44.0,2026-04-30 11:22:13.753047,accepted,30.0,True,specific_request
MATCH_4517,M1452,S3939,51.0,2026-04-07 11:22:13.753253,accepted,24.0,False,auto_suggestion
MATCH_4518,ALUMNI_M3825,S1213,51.0,2026-04-18 11:22:13.753448,completed,28.0,True,high_compatibility
MATCH_4519,ALUMNI_M1512,S1269,55.0,2026-05-06 11:22:13.753650,accepted,61.0,False,specific_request
MATCH_4520,M3512,S149,51.0,2026-05-05 11:22:13.753867,completed,29.0,False,specific_request
MATCH_4521,ALUMNI_M829,S4512,67.07,2026-04-24 11:22:13.754067,accepted,19.0,True,specific_request
MATCH_4522,ALUMNI_M638,S4324,44.0,2026-04-10 11:22:13.754273,pending,43.0,False,high_compatibility
MATCH_4523,M4090,S3736,68.17,2026-04-27 11:22:13.754471,pending,30.0,True,high_compatibility
MATCH_4524,M4535,S3572,44.0,2026-04-19 11:22:13.754663,accepted,21.0,True,admin_assigned
MATCH_4525,ALUMNI_M2216,S2410,51.0,2026-05-04 11:22:13.754876,rejected,,True,high_compatibility
MATCH_4526,M2308,S4726,61.5,2026-04-22 11:22:13.755072,completed,,False,high_compatibility
MATCH_4527,ALUMNI_M1473,S3630,44.0,2026-04-28 11:22:13.755275,rejected,,False,high_compatibility
MATCH_4528,M2632,S294,47.67,2026-04-11 11:22:13.755471,completed,59.0,True,admin_assigned
MATCH_4529,ALUMNI_M1541,S1272,44.0,2026-05-02 11:22:13.755663,accepted,68.0,False,auto_suggestion
MATCH_4530,M2994,S892,44.0,2026-04-14 11:22:13.755887,accepted,8.0,False,specific_request
MATCH_4531,M4697,S2549,40.25,2026-04-19 11:22:13.756084,rejected,20.0,True,specific_request
MATCH_4532,M1932,S2071,48.0,2026-04-28 11:22:13.756289,pending,5.0,True,auto_suggestion
MATCH_4533,M4401,S1638,68.5,2026-04-18 11:22:13.756483,rejected,61.0,False,admin_assigned
MATCH_4534,M2810,S3585,55.0,2026-04-06 11:22:13.756684,rejected,7.0,True,high_compatibility
MATCH_4535,M4805,S4979,51.0,2026-05-04 11:22:13.756897,completed,44.0,True,high_compatibility
MATCH_4536,M1059,S191,48.0,2026-04-14 11:22:13.757107,completed,66.0,True,admin_assigned
MATCH_4537,ALUMNI_M4020,S2133,51.0,2026-05-01 11:22:13.757314,rejected,3.0,True,specific_request
MATCH_4538,M3450,S2787,44.0,2026-04-27 11:22:13.757510,pending,58.0,False,specific_request
MATCH_4539,ALUMNI_M1745,S3326,44.0,2026-04-09 11:22:13.757717,pending,,True,auto_suggestion
MATCH_4540,ALUMNI_M899,S4921,44.0,2026-04-10 11:22:13.757916,completed,31.0,False,high_compatibility
MATCH_4541,M3914,S3986,65.5,2026-04-06 11:22:13.758128,pending,37.0,True,specific_request
MATCH_4542,ALUMNI_M3621,S432,61.83,2026-04-20 11:22:13.758327,rejected,,True,specific_request
MATCH_4543,M2511,S1043,51.0,2026-04-12 11:22:13.758521,rejected,,False,auto_suggestion
MATCH_4544,M4717,S4946,51.0,2026-04-19 11:22:13.758724,pending,49.0,False,admin_assigned
MATCH_4545,ALUMNI_M3569,S2365,47.5,2026-05-06 11:22:13.758926,accepted,4.0,True,admin_assigned
MATCH_4546,M3647,S174,38.0,2026-04-09 11:22:13.759134,completed,,False,specific_request
MATCH_4547,ALUMNI_M4809,S1260,55.0,2026-04-16 11:22:13.759332,completed,60.0,True,high_compatibility
MATCH_4548,M1981,S770,44.0,2026-04-06 11:22:13.759526,completed,12.0,False,specific_request
MATCH_4549,ALUMNI_M912,S800,48.0,2026-04-07 11:22:13.759785,completed,,False,high_compatibility
MATCH_4550,ALUMNI_M2743,S1332,75.17,2026-05-05 11:22:13.760060,completed,21.0,True,auto_suggestion
MATCH_4551,M4401,S2604,44.0,2026-04-27 11:22:13.760272,accepted,32.0,False,auto_suggestion
MATCH_4552,ALUMNI_M2855,S4621,51.0,2026-04-07 11:22:13.760472,rejected,,True,specific_request
MATCH_4553,M3306,S1924,51.0,2026-04-25 11:22:13.760666,accepted,,True,specific_request
MATCH_4554,ALUMNI_M1109,S1159,51.0,2026-04-18 11:22:13.760884,accepted,30.0,False,auto_suggestion
MATCH_4555,M3084,S1369,50.0,2026-04-21 11:22:13.761081,pending,,True,specific_request
MATCH_4556,ALUMNI_M5782,S3348,55.25,2026-04-08 11:22:13.761292,completed,56.0,True,specific_request
MATCH_4557,M4716,S4706,51.0,2026-04-17 11:22:13.761489,accepted,53.0,True,specific_request
MATCH_4558,M2753,S2873,51.0,2026-04-12 11:22:13.761683,rejected,,False,admin_assigned
MATCH_4559,ALUMNI_M199,S4997,61.5,2026-04-29 11:22:13.761899,pending,9.0,False,high_compatibility
MATCH_4560,ALUMNI_M3733,S3294,43.0,2026-04-12 11:22:13.762140,pending,21.0,False,high_compatibility
MATCH_4561,ALUMNI_M4015,S4006,51.0,2026-04-10 11:22:13.762343,rejected,,False,auto_suggestion
MATCH_4562,M1606,S180,44.0,2026-04-30 11:22:13.762549,rejected,46.0,True,high_compatibility
MATCH_4563,M3553,S540,44.0,2026-04-08 11:22:13.762772,completed,,False,specific_request
MATCH_4564,M2705,S172,55.0,2026-04-07 11:22:13.762971,completed,,True,specific_request
MATCH_4565,ALUMNI_M1075,S3934,55.0,2026-04-07 11:22:13.763205,completed,44.0,True,high_compatibility
MATCH_4566,ALUMNI_M2375,S2634,51.0,2026-04-27 11:22:13.763404,rejected,,True,specific_request
MATCH_4567,M831,S1015,57.67,2026-04-29 11:22:13.763600,pending,45.0,True,high_compatibility
MATCH_4568,M1706,S2483,55.0,2026-04-17 11:22:13.763834,completed,60.0,True,specific_request
MATCH_4569,ALUMNI_M4788,S4694,48.0,2026-04-12 11:22:13.764070,accepted,72.0,True,high_compatibility
MATCH_4570,ALUMNI_M246,S231,55.0,2026-04-30 11:22:13.764301,rejected,23.0,True,specific_request
MATCH_4571,ALUMNI_M1726,S4815,55.0,2026-04-13 11:22:13.764500,rejected,39.0,True,admin_assigned
MATCH_4572,M3035,S1230,51.0,2026-04-10 11:22:13.764697,accepted,,False,specific_request
MATCH_4573,ALUMNI_M5725,S2287,48.44,2026-04-19 11:22:13.764913,rejected,3.0,True,high_compatibility
MATCH_4574,ALUMNI_M209,S1638,44.0,2026-05-01 11:22:13.765110,completed,,False,admin_assigned
MATCH_4575,M106,S3692,44.0,2026-04-15 11:22:13.765322,pending,,False,auto_suggestion
MATCH_4576,ALUMNI_M3659,S3716,51.0,2026-04-27 11:22:13.765518,accepted,,True,high_compatibility
MATCH_4577,ALUMNI_M2475,S712,51.0,2026-04-24 11:22:13.765730,accepted,,True,high_compatibility
MATCH_4578,M4803,S4650,44.0,2026-04-29 11:22:13.765927,pending,19.0,False,admin_assigned
MATCH_4579,M2834,S1441,44.0,2026-05-03 11:22:13.766128,accepted,43.0,False,high_compatibility
MATCH_4580,ALUMNI_M3918,S2351,50.67,2026-04-22 11:22:13.766329,accepted,54.0,True,specific_request
MATCH_4581,M2220,S3377,55.0,2026-04-19 11:22:13.766524,rejected,54.0,False,admin_assigned
MATCH_4582,ALUMNI_M4422,S4978,72.5,2026-05-01 11:22:13.766735,accepted,23.0,False,high_compatibility
MATCH_4583,M599,S1837,51.0,2026-04-28 11:22:13.766935,rejected,42.0,True,auto_suggestion
MATCH_4584,M1804,S1146,48.0,2026-05-01 11:22:13.767136,accepted,7.0,True,auto_suggestion
MATCH_4585,ALUMNI_M304,S1724,44.0,2026-04-25 11:22:13.767333,completed,72.0,True,auto_suggestion
MATCH_4586,ALUMNI_M1939,S4862,63.5,2026-04-09 11:22:13.767542,completed,,True,auto_suggestion
MATCH_4587,ALUMNI_M720,S3228,42.89,2026-04-20 11:22:13.767752,accepted,18.0,True,auto_suggestion
MATCH_4588,ALUMNI_M1938,S4315,51.0,2026-04-18 11:22:13.767950,pending,21.0,False,auto_suggestion
MATCH_4589,M2395,S3839,44.0,2026-04-26 11:22:13.768164,accepted,,True,specific_request
MATCH_4590,ALUMNI_M3306,S1159,51.0,2026-04-26 11:22:13.768360,rejected,,True,admin_assigned
MATCH_4591,M547,S2582,51.0,2026-04-15 11:22:13.768555,rejected,,True,specific_request
MATCH_4592,M2073,S3688,51.0,2026-04-17 11:22:13.768763,pending,,False,auto_suggestion
MATCH_4593,ALUMNI_M2435,S1071,48.14,2026-04-12 11:22:13.768960,rejected,9.0,False,high_compatibility
MATCH_4594,ALUMNI_M100,S4016,40.86,2026-04-11 11:22:13.769164,rejected,,False,specific_request
MATCH_4595,ALUMNI_M2698,S3277,44.0,2026-04-20 11:22:13.769408,rejected,42.0,False,auto_suggestion
MATCH_4596,M1971,S505,51.0,2026-04-21 11:22:13.769608,rejected,51.0,False,admin_assigned
MATCH_4597,ALUMNI_M5803,S4282,55.0,2026-05-02 11:22:13.769825,pending,,True,specific_request
MATCH_4598,M3288,S2731,48.0,2026-04-23 11:22:13.770020,completed,20.0,False,auto_suggestion
MATCH_4599,ALUMNI_M1843,S2147,72.5,2026-05-05 11:22:13.770230,completed,24.0,True,high_compatibility
MATCH_4600,ALUMNI_M4312,S4317,44.0,2026-04-30 11:22:13.770434,rejected,49.0,True,specific_request
MATCH_4601,M1353,S4801,61.5,2026-05-03 11:22:13.770629,accepted,39.0,False,high_compatibility
MATCH_4602,M2119,S3368,52.14,2026-05-02 11:22:13.770843,rejected,61.0,False,high_compatibility
MATCH_4603,M430,S3045,61.5,2026-04-17 11:22:13.771039,rejected,12.0,True,specific_request
MATCH_4604,ALUMNI_M1415,S3293,51.0,2026-04-06 11:22:13.771243,accepted,28.0,True,specific_request
MATCH_4605,ALUMNI_M5641,S1627,44.0,2026-04-12 11:22:13.771437,accepted,1.0,False,specific_request
MATCH_4606,ALUMNI_M5682,S1392,48.0,2026-04-27 11:22:13.771631,pending,21.0,True,admin_assigned
MATCH_4607,ALUMNI_M4197,S2067,48.0,2026-04-17 11:22:13.771945,accepted,,False,admin_assigned
MATCH_4608,M4071,S3978,57.67,2026-05-02 11:22:13.772177,completed,,False,high_compatibility
MATCH_4609,ALUMNI_M2185,S1509,60.39,2026-04-16 11:22:13.772380,completed,33.0,False,specific_request
MATCH_4610,M2106,S27,51.0,2026-04-26 11:22:13.772580,rejected,23.0,False,auto_suggestion
MATCH_4611,ALUMNI_M3446,S2813,51.0,2026-04-20 11:22:13.772808,completed,15.0,False,specific_request
MATCH_4612,ALUMNI_M4955,S2792,51.0,2026-04-08 11:22:13.773007,completed,20.0,True,high_compatibility
MATCH_4613,M2761,S1228,61.5,2026-04-24 11:22:13.773214,pending,71.0,False,auto_suggestion
MATCH_4614,ALUMNI_M1645,S4751,51.0,2026-04-28 11:22:13.773411,pending,42.0,True,admin_assigned
MATCH_4615,ALUMNI_M5739,S1159,68.5,2026-05-05 11:22:13.773605,pending,41.0,True,auto_suggestion
MATCH_4616,M1139,S4935,68.5,2026-05-01 11:22:13.773819,accepted,48.0,False,admin_assigned
MATCH_4617,ALUMNI_M1341,S314,51.0,2026-04-27 11:22:13.774018,completed,,False,high_compatibility
MATCH_4618,ALUMNI_M3686,S2227,45.29,2026-04-22 11:22:13.774225,pending,68.0,True,admin_assigned
MATCH_4619,ALUMNI_M5642,S1667,51.0,2026-04-15 11:22:13.774419,rejected,,False,auto_suggestion
MATCH_4620,M1797,S3336,55.0,2026-04-24 11:22:13.774609,pending,46.0,True,auto_suggestion
MATCH_4621,M1415,S4362,50.56,2026-04-18 11:22:13.774823,rejected,24.0,True,auto_suggestion
MATCH_4622,M3699,S1986,51.0,2026-04-21 11:22:13.775036,accepted,16.0,False,high_compatibility
MATCH_4623,ALUMNI_M4799,S1939,44.0,2026-04-23 11:22:13.775244,completed,,True,admin_assigned
MATCH_4624,ALUMNI_M3132,S1402,51.0,2026-04-15 11:22:13.775443,accepted,,False,admin_assigned
MATCH_4625,ALUMNI_M4955,S1942,44.0,2026-04-24 11:22:13.775634,completed,,True,admin_assigned
MATCH_4626,M1022,S2261,44.0,2026-04-07 11:22:13.775851,completed,7.0,False,auto_suggestion
MATCH_4627,ALUMNI_M5138,S2366,55.0,2026-04-27 11:22:13.776049,pending,27.0,True,auto_suggestion
MATCH_4628,M316,S269,61.0,2026-04-12 11:22:13.776268,rejected,23.0,False,admin_assigned
MATCH_4629,M1760,S400,68.17,2026-05-05 11:22:13.776464,accepted,61.0,True,admin_assigned
MATCH_4630,ALUMNI_M5102,S2622,44.0,2026-04-11 11:22:13.776659,accepted,,False,high_compatibility
MATCH_4631,ALUMNI_M1210,S2532,48.0,2026-04-29 11:22:13.776872,rejected,52.0,False,auto_suggestion
MATCH_4632,M708,S1840,68.5,2026-04-19 11:22:13.777079,rejected,60.0,True,high_compatibility
MATCH_4633,ALUMNI_M3663,S366,51.0,2026-04-15 11:22:13.777285,completed,63.0,True,auto_suggestion
MATCH_4634,M952,S239,51.0,2026-05-06 11:22:13.777481,rejected,,True,auto_suggestion
MATCH_4635,ALUMNI_M4873,S19,51.0,2026-04-22 11:22:13.777678,accepted,,False,specific_request
MATCH_4636,ALUMNI_M1547,S2287,44.0,2026-04-25 11:22:13.777894,accepted,24.0,True,admin_assigned
MATCH_4637,ALUMNI_M1380,S3778,50.67,2026-05-01 11:22:13.778091,completed,,False,specific_request
MATCH_4638,ALUMNI_M2810,S4102,51.0,2026-05-03 11:22:13.778296,rejected,,False,auto_suggestion
MATCH_4639,ALUMNI_M762,S827,55.0,2026-04-29 11:22:13.778490,pending,47.0,True,admin_assigned
MATCH_4640,ALUMNI_M2479,S3094,51.0,2026-04-27 11:22:13.778684,rejected,,True,high_compatibility
MATCH_4641,M2973,S4704,54.67,2026-04-25 11:22:13.778933,rejected,29.0,True,high_compatibility
MATCH_4642,M2955,S2311,68.5,2026-05-01 11:22:13.779134,rejected,41.0,False,admin_assigned
MATCH_4643,ALUMNI_M1906,S613,66.0,2026-05-04 11:22:13.779336,rejected,10.0,False,auto_suggestion
MATCH_4644,ALUMNI_M895,S4616,51.0,2026-05-02 11:22:13.779530,accepted,44.0,True,auto_suggestion
MATCH_4645,ALUMNI_M5888,S375,57.67,2026-04-15 11:22:13.779813,completed,57.0,True,admin_assigned
MATCH_4646,M2080,S1501,54.83,2026-05-06 11:22:13.780041,accepted,,False,high_compatibility
MATCH_4647,ALUMNI_M1681,S3941,49.44,2026-04-10 11:22:13.780262,accepted,,False,admin_assigned
MATCH_4648,ALUMNI_M3281,S4341,44.0,2026-04-10 11:22:13.780458,accepted,,False,high_compatibility
MATCH_4649,M4490,S3462,44.0,2026-04-29 11:22:13.780652,completed,9.0,False,auto_suggestion
MATCH_4650,ALUMNI_M3231,S2543,44.0,2026-04-13 11:22:13.780869,pending,,True,admin_assigned
MATCH_4651,M250,S1798,51.0,2026-04-24 11:22:13.781069,rejected,54.0,True,high_compatibility
MATCH_4652,ALUMNI_M5694,S1686,55.0,2026-04-06 11:22:13.781274,pending,37.0,False,auto_suggestion
MATCH_4653,ALUMNI_M3180,S2701,44.0,2026-04-22 11:22:13.781469,rejected,36.0,True,specific_request
MATCH_4654,ALUMNI_M1820,S107,51.0,2026-04-14 11:22:13.781667,accepted,50.0,True,specific_request
MATCH_4655,M3782,S3086,68.5,2026-05-03 11:22:13.781888,rejected,41.0,True,admin_assigned
MATCH_4656,M3727,S2570,65.5,2026-05-02 11:22:13.782092,completed,,False,high_compatibility
MATCH_4657,M3037,S4501,51.0,2026-04-18 11:22:13.782296,accepted,,False,auto_suggestion
MATCH_4658,ALUMNI_M409,S2000,44.0,2026-04-26 11:22:13.782491,completed,57.0,True,high_compatibility
MATCH_4659,ALUMNI_M1373,S3105,55.0,2026-04-28 11:22:13.782694,pending,57.0,False,specific_request
MATCH_4660,ALUMNI_M2322,S1230,51.0,2026-04-10 11:22:13.782908,pending,34.0,True,admin_assigned
MATCH_4661,M3373,S4107,51.0,2026-04-22 11:22:13.783136,pending,,False,admin_assigned
MATCH_4662,M349,S3155,44.0,2026-04-24 11:22:13.783334,rejected,49.0,False,auto_suggestion
MATCH_4663,ALUMNI_M2926,S1638,44.0,2026-04-18 11:22:13.783531,completed,,False,admin_assigned
MATCH_4664,ALUMNI_M4107,S3490,48.0,2026-04-07 11:22:13.783754,accepted,30.0,False,specific_request
MATCH_4665,ALUMNI_M331,S71,51.0,2026-05-05 11:22:13.783986,rejected,18.0,True,high_compatibility
MATCH_4666,ALUMNI_M3118,S2525,72.5,2026-04-26 11:22:13.784194,pending,68.0,False,high_compatibility
MATCH_4667,ALUMNI_M4500,S737,48.0,2026-04-17 11:22:13.784400,rejected,70.0,True,admin_assigned
MATCH_4668,ALUMNI_M839,S2987,51.0,2026-04-24 11:22:13.784597,rejected,58.0,False,admin_assigned
MATCH_4669,M732,S3317,53.0,2026-04-22 11:22:13.784818,accepted,44.0,True,auto_suggestion
MATCH_4670,M3734,S2259,65.5,2026-04-22 11:22:13.785013,accepted,31.0,True,admin_assigned
MATCH_4671,ALUMNI_M4577,S449,44.0,2026-04-06 11:22:13.785221,accepted,65.0,True,admin_assigned
MATCH_4672,ALUMNI_M598,S3997,44.0,2026-04-30 11:22:13.785427,rejected,16.0,True,high_compatibility
MATCH_4673,ALUMNI_M2168,S2045,55.0,2026-04-22 11:22:13.785623,pending,25.0,False,specific_request
MATCH_4674,ALUMNI_M5287,S4456,50.67,2026-04-10 11:22:13.785838,completed,51.0,False,specific_request
MATCH_4675,ALUMNI_M1917,S1147,39.0,2026-04-25 11:22:13.786035,pending,12.0,True,high_compatibility
MATCH_4676,ALUMNI_M4653,S3574,51.0,2026-05-05 11:22:13.786239,pending,61.0,True,specific_request
MATCH_4677,ALUMNI_M3433,S3455,55.0,2026-04-24 11:22:13.786433,completed,,True,admin_assigned
MATCH_4678,M2103,S4528,61.5,2026-04-08 11:22:13.786637,pending,55.0,False,auto_suggestion
MATCH_4679,M798,S2611,55.0,2026-05-03 11:22:13.786864,pending,,False,high_compatibility
MATCH_4680,M939,S2835,51.0,2026-04-27 11:22:13.787059,rejected,55.0,False,auto_suggestion
MATCH_4681,M3903,S1948,44.0,2026-05-03 11:22:13.787315,pending,67.0,False,specific_request
MATCH_4682,ALUMNI_M3222,S1793,44.0,2026-04-10 11:22:13.787526,accepted,57.0,False,auto_suggestion
MATCH_4683,M631,S382,55.0,2026-04-19 11:22:13.787737,pending,30.0,True,admin_assigned
MATCH_4684,ALUMNI_M2022,S4008,50.67,2026-04-06 11:22:13.787941,accepted,11.0,False,specific_request
MATCH_4685,M2098,S3259,44.0,2026-04-21 11:22:13.788146,completed,34.0,False,specific_request
MATCH_4686,ALUMNI_M1487,S3741,44.33,2026-05-05 11:22:13.788426,rejected,28.0,True,specific_request
MATCH_4687,ALUMNI_M5808,S4213,43.0,2026-04-21 11:22:13.788672,rejected,40.0,False,specific_request
MATCH_4688,ALUMNI_M5364,S2657,50.67,2026-04-13 11:22:13.788896,pending,69.0,True,specific_request
MATCH_4689,M2608,S722,48.0,2026-04-16 11:22:13.789096,rejected,,True,auto_suggestion
MATCH_4690,M2497,S1007,51.0,2026-04-14 11:22:13.789381,accepted,60.0,True,high_compatibility
MATCH_4691,M2785,S4904,57.67,2026-04-23 11:22:13.789594,completed,59.0,True,admin_assigned
MATCH_4692,M1195,S1486,44.0,2026-04-17 11:22:13.789812,accepted,65.0,True,specific_request
MATCH_4693,ALUMNI_M1916,S1305,51.0,2026-04-29 11:22:13.790011,completed,,True,specific_request
MATCH_4694,M4549,S851,51.0,2026-04-08 11:22:13.790218,accepted,,False,high_compatibility
MATCH_4695,ALUMNI_M4374,S1079,51.0,2026-05-05 11:22:13.790413,rejected,29.0,True,specific_request
MATCH_4696,ALUMNI_M812,S1464,68.5,2026-04-18 11:22:13.790616,completed,13.0,True,specific_request
MATCH_4697,ALUMNI_M4454,S3381,44.0,2026-04-18 11:22:13.790841,rejected,36.0,False,specific_request
MATCH_4698,ALUMNI_M4941,S3040,61.67,2026-04-30 11:22:13.791039,pending,53.0,False,admin_assigned
MATCH_4699,ALUMNI_M286,S2144,44.0,2026-05-03 11:22:13.791245,accepted,,False,admin_assigned
MATCH_4700,ALUMNI_M1798,S3606,44.0,2026-04-12 11:22:13.791439,pending,,False,auto_suggestion
MATCH_4701,ALUMNI_M4584,S2984,61.5,2026-05-06 11:22:13.791630,pending,12.0,True,admin_assigned
MATCH_4702,ALUMNI_M1443,S1278,55.0,2026-04-16 11:22:13.791842,rejected,61.0,False,specific_request
MATCH_4703,M4248,S4631,70.83,2026-04-14 11:22:13.792038,completed,32.0,False,high_compatibility
MATCH_4704,M3935,S1651,46.75,2026-04-28 11:22:13.792242,completed,71.0,True,high_compatibility
MATCH_4705,M835,S2266,68.17,2026-05-04 11:22:13.792473,rejected,72.0,True,admin_assigned
MATCH_4706,M1375,S4737,47.86,2026-04-22 11:22:13.792694,pending,71.0,True,auto_suggestion
MATCH_4707,ALUMNI_M1548,S4227,51.0,2026-04-30 11:22:13.792964,completed,,False,high_compatibility
MATCH_4708,ALUMNI_M5260,S1767,55.0,2026-04-19 11:22:13.793175,accepted,38.0,True,high_compatibility
MATCH_4709,ALUMNI_M1830,S2094,72.17,2026-04-15 11:22:13.793394,accepted,68.0,False,admin_assigned
MATCH_4710,ALUMNI_M2781,S2084,68.5,2026-04-21 11:22:13.793590,accepted,6.0,False,specific_request
MATCH_4711,M3870,S4395,44.0,2026-04-24 11:22:13.793806,accepted,9.0,False,auto_suggestion
MATCH_4712,M4377,S773,60.24,2026-04-16 11:22:13.794006,rejected,,False,admin_assigned
MATCH_4713,M2691,S1926,51.0,2026-04-24 11:22:13.794210,accepted,44.0,True,high_compatibility
MATCH_4714,M2361,S4128,51.0,2026-04-26 11:22:13.794404,accepted,45.0,False,admin_assigned
MATCH_4715,ALUMNI_M1695,S3638,51.0,2026-04-13 11:22:13.794598,accepted,,False,high_compatibility
MATCH_4716,M161,S942,48.0,2026-04-25 11:22:13.794816,completed,31.0,False,auto_suggestion
MATCH_4717,M4259,S2102,51.0,2026-04-27 11:22:13.795013,completed,67.0,False,auto_suggestion
MATCH_4718,M1893,S16,72.5,2026-04-08 11:22:13.795222,pending,45.0,False,admin_assigned
MATCH_4719,ALUMNI_M2735,S3668,51.0,2026-05-01 11:22:13.795421,pending,,False,auto_suggestion
MATCH_4720,M4182,S2336,51.0,2026-04-25 11:22:13.795613,completed,47.0,True,specific_request
MATCH_4721,ALUMNI_M1206,S1864,50.67,2026-04-17 11:22:13.795830,rejected,51.0,True,admin_assigned
MATCH_4722,ALUMNI_M4567,S3466,48.0,2026-04-10 11:22:13.796029,completed,68.0,False,auto_suggestion
MATCH_4723,M2905,S3886,44.0,2026-04-15 11:22:13.796241,completed,19.0,True,specific_request
MATCH_4724,ALUMNI_M5932,S568,51.0,2026-04-23 11:22:13.796441,completed,,True,high_compatibility
MATCH_4725,ALUMNI_M5437,S3758,51.0,2026-05-01 11:22:13.796642,completed,66.0,True,high_compatibility
MATCH_4726,ALUMNI_M1264,S4350,44.0,2026-05-06 11:22:13.796858,rejected,45.0,True,high_compatibility
MATCH_4727,ALUMNI_M1631,S808,68.5,2026-04-22 11:22:13.797054,pending,59.0,True,specific_request
MATCH_4728,M1784,S2169,44.0,2026-05-04 11:22:13.797266,completed,,False,high_compatibility
MATCH_4729,ALUMNI_M4950,S1311,51.0,2026-04-13 11:22:13.797461,pending,7.0,False,auto_suggestion
MATCH_4730,M882,S4216,44.0,2026-04-16 11:22:13.797653,accepted,51.0,True,high_compatibility
MATCH_4731,ALUMNI_M2271,S763,55.0,2026-05-06 11:22:13.797867,rejected,,False,specific_request
MATCH_4732,M3040,S3642,39.71,2026-04-30 11:22:13.798060,completed,33.0,False,admin_assigned
MATCH_4733,ALUMNI_M1229,S2312,51.0,2026-05-01 11:22:13.798264,pending,19.0,False,admin_assigned
MATCH_4734,ALUMNI_M4970,S2613,65.5,2026-04-30 11:22:13.798461,accepted,43.0,True,admin_assigned
MATCH_4735,ALUMNI_M5882,S3481,51.0,2026-04-24 11:22:13.798656,pending,3.0,True,admin_assigned
MATCH_4736,M2317,S869,49.75,2026-04-28 11:22:13.798871,completed,,False,high_compatibility
MATCH_4737,M2065,S4773,68.5,2026-04-15 11:22:13.799066,rejected,25.0,True,specific_request
MATCH_4738,ALUMNI_M2786,S3146,55.0,2026-04-13 11:22:13.799270,rejected,,False,admin_assigned
MATCH_4739,ALUMNI_M5537,S214,44.0,2026-05-04 11:22:13.799469,completed,61.0,False,auto_suggestion
MATCH_4740,M3922,S2452,42.33,2026-04-19 11:22:13.799665,accepted,32.0,True,specific_request
MATCH_4741,ALUMNI_M1581,S1018,55.0,2026-04-22 11:22:13.799878,completed,,True,specific_request
MATCH_4742,ALUMNI_M1154,S3288,51.0,2026-04-09 11:22:13.800072,completed,,False,admin_assigned
MATCH_4743,ALUMNI_M3070,S2903,57.67,2026-04-11 11:22:13.800277,accepted,37.0,False,auto_suggestion
MATCH_4744,ALUMNI_M5069,S367,44.0,2026-04-17 11:22:13.800471,rejected,15.0,False,specific_request
MATCH_4745,M4311,S2234,39.0,2026-05-05 11:22:13.800673,accepted,,False,admin_assigned
MATCH_4746,ALUMNI_M3486,S784,48.0,2026-04-29 11:22:13.800887,completed,20.0,False,admin_assigned
MATCH_4747,M3289,S2671,48.0,2026-04-18 11:22:13.801082,pending,61.0,False,specific_request
MATCH_4748,M1714,S3887,49.57,2026-04-09 11:22:13.801281,rejected,43.0,False,high_compatibility
MATCH_4749,M1565,S1684,68.5,2026-05-05 11:22:13.801475,rejected,67.0,True,admin_assigned
MATCH_4750,M3881,S3333,54.67,2026-04-22 11:22:13.801667,completed,71.0,False,auto_suggestion
MATCH_4751,ALUMNI_M430,S2263,50.67,2026-04-29 11:22:13.801882,pending,,True,high_compatibility
MATCH_4752,M3465,S4568,55.0,2026-04-07 11:22:13.802077,completed,,False,admin_assigned
MATCH_4753,ALUMNI_M890,S3316,51.0,2026-04-22 11:22:13.802280,rejected,67.0,False,auto_suggestion
MATCH_4754,ALUMNI_M507,S2145,44.0,2026-04-18 11:22:13.802474,rejected,59.0,False,auto_suggestion
MATCH_4755,ALUMNI_M1823,S3003,61.5,2026-04-18 11:22:13.802674,completed,23.0,True,specific_request
MATCH_4756,M1658,S3915,44.0,2026-04-23 11:22:13.802888,pending,,False,high_compatibility
MATCH_4757,M3085,S4341,51.0,2026-04-12 11:22:13.803106,rejected,,True,auto_suggestion
MATCH_4758,ALUMNI_M2448,S1542,44.0,2026-04-08 11:22:13.803316,completed,23.0,False,high_compatibility
MATCH_4759,ALUMNI_M1512,S1657,51.0,2026-04-06 11:22:13.803507,rejected,56.0,False,admin_assigned
MATCH_4760,M1578,S4134,55.0,2026-04-07 11:22:13.803756,pending,1.0,False,auto_suggestion
MATCH_4761,ALUMNI_M5198,S2655,44.0,2026-04-28 11:22:13.803960,accepted,68.0,True,high_compatibility
MATCH_4762,M1303,S4533,44.0,2026-04-15 11:22:13.804169,accepted,,False,high_compatibility
MATCH_4763,M2094,S2451,48.0,2026-04-23 11:22:13.804365,completed,32.0,False,admin_assigned
MATCH_4764,M814,S2887,68.5,2026-04-14 11:22:13.804571,accepted,44.0,True,auto_suggestion
MATCH_4765,ALUMNI_M1810,S787,48.0,2026-05-04 11:22:13.804786,completed,27.0,True,auto_suggestion
MATCH_4766,ALUMNI_M3569,S3423,40.67,2026-04-27 11:22:13.804985,completed,46.0,False,auto_suggestion
MATCH_4767,ALUMNI_M928,S2595,44.0,2026-04-27 11:22:13.805191,pending,41.0,False,admin_assigned
MATCH_4768,M1944,S4534,68.5,2026-04-23 11:22:13.805385,completed,,True,specific_request
MATCH_4769,M2338,S3085,51.0,2026-05-02 11:22:13.805578,pending,,False,auto_suggestion
MATCH_4770,ALUMNI_M4984,S853,51.0,2026-04-26 11:22:13.805790,rejected,22.0,True,high_compatibility
MATCH_4771,M884,S3749,42.89,2026-04-22 11:22:13.805985,rejected,9.0,True,high_compatibility
MATCH_4772,M371,S2625,51.0,2026-04-26 11:22:13.806186,completed,5.0,False,admin_assigned
MATCH_4773,ALUMNI_M5369,S2419,51.0,2026-05-02 11:22:13.806383,pending,66.0,True,auto_suggestion
MATCH_4774,ALUMNI_M3880,S3523,44.0,2026-04-09 11:22:13.806590,pending,,False,auto_suggestion
MATCH_4775,M4013,S4550,51.0,2026-04-22 11:22:13.806803,pending,,False,admin_assigned
MATCH_4776,ALUMNI_M1793,S2395,44.0,2026-04-22 11:22:13.807240,accepted,6.0,False,auto_suggestion
MATCH_4777,ALUMNI_M5842,S3247,48.0,2026-04-29 11:22:13.807627,completed,50.0,False,auto_suggestion
MATCH_4778,M1550,S1298,39.0,2026-05-04 11:22:13.808036,accepted,,False,auto_suggestion
MATCH_4779,M3490,S3529,40.5,2026-04-07 11:22:13.808441,completed,60.0,True,auto_suggestion
MATCH_4780,ALUMNI_M966,S898,51.0,2026-04-16 11:22:13.808842,completed,24.0,True,specific_request
MATCH_4781,ALUMNI_M608,S3375,55.0,2026-04-22 11:22:13.809244,completed,41.0,False,high_compatibility
MATCH_4782,ALUMNI_M2632,S458,44.0,2026-04-08 11:22:13.809644,completed,,False,admin_assigned
MATCH_4783,ALUMNI_M2944,S4151,48.0,2026-04-29 11:22:13.810084,accepted,18.0,True,auto_suggestion
MATCH_4784,ALUMNI_M1326,S790,51.0,2026-04-12 11:22:13.810529,accepted,,True,auto_suggestion
MATCH_4785,ALUMNI_M3576,S1337,48.5,2026-04-22 11:22:13.810992,pending,65.0,True,auto_suggestion
MATCH_4786,ALUMNI_M2561,S3433,54.67,2026-04-19 11:22:13.811577,accepted,,False,high_compatibility
MATCH_4787,M1670,S3297,51.0,2026-05-06 11:22:13.812111,pending,10.0,False,specific_request
MATCH_4788,M2323,S3830,51.0,2026-04-15 11:22:13.812610,rejected,32.0,False,admin_assigned
MATCH_4789,ALUMNI_M4708,S1783,48.0,2026-05-02 11:22:13.813132,pending,29.0,True,auto_suggestion
MATCH_4790,M2701,S3293,55.0,2026-04-25 11:22:13.813612,rejected,51.0,True,admin_assigned
MATCH_4791,M3745,S1746,51.0,2026-04-30 11:22:13.814137,pending,,True,high_compatibility
MATCH_4792,ALUMNI_M1379,S4582,72.5,2026-04-30 11:22:13.814640,completed,19.0,True,high_compatibility
MATCH_4793,ALUMNI_M2256,S3072,68.5,2026-04-13 11:22:13.815147,pending,8.0,True,specific_request
MATCH_4794,ALUMNI_M3935,S486,51.0,2026-04-30 11:22:13.815625,accepted,68.0,True,high_compatibility
MATCH_4795,ALUMNI_M5364,S3948,44.0,2026-04-26 11:22:13.816007,accepted,55.0,True,specific_request
MATCH_4796,ALUMNI_M3108,S4944,51.0,2026-04-06 11:22:13.816260,rejected,,True,specific_request
MATCH_4797,ALUMNI_M297,S1986,55.0,2026-04-10 11:22:13.816560,completed,67.0,False,specific_request
MATCH_4798,M2556,S3959,49.0,2026-04-09 11:22:13.816846,pending,,True,high_compatibility
MATCH_4799,M2431,S4009,44.75,2026-04-30 11:22:13.817085,rejected,,True,high_compatibility
MATCH_4800,ALUMNI_M662,S561,53.75,2026-04-23 11:22:13.817367,accepted,23.0,False,auto_suggestion
MATCH_4801,M3237,S4935,55.0,2026-04-18 11:22:13.817579,accepted,48.0,True,specific_request
MATCH_4802,M4073,S1306,44.0,2026-04-08 11:22:13.817850,accepted,52.0,False,high_compatibility
MATCH_4803,ALUMNI_M2659,S277,44.0,2026-04-13 11:22:13.818076,pending,21.0,False,admin_assigned
MATCH_4804,ALUMNI_M688,S302,65.5,2026-05-03 11:22:13.818293,accepted,55.0,False,auto_suggestion
MATCH_4805,M4194,S3435,58.17,2026-04-19 11:22:13.818496,rejected,69.0,True,high_compatibility
MATCH_4806,M2363,S1187,68.5,2026-04-21 11:22:13.818830,completed,,True,high_compatibility
MATCH_4807,ALUMNI_M3815,S682,41.78,2026-04-23 11:22:13.819047,completed,38.0,False,admin_assigned
MATCH_4808,M1930,S2846,61.5,2026-04-27 11:22:13.819259,rejected,66.0,False,auto_suggestion
MATCH_4809,ALUMNI_M1734,S2429,44.0,2026-05-01 11:22:13.819465,rejected,36.0,True,admin_assigned
MATCH_4810,ALUMNI_M2396,S3416,51.67,2026-04-28 11:22:13.819664,rejected,66.0,True,auto_suggestion
MATCH_4811,ALUMNI_M1665,S888,44.0,2026-05-06 11:22:13.819946,accepted,6.0,False,admin_assigned
MATCH_4812,ALUMNI_M374,S3404,44.0,2026-04-15 11:22:13.820158,pending,62.0,True,specific_request
MATCH_4813,ALUMNI_M2928,S4060,51.0,2026-04-15 11:22:13.820360,pending,,False,auto_suggestion
MATCH_4814,ALUMNI_M3055,S4545,51.0,2026-04-06 11:22:13.820560,accepted,29.0,False,admin_assigned
MATCH_4815,ALUMNI_M3392,S420,57.67,2026-04-20 11:22:13.820827,completed,13.0,False,high_compatibility
MATCH_4816,ALUMNI_M4478,S1846,51.0,2026-04-07 11:22:13.821045,pending,64.0,False,high_compatibility
MATCH_4817,ALUMNI_M3196,S4467,61.5,2026-04-26 11:22:13.821357,rejected,,False,auto_suggestion
MATCH_4818,M1313,S2051,59.5,2026-04-30 11:22:13.821591,rejected,18.0,False,specific_request
MATCH_4819,ALUMNI_M1448,S4091,44.0,2026-04-30 11:22:13.821892,rejected,40.0,False,high_compatibility
MATCH_4820,ALUMNI_M1171,S769,43.0,2026-04-13 11:22:13.822135,rejected,47.0,True,admin_assigned
MATCH_4821,M2443,S3882,44.0,2026-04-28 11:22:13.822397,accepted,18.0,False,auto_suggestion
MATCH_4822,ALUMNI_M4754,S1777,44.0,2026-05-01 11:22:13.822624,accepted,,True,auto_suggestion
MATCH_4823,ALUMNI_M3262,S388,44.0,2026-04-18 11:22:13.822956,accepted,16.0,False,high_compatibility
MATCH_4824,ALUMNI_M3470,S180,44.0,2026-04-22 11:22:13.823227,rejected,21.0,False,specific_request
MATCH_4825,ALUMNI_M395,S232,51.0,2026-05-05 11:22:13.823457,rejected,53.0,False,specific_request
MATCH_4826,M3120,S2014,51.0,2026-04-19 11:22:13.823774,accepted,27.0,False,admin_assigned
MATCH_4827,M4013,S2043,68.5,2026-04-27 11:22:13.824009,completed,,True,auto_suggestion
MATCH_4828,M2697,S216,48.0,2026-04-11 11:22:13.824230,pending,,True,admin_assigned
MATCH_4829,ALUMNI_M3483,S628,44.0,2026-04-13 11:22:13.824435,pending,3.0,True,auto_suggestion
MATCH_4830,M4532,S730,47.33,2026-04-29 11:22:13.824637,completed,8.0,False,specific_request
MATCH_4831,ALUMNI_M3726,S4074,51.0,2026-04-11 11:22:13.824860,completed,18.0,False,high_compatibility
MATCH_4832,M4633,S1315,54.67,2026-04-19 11:22:13.825060,rejected,61.0,True,admin_assigned
MATCH_4833,ALUMNI_M1957,S2940,51.0,2026-04-11 11:22:13.825269,completed,,False,specific_request
MATCH_4834,ALUMNI_M3181,S3397,50.67,2026-04-26 11:22:13.825466,completed,41.0,True,high_compatibility
MATCH_4835,M820,S4443,51.0,2026-04-15 11:22:13.825663,accepted,,False,high_compatibility
MATCH_4836,ALUMNI_M2424,S3203,55.0,2026-04-27 11:22:13.825880,rejected,58.0,False,specific_request
MATCH_4837,M4202,S4028,55.0,2026-04-14 11:22:13.826077,pending,70.0,False,auto_suggestion
MATCH_4838,ALUMNI_M5906,S645,44.0,2026-04-21 11:22:13.826287,rejected,19.0,False,high_compatibility
MATCH_4839,M4794,S538,51.0,2026-04-29 11:22:13.826484,completed,69.0,False,auto_suggestion
MATCH_4840,M254,S3823,48.0,2026-04-10 11:22:13.826685,accepted,40.0,True,specific_request
MATCH_4841,ALUMNI_M143,S3813,47.67,2026-04-08 11:22:13.826904,accepted,7.0,False,specific_request
MATCH_4842,M4203,S271,54.67,2026-04-13 11:22:13.827110,accepted,10.0,True,high_compatibility
MATCH_4843,ALUMNI_M5694,S4982,55.0,2026-05-06 11:22:13.827317,pending,5.0,False,admin_assigned
MATCH_4844,M3791,S4243,51.0,2026-04-09 11:22:13.827513,accepted,,True,auto_suggestion
MATCH_4845,ALUMNI_M2861,S4366,51.0,2026-04-07 11:22:13.827724,rejected,20.0,True,admin_assigned
MATCH_4846,M4837,S200,51.0,2026-04-09 11:22:13.827929,completed,72.0,True,admin_assigned
MATCH_4847,ALUMNI_M5214,S4169,51.0,2026-05-04 11:22:13.828163,rejected,47.0,False,specific_request
MATCH_4848,ALUMNI_M2480,S4430,44.0,2026-05-03 11:22:13.828365,completed,14.0,True,specific_request
MATCH_4849,M3855,S478,68.17,2026-05-05 11:22:13.828568,accepted,,False,auto_suggestion
MATCH_4850,M3297,S2956,68.5,2026-04-11 11:22:13.828780,pending,,False,specific_request
MATCH_4851,ALUMNI_M2071,S4894,51.0,2026-04-25 11:22:13.828978,completed,2.0,False,high_compatibility
MATCH_4852,ALUMNI_M5837,S2661,44.25,2026-04-28 11:22:13.829185,pending,50.0,False,high_compatibility
MATCH_4853,M1978,S4178,40.67,2026-04-08 11:22:13.829386,accepted,,True,admin_assigned
MATCH_4854,M2804,S1933,55.0,2026-04-10 11:22:13.829583,completed,68.0,True,high_compatibility
MATCH_4855,M2055,S3951,37.33,2026-04-25 11:22:13.829806,accepted,71.0,False,auto_suggestion
MATCH_4856,M1401,S3644,44.0,2026-04-14 11:22:13.830000,pending,63.0,True,specific_request
MATCH_4857,M4474,S869,51.0,2026-04-29 11:22:13.830206,rejected,72.0,True,admin_assigned
MATCH_4858,M3938,S4818,44.0,2026-04-27 11:22:13.830404,rejected,3.0,False,admin_assigned
MATCH_4859,ALUMNI_M4921,S1780,44.0,2026-04-15 11:22:13.830685,rejected,32.0,False,specific_request
MATCH_4860,ALUMNI_M2562,S821,51.0,2026-04-10 11:22:13.830918,pending,,False,auto_suggestion
MATCH_4861,M3910,S1170,47.67,2026-04-10 11:22:13.831116,rejected,46.0,False,auto_suggestion
MATCH_4862,M1215,S2733,51.0,2026-05-05 11:22:13.831337,rejected,46.0,False,high_compatibility
MATCH_4863,M2659,S2719,40.67,2026-04-21 11:22:13.831532,rejected,13.0,False,admin_assigned
MATCH_4864,ALUMNI_M8,S1368,51.0,2026-04-06 11:22:13.831745,accepted,48.0,False,admin_assigned
MATCH_4865,M745,S1658,51.0,2026-04-17 11:22:13.831946,rejected,37.0,True,auto_suggestion
MATCH_4866,M560,S2410,72.5,2026-04-24 11:22:13.832146,completed,,True,specific_request
MATCH_4867,ALUMNI_M4159,S1936,44.0,2026-04-26 11:22:13.832346,pending,30.0,True,specific_request
MATCH_4868,ALUMNI_M1897,S1730,44.0,2026-04-06 11:22:13.832541,pending,39.0,True,auto_suggestion
MATCH_4869,M3935,S4714,44.0,2026-04-24 11:22:13.832760,rejected,,False,high_compatibility
MATCH_4870,ALUMNI_M3010,S1241,48.0,2026-04-28 11:22:13.832960,completed,62.0,False,specific_request
MATCH_4871,M1078,S1114,65.5,2026-04-07 11:22:13.833161,completed,55.0,True,auto_suggestion
MATCH_4872,M4915,S610,44.0,2026-04-09 11:22:13.833359,accepted,21.0,True,high_compatibility
MATCH_4873,M3893,S3534,54.67,2026-04-29 11:22:13.833554,completed,,False,specific_request
MATCH_4874,M3918,S2798,44.0,2026-04-17 11:22:13.833765,rejected,,True,auto_suggestion
MATCH_4875,ALUMNI_M2464,S4638,57.67,2026-05-05 11:22:13.833964,pending,,False,high_compatibility
MATCH_4876,ALUMNI_M816,S3645,51.0,2026-05-04 11:22:13.834182,rejected,49.0,False,admin_assigned
MATCH_4877,ALUMNI_M2863,S2778,51.0,2026-04-06 11:22:13.834379,accepted,69.0,False,admin_assigned
MATCH_4878,ALUMNI_M575,S2778,51.0,2026-04-27 11:22:13.834581,pending,59.0,True,admin_assigned
MATCH_4879,ALUMNI_M3315,S326,44.0,2026-04-28 11:22:13.834797,pending,,False,auto_suggestion
MATCH_4880,ALUMNI_M1239,S124,51.0,2026-05-05 11:22:13.834999,accepted,22.0,True,specific_request
MATCH_4881,ALUMNI_M560,S2392,51.0,2026-04-26 11:22:13.835217,completed,4.0,False,auto_suggestion
MATCH_4882,M4702,S2960,51.0,2026-04-08 11:22:13.835413,pending,,True,auto_suggestion
MATCH_4883,ALUMNI_M4135,S1206,49.57,2026-04-21 11:22:13.835609,accepted,7.0,True,auto_suggestion
MATCH_4884,ALUMNI_M879,S2353,51.0,2026-04-17 11:22:13.835902,rejected,47.0,False,specific_request
MATCH_4885,M4800,S3000,44.0,2026-04-12 11:22:13.836112,completed,70.0,False,specific_request
MATCH_4886,M2980,S1940,51.0,2026-04-20 11:22:13.836322,pending,19.0,True,high_compatibility
MATCH_4887,M2130,S1832,39.0,2026-05-01 11:22:13.836547,completed,38.0,False,specific_request
MATCH_4888,ALUMNI_M1712,S1288,51.0,2026-05-05 11:22:13.836765,accepted,,True,auto_suggestion
MATCH_4889,M1413,S616,68.5,2026-05-05 11:22:13.836962,rejected,68.0,False,high_compatibility
MATCH_4890,ALUMNI_M1695,S60,44.0,2026-04-08 11:22:13.837172,completed,36.0,False,admin_assigned
MATCH_4891,ALUMNI_M1184,S4900,44.0,2026-04-29 11:22:13.837374,rejected,27.0,True,admin_assigned
MATCH_4892,ALUMNI_M3869,S2833,55.0,2026-04-08 11:22:13.837572,accepted,3.0,False,admin_assigned
MATCH_4893,M3062,S3037,53.89,2026-04-13 11:22:13.837785,completed,16.0,False,high_compatibility
MATCH_4894,ALUMNI_M1723,S4537,41.78,2026-05-06 11:22:13.837985,rejected,,True,admin_assigned
MATCH_4895,M1211,S22,68.5,2026-04-16 11:22:13.838201,pending,49.0,True,high_compatibility
MATCH_4896,ALUMNI_M2612,S3500,57.67,2026-04-13 11:22:13.838411,rejected,64.0,False,admin_assigned
MATCH_4897,ALUMNI_M1808,S3184,44.33,2026-04-27 11:22:13.838606,accepted,11.0,False,specific_request
MATCH_4898,ALUMNI_M3739,S4843,65.17,2026-04-21 11:22:13.838822,completed,,True,auto_suggestion
MATCH_4899,M2165,S1986,55.0,2026-04-25 11:22:13.839019,accepted,10.0,True,high_compatibility
MATCH_4900,ALUMNI_M2902,S846,55.0,2026-04-11 11:22:13.839223,accepted,43.0,False,auto_suggestion
MATCH_4901,ALUMNI_M1623,S950,41.5,2026-04-27 11:22:13.839430,accepted,,False,specific_request
MATCH_4902,ALUMNI_M5244,S4434,55.0,2026-05-01 11:22:13.839625,rejected,,False,admin_assigned
MATCH_4903,ALUMNI_M3933,S775,55.0,2026-05-04 11:22:13.839837,completed,72.0,True,auto_suggestion
MATCH_4904,ALUMNI_M1464,S1569,44.0,2026-04-18 11:22:13.840033,rejected,35.0,False,admin_assigned
MATCH_4905,M4126,S2151,51.0,2026-04-26 11:22:13.840238,accepted,,False,high_compatibility
MATCH_4906,M4112,S2524,51.0,2026-05-01 11:22:13.840428,rejected,13.0,True,high_compatibility
MATCH_4907,ALUMNI_M5159,S162,51.0,2026-05-05 11:22:13.840626,completed,,False,specific_request
MATCH_4908,ALUMNI_M2849,S3411,44.0,2026-04-23 11:22:13.840839,rejected,27.0,False,auto_suggestion
MATCH_4909,M4061,S855,68.5,2026-04-15 11:22:13.841033,rejected,16.0,True,high_compatibility
MATCH_4910,M3060,S1944,48.0,2026-04-08 11:22:13.841235,accepted,58.0,False,specific_request
MATCH_4911,ALUMNI_M1966,S2753,44.0,2026-04-24 11:22:13.841430,pending,,False,high_compatibility
MATCH_4912,ALUMNI_M4408,S1627,39.71,2026-04-19 11:22:13.841624,accepted,66.0,False,admin_assigned
MATCH_4913,M1169,S699,66.83,2026-05-05 11:22:13.841837,rejected,,True,high_compatibility
MATCH_4914,ALUMNI_M827,S3264,44.0,2026-04-22 11:22:13.842034,rejected,,False,auto_suggestion
MATCH_4915,M1664,S1681,44.0,2026-04-09 11:22:13.842235,accepted,,False,auto_suggestion
MATCH_4916,ALUMNI_M323,S4332,51.0,2026-04-22 11:22:13.842429,rejected,,True,high_compatibility
MATCH_4917,M1345,S843,51.0,2026-04-08 11:22:13.842619,rejected,,False,specific_request
MATCH_4918,M2417,S3393,68.5,2026-05-02 11:22:13.842835,accepted,26.0,True,high_compatibility
MATCH_4919,ALUMNI_M1047,S1873,51.0,2026-05-03 11:22:13.843064,accepted,3.0,False,auto_suggestion
MATCH_4920,M3243,S1284,47.67,2026-04-29 11:22:13.843281,rejected,32.0,False,auto_suggestion
MATCH_4921,ALUMNI_M5958,S1903,51.0,2026-04-11 11:22:13.843479,pending,,False,high_compatibility
MATCH_4922,ALUMNI_M3964,S2022,44.0,2026-04-21 11:22:13.843675,completed,67.0,False,high_compatibility
MATCH_4923,ALUMNI_M1441,S3207,44.25,2026-04-07 11:22:13.843900,completed,,False,high_compatibility
MATCH_4924,ALUMNI_M220,S3925,45.5,2026-05-05 11:22:13.844100,completed,,True,admin_assigned
MATCH_4925,M301,S787,48.0,2026-04-24 11:22:13.844307,pending,19.0,False,auto_suggestion
MATCH_4926,ALUMNI_M1388,S2660,47.67,2026-04-25 11:22:13.844502,completed,,True,high_compatibility
MATCH_4927,ALUMNI_M3234,S837,49.33,2026-04-15 11:22:13.844792,accepted,50.0,True,high_compatibility
MATCH_4928,M1500,S965,47.22,2026-04-06 11:22:13.845023,pending,16.0,False,specific_request
MATCH_4929,M370,S202,66.0,2026-04-28 11:22:13.845242,accepted,,False,auto_suggestion
MATCH_4930,M3231,S3083,44.0,2026-04-10 11:22:13.845441,rejected,36.0,True,high_compatibility
MATCH_4931,M1681,S4780,51.0,2026-04-25 11:22:13.845636,accepted,16.0,True,specific_request
MATCH_4932,ALUMNI_M1690,S4586,61.5,2026-04-10 11:22:13.845856,rejected,,True,high_compatibility
MATCH_4933,M1370,S1047,44.0,2026-04-11 11:22:13.846053,accepted,,True,admin_assigned
MATCH_4934,ALUMNI_M3989,S1617,57.67,2026-05-05 11:22:13.846260,rejected,44.0,False,specific_request
MATCH_4935,ALUMNI_M2576,S563,45.29,2026-04-13 11:22:13.846457,pending,,True,admin_assigned
MATCH_4936,M4045,S2008,50.0,2026-04-17 11:22:13.846651,pending,19.0,False,specific_request
MATCH_4937,M2421,S2722,51.0,2026-04-11 11:22:13.846866,accepted,2.0,False,high_compatibility
MATCH_4938,ALUMNI_M3641,S4569,44.0,2026-04-10 11:22:13.847063,accepted,39.0,True,high_compatibility
MATCH_4939,ALUMNI_M5,S3660,68.5,2026-04-15 11:22:13.847270,accepted,34.0,False,admin_assigned
MATCH_4940,ALUMNI_M5691,S1243,61.5,2026-04-07 11:22:13.847480,accepted,32.0,True,auto_suggestion
MATCH_4941,M2071,S4741,47.22,2026-05-05 11:22:13.847675,accepted,43.0,False,high_compatibility
MATCH_4942,M731,S3171,51.0,2026-04-20 11:22:13.848022,rejected,71.0,True,high_compatibility
MATCH_4943,ALUMNI_M5701,S3196,51.0,2026-05-01 11:22:13.848242,completed,,False,specific_request
MATCH_4944,M3377,S1690,51.0,2026-04-21 11:22:13.848446,pending,17.0,False,admin_assigned
MATCH_4945,ALUMNI_M4036,S2700,44.0,2026-05-04 11:22:13.848646,accepted,,True,auto_suggestion
MATCH_4946,ALUMNI_M2472,S2084,51.0,2026-04-24 11:22:13.848867,accepted,54.0,False,admin_assigned
MATCH_4947,M867,S4323,51.0,2026-04-09 11:22:13.849066,accepted,36.0,False,specific_request
MATCH_4948,ALUMNI_M2717,S1641,51.0,2026-04-17 11:22:13.849272,rejected,28.0,False,admin_assigned
MATCH_4949,ALUMNI_M5831,S870,51.0,2026-04-11 11:22:13.849468,completed,,True,admin_assigned
MATCH_4950,M1447,S4270,44.0,2026-04-14 11:22:13.849662,accepted,,False,admin_assigned
MATCH_4951,M1799,S3242,51.0,2026-05-01 11:22:13.849884,completed,,True,admin_assigned
MATCH_4952,ALUMNI_M2979,S48,61.5,2026-04-13 11:22:13.850085,pending,47.0,False,admin_assigned
MATCH_4953,M2841,S2026,48.0,2026-04-16 11:22:13.850293,completed,,True,specific_request
MATCH_4954,ALUMNI_M5261,S1604,51.0,2026-04-12 11:22:13.850488,pending,,False,high_compatibility
MATCH_4955,M779,S2836,51.0,2026-04-28 11:22:13.850678,completed,21.0,False,specific_request
MATCH_4956,ALUMNI_M4502,S323,44.0,2026-04-21 11:22:13.850893,pending,16.0,False,high_compatibility
MATCH_4957,M2221,S460,51.0,2026-04-29 11:22:13.851086,rejected,3.0,True,admin_assigned
MATCH_4958,ALUMNI_M5530,S3551,51.0,2026-04-21 11:22:13.851291,completed,30.0,False,specific_request
MATCH_4959,ALUMNI_M3765,S390,51.0,2026-04-29 11:22:13.851492,pending,,False,admin_assigned
MATCH_4960,M2878,S2890,51.0,2026-05-03 11:22:13.851683,rejected,9.0,False,specific_request
MATCH_4961,ALUMNI_M4568,S2527,61.5,2026-04-07 11:22:13.851897,rejected,,False,specific_request
MATCH_4962,ALUMNI_M5549,S1249,40.5,2026-04-26 11:22:13.852091,accepted,67.0,True,specific_request
MATCH_4963,ALUMNI_M68,S129,44.0,2026-04-29 11:22:13.852299,accepted,14.0,True,admin_assigned
MATCH_4964,M4152,S92,61.5,2026-04-08 11:22:13.852497,accepted,62.0,False,auto_suggestion
MATCH_4965,M4894,S3158,61.5,2026-04-13 11:22:13.852719,pending,49.0,True,high_compatibility
MATCH_4966,M515,S2124,55.0,2026-04-09 11:22:13.852922,accepted,,False,specific_request
MATCH_4967,M911,S1919,44.0,2026-04-19 11:22:13.853114,completed,,False,specific_request
MATCH_4968,M3634,S3597,51.0,2026-04-15 11:22:13.853317,rejected,,False,auto_suggestion
MATCH_4969,ALUMNI_M3662,S302,51.0,2026-04-17 11:22:13.853512,rejected,54.0,False,specific_request
MATCH_4970,ALUMNI_M1230,S3458,51.0,2026-04-28 11:22:13.853729,accepted,4.0,False,specific_request
MATCH_4971,ALUMNI_M898,S1026,44.0,2026-04-21 11:22:13.853934,rejected,,False,auto_suggestion
MATCH_4972,M4619,S3642,45.29,2026-04-24 11:22:13.854137,pending,,True,high_compatibility
MATCH_4973,M2101,S294,38.44,2026-04-25 11:22:13.854336,rejected,20.0,True,auto_suggestion
MATCH_4974,M834,S4959,68.5,2026-04-20 11:22:13.854531,completed,9.0,True,admin_assigned
MATCH_4975,ALUMNI_M2867,S4587,75.17,2026-05-02 11:22:13.854742,accepted,58.0,True,admin_assigned
MATCH_4976,ALUMNI_M5545,S1507,51.0,2026-04-30 11:22:13.854943,rejected,34.0,False,specific_request
MATCH_4977,ALUMNI_M1798,S1445,55.0,2026-04-11 11:22:13.855149,accepted,,True,auto_suggestion
MATCH_4978,ALUMNI_M3999,S1330,51.0,2026-05-06 11:22:13.855356,accepted,34.0,True,auto_suggestion
MATCH_4979,M3528,S3619,40.67,2026-04-08 11:22:13.855557,accepted,17.0,True,high_compatibility
MATCH_4980,M1676,S3750,51.0,2026-04-13 11:22:13.855769,rejected,67.0,False,specific_request
MATCH_4981,M3969,S3892,51.0,2026-04-10 11:22:13.855967,pending,54.0,True,admin_assigned
MATCH_4982,M2064,S4246,44.0,2026-04-23 11:22:13.856170,completed,59.0,False,high_compatibility
MATCH_4983,ALUMNI_M3057,S1652,51.0,2026-04-26 11:22:13.856376,rejected,,False,high_compatibility
MATCH_4984,M4963,S1858,51.0,2026-04-09 11:22:13.856568,rejected,22.0,True,auto_suggestion
MATCH_4985,M1055,S1280,44.0,2026-04-07 11:22:13.856778,rejected,53.0,True,auto_suggestion
MATCH_4986,ALUMNI_M5023,S3421,51.0,2026-04-22 11:22:13.856986,completed,,False,high_compatibility
MATCH_4987,M3177,S2938,44.0,2026-04-24 11:22:13.857190,rejected,43.0,False,auto_suggestion
MATCH_4988,ALUMNI_M4552,S2700,48.0,2026-04-20 11:22:13.857384,accepted,29.0,True,high_compatibility
MATCH_4989,M2411,S1846,44.0,2026-04-09 11:22:13.857576,rejected,42.0,False,specific_request
MATCH_4990,ALUMNI_M4008,S465,51.0,2026-04-17 11:22:13.857802,completed,22.0,False,specific_request
MATCH_4991,ALUMNI_M3674,S2009,51.0,2026-04-16 11:22:13.857999,pending,29.0,True,auto_suggestion
MATCH_4992,M267,S1124,48.0,2026-04-07 11:22:13.858202,rejected,54.0,True,specific_request
MATCH_4993,ALUMNI_M3400,S1803,51.0,2026-04-08 11:22:13.858398,accepted,44.0,True,admin_assigned
MATCH_4994,M3180,S3695,44.0,2026-04-27 11:22:13.858590,accepted,25.0,False,specific_request
MATCH_4995,M273,S4171,68.5,2026-04-10 11:22:13.858801,completed,32.0,False,auto_suggestion
MATCH_4996,M1794,S769,63.0,2026-04-19 11:22:13.858998,pending,1.0,True,auto_suggestion
MATCH_4997,ALUMNI_M443,S4674,51.0,2026-04-27 11:22:13.859231,accepted,38.0,True,specific_request
MATCH_4998,M86,S932,51.0,2026-04-09 11:22:13.859446,pending,69.0,True,auto_suggestion
MATCH_4999,ALUMNI_M2199,S4428,46.0,2026-04-27 11:22:13.859645,accepted,64.0,True,auto_suggestion
MATCH_5000,ALUMNI_M7,S2476,55.0,2026-04-10 11:22:13.859864,pending,,True,auto_suggestion
MATCH_5001,M4694,S4206,50.67,2026-04-24 11:22:13.860058,rejected,72.0,False,auto_suggestion
MATCH_5002,ALUMNI_M4397,S240,44.0,2026-04-15 11:22:13.860270,pending,14.0,False,specific_request
MATCH_5003,M2178,S3287,44.0,2026-04-08 11:22:13.860463,rejected,12.0,False,high_compatibility
MATCH_5004,M717,S1301,55.0,2026-04-14 11:22:13.860657,rejected,49.0,True,auto_suggestion
MATCH_5005,ALUMNI_M1571,S315,47.0,2026-04-22 11:22:13.860872,pending,46.0,False,auto_suggestion
MATCH_5006,ALUMNI_M3451,S1707,51.0,2026-04-13 11:22:13.861079,pending,41.0,False,auto_suggestion
MATCH_5007,ALUMNI_M1543,S2993,42.29,2026-05-06 11:22:13.861286,rejected,9.0,False,specific_request
MATCH_5008,ALUMNI_M2099,S4948,51.0,2026-04-23 11:22:13.861481,rejected,,True,admin_assigned
MATCH_5009,M869,S57,55.0,2026-04-19 11:22:13.861677,pending,,True,high_compatibility
MATCH_5010,ALUMNI_M3941,S3244,44.0,2026-05-06 11:22:13.861894,rejected,59.0,True,specific_request
MATCH_5011,ALUMNI_M2559,S4954,44.0,2026-04-29 11:22:13.862088,completed,54.0,True,auto_suggestion
MATCH_5012,ALUMNI_M4353,S3083,44.0,2026-04-24 11:22:13.862294,rejected,,False,admin_assigned
MATCH_5013,ALUMNI_M1680,S4093,51.0,2026-04-07 11:22:13.862517,completed,,False,auto_suggestion
MATCH_5014,ALUMNI_M5533,S362,61.5,2026-04-10 11:22:13.862737,pending,48.0,False,admin_assigned
MATCH_5015,ALUMNI_M5778,S534,48.0,2026-04-30 11:22:13.862951,pending,20.0,True,high_compatibility
MATCH_5016,M2496,S545,55.0,2026-04-20 11:22:13.863185,rejected,38.0,False,high_compatibility
MATCH_5017,ALUMNI_M5600,S2135,44.0,2026-05-06 11:22:13.863384,rejected,,True,high_compatibility
MATCH_5018,ALUMNI_M5455,S3025,44.0,2026-04-11 11:22:13.863589,accepted,59.0,True,admin_assigned
MATCH_5019,ALUMNI_M34,S3379,44.0,2026-04-22 11:22:13.863804,pending,20.0,False,admin_assigned
MATCH_5020,M864,S4101,51.0,2026-04-27 11:22:13.864001,rejected,66.0,True,specific_request
MATCH_5021,M2497,S2456,51.0,2026-04-25 11:22:13.864213,accepted,58.0,False,specific_request
MATCH_5022,ALUMNI_M5939,S1201,49.0,2026-04-21 11:22:13.864410,completed,72.0,False,admin_assigned
MATCH_5023,M1507,S4102,51.0,2026-04-06 11:22:13.864601,rejected,29.0,True,specific_request
MATCH_5024,ALUMNI_M4610,S1449,51.0,2026-04-14 11:22:13.864815,rejected,69.0,True,high_compatibility
MATCH_5025,ALUMNI_M1351,S1384,51.0,2026-04-29 11:22:13.865010,accepted,17.0,False,admin_assigned
MATCH_5026,ALUMNI_M3863,S2548,54.67,2026-04-14 11:22:13.865220,rejected,,True,auto_suggestion
MATCH_5027,ALUMNI_M3420,S4894,51.0,2026-04-24 11:22:13.865415,completed,23.0,False,specific_request
MATCH_5028,M2210,S128,51.0,2026-04-30 11:22:13.865611,rejected,53.0,True,auto_suggestion
MATCH_5029,M2351,S3578,66.94,2026-04-12 11:22:13.865855,accepted,17.0,False,specific_request
MATCH_5030,M1705,S1160,44.0,2026-04-13 11:22:13.866068,completed,38.0,True,specific_request
MATCH_5031,M4427,S2834,51.0,2026-04-12 11:22:13.866282,completed,46.0,True,specific_request
MATCH_5032,M3795,S4773,51.0,2026-04-06 11:22:13.866488,completed,14.0,True,high_compatibility
MATCH_5033,M1066,S359,63.5,2026-04-14 11:22:13.866685,completed,36.0,True,auto_suggestion
MATCH_5034,M599,S2005,51.0,2026-04-30 11:22:13.866903,rejected,26.0,True,auto_suggestion
MATCH_5035,M4441,S728,48.0,2026-04-09 11:22:13.867098,rejected,41.0,True,auto_suggestion
MATCH_5036,ALUMNI_M2752,S1617,53.22,2026-04-17 11:22:13.867313,accepted,,False,auto_suggestion
MATCH_5037,M1930,S1679,60.39,2026-04-21 11:22:13.867526,rejected,3.0,True,high_compatibility
MATCH_5038,ALUMNI_M1686,S1920,51.0,2026-04-16 11:22:13.867827,completed,,False,admin_assigned
MATCH_5039,ALUMNI_M627,S3605,48.0,2026-05-01 11:22:13.868076,accepted,,False,admin_assigned
MATCH_5040,M3838,S2234,61.5,2026-04-24 11:22:13.868290,accepted,,True,high_compatibility
MATCH_5041,M4584,S2992,51.0,2026-04-13 11:22:13.868488,accepted,61.0,True,auto_suggestion
MATCH_5042,ALUMNI_M438,S4932,51.0,2026-04-18 11:22:13.868684,accepted,,False,specific_request
MATCH_5043,ALUMNI_M4875,S123,51.0,2026-05-01 11:22:13.868906,completed,47.0,False,auto_suggestion
MATCH_5044,ALUMNI_M2504,S689,51.0,2026-05-01 11:22:13.869104,rejected,40.0,False,auto_suggestion
MATCH_5045,M2486,S349,51.0,2026-04-15 11:22:13.869313,completed,70.0,False,auto_suggestion
MATCH_5046,M3637,S436,44.0,2026-05-04 11:22:13.869518,completed,,True,specific_request
MATCH_5047,ALUMNI_M5215,S4266,51.0,2026-05-01 11:22:13.869729,rejected,,False,admin_assigned
MATCH_5048,M4436,S4224,55.0,2026-04-23 11:22:13.869927,rejected,62.0,False,specific_request
MATCH_5049,M2644,S2814,51.0,2026-04-24 11:22:13.870129,accepted,59.0,False,admin_assigned
MATCH_5050,ALUMNI_M5483,S1731,44.0,2026-04-22 11:22:13.870329,pending,19.0,True,admin_assigned
MATCH_5051,ALUMNI_M5126,S4413,44.0,2026-04-15 11:22:13.870532,completed,42.0,False,auto_suggestion
MATCH_5052,ALUMNI_M4277,S4718,40.86,2026-04-26 11:22:13.870746,accepted,47.0,True,auto_suggestion
MATCH_5053,M161,S926,44.0,2026-04-30 11:22:13.870991,accepted,68.0,False,admin_assigned
MATCH_5054,ALUMNI_M3913,S1768,55.0,2026-04-07 11:22:13.871206,accepted,51.0,False,auto_suggestion
MATCH_5055,ALUMNI_M691,S2792,51.0,2026-04-09 11:22:13.871434,accepted,6.0,False,auto_suggestion
MATCH_5056,ALUMNI_M3394,S3542,68.5,2026-04-17 11:22:13.871633,pending,52.0,False,high_compatibility
MATCH_5057,M2029,S4851,44.0,2026-04-11 11:22:13.871859,rejected,,False,specific_request
MATCH_5058,ALUMNI_M4629,S3738,44.0,2026-05-05 11:22:13.872055,rejected,50.0,True,admin_assigned
MATCH_5059,ALUMNI_M560,S177,51.0,2026-04-14 11:22:13.872268,rejected,64.0,True,specific_request
MATCH_5060,ALUMNI_M3123,S3637,55.0,2026-04-13 11:22:13.872464,pending,13.0,False,admin_assigned
MATCH_5061,M1051,S2116,55.0,2026-04-25 11:22:13.872667,rejected,10.0,False,auto_suggestion
MATCH_5062,ALUMNI_M3872,S312,55.0,2026-04-21 11:22:13.872882,accepted,7.0,False,specific_request
MATCH_5063,ALUMNI_M832,S3730,51.0,2026-04-17 11:22:13.873092,rejected,,True,high_compatibility
MATCH_5064,ALUMNI_M1258,S1077,44.0,2026-04-06 11:22:13.873297,rejected,8.0,False,auto_suggestion
MATCH_5065,M2962,S4423,44.0,2026-04-27 11:22:13.873495,accepted,61.0,False,high_compatibility
MATCH_5066,M879,S2289,79.17,2026-04-18 11:22:13.873689,completed,44.0,False,auto_suggestion
MATCH_5067,M659,S1918,55.0,2026-04-15 11:22:13.873902,pending,2.0,True,high_compatibility
MATCH_5068,ALUMNI_M2839,S706,44.0,2026-04-08 11:22:13.874099,completed,37.0,False,high_compatibility
MATCH_5069,M299,S3531,58.36,2026-05-04 11:22:13.874304,pending,28.0,False,high_compatibility
MATCH_5070,M3712,S3111,55.0,2026-04-07 11:22:13.874498,completed,27.0,True,auto_suggestion
MATCH_5071,M4363,S1181,65.5,2026-04-25 11:22:13.874690,completed,,False,high_compatibility
MATCH_5072,ALUMNI_M5632,S2045,51.0,2026-04-13 11:22:13.874905,pending,63.0,True,admin_assigned
MATCH_5073,ALUMNI_M452,S716,44.0,2026-04-12 11:22:13.875098,accepted,20.0,False,admin_assigned
MATCH_5074,ALUMNI_M4033,S3792,51.0,2026-04-17 11:22:13.875302,rejected,38.0,True,auto_suggestion
MATCH_5075,M4302,S111,41.78,2026-04-26 11:22:13.875500,completed,48.0,False,auto_suggestion
MATCH_5076,M2240,S1709,57.67,2026-04-16 11:22:13.875722,completed,59.0,True,high_compatibility
MATCH_5077,M622,S3994,63.5,2026-04-17 11:22:13.875922,rejected,,True,auto_suggestion
MATCH_5078,M4685,S2625,51.0,2026-04-24 11:22:13.876143,completed,4.0,False,high_compatibility
MATCH_5079,M3399,S3558,44.0,2026-04-16 11:22:13.876351,accepted,,False,admin_assigned
MATCH_5080,M1986,S549,45.5,2026-05-06 11:22:13.876555,completed,23.0,False,high_compatibility
MATCH_5081,M1565,S3310,51.0,2026-04-30 11:22:13.876770,accepted,33.0,True,admin_assigned
MATCH_5082,ALUMNI_M3718,S2709,55.0,2026-04-14 11:22:13.876968,accepted,26.0,True,admin_assigned
MATCH_5083,ALUMNI_M2275,S3878,51.0,2026-05-01 11:22:13.877173,rejected,17.0,True,high_compatibility
MATCH_5084,ALUMNI_M4888,S3872,44.0,2026-04-30 11:22:13.877371,accepted,14.0,True,high_compatibility
MATCH_5085,M2960,S3992,44.0,2026-04-16 11:22:13.877563,rejected,7.0,True,admin_assigned
MATCH_5086,M3867,S4398,72.5,2026-04-10 11:22:13.877858,rejected,4.0,True,admin_assigned
MATCH_5087,ALUMNI_M4362,S2161,61.5,2026-04-14 11:22:13.878078,rejected,50.0,False,admin_assigned
MATCH_5088,M558,S801,51.0,2026-04-29 11:22:13.878395,completed,,False,auto_suggestion
MATCH_5089,ALUMNI_M1380,S4019,44.33,2026-04-08 11:22:13.878612,completed,,False,admin_assigned
MATCH_5090,ALUMNI_M5706,S3510,44.0,2026-04-26 11:22:13.878897,accepted,1.0,True,high_compatibility
MATCH_5091,ALUMNI_M3458,S3486,61.5,2026-04-29 11:22:13.879181,accepted,34.0,False,high_compatibility
MATCH_5092,ALUMNI_M4907,S4465,55.0,2026-04-09 11:22:13.879442,completed,72.0,True,admin_assigned
MATCH_5093,ALUMNI_M2882,S128,57.67,2026-04-18 11:22:13.879718,rejected,,False,auto_suggestion
MATCH_5094,M2093,S1637,44.0,2026-04-20 11:22:13.879931,completed,,False,high_compatibility
MATCH_5095,M2315,S2540,50.67,2026-04-30 11:22:13.880150,accepted,,True,admin_assigned
MATCH_5096,M3029,S2336,51.0,2026-04-06 11:22:13.880373,pending,63.0,False,specific_request
MATCH_5097,M1865,S2139,44.0,2026-04-09 11:22:13.880572,rejected,9.0,False,specific_request
MATCH_5098,ALUMNI_M4662,S863,44.0,2026-04-23 11:22:13.880793,rejected,26.0,False,high_compatibility
MATCH_5099,ALUMNI_M3506,S1814,44.0,2026-04-12 11:22:13.880995,completed,59.0,True,high_compatibility
MATCH_5100,ALUMNI_M2183,S3801,51.0,2026-04-12 11:22:13.881201,accepted,,False,specific_request
MATCH_5101,M1431,S2078,51.0,2026-04-13 11:22:13.881396,rejected,7.0,True,high_compatibility
MATCH_5102,ALUMNI_M4807,S1474,55.0,2026-04-27 11:22:13.881591,completed,51.0,True,auto_suggestion
MATCH_5103,M1290,S8,41.5,2026-04-14 11:22:13.881812,accepted,16.0,False,specific_request
MATCH_5104,ALUMNI_M5736,S708,40.67,2026-04-10 11:22:13.882012,accepted,42.0,True,high_compatibility
MATCH_5105,M1052,S3275,44.0,2026-04-16 11:22:13.882219,completed,,False,high_compatibility
MATCH_5106,ALUMNI_M1501,S888,54.83,2026-04-23 11:22:13.882416,pending,,False,specific_request
MATCH_5107,M2456,S1552,48.0,2026-04-14 11:22:13.882612,rejected,,True,auto_suggestion
MATCH_5108,M3253,S1850,43.22,2026-04-15 11:22:13.882828,accepted,,True,specific_request
MATCH_5109,M3107,S4336,62.94,2026-04-10 11:22:13.883049,accepted,,True,specific_request
MATCH_5110,ALUMNI_M2116,S4446,44.0,2026-04-21 11:22:13.883272,pending,49.0,False,admin_assigned
MATCH_5111,M1072,S3608,44.0,2026-04-16 11:22:13.883471,rejected,3.0,False,admin_assigned
MATCH_5112,ALUMNI_M3631,S48,44.0,2026-04-07 11:22:13.883669,rejected,,False,specific_request
MATCH_5113,ALUMNI_M3919,S1389,68.5,2026-04-15 11:22:13.883888,completed,,False,auto_suggestion
MATCH_5114,ALUMNI_M398,S101,49.33,2026-05-01 11:22:13.884090,accepted,,False,specific_request
MATCH_5115,ALUMNI_M883,S3925,48.0,2026-04-27 11:22:13.884310,accepted,13.0,False,high_compatibility
MATCH_5116,ALUMNI_M1691,S2041,42.57,2026-04-08 11:22:13.884510,completed,,True,specific_request
MATCH_5117,ALUMNI_M769,S4078,68.5,2026-05-06 11:22:13.884719,accepted,27.0,False,specific_request
MATCH_5118,ALUMNI_M3944,S124,51.0,2026-04-15 11:22:13.884924,pending,70.0,False,admin_assigned
MATCH_5119,ALUMNI_M1510,S3160,51.0,2026-04-07 11:22:13.885129,accepted,64.0,True,admin_assigned
MATCH_5120,M4206,S1743,51.0,2026-04-22 11:22:13.885329,rejected,18.0,False,admin_assigned
MATCH_5121,ALUMNI_M5334,S1209,48.0,2026-04-12 11:22:13.885524,rejected,62.0,False,specific_request
MATCH_5122,ALUMNI_M1485,S2232,65.64,2026-04-26 11:22:13.885735,completed,39.0,True,admin_assigned
MATCH_5123,ALUMNI_M4480,S1230,51.0,2026-04-17 11:22:13.885934,rejected,54.0,False,admin_assigned
MATCH_5124,ALUMNI_M5858,S139,48.0,2026-05-02 11:22:13.886140,pending,43.0,False,specific_request
MATCH_5125,M3517,S969,44.0,2026-04-25 11:22:13.886339,rejected,67.0,False,high_compatibility
MATCH_5126,ALUMNI_M3616,S4229,51.0,2026-05-01 11:22:13.886531,accepted,,False,high_compatibility
MATCH_5127,M680,S2912,48.5,2026-04-15 11:22:13.886740,rejected,54.0,False,auto_suggestion
MATCH_5128,ALUMNI_M1871,S1803,51.0,2026-04-21 11:22:13.886939,rejected,44.0,True,auto_suggestion
MATCH_5129,ALUMNI_M5415,S4837,55.0,2026-04-09 11:22:13.887143,pending,,True,admin_assigned
MATCH_5130,ALUMNI_M4699,S3615,68.5,2026-05-01 11:22:13.887337,pending,2.0,True,auto_suggestion
MATCH_5131,ALUMNI_M4771,S3779,51.0,2026-04-06 11:22:13.887542,rejected,47.0,False,auto_suggestion
MATCH_5132,ALUMNI_M2355,S356,44.0,2026-04-17 11:22:13.887782,completed,,False,admin_assigned
MATCH_5133,ALUMNI_M3009,S1032,44.0,2026-04-08 11:22:13.887992,completed,19.0,True,specific_request
MATCH_5134,M79,S4402,43.56,2026-04-17 11:22:13.888205,pending,12.0,True,auto_suggestion
MATCH_5135,M1134,S389,51.0,2026-04-17 11:22:13.888419,accepted,22.0,False,admin_assigned
MATCH_5136,ALUMNI_M5237,S4178,44.0,2026-05-01 11:22:13.888628,accepted,67.0,False,admin_assigned
MATCH_5137,M1134,S261,51.0,2026-04-25 11:22:13.888840,pending,64.0,False,specific_request
MATCH_5138,ALUMNI_M1717,S1023,51.0,2026-04-22 11:22:13.889037,completed,67.0,False,high_compatibility
MATCH_5139,ALUMNI_M5628,S922,51.0,2026-04-29 11:22:13.889349,pending,61.0,False,admin_assigned
MATCH_5140,M2902,S1917,61.0,2026-04-19 11:22:13.889558,accepted,69.0,True,auto_suggestion
MATCH_5141,M287,S2765,68.5,2026-04-13 11:22:13.889777,pending,53.0,True,specific_request
MATCH_5142,ALUMNI_M4284,S4115,45.29,2026-05-02 11:22:13.889991,accepted,,False,admin_assigned
MATCH_5143,ALUMNI_M3869,S4402,51.0,2026-04-26 11:22:13.890199,accepted,42.0,True,admin_assigned
MATCH_5144,M2962,S2425,51.0,2026-04-10 11:22:13.890397,pending,,True,specific_request
MATCH_5145,M2536,S332,44.0,2026-04-30 11:22:13.890608,accepted,15.0,True,specific_request
MATCH_5146,ALUMNI_M2970,S1983,68.5,2026-04-17 11:22:13.890827,rejected,66.0,True,admin_assigned
MATCH_5147,ALUMNI_M2729,S464,55.0,2026-04-30 11:22:13.891024,pending,,True,specific_request
MATCH_5148,ALUMNI_M1515,S4780,51.0,2026-04-18 11:22:13.891230,pending,21.0,False,high_compatibility
MATCH_5149,M859,S960,44.0,2026-04-08 11:22:13.891427,completed,58.0,True,auto_suggestion
MATCH_5150,ALUMNI_M5747,S2778,68.5,2026-05-06 11:22:13.891624,accepted,28.0,False,auto_suggestion
MATCH_5151,ALUMNI_M3248,S2959,55.0,2026-05-01 11:22:13.891837,rejected,41.0,True,admin_assigned
MATCH_5152,M4660,S1776,61.5,2026-04-29 11:22:13.892035,rejected,35.0,True,specific_request
MATCH_5153,ALUMNI_M5205,S4797,44.0,2026-04-15 11:22:13.892278,pending,32.0,True,auto_suggestion
MATCH_5154,M4502,S3836,50.67,2026-04-10 11:22:13.892487,completed,27.0,True,high_compatibility
MATCH_5155,M2898,S4004,55.0,2026-04-09 11:22:13.892686,pending,6.0,True,specific_request
MATCH_5156,M1245,S4738,61.67,2026-04-24 11:22:13.892902,pending,,False,specific_request
MATCH_5157,ALUMNI_M4825,S4317,61.5,2026-04-23 11:22:13.893098,rejected,,False,admin_assigned
MATCH_5158,ALUMNI_M617,S4358,72.5,2026-05-02 11:22:13.893305,completed,66.0,False,auto_suggestion
MATCH_5159,M1110,S892,44.0,2026-05-04 11:22:13.893499,accepted,40.0,True,admin_assigned
MATCH_5160,M4688,S2734,47.33,2026-04-26 11:22:13.893692,pending,31.0,False,admin_assigned
MATCH_5161,M4451,S3868,51.0,2026-04-08 11:22:13.893905,completed,17.0,False,admin_assigned
MATCH_5162,M1496,S3160,51.0,2026-05-04 11:22:13.894097,rejected,,False,high_compatibility
MATCH_5163,ALUMNI_M1522,S578,51.0,2026-05-02 11:22:13.894303,accepted,,False,auto_suggestion
MATCH_5164,ALUMNI_M4457,S1567,55.0,2026-04-24 11:22:13.894498,rejected,,False,auto_suggestion
MATCH_5165,ALUMNI_M2634,S4726,48.0,2026-05-06 11:22:13.894690,rejected,35.0,False,auto_suggestion
MATCH_5166,ALUMNI_M5818,S2862,44.0,2026-04-26 11:22:13.894903,accepted,,True,admin_assigned
MATCH_5167,ALUMNI_M1155,S4991,47.67,2026-04-30 11:22:13.895102,pending,52.0,True,high_compatibility
MATCH_5168,M1573,S4054,44.0,2026-04-14 11:22:13.895309,rejected,23.0,False,auto_suggestion
MATCH_5169,M4867,S4741,53.72,2026-05-06 11:22:13.895502,accepted,,False,admin_assigned
MATCH_5170,ALUMNI_M2780,S794,68.5,2026-04-22 11:22:13.895695,pending,,True,high_compatibility
MATCH_5171,M2381,S41,44.0,2026-05-01 11:22:13.895912,accepted,,False,specific_request
MATCH_5172,M1240,S4892,44.0,2026-05-05 11:22:13.896108,rejected,43.0,True,specific_request
MATCH_5173,ALUMNI_M1514,S4587,51.67,2026-04-08 11:22:13.896315,completed,53.0,False,admin_assigned
MATCH_5174,ALUMNI_M3223,S4014,51.0,2026-05-03 11:22:13.896531,rejected,27.0,False,high_compatibility
MATCH_5175,ALUMNI_M3146,S3128,48.0,2026-04-17 11:22:13.896744,completed,,True,high_compatibility
MATCH_5176,M2161,S783,68.5,2026-04-11 11:22:13.896944,completed,,False,specific_request
MATCH_5177,ALUMNI_M3361,S2784,44.0,2026-04-08 11:22:13.897148,completed,9.0,True,specific_request
MATCH_5178,ALUMNI_M3855,S1390,43.0,2026-04-20 11:22:13.897346,completed,25.0,True,admin_assigned
MATCH_5179,M2002,S4030,38.44,2026-05-06 11:22:13.897548,accepted,56.0,False,specific_request
MATCH_5180,ALUMNI_M588,S2454,68.5,2026-05-03 11:22:13.897767,pending,3.0,False,high_compatibility
MATCH_5181,ALUMNI_M2463,S2229,44.0,2026-04-12 11:22:13.898002,pending,50.0,False,specific_request
MATCH_5182,ALUMNI_M1738,S255,55.0,2026-04-22 11:22:13.898222,pending,19.0,True,specific_request
MATCH_5183,ALUMNI_M1284,S1992,45.0,2026-04-28 11:22:13.898421,accepted,53.0,False,admin_assigned
MATCH_5184,M4347,S4313,51.0,2026-05-06 11:22:13.898618,rejected,39.0,False,auto_suggestion
MATCH_5185,ALUMNI_M4328,S4428,55.0,2026-04-16 11:22:13.898834,rejected,8.0,True,auto_suggestion
MATCH_5186,M90,S2130,51.0,2026-04-20 11:22:13.899036,pending,65.0,False,auto_suggestion
MATCH_5187,M2484,S3729,44.0,2026-04-23 11:22:13.899244,rejected,,False,specific_request
MATCH_5188,M4204,S1247,51.0,2026-04-24 11:22:13.899438,completed,15.0,True,admin_assigned
MATCH_5189,ALUMNI_M3906,S1777,44.0,2026-04-07 11:22:13.899633,rejected,14.0,True,admin_assigned
MATCH_5190,M1009,S1799,44.0,2026-04-15 11:22:13.899846,completed,,False,auto_suggestion
MATCH_5191,M752,S4226,60.25,2026-04-18 11:22:13.900041,rejected,36.0,False,high_compatibility
MATCH_5192,M1504,S1273,68.5,2026-04-18 11:22:13.900245,accepted,69.0,False,auto_suggestion
MATCH_5193,ALUMNI_M1169,S4160,55.0,2026-04-14 11:22:13.900450,rejected,56.0,False,high_compatibility
MATCH_5194,M3003,S3185,44.0,2026-04-10 11:22:13.900646,pending,,True,specific_request
MATCH_5195,M2953,S765,51.0,2026-05-03 11:22:13.900859,pending,14.0,False,auto_suggestion
MATCH_5196,ALUMNI_M1536,S504,72.5,2026-04-12 11:22:13.901056,rejected,,True,auto_suggestion
MATCH_5197,M4620,S2950,48.0,2026-04-28 11:22:13.901261,accepted,69.0,False,specific_request
MATCH_5198,M4544,S262,51.0,2026-04-07 11:22:13.901453,pending,65.0,False,high_compatibility
MATCH_5199,M2059,S455,44.0,2026-05-04 11:22:13.901647,pending,46.0,False,specific_request
MATCH_5200,M629,S4173,37.33,2026-04-19 11:22:13.901862,rejected,,False,admin_assigned
MATCH_5201,M284,S426,51.0,2026-05-05 11:22:13.902056,rejected,31.0,True,auto_suggestion
MATCH_5202,ALUMNI_M1055,S1147,51.0,2026-04-25 11:22:13.902260,completed,,False,admin_assigned
MATCH_5203,M3735,S3768,55.0,2026-04-19 11:22:13.902453,pending,12.0,False,specific_request
MATCH_5204,M3123,S640,44.0,2026-04-10 11:22:13.902652,accepted,,False,specific_request
MATCH_5205,ALUMNI_M57,S844,51.0,2026-04-30 11:22:13.902867,completed,29.0,True,specific_request
MATCH_5206,ALUMNI_M4662,S836,44.0,2026-04-25 11:22:13.903100,accepted,,False,high_compatibility
MATCH_5207,ALUMNI_M1635,S3458,51.0,2026-05-05 11:22:13.903307,completed,16.0,False,high_compatibility
MATCH_5208,M2631,S1769,45.0,2026-04-16 11:22:13.903503,rejected,60.0,True,admin_assigned
MATCH_5209,M2549,S1502,52.5,2026-05-04 11:22:13.903697,rejected,2.0,False,auto_suggestion
MATCH_5210,M2996,S655,44.0,2026-04-06 11:22:13.903910,rejected,67.0,True,specific_request
MATCH_5211,ALUMNI_M5456,S1038,45.44,2026-04-07 11:22:13.904107,accepted,17.0,True,admin_assigned
MATCH_5212,ALUMNI_M1283,S4110,51.0,2026-04-12 11:22:13.904314,pending,,True,high_compatibility
MATCH_5213,ALUMNI_M2072,S963,45.67,2026-04-24 11:22:13.904519,rejected,,False,auto_suggestion
MATCH_5214,ALUMNI_M5341,S2877,61.67,2026-04-13 11:22:13.904728,completed,63.0,True,high_compatibility
MATCH_5215,M183,S2180,44.0,2026-04-08 11:22:13.904934,pending,,False,high_compatibility
MATCH_5216,M1026,S3700,60.25,2026-04-09 11:22:13.905136,rejected,36.0,True,high_compatibility
MATCH_5217,M171,S1914,44.0,2026-05-04 11:22:13.905338,accepted,,False,high_compatibility
MATCH_5218,M3276,S3592,61.75,2026-05-05 11:22:13.905531,completed,30.0,True,admin_assigned
MATCH_5219,ALUMNI_M1772,S416,44.0,2026-04-10 11:22:13.905745,pending,31.0,True,auto_suggestion
MATCH_5220,ALUMNI_M207,S3819,39.71,2026-04-09 11:22:13.905946,rejected,28.0,False,high_compatibility
MATCH_5221,ALUMNI_M3691,S548,55.0,2026-04-28 11:22:13.906149,completed,,False,admin_assigned
MATCH_5222,M1646,S1162,68.5,2026-04-15 11:22:13.906345,accepted,,True,admin_assigned
MATCH_5223,ALUMNI_M2769,S3623,68.5,2026-04-15 11:22:13.906537,rejected,,True,specific_request
MATCH_5224,M2951,S2492,51.0,2026-04-11 11:22:13.906745,completed,24.0,True,admin_assigned
MATCH_5225,M1202,S746,61.5,2026-05-06 11:22:13.906942,pending,56.0,True,specific_request
MATCH_5226,M1776,S3269,44.0,2026-04-23 11:22:13.907144,completed,58.0,False,auto_suggestion
MATCH_5227,ALUMNI_M1237,S1111,44.0,2026-04-16 11:22:13.907379,pending,27.0,True,admin_assigned
MATCH_5228,M738,S4233,51.0,2026-04-18 11:22:13.907582,accepted,60.0,True,high_compatibility
MATCH_5229,M3711,S4616,57.67,2026-04-08 11:22:13.907801,accepted,14.0,False,specific_request
MATCH_5230,ALUMNI_M3597,S3334,68.5,2026-04-29 11:22:13.908000,completed,,True,specific_request
MATCH_5231,ALUMNI_M3844,S849,47.67,2026-04-16 11:22:13.908204,accepted,22.0,False,specific_request
MATCH_5232,M4497,S3533,51.0,2026-04-13 11:22:13.908410,rejected,45.0,True,admin_assigned
MATCH_5233,M376,S4317,65.5,2026-05-06 11:22:13.908604,pending,29.0,True,specific_request
MATCH_5234,M1970,S962,50.71,2026-04-20 11:22:13.908822,rejected,47.0,False,auto_suggestion
MATCH_5235,ALUMNI_M5027,S3307,44.0,2026-04-15 11:22:13.909253,completed,21.0,True,high_compatibility
MATCH_5236,ALUMNI_M5616,S4307,48.0,2026-04-24 11:22:13.909606,rejected,,False,specific_request
MATCH_5237,M4227,S647,70.28,2026-05-03 11:22:13.909866,pending,,True,auto_suggestion
MATCH_5238,M1513,S3191,52.14,2026-04-30 11:22:13.910097,pending,70.0,True,auto_suggestion
MATCH_5239,M1820,S1420,44.0,2026-04-13 11:22:13.910417,completed,14.0,False,admin_assigned
MATCH_5240,M462,S2911,55.0,2026-04-16 11:22:13.910636,rejected,,True,high_compatibility
MATCH_5241,M2760,S1671,44.0,2026-04-29 11:22:13.910971,accepted,18.0,False,admin_assigned
MATCH_5242,ALUMNI_M3354,S2467,61.67,2026-05-03 11:22:13.911213,accepted,41.0,False,admin_assigned
MATCH_5243,ALUMNI_M851,S2945,44.0,2026-05-04 11:22:13.911436,rejected,,False,admin_assigned
MATCH_5244,ALUMNI_M5194,S47,55.0,2026-04-13 11:22:13.911647,accepted,,False,specific_request
MATCH_5245,M243,S2941,55.0,2026-05-01 11:22:13.911892,accepted,32.0,False,admin_assigned
MATCH_5246,M3244,S4397,44.0,2026-04-21 11:22:13.912098,pending,39.0,False,high_compatibility
MATCH_5247,ALUMNI_M5639,S1259,44.0,2026-05-06 11:22:13.912315,completed,36.0,True,specific_request
MATCH_5248,M3050,S3554,44.0,2026-04-13 11:22:13.912520,pending,20.0,False,specific_request
MATCH_5249,M1797,S1774,44.0,2026-04-23 11:22:13.912738,rejected,34.0,False,auto_suggestion
MATCH_5250,ALUMNI_M3707,S4158,43.22,2026-04-14 11:22:13.912946,rejected,31.0,True,high_compatibility
MATCH_5251,M173,S4046,43.0,2026-04-19 11:22:13.913160,pending,,True,high_compatibility
MATCH_5252,ALUMNI_M1407,S757,44.0,2026-04-08 11:22:13.913381,rejected,,False,high_compatibility
MATCH_5253,ALUMNI_M4101,S314,68.5,2026-05-01 11:22:13.913587,accepted,67.0,False,high_compatibility
MATCH_5254,M1901,S4002,68.5,2026-04-22 11:22:13.913861,rejected,4.0,False,high_compatibility
MATCH_5255,ALUMNI_M2918,S3584,51.0,2026-04-15 11:22:13.914079,pending,50.0,False,admin_assigned
MATCH_5256,ALUMNI_M5311,S3839,44.0,2026-04-30 11:22:13.914284,rejected,27.0,True,specific_request
MATCH_5257,ALUMNI_M2120,S908,51.0,2026-04-27 11:22:13.914482,accepted,23.0,False,auto_suggestion
MATCH_5258,M2575,S4532,51.0,2026-05-03 11:22:13.914674,completed,56.0,True,specific_request
MATCH_5259,M2971,S1183,44.0,2026-05-01 11:22:13.914886,pending,9.0,False,specific_request
MATCH_5260,ALUMNI_M3849,S1775,61.5,2026-04-14 11:22:13.915085,pending,61.0,True,auto_suggestion
MATCH_5261,ALUMNI_M999,S563,61.5,2026-04-09 11:22:13.915299,completed,,True,specific_request
MATCH_5262,M188,S4182,55.0,2026-04-23 11:22:13.915500,rejected,26.0,True,specific_request
MATCH_5263,M4290,S1890,48.0,2026-04-22 11:22:13.915754,pending,54.0,False,high_compatibility
MATCH_5264,M1254,S1593,51.0,2026-05-06 11:22:13.915955,pending,52.0,True,admin_assigned
MATCH_5265,ALUMNI_M2540,S3879,50.67,2026-04-16 11:22:13.916161,completed,69.0,False,admin_assigned
MATCH_5266,ALUMNI_M4320,S944,43.0,2026-04-10 11:22:13.916359,accepted,52.0,False,specific_request
MATCH_5267,ALUMNI_M1289,S2849,57.67,2026-05-06 11:22:13.916566,accepted,66.0,True,admin_assigned
MATCH_5268,M2313,S1931,47.0,2026-05-05 11:22:13.916801,pending,34.0,False,admin_assigned
MATCH_5269,ALUMNI_M1616,S2320,72.5,2026-04-15 11:22:13.917001,accepted,,True,high_compatibility
MATCH_5270,ALUMNI_M225,S4169,68.5,2026-04-11 11:22:13.917228,rejected,3.0,True,specific_request
MATCH_5271,ALUMNI_M1805,S3193,51.0,2026-04-20 11:22:13.917443,rejected,16.0,False,auto_suggestion
MATCH_5272,ALUMNI_M2890,S1932,44.0,2026-04-27 11:22:13.917647,accepted,32.0,False,auto_suggestion
MATCH_5273,ALUMNI_M4824,S3331,39.0,2026-04-22 11:22:13.917865,rejected,33.0,False,auto_suggestion
MATCH_5274,M3494,S4427,51.0,2026-04-13 11:22:13.918064,accepted,53.0,True,admin_assigned
MATCH_5275,ALUMNI_M454,S2223,44.0,2026-04-14 11:22:13.918266,rejected,29.0,True,specific_request
MATCH_5276,M3864,S120,51.0,2026-05-01 11:22:13.918463,accepted,36.0,True,auto_suggestion
MATCH_5277,M4048,S289,57.06,2026-04-26 11:22:13.918667,rejected,,True,high_compatibility
MATCH_5278,ALUMNI_M3860,S1729,51.0,2026-04-22 11:22:13.918906,pending,33.0,True,specific_request
MATCH_5279,M1098,S1791,51.0,2026-04-10 11:22:13.919103,completed,47.0,True,auto_suggestion
MATCH_5280,M3128,S1985,61.5,2026-04-09 11:22:13.919305,completed,14.0,False,high_compatibility
MATCH_5281,ALUMNI_M2701,S2858,55.0,2026-05-03 11:22:13.919502,accepted,46.0,False,auto_suggestion
MATCH_5282,ALUMNI_M3260,S3419,50.67,2026-04-18 11:22:13.919691,completed,,True,admin_assigned
MATCH_5283,ALUMNI_M3704,S4361,55.0,2026-04-25 11:22:13.919909,completed,,True,auto_suggestion
MATCH_5284,M3565,S4925,57.67,2026-05-01 11:22:13.920105,pending,24.0,True,admin_assigned
MATCH_5285,M876,S20,55.0,2026-04-11 11:22:13.920308,pending,2.0,True,high_compatibility
MATCH_5286,ALUMNI_M5329,S2453,51.0,2026-04-23 11:22:13.920504,rejected,,True,specific_request
MATCH_5287,ALUMNI_M5659,S299,44.0,2026-04-13 11:22:13.920690,completed,64.0,False,admin_assigned
MATCH_5288,M506,S1434,48.0,2026-04-12 11:22:13.920965,completed,9.0,True,specific_request
MATCH_5289,ALUMNI_M2781,S1165,51.0,2026-04-16 11:22:13.921164,rejected,70.0,False,specific_request
MATCH_5290,M4264,S1807,43.86,2026-04-25 11:22:13.921362,completed,,False,admin_assigned
MATCH_5291,ALUMNI_M648,S1895,51.0,2026-04-09 11:22:13.921567,accepted,26.0,False,specific_request
MATCH_5292,ALUMNI_M871,S3385,51.0,2026-04-21 11:22:13.921782,pending,61.0,True,high_compatibility
MATCH_5293,ALUMNI_M650,S4787,51.0,2026-04-14 11:22:13.921975,pending,40.0,False,admin_assigned
MATCH_5294,ALUMNI_M4557,S4566,51.0,2026-05-01 11:22:13.922175,pending,,False,admin_assigned
MATCH_5295,ALUMNI_M42,S4971,44.0,2026-05-02 11:22:13.922381,completed,25.0,False,high_compatibility
MATCH_5296,M4966,S3628,51.0,2026-04-10 11:22:13.922627,completed,7.0,True,admin_assigned
MATCH_5297,M4898,S1832,44.0,2026-04-06 11:22:13.922881,pending,11.0,True,high_compatibility
MATCH_5298,ALUMNI_M1060,S2971,47.67,2026-04-22 11:22:13.923107,pending,54.0,False,auto_suggestion
MATCH_5299,ALUMNI_M3156,S194,55.0,2026-04-15 11:22:13.923316,rejected,56.0,True,specific_request
MATCH_5300,ALUMNI_M2812,S3459,51.0,2026-04-21 11:22:13.923520,pending,15.0,True,admin_assigned
MATCH_5301,ALUMNI_M5552,S1335,65.5,2026-04-12 11:22:13.923742,accepted,27.0,False,specific_request
MATCH_5302,M4269,S2897,44.0,2026-04-12 11:22:13.923938,completed,45.0,False,auto_suggestion
MATCH_5303,M2010,S2131,50.56,2026-04-14 11:22:13.924148,completed,,True,auto_suggestion
MATCH_5304,ALUMNI_M2432,S1389,51.0,2026-04-14 11:22:13.924344,completed,55.0,False,specific_request
MATCH_5305,ALUMNI_M4105,S1972,68.5,2026-04-11 11:22:13.924540,accepted,54.0,True,auto_suggestion
MATCH_5306,M107,S3418,51.0,2026-05-01 11:22:13.924752,accepted,,False,auto_suggestion
MATCH_5307,ALUMNI_M4995,S512,68.5,2026-05-02 11:22:13.924959,completed,55.0,False,high_compatibility
MATCH_5308,ALUMNI_M4019,S2459,51.0,2026-04-14 11:22:13.925162,pending,38.0,False,admin_assigned
MATCH_5309,ALUMNI_M3715,S3186,45.5,2026-04-09 11:22:13.925357,pending,61.0,False,specific_request
MATCH_5310,M4542,S251,36.5,2026-04-20 11:22:13.925566,accepted,55.0,False,high_compatibility
MATCH_5311,M2331,S4554,43.86,2026-04-10 11:22:13.925778,completed,,False,specific_request
MATCH_5312,M4387,S4679,44.0,2026-04-11 11:22:13.926337,completed,18.0,False,admin_assigned
MATCH_5313,M1523,S4862,49.75,2026-05-05 11:22:13.926602,pending,58.0,False,specific_request
MATCH_5314,ALUMNI_M4312,S2816,50.67,2026-04-29 11:22:13.926843,pending,64.0,False,admin_assigned
MATCH_5315,M4889,S4676,51.0,2026-04-15 11:22:13.927052,accepted,31.0,False,auto_suggestion
MATCH_5316,ALUMNI_M4524,S2823,51.0,2026-04-16 11:22:13.927339,rejected,,True,high_compatibility
MATCH_5317,ALUMNI_M5216,S4305,68.5,2026-04-12 11:22:13.927554,completed,53.0,True,admin_assigned
MATCH_5318,ALUMNI_M823,S312,44.33,2026-05-02 11:22:13.927777,completed,3.0,True,admin_assigned
MATCH_5319,ALUMNI_M3821,S2333,44.0,2026-04-18 11:22:13.927977,rejected,65.0,True,specific_request
MATCH_5320,ALUMNI_M4265,S4156,51.0,2026-04-27 11:22:13.928201,accepted,48.0,False,auto_suggestion
MATCH_5321,ALUMNI_M2999,S2124,51.0,2026-05-06 11:22:13.928414,accepted,34.0,False,auto_suggestion
MATCH_5322,M3899,S2231,48.0,2026-04-10 11:22:13.928622,pending,4.0,True,specific_request
MATCH_5323,ALUMNI_M1788,S4050,51.0,2026-05-01 11:22:13.928882,completed,,True,high_compatibility
MATCH_5324,M3537,S1533,51.0,2026-04-18 11:22:13.929139,rejected,58.0,True,auto_suggestion
MATCH_5325,ALUMNI_M4118,S2268,44.0,2026-04-14 11:22:13.929378,pending,,False,high_compatibility
MATCH_5326,ALUMNI_M2894,S4679,44.0,2026-04-15 11:22:13.929596,pending,38.0,False,specific_request
MATCH_5327,ALUMNI_M1816,S505,72.5,2026-05-05 11:22:13.929819,rejected,13.0,True,admin_assigned
MATCH_5328,M10,S1526,51.0,2026-04-10 11:22:13.930025,pending,63.0,True,high_compatibility
MATCH_5329,M2436,S155,42.33,2026-05-04 11:22:13.930238,accepted,,True,high_compatibility
MATCH_5330,ALUMNI_M2331,S904,44.0,2026-04-19 11:22:13.930465,pending,61.0,True,specific_request
MATCH_5331,M4482,S1247,51.0,2026-04-09 11:22:13.930770,accepted,72.0,True,auto_suggestion
MATCH_5332,M1371,S2102,49.0,2026-04-22 11:22:13.930974,rejected,,True,specific_request
MATCH_5333,ALUMNI_M2530,S1603,57.67,2026-04-29 11:22:13.931189,pending,,False,auto_suggestion
MATCH_5334,ALUMNI_M1389,S900,62.94,2026-05-06 11:22:13.931384,rejected,47.0,False,high_compatibility
MATCH_5335,ALUMNI_M1180,S4527,51.0,2026-04-08 11:22:13.931588,pending,2.0,True,high_compatibility
MATCH_5336,ALUMNI_M5886,S1187,68.5,2026-04-17 11:22:13.931996,completed,2.0,False,auto_suggestion
MATCH_5337,ALUMNI_M3008,S418,55.0,2026-04-15 11:22:13.932217,completed,44.0,True,specific_request
MATCH_5338,M402,S3131,51.0,2026-04-23 11:22:13.932424,completed,66.0,False,specific_request
MATCH_5339,M818,S2822,44.0,2026-04-08 11:22:13.932620,pending,50.0,False,admin_assigned
MATCH_5340,M2256,S2739,57.67,2026-04-18 11:22:13.932916,rejected,36.0,True,admin_assigned
MATCH_5341,M2207,S3840,55.0,2026-04-16 11:22:13.933135,completed,15.0,False,admin_assigned
MATCH_5342,M4196,S3740,57.67,2026-04-12 11:22:13.933776,completed,8.0,True,high_compatibility
MATCH_5343,ALUMNI_M5607,S4414,48.0,2026-04-21 11:22:13.934035,accepted,48.0,True,specific_request
MATCH_5344,ALUMNI_M2215,S2740,44.0,2026-04-06 11:22:13.934305,rejected,68.0,False,high_compatibility
MATCH_5345,ALUMNI_M2954,S4773,55.0,2026-04-14 11:22:13.934542,accepted,,True,specific_request
MATCH_5346,M1609,S4945,49.89,2026-04-12 11:22:13.934766,completed,,False,high_compatibility
MATCH_5347,ALUMNI_M5866,S2215,48.0,2026-04-28 11:22:13.934970,accepted,45.0,True,auto_suggestion
MATCH_5348,ALUMNI_M257,S2816,44.0,2026-05-06 11:22:13.935168,pending,,False,specific_request
MATCH_5349,M770,S3400,51.0,2026-04-26 11:22:13.935393,rejected,60.0,False,admin_assigned
MATCH_5350,M2827,S519,46.0,2026-04-18 11:22:13.935597,completed,31.0,True,auto_suggestion
MATCH_5351,ALUMNI_M1517,S1502,51.0,2026-04-11 11:22:13.935840,pending,,False,specific_request
MATCH_5352,M707,S806,51.0,2026-04-24 11:22:13.936045,accepted,40.0,True,admin_assigned
MATCH_5353,ALUMNI_M224,S1436,51.0,2026-04-14 11:22:13.936255,pending,47.0,True,admin_assigned
MATCH_5354,ALUMNI_M5242,S1752,55.0,2026-04-28 11:22:13.936458,completed,50.0,False,high_compatibility
MATCH_5355,ALUMNI_M1495,S1155,44.0,2026-04-29 11:22:13.936655,rejected,1.0,True,auto_suggestion
MATCH_5356,M3884,S2584,51.0,2026-04-14 11:22:13.936873,accepted,24.0,False,high_compatibility
MATCH_5357,ALUMNI_M2295,S4153,39.0,2026-04-30 11:22:13.937076,rejected,14.0,True,auto_suggestion
MATCH_5358,M20,S555,46.56,2026-04-13 11:22:13.937289,rejected,,False,high_compatibility
MATCH_5359,ALUMNI_M140,S1369,51.0,2026-05-06 11:22:13.937486,completed,30.0,True,specific_request
MATCH_5360,ALUMNI_M5756,S1209,56.5,2026-04-10 11:22:13.937678,accepted,48.0,True,admin_assigned
MATCH_5361,ALUMNI_M2697,S4713,61.5,2026-04-24 11:22:13.937890,pending,,False,high_compatibility
MATCH_5362,ALUMNI_M1702,S1196,55.0,2026-04-26 11:22:13.938084,accepted,19.0,True,auto_suggestion
MATCH_5363,ALUMNI_M4395,S3694,44.0,2026-04-28 11:22:13.938290,pending,52.0,True,auto_suggestion
MATCH_5364,ALUMNI_M2363,S853,68.5,2026-04-28 11:22:13.938489,accepted,,True,high_compatibility
MATCH_5365,ALUMNI_M1385,S2803,48.78,2026-04-26 11:22:13.938742,rejected,,True,auto_suggestion
MATCH_5366,M4340,S3254,68.5,2026-04-08 11:22:13.938942,accepted,15.0,True,specific_request
MATCH_5367,M168,S2102,47.0,2026-04-08 11:22:13.939193,accepted,59.0,True,auto_suggestion
MATCH_5368,ALUMNI_M1775,S4067,51.0,2026-04-06 11:22:13.939428,pending,16.0,True,auto_suggestion
MATCH_5369,ALUMNI_M2904,S4573,44.0,2026-04-24 11:22:13.939676,pending,70.0,True,admin_assigned
MATCH_5370,ALUMNI_M5428,S3639,44.0,2026-04-08 11:22:13.939947,accepted,,True,high_compatibility
MATCH_5371,M3895,S3733,51.0,2026-04-28 11:22:13.940147,rejected,,True,admin_assigned
MATCH_5372,M3064,S4166,68.5,2026-04-06 11:22:13.940374,pending,,False,specific_request
MATCH_5373,ALUMNI_M5159,S2523,61.5,2026-04-23 11:22:13.940574,pending,,True,admin_assigned
MATCH_5374,M3592,S3371,51.0,2026-04-09 11:22:13.940785,rejected,,False,admin_assigned
MATCH_5375,M1162,S3359,79.17,2026-05-04 11:22:13.940979,accepted,62.0,False,specific_request
MATCH_5376,M3252,S2694,55.0,2026-04-23 11:22:13.941170,rejected,51.0,False,auto_suggestion
MATCH_5377,ALUMNI_M288,S3655,36.86,2026-04-29 11:22:13.941375,rejected,17.0,True,specific_request
MATCH_5378,M4983,S3791,44.0,2026-04-16 11:22:13.941574,accepted,,False,admin_assigned
MATCH_5379,M3125,S750,51.0,2026-04-27 11:22:13.941785,completed,41.0,True,admin_assigned
MATCH_5380,M293,S3685,51.0,2026-04-13 11:22:13.941978,pending,,False,specific_request
MATCH_5381,M921,S2848,44.0,2026-04-21 11:22:13.942168,pending,21.0,True,auto_suggestion
MATCH_5382,M4475,S4753,48.0,2026-04-19 11:22:13.942388,accepted,2.0,True,admin_assigned
MATCH_5383,M608,S4527,57.67,2026-04-27 11:22:13.942583,pending,,True,specific_request
MATCH_5384,ALUMNI_M100,S3543,44.0,2026-04-20 11:22:13.942797,completed,,True,auto_suggestion
MATCH_5385,ALUMNI_M780,S80,51.0,2026-05-06 11:22:13.942993,pending,3.0,False,auto_suggestion
MATCH_5386,ALUMNI_M1678,S3824,68.5,2026-04-29 11:22:13.943227,rejected,2.0,False,auto_suggestion
MATCH_5387,ALUMNI_M2448,S4499,51.0,2026-04-18 11:22:13.943422,completed,4.0,True,auto_suggestion
MATCH_5388,M3101,S1757,55.0,2026-04-10 11:22:13.943623,rejected,,False,specific_request
MATCH_5389,M1555,S2810,55.0,2026-04-11 11:22:13.943943,rejected,56.0,False,high_compatibility
MATCH_5390,ALUMNI_M2361,S3079,51.0,2026-05-01 11:22:13.944143,pending,37.0,True,specific_request
MATCH_5391,ALUMNI_M5541,S973,51.0,2026-04-18 11:22:13.944348,accepted,52.0,False,specific_request
MATCH_5392,M4867,S62,37.33,2026-04-20 11:22:13.944547,completed,,True,specific_request
MATCH_5393,ALUMNI_M5567,S2275,44.0,2026-04-21 11:22:13.944755,completed,46.0,False,admin_assigned
MATCH_5394,ALUMNI_M3846,S3434,48.0,2026-05-02 11:22:13.945013,accepted,19.0,False,admin_assigned
MATCH_5395,ALUMNI_M280,S4234,61.5,2026-04-18 11:22:13.945225,rejected,,False,admin_assigned
MATCH_5396,ALUMNI_M5958,S4061,61.5,2026-04-19 11:22:13.945420,completed,29.0,False,auto_suggestion
MATCH_5397,M3365,S2626,51.0,2026-04-17 11:22:13.945631,accepted,34.0,False,specific_request
MATCH_5398,M2875,S1724,44.0,2026-04-08 11:22:13.945842,rejected,59.0,False,admin_assigned
MATCH_5399,ALUMNI_M3133,S984,68.5,2026-04-08 11:22:13.946035,rejected,,True,specific_request
MATCH_5400,ALUMNI_M832,S3634,39.0,2026-05-02 11:22:13.946234,pending,,True,auto_suggestion
MATCH_5401,M2767,S320,51.0,2026-04-14 11:22:13.946427,accepted,,True,high_compatibility
MATCH_5402,ALUMNI_M1248,S3881,48.0,2026-05-06 11:22:13.946631,accepted,17.0,False,auto_suggestion
MATCH_5403,ALUMNI_M2473,S4101,55.0,2026-04-18 11:22:13.946838,completed,,False,specific_request
MATCH_5404,M1259,S744,44.0,2026-04-27 11:22:13.947028,completed,,False,specific_request
MATCH_5405,ALUMNI_M3290,S758,51.0,2026-04-06 11:22:13.947224,pending,33.0,True,high_compatibility
MATCH_5406,ALUMNI_M4704,S3070,44.0,2026-04-06 11:22:13.947419,accepted,37.0,False,auto_suggestion
MATCH_5407,M4437,S3818,56.67,2026-04-19 11:22:13.947615,rejected,55.0,False,high_compatibility
MATCH_5408,M611,S1903,55.0,2026-04-26 11:22:13.947835,pending,29.0,False,specific_request
MATCH_5409,ALUMNI_M2617,S2104,44.0,2026-05-04 11:22:13.948028,accepted,40.0,True,high_compatibility
MATCH_5410,M3757,S2071,44.0,2026-04-08 11:22:13.948224,pending,,True,admin_assigned
MATCH_5411,ALUMNI_M1675,S1166,38.44,2026-04-22 11:22:13.948415,completed,41.0,False,auto_suggestion
MATCH_5412,M4086,S3724,51.0,2026-05-03 11:22:13.948612,rejected,,True,auto_suggestion
MATCH_5413,M2102,S486,68.5,2026-04-24 11:22:13.948823,pending,,False,auto_suggestion
MATCH_5414,ALUMNI_M2344,S318,61.5,2026-04-18 11:22:13.949012,accepted,61.0,True,admin_assigned
MATCH_5415,M892,S2306,50.71,2026-04-29 11:22:13.949209,completed,,False,admin_assigned
MATCH_5416,ALUMNI_M1838,S574,61.5,2026-04-29 11:22:13.949401,accepted,7.0,False,auto_suggestion
MATCH_5417,M4536,S4880,68.5,2026-04-16 11:22:13.949593,rejected,32.0,False,high_compatibility
MATCH_5418,M1548,S4276,61.5,2026-04-29 11:22:13.949800,completed,44.0,False,auto_suggestion
MATCH_5419,ALUMNI_M410,S4424,51.0,2026-04-21 11:22:13.949992,rejected,66.0,True,specific_request
MATCH_5420,ALUMNI_M3898,S3593,44.0,2026-04-30 11:22:13.950191,accepted,20.0,False,high_compatibility
MATCH_5421,M1485,S271,72.17,2026-04-11 11:22:13.950382,accepted,,False,high_compatibility
MATCH_5422,ALUMNI_M603,S2933,55.0,2026-04-22 11:22:13.950575,rejected,,True,high_compatibility
MATCH_5423,ALUMNI_M4703,S456,51.0,2026-05-02 11:22:13.950786,completed,50.0,False,specific_request
MATCH_5424,M2797,S2101,51.0,2026-04-10 11:22:13.950986,pending,65.0,False,high_compatibility
MATCH_5425,ALUMNI_M445,S563,44.0,2026-04-23 11:22:13.951194,accepted,,False,specific_request
MATCH_5426,M3418,S3001,51.0,2026-04-17 11:22:13.951386,pending,36.0,False,high_compatibility
MATCH_5427,ALUMNI_M480,S3220,72.5,2026-05-05 11:22:13.951587,rejected,55.0,False,admin_assigned
MATCH_5428,M4066,S2082,51.0,2026-04-16 11:22:13.951791,accepted,,True,high_compatibility
MATCH_5429,ALUMNI_M582,S1497,50.67,2026-04-24 11:22:13.951990,pending,35.0,False,specific_request
MATCH_5430,M3795,S4253,48.0,2026-04-24 11:22:13.952177,pending,,False,auto_suggestion
MATCH_5431,M391,S1342,51.0,2026-04-22 11:22:13.952374,rejected,29.0,True,high_compatibility
MATCH_5432,M2260,S771,44.0,2026-04-06 11:22:13.952565,pending,59.0,True,high_compatibility
MATCH_5433,M2374,S497,51.0,2026-04-25 11:22:13.952875,accepted,,True,admin_assigned
MATCH_5434,ALUMNI_M49,S2197,48.0,2026-05-04 11:22:13.953097,pending,30.0,True,specific_request
MATCH_5435,M151,S4648,48.14,2026-04-22 11:22:13.953307,completed,59.0,True,high_compatibility
MATCH_5436,M971,S1365,51.0,2026-04-16 11:22:13.953501,rejected,34.0,True,auto_suggestion
MATCH_5437,ALUMNI_M2250,S4691,68.5,2026-05-06 11:22:13.953800,accepted,38.0,True,admin_assigned
MATCH_5438,ALUMNI_M1034,S3413,68.5,2026-04-25 11:22:13.954135,accepted,9.0,True,auto_suggestion
MATCH_5439,ALUMNI_M574,S3149,55.0,2026-04-25 11:22:13.954358,accepted,32.0,False,high_compatibility
MATCH_5440,ALUMNI_M1303,S110,55.0,2026-04-21 11:22:13.954563,rejected,61.0,True,high_compatibility
MATCH_5441,ALUMNI_M3153,S3788,51.0,2026-04-24 11:22:13.954832,completed,64.0,True,specific_request
MATCH_5442,M1680,S1290,37.33,2026-04-16 11:22:13.955043,rejected,,True,auto_suggestion
MATCH_5443,M855,S601,67.25,2026-05-05 11:22:13.955244,pending,67.0,False,auto_suggestion
MATCH_5444,M2145,S271,44.0,2026-05-06 11:22:13.955435,pending,39.0,True,high_compatibility
MATCH_5445,M2988,S1185,48.0,2026-04-17 11:22:13.955626,completed,60.0,False,high_compatibility
MATCH_5446,ALUMNI_M3537,S1027,44.0,2026-05-01 11:22:13.955840,rejected,20.0,False,auto_suggestion
MATCH_5447,ALUMNI_M1119,S997,46.57,2026-05-05 11:22:13.956065,accepted,,False,admin_assigned
MATCH_5448,ALUMNI_M254,S1171,48.5,2026-04-06 11:22:13.956271,rejected,,False,admin_assigned
MATCH_5449,M3539,S3138,55.0,2026-04-06 11:22:13.956466,accepted,,True,high_compatibility
MATCH_5450,ALUMNI_M2241,S2624,57.67,2026-05-05 11:22:13.956657,completed,7.0,True,auto_suggestion
MATCH_5451,M3986,S2755,39.0,2026-04-17 11:22:13.956867,rejected,20.0,False,high_compatibility
MATCH_5452,M1588,S1441,44.0,2026-04-28 11:22:13.957056,completed,50.0,True,specific_request
MATCH_5453,M4056,S1999,72.5,2026-04-13 11:22:13.957252,accepted,36.0,True,high_compatibility
MATCH_5454,ALUMNI_M5800,S1822,44.0,2026-04-22 11:22:13.957446,completed,,False,admin_assigned
MATCH_5455,ALUMNI_M700,S3851,55.0,2026-04-21 11:22:13.957636,completed,65.0,True,admin_assigned
MATCH_5456,ALUMNI_M2275,S1189,44.0,2026-04-09 11:22:13.957843,rejected,49.0,True,auto_suggestion
MATCH_5457,M906,S3885,55.0,2026-04-25 11:22:13.958031,accepted,13.0,False,high_compatibility
MATCH_5458,M4781,S1285,44.75,2026-04-13 11:22:13.958227,pending,,False,auto_suggestion
MATCH_5459,ALUMNI_M3561,S2261,61.5,2026-05-03 11:22:13.958417,pending,,True,auto_suggestion
MATCH_5460,M3493,S2296,57.67,2026-04-16 11:22:13.958609,rejected,29.0,True,admin_assigned
MATCH_5461,M3740,S2662,44.0,2026-04-10 11:22:13.958823,rejected,,True,admin_assigned
MATCH_5462,ALUMNI_M4837,S3701,47.25,2026-05-01 11:22:13.959014,completed,,True,auto_suggestion
MATCH_5463,M1365,S4978,51.0,2026-04-20 11:22:13.959209,pending,15.0,False,admin_assigned
MATCH_5464,M1877,S4561,54.33,2026-04-09 11:22:13.959402,accepted,45.0,True,auto_suggestion
MATCH_5465,M3631,S55,44.0,2026-04-09 11:22:13.959598,accepted,41.0,False,admin_assigned
MATCH_5466,ALUMNI_M30,S1863,68.5,2026-04-29 11:22:13.959816,rejected,,True,specific_request
MATCH_5467,M2439,S1139,51.0,2026-04-28 11:22:13.960009,pending,59.0,False,specific_request
MATCH_5468,M342,S874,51.0,2026-04-14 11:22:13.960209,pending,1.0,False,admin_assigned
MATCH_5469,M1066,S3700,56.5,2026-04-12 11:22:13.960399,pending,15.0,True,auto_suggestion
MATCH_5470,M4539,S1867,54.33,2026-04-21 11:22:13.960593,accepted,30.0,True,admin_assigned
MATCH_5471,M812,S3712,45.44,2026-04-23 11:22:13.960798,rejected,40.0,False,specific_request
MATCH_5472,ALUMNI_M4838,S2390,49.57,2026-04-07 11:22:13.960990,rejected,,True,high_compatibility
MATCH_5473,ALUMNI_M440,S586,55.0,2026-04-28 11:22:13.961181,completed,,False,specific_request
MATCH_5474,M2157,S1118,44.0,2026-05-02 11:22:13.961382,accepted,,True,specific_request
MATCH_5475,ALUMNI_M1318,S4011,51.0,2026-05-01 11:22:13.961573,rejected,20.0,True,high_compatibility
MATCH_5476,ALUMNI_M419,S1317,51.0,2026-05-04 11:22:13.961776,pending,61.0,True,high_compatibility
MATCH_5477,ALUMNI_M5109,S710,65.5,2026-04-20 11:22:13.961966,rejected,17.0,False,high_compatibility
MATCH_5478,M2874,S869,51.25,2026-04-22 11:22:13.962153,rejected,7.0,False,high_compatibility
MATCH_5479,ALUMNI_M5156,S2825,51.0,2026-04-17 11:22:13.962363,pending,58.0,False,specific_request
MATCH_5480,ALUMNI_M3326,S732,68.5,2026-04-22 11:22:13.962561,pending,,False,high_compatibility
MATCH_5481,ALUMNI_M2069,S3313,55.0,2026-05-01 11:22:13.962791,rejected,,True,specific_request
MATCH_5482,ALUMNI_M5319,S3217,45.44,2026-04-09 11:22:13.962982,rejected,31.0,False,auto_suggestion
MATCH_5483,M3163,S3317,51.0,2026-05-06 11:22:13.963246,accepted,29.0,False,auto_suggestion
MATCH_5484,ALUMNI_M4857,S4396,44.0,2026-04-28 11:22:13.963469,rejected,,False,specific_request
MATCH_5485,ALUMNI_M1485,S1873,57.67,2026-04-12 11:22:13.963670,completed,53.0,True,auto_suggestion
MATCH_5486,ALUMNI_M2425,S754,55.0,2026-04-17 11:22:13.963899,accepted,40.0,True,high_compatibility
MATCH_5487,M2408,S14,51.0,2026-04-07 11:22:13.964094,accepted,54.0,False,specific_request
MATCH_5488,ALUMNI_M2610,S2246,48.95,2026-04-12 11:22:13.964332,rejected,43.0,False,high_compatibility
MATCH_5489,ALUMNI_M2384,S1592,46.0,2026-04-26 11:22:13.964540,completed,23.0,False,high_compatibility
MATCH_5490,M3527,S2989,68.5,2026-04-28 11:22:13.964748,rejected,33.0,True,specific_request
MATCH_5491,ALUMNI_M4173,S1018,62.25,2026-04-28 11:22:13.964943,rejected,17.0,True,high_compatibility
MATCH_5492,M617,S1961,42.33,2026-04-11 11:22:13.965133,completed,48.0,False,high_compatibility
MATCH_5493,M588,S309,49.33,2026-04-07 11:22:13.965341,accepted,37.0,True,admin_assigned
MATCH_5494,ALUMNI_M2470,S1198,48.0,2026-04-15 11:22:13.965538,completed,,True,auto_suggestion
MATCH_5495,ALUMNI_M5986,S1513,43.56,2026-04-26 11:22:13.965743,completed,,False,specific_request
MATCH_5496,M3940,S4270,44.0,2026-04-20 11:22:13.965937,rejected,,True,high_compatibility
MATCH_5497,ALUMNI_M4997,S2557,51.0,2026-04-16 11:22:13.966125,rejected,14.0,True,specific_request
MATCH_5498,M1820,S4748,72.5,2026-05-04 11:22:13.966322,rejected,,False,auto_suggestion
MATCH_5499,ALUMNI_M3655,S4657,44.0,2026-05-04 11:22:13.966516,rejected,,True,specific_request
MATCH_5500,ALUMNI_M5636,S4521,44.0,2026-04-25 11:22:13.966723,pending,19.0,False,auto_suggestion
MATCH_5501,ALUMNI_M5404,S2588,68.5,2026-04-24 11:22:13.966915,accepted,2.0,False,high_compatibility
MATCH_5502,M3689,S3075,50.67,2026-04-22 11:22:13.967105,completed,16.0,True,admin_assigned
MATCH_5503,ALUMNI_M4378,S3711,65.5,2026-04-08 11:22:13.967306,rejected,42.0,True,specific_request
MATCH_5504,ALUMNI_M1523,S4604,51.0,2026-04-17 11:22:13.967528,rejected,17.0,False,high_compatibility
MATCH_5505,ALUMNI_M3310,S3368,61.67,2026-04-27 11:22:13.967752,accepted,5.0,False,auto_suggestion
MATCH_5506,M3394,S571,61.5,2026-04-07 11:22:13.967956,pending,42.0,True,admin_assigned
MATCH_5507,M1720,S4823,44.0,2026-05-03 11:22:13.968165,rejected,,False,high_compatibility
MATCH_5508,ALUMNI_M442,S4655,68.5,2026-04-10 11:22:13.968366,pending,,True,high_compatibility
MATCH_5509,ALUMNI_M4345,S909,51.0,2026-04-25 11:22:13.968558,completed,,False,high_compatibility
MATCH_5510,ALUMNI_M2369,S2277,51.0,2026-04-21 11:22:13.968766,pending,68.0,False,auto_suggestion
MATCH_5511,M2058,S1069,42.89,2026-04-17 11:22:13.968958,accepted,44.0,False,auto_suggestion
MATCH_5512,ALUMNI_M3880,S4434,51.0,2026-04-27 11:22:13.969148,accepted,,True,admin_assigned
MATCH_5513,ALUMNI_M317,S4,51.0,2026-04-30 11:22:13.969350,accepted,64.0,False,auto_suggestion
MATCH_5514,ALUMNI_M29,S2378,44.0,2026-04-30 11:22:13.969544,rejected,45.0,False,auto_suggestion
MATCH_5515,M3692,S521,44.0,2026-05-05 11:22:13.969749,completed,30.0,False,admin_assigned
MATCH_5516,M2663,S1491,41.78,2026-04-29 11:22:13.969942,completed,,False,specific_request
MATCH_5517,ALUMNI_M5547,S1989,61.5,2026-04-06 11:22:13.970131,completed,2.0,True,admin_assigned
MATCH_5518,ALUMNI_M5765,S639,51.0,2026-04-22 11:22:13.970329,accepted,,True,high_compatibility
MATCH_5519,ALUMNI_M1425,S3011,51.0,2026-04-18 11:22:13.970520,pending,46.0,True,auto_suggestion
MATCH_5520,M432,S4599,51.0,2026-04-10 11:22:13.970719,accepted,32.0,False,specific_request
MATCH_5521,ALUMNI_M4081,S2835,55.0,2026-04-14 11:22:13.970913,accepted,21.0,True,high_compatibility
MATCH_5522,M1171,S2298,55.0,2026-04-08 11:22:13.971099,pending,61.0,False,high_compatibility
MATCH_5523,ALUMNI_M1523,S2411,44.0,2026-04-12 11:22:13.971298,completed,66.0,True,specific_request
MATCH_5524,M1889,S3953,48.5,2026-04-23 11:22:13.971492,completed,11.0,False,auto_suggestion
MATCH_5525,ALUMNI_M3445,S1856,65.5,2026-04-30 11:22:13.971697,completed,,True,specific_request
MATCH_5526,M134,S1558,51.0,2026-04-11 11:22:13.971994,rejected,,True,auto_suggestion
MATCH_5527,ALUMNI_M1091,S2511,44.0,2026-04-27 11:22:13.972196,pending,23.0,True,admin_assigned
MATCH_5528,M372,S1169,40.67,2026-04-25 11:22:13.972388,pending,,False,admin_assigned
MATCH_5529,M1537,S2381,47.67,2026-04-13 11:22:13.972579,pending,72.0,True,specific_request
MATCH_5530,ALUMNI_M871,S3280,44.0,2026-04-13 11:22:13.972798,accepted,34.0,True,auto_suggestion
MATCH_5531,ALUMNI_M1579,S1605,75.17,2026-04-17 11:22:13.972990,completed,40.0,True,high_compatibility
MATCH_5532,ALUMNI_M5861,S1701,48.17,2026-04-22 11:22:13.973178,accepted,,False,high_compatibility
MATCH_5533,ALUMNI_M973,S1257,68.5,2026-05-02 11:22:13.973375,completed,23.0,True,admin_assigned
MATCH_5534,ALUMNI_M272,S4975,61.67,2026-04-19 11:22:13.973568,accepted,55.0,False,high_compatibility
MATCH_5535,ALUMNI_M2381,S4110,67.39,2026-05-01 11:22:13.973775,completed,57.0,False,high_compatibility
MATCH_5536,M1194,S354,48.0,2026-04-23 11:22:13.973965,accepted,24.0,True,specific_request
MATCH_5537,M4507,S2143,51.0,2026-04-20 11:22:13.974154,completed,,False,auto_suggestion
MATCH_5538,ALUMNI_M1854,S2598,55.0,2026-04-26 11:22:13.974350,accepted,55.0,True,auto_suggestion
MATCH_5539,M3403,S628,44.0,2026-05-02 11:22:13.974551,pending,60.0,True,specific_request
MATCH_5540,ALUMNI_M3695,S4441,51.0,2026-04-20 11:22:13.974755,rejected,29.0,False,admin_assigned
MATCH_5541,ALUMNI_M5774,S3875,51.0,2026-05-03 11:22:13.974948,rejected,72.0,False,high_compatibility
MATCH_5542,M4191,S325,51.0,2026-04-12 11:22:13.975140,completed,4.0,True,high_compatibility
MATCH_5543,M4109,S3080,62.5,2026-04-22 11:22:13.975335,pending,51.0,False,specific_request
MATCH_5544,M2064,S4001,68.5,2026-04-17 11:22:13.975539,rejected,,True,auto_suggestion
MATCH_5545,ALUMNI_M2937,S2011,44.0,2026-04-15 11:22:13.975743,rejected,55.0,True,specific_request
MATCH_5546,ALUMNI_M5439,S793,51.0,2026-04-18 11:22:13.975936,accepted,,True,auto_suggestion
MATCH_5547,M2619,S3726,51.0,2026-04-17 11:22:13.976127,completed,60.0,True,auto_suggestion
MATCH_5548,ALUMNI_M3873,S1242,44.0,2026-04-22 11:22:13.976330,pending,,True,specific_request
MATCH_5549,M2147,S1435,44.0,2026-04-13 11:22:13.976518,pending,,False,auto_suggestion
MATCH_5550,M2756,S4855,48.0,2026-04-16 11:22:13.976758,rejected,38.0,True,admin_assigned
MATCH_5551,M1038,S3198,45.29,2026-05-03 11:22:13.976997,pending,18.0,False,high_compatibility
MATCH_5552,M1784,S4757,37.33,2026-04-15 11:22:13.977197,rejected,,False,auto_suggestion
MATCH_5553,ALUMNI_M5692,S252,48.0,2026-04-09 11:22:13.977395,completed,,True,high_compatibility
MATCH_5554,M166,S3160,72.5,2026-04-18 11:22:13.977591,completed,48.0,False,specific_request
MATCH_5555,ALUMNI_M465,S2684,51.0,2026-04-21 11:22:13.977801,pending,29.0,False,high_compatibility
MATCH_5556,ALUMNI_M5236,S1521,54.67,2026-04-30 11:22:13.978001,completed,35.0,True,admin_assigned
MATCH_5557,ALUMNI_M2693,S3028,51.0,2026-04-11 11:22:13.978204,pending,9.0,True,auto_suggestion
MATCH_5558,ALUMNI_M1937,S1197,54.67,2026-04-10 11:22:13.978398,rejected,72.0,True,specific_request
MATCH_5559,M2452,S778,51.0,2026-05-03 11:22:13.978589,completed,,False,specific_request
MATCH_5560,M2046,S4789,48.0,2026-05-04 11:22:13.978793,completed,16.0,False,admin_assigned
MATCH_5561,ALUMNI_M2566,S4397,38.29,2026-04-22 11:22:13.978991,pending,45.0,True,high_compatibility
MATCH_5562,ALUMNI_M3427,S379,55.0,2026-04-10 11:22:13.979189,pending,,True,admin_assigned
MATCH_5563,ALUMNI_M2070,S2597,51.0,2026-04-29 11:22:13.979379,rejected,,False,admin_assigned
MATCH_5564,ALUMNI_M4684,S1708,44.0,2026-04-06 11:22:13.979583,rejected,64.0,False,specific_request
MATCH_5565,ALUMNI_M3287,S1601,51.0,2026-05-04 11:22:13.979791,pending,12.0,True,admin_assigned
MATCH_5566,M4708,S3757,48.78,2026-04-12 11:22:13.979983,pending,29.0,True,admin_assigned
MATCH_5567,ALUMNI_M328,S1642,55.0,2026-04-11 11:22:13.980170,rejected,,False,high_compatibility
MATCH_5568,ALUMNI_M5742,S1402,43.5,2026-05-03 11:22:13.980368,pending,35.0,False,admin_assigned
MATCH_5569,M1228,S3602,51.0,2026-04-17 11:22:13.980559,rejected,,True,high_compatibility
MATCH_5570,ALUMNI_M877,S967,41.78,2026-04-10 11:22:13.980764,pending,,False,admin_assigned
MATCH_5571,M3877,S4907,55.0,2026-04-11 11:22:13.980954,completed,11.0,True,specific_request
MATCH_5572,ALUMNI_M2395,S4847,48.0,2026-04-25 11:22:13.981142,pending,38.0,False,high_compatibility
MATCH_5573,M1177,S2908,44.0,2026-04-10 11:22:13.981339,rejected,3.0,False,high_compatibility
MATCH_5574,M4748,S3704,44.0,2026-04-20 11:22:13.981530,completed,3.0,False,specific_request
MATCH_5575,M3013,S3309,51.0,2026-04-16 11:22:13.981783,rejected,,True,specific_request
MATCH_5576,ALUMNI_M4754,S1589,51.67,2026-04-17 11:22:13.982106,pending,,True,specific_request
MATCH_5577,ALUMNI_M4931,S3831,44.0,2026-04-09 11:22:13.982412,rejected,66.0,False,admin_assigned
MATCH_5578,M2466,S114,55.0,2026-04-23 11:22:13.982650,pending,55.0,False,auto_suggestion
MATCH_5579,M3029,S869,51.0,2026-04-21 11:22:13.982871,accepted,,True,auto_suggestion
MATCH_5580,ALUMNI_M3331,S3827,51.0,2026-04-13 11:22:13.983088,accepted,,False,auto_suggestion
MATCH_5581,M1930,S577,61.67,2026-05-05 11:22:13.983289,rejected,67.0,False,admin_assigned
MATCH_5582,ALUMNI_M494,S1785,51.0,2026-04-14 11:22:13.983483,pending,,True,specific_request
MATCH_5583,M4862,S3832,48.0,2026-04-28 11:22:13.983682,rejected,41.0,False,high_compatibility
MATCH_5584,M3359,S2323,51.0,2026-04-13 11:22:13.983892,rejected,16.0,False,admin_assigned
MATCH_5585,M766,S4246,44.0,2026-04-16 11:22:13.984082,completed,,True,admin_assigned
MATCH_5586,ALUMNI_M4329,S4614,48.0,2026-04-22 11:22:13.984280,pending,,True,admin_assigned
MATCH_5587,ALUMNI_M2178,S3823,61.5,2026-04-19 11:22:13.984469,accepted,,False,specific_request
MATCH_5588,M2417,S959,44.0,2026-04-22 11:22:13.984668,accepted,28.0,False,high_compatibility
MATCH_5589,M1612,S2009,51.0,2026-04-19 11:22:13.984878,accepted,71.0,True,admin_assigned
MATCH_5590,ALUMNI_M4534,S3899,44.0,2026-04-29 11:22:13.985074,rejected,18.0,True,specific_request
MATCH_5591,M2679,S2561,68.83,2026-04-26 11:22:13.985274,pending,,True,admin_assigned
MATCH_5592,M1167,S808,55.0,2026-04-11 11:22:13.985465,rejected,57.0,False,specific_request
MATCH_5593,ALUMNI_M5806,S3560,44.0,2026-04-11 11:22:13.985654,pending,55.0,True,admin_assigned
MATCH_5594,M3444,S1822,41.78,2026-05-06 11:22:13.985863,accepted,66.0,False,high_compatibility
MATCH_5595,ALUMNI_M691,S4322,54.67,2026-04-28 11:22:13.986053,pending,,True,admin_assigned
MATCH_5596,M3634,S798,51.0,2026-04-17 11:22:13.986249,accepted,,True,admin_assigned
MATCH_5597,M848,S4488,65.5,2026-04-10 11:22:13.986436,accepted,,True,admin_assigned
MATCH_5598,M768,S335,48.0,2026-04-18 11:22:13.986621,completed,,True,auto_suggestion
MATCH_5599,ALUMNI_M59,S1543,61.5,2026-04-08 11:22:13.986827,completed,53.0,True,auto_suggestion
MATCH_5600,ALUMNI_M100,S4010,47.67,2026-04-09 11:22:13.987015,completed,,True,high_compatibility
MATCH_5601,M4784,S370,43.86,2026-04-20 11:22:13.987217,pending,6.0,False,specific_request
MATCH_5602,M4102,S673,44.0,2026-05-02 11:22:13.987406,rejected,17.0,True,auto_suggestion
MATCH_5603,M1792,S872,51.0,2026-04-29 11:22:13.987607,completed,26.0,False,admin_assigned
MATCH_5604,M3663,S2124,51.0,2026-04-23 11:22:13.987814,rejected,,False,auto_suggestion
MATCH_5605,M3542,S3762,51.0,2026-05-03 11:22:13.988000,accepted,63.0,True,specific_request
MATCH_5606,M2279,S2364,50.56,2026-04-11 11:22:13.988192,accepted,,True,admin_assigned
MATCH_5607,ALUMNI_M5457,S275,51.0,2026-05-03 11:22:13.988384,rejected,52.0,False,auto_suggestion
MATCH_5608,M2280,S1069,44.0,2026-05-01 11:22:13.988572,completed,19.0,True,specific_request
MATCH_5609,ALUMNI_M4188,S2919,48.33,2026-04-15 11:22:13.988779,completed,,False,auto_suggestion
MATCH_5610,M1740,S3098,48.0,2026-04-24 11:22:13.988967,rejected,23.0,True,admin_assigned
MATCH_5611,ALUMNI_M3406,S2240,48.0,2026-04-29 11:22:13.989153,completed,,True,high_compatibility
MATCH_5612,M2958,S4347,51.0,2026-04-22 11:22:13.989357,rejected,66.0,True,specific_request
MATCH_5613,M1085,S1496,46.56,2026-04-07 11:22:13.989556,rejected,24.0,True,specific_request
MATCH_5614,ALUMNI_M1795,S2113,44.0,2026-04-23 11:22:13.989765,completed,,True,admin_assigned
MATCH_5615,ALUMNI_M1984,S81,51.0,2026-04-28 11:22:13.989960,accepted,4.0,True,auto_suggestion
MATCH_5616,M2529,S4336,65.5,2026-04-11 11:22:13.990149,rejected,8.0,True,admin_assigned
MATCH_5617,ALUMNI_M144,S696,50.67,2026-04-20 11:22:13.990351,accepted,69.0,True,specific_request
MATCH_5618,M3104,S2535,44.0,2026-04-23 11:22:13.990544,accepted,37.0,True,specific_request
MATCH_5619,ALUMNI_M1417,S4703,68.5,2026-04-07 11:22:13.990751,completed,63.0,True,admin_assigned
MATCH_5620,M4620,S758,51.0,2026-04-28 11:22:13.990955,completed,,True,admin_assigned
MATCH_5621,M548,S3809,68.5,2026-04-22 11:22:13.991156,rejected,9.0,True,specific_request
MATCH_5622,M4176,S2468,72.5,2026-04-06 11:22:13.991359,pending,,True,admin_assigned
MATCH_5623,M1702,S2575,55.0,2026-04-19 11:22:13.991550,pending,66.0,False,high_compatibility
MATCH_5624,ALUMNI_M5021,S1275,51.0,2026-04-06 11:22:13.991758,accepted,14.0,True,high_compatibility
MATCH_5625,M1649,S2201,45.0,2026-05-06 11:22:13.991951,rejected,,True,high_compatibility
MATCH_5626,M2623,S4202,40.67,2026-04-20 11:22:13.992139,pending,59.0,False,admin_assigned
MATCH_5627,ALUMNI_M668,S473,68.5,2026-05-06 11:22:13.992338,pending,5.0,False,specific_request
MATCH_5628,ALUMNI_M2890,S2036,51.0,2026-04-16 11:22:13.992531,completed,26.0,True,specific_request
MATCH_5629,ALUMNI_M5295,S676,44.0,2026-04-09 11:22:13.992742,pending,19.0,False,auto_suggestion
MATCH_5630,ALUMNI_M1456,S3536,72.5,2026-04-25 11:22:13.992936,completed,2.0,False,auto_suggestion
MATCH_5631,M3849,S4784,61.5,2026-04-22 11:22:13.993124,completed,2.0,True,specific_request
MATCH_5632,ALUMNI_M3033,S3008,51.0,2026-04-20 11:22:13.993323,pending,,False,specific_request
MATCH_5633,ALUMNI_M69,S1603,75.83,2026-04-13 11:22:13.993516,accepted,41.0,False,specific_request
MATCH_5634,ALUMNI_M3361,S3069,51.0,2026-04-30 11:22:13.993722,rejected,47.0,True,specific_request
MATCH_5635,M1295,S4316,41.14,2026-04-09 11:22:13.993919,rejected,12.0,True,auto_suggestion
MATCH_5636,ALUMNI_M5703,S4303,51.0,2026-04-10 11:22:13.994106,completed,72.0,True,specific_request
MATCH_5637,M2316,S4871,48.0,2026-04-13 11:22:13.994366,accepted,,True,high_compatibility
MATCH_5638,ALUMNI_M4351,S145,55.0,2026-04-11 11:22:13.994580,completed,11.0,True,admin_assigned
MATCH_5639,M4814,S2807,55.0,2026-05-03 11:22:13.994793,completed,,True,admin_assigned
MATCH_5640,ALUMNI_M5942,S1632,51.0,2026-04-23 11:22:13.994983,completed,41.0,True,admin_assigned
MATCH_5641,M4243,S924,55.0,2026-04-09 11:22:13.995255,rejected,38.0,False,specific_request
MATCH_5642,ALUMNI_M248,S1468,44.0,2026-04-30 11:22:13.995481,pending,30.0,True,specific_request
MATCH_5643,M4435,S3528,51.0,2026-04-06 11:22:13.995678,pending,23.0,False,high_compatibility
MATCH_5644,ALUMNI_M682,S2706,40.22,2026-04-28 11:22:13.995897,rejected,11.0,False,admin_assigned
MATCH_5645,M260,S4965,55.0,2026-04-24 11:22:13.996090,accepted,55.0,False,high_compatibility
MATCH_5646,M2606,S4793,50.17,2026-04-15 11:22:13.996350,completed,39.0,True,high_compatibility
MATCH_5647,M479,S394,55.0,2026-04-14 11:22:13.996549,rejected,64.0,True,admin_assigned
MATCH_5648,ALUMNI_M2983,S1062,44.0,2026-05-02 11:22:13.996770,pending,12.0,True,specific_request
MATCH_5649,ALUMNI_M4480,S3987,48.0,2026-04-15 11:22:13.996965,completed,51.0,False,auto_suggestion
MATCH_5650,M3475,S2710,51.0,2026-04-23 11:22:13.997154,accepted,62.0,False,auto_suggestion
MATCH_5651,ALUMNI_M1209,S197,48.0,2026-04-14 11:22:13.997360,accepted,47.0,True,auto_suggestion
MATCH_5652,ALUMNI_M4511,S3905,48.0,2026-05-05 11:22:13.997568,completed,,True,admin_assigned
MATCH_5653,ALUMNI_M2184,S3526,39.0,2026-04-24 11:22:13.997774,completed,34.0,True,specific_request
MATCH_5654,M2578,S3187,43.86,2026-04-23 11:22:13.997968,accepted,,True,specific_request
MATCH_5655,ALUMNI_M2600,S2516,51.0,2026-04-18 11:22:13.998156,rejected,,False,specific_request
MATCH_5656,ALUMNI_M4796,S1596,51.0,2026-04-18 11:22:13.998357,completed,,True,auto_suggestion
MATCH_5657,ALUMNI_M1611,S1531,61.5,2026-05-05 11:22:13.998548,rejected,,True,specific_request
MATCH_5658,M1329,S4636,51.0,2026-04-13 11:22:13.998754,completed,22.0,False,high_compatibility
MATCH_5659,M4681,S1969,44.0,2026-05-01 11:22:13.998953,completed,67.0,True,auto_suggestion
MATCH_5660,M3489,S1133,43.5,2026-05-03 11:22:13.999141,rejected,40.0,True,auto_suggestion
MATCH_5661,ALUMNI_M1179,S4046,61.5,2026-04-07 11:22:13.999355,pending,38.0,False,admin_assigned
MATCH_5662,ALUMNI_M4284,S2676,51.0,2026-04-29 11:22:13.999547,pending,50.0,False,admin_assigned
MATCH_5663,ALUMNI_M803,S2309,48.0,2026-04-12 11:22:13.999756,rejected,2.0,True,admin_assigned
MATCH_5664,ALUMNI_M2328,S3707,44.0,2026-04-24 11:22:13.999948,pending,12.0,True,auto_suggestion
MATCH_5665,ALUMNI_M1972,S3080,51.0,2026-05-05 11:22:14.000145,completed,10.0,True,auto_suggestion
MATCH_5666,M3655,S672,51.0,2026-04-08 11:22:14.000346,rejected,39.0,False,admin_assigned
MATCH_5667,ALUMNI_M866,S3720,55.0,2026-04-14 11:22:14.000540,rejected,,True,specific_request
MATCH_5668,M682,S259,48.0,2026-04-16 11:22:14.000745,completed,72.0,False,admin_assigned
MATCH_5669,ALUMNI_M616,S4308,61.5,2026-04-26 11:22:14.000939,pending,19.0,True,specific_request
MATCH_5670,M2246,S4153,44.0,2026-04-23 11:22:14.001128,pending,1.0,True,high_compatibility
MATCH_5671,ALUMNI_M4006,S3198,51.0,2026-05-02 11:22:14.001331,completed,,True,high_compatibility
MATCH_5672,ALUMNI_M2724,S1768,51.0,2026-04-08 11:22:14.001523,completed,71.0,True,specific_request
MATCH_5673,ALUMNI_M1525,S595,50.67,2026-05-06 11:22:14.001728,pending,1.0,False,auto_suggestion
MATCH_5674,M3102,S3430,44.0,2026-04-13 11:22:14.001923,accepted,,False,high_compatibility
MATCH_5675,ALUMNI_M597,S1327,61.5,2026-04-27 11:22:14.002111,rejected,,False,admin_assigned
MATCH_5676,M4453,S656,75.17,2026-04-22 11:22:14.002310,completed,,False,high_compatibility
MATCH_5677,M1026,S3444,44.0,2026-04-06 11:22:14.002503,pending,,True,specific_request
MATCH_5678,M216,S773,53.57,2026-04-20 11:22:14.002714,accepted,55.0,True,admin_assigned
MATCH_5679,M1540,S373,44.0,2026-04-22 11:22:14.002910,completed,,True,high_compatibility
MATCH_5680,M703,S1506,44.0,2026-04-30 11:22:14.003119,rejected,42.0,False,admin_assigned
MATCH_5681,ALUMNI_M2687,S4812,44.0,2026-05-04 11:22:14.003329,pending,60.0,False,high_compatibility
MATCH_5682,ALUMNI_M1937,S1562,68.5,2026-04-15 11:22:14.003523,completed,,True,auto_suggestion
MATCH_5683,M4999,S3984,44.0,2026-04-12 11:22:14.003724,rejected,,True,high_compatibility
MATCH_5684,M2279,S2567,59.83,2026-05-04 11:22:14.003921,pending,21.0,False,admin_assigned
MATCH_5685,ALUMNI_M3251,S4965,61.5,2026-04-15 11:22:14.004240,pending,13.0,False,high_compatibility
MATCH_5686,ALUMNI_M5840,S4844,55.0,2026-04-24 11:22:14.004558,pending,9.0,False,specific_request
MATCH_5687,M2935,S4900,44.0,2026-05-02 11:22:14.004778,pending,,False,high_compatibility
MATCH_5688,ALUMNI_M1291,S1980,51.0,2026-04-14 11:22:14.004974,rejected,2.0,False,high_compatibility
MATCH_5689,M491,S1704,55.0,2026-05-04 11:22:14.005171,accepted,60.0,False,high_compatibility
MATCH_5690,ALUMNI_M5556,S4682,37.33,2026-04-14 11:22:14.005375,completed,57.0,False,specific_request
MATCH_5691,ALUMNI_M1079,S3421,43.5,2026-04-09 11:22:14.005571,completed,55.0,False,specific_request
MATCH_5692,ALUMNI_M2099,S3891,47.67,2026-04-27 11:22:14.005789,completed,63.0,False,high_compatibility
MATCH_5693,ALUMNI_M5953,S3818,57.67,2026-05-06 11:22:14.005980,completed,,False,specific_request
MATCH_5694,ALUMNI_M5191,S2512,51.0,2026-04-13 11:22:14.006203,pending,31.0,False,admin_assigned
MATCH_5695,ALUMNI_M1941,S3495,51.0,2026-04-07 11:22:14.006456,accepted,18.0,False,admin_assigned
MATCH_5696,ALUMNI_M3193,S1869,51.0,2026-04-22 11:22:14.006667,accepted,12.0,True,specific_request
MATCH_5697,M2259,S2592,48.0,2026-04-21 11:22:14.006959,accepted,54.0,False,auto_suggestion
MATCH_5698,ALUMNI_M3316,S3175,44.0,2026-04-12 11:22:14.007176,completed,14.0,True,auto_suggestion
MATCH_5699,ALUMNI_M3214,S383,44.0,2026-04-26 11:22:14.007379,accepted,65.0,True,auto_suggestion
MATCH_5700,M359,S432,51.0,2026-04-30 11:22:14.007582,pending,,True,admin_assigned
MATCH_5701,M3317,S1955,51.0,2026-04-23 11:22:14.007822,completed,,True,high_compatibility
MATCH_5702,ALUMNI_M3517,S2918,51.0,2026-04-18 11:22:14.008032,pending,36.0,True,auto_suggestion
MATCH_5703,ALUMNI_M3099,S1830,61.5,2026-04-14 11:22:14.008261,completed,,True,auto_suggestion
MATCH_5704,ALUMNI_M4829,S1246,51.0,2026-04-08 11:22:14.008457,completed,17.0,True,admin_assigned
MATCH_5705,M4826,S3116,51.0,2026-04-26 11:22:14.008652,accepted,,True,admin_assigned
MATCH_5706,ALUMNI_M4869,S2080,39.56,2026-05-04 11:22:14.008863,completed,54.0,True,admin_assigned
MATCH_5707,M4988,S3163,61.5,2026-04-14 11:22:14.009050,completed,,True,high_compatibility
MATCH_5708,ALUMNI_M3480,S3544,72.5,2026-05-02 11:22:14.009246,rejected,55.0,True,auto_suggestion
MATCH_5709,M591,S1710,44.0,2026-04-11 11:22:14.009439,pending,11.0,False,admin_assigned
MATCH_5710,M2435,S370,51.0,2026-05-05 11:22:14.009629,accepted,35.0,False,high_compatibility
MATCH_5711,ALUMNI_M3843,S2690,51.0,2026-05-02 11:22:14.010043,completed,36.0,False,high_compatibility
MATCH_5712,ALUMNI_M1837,S3236,44.67,2026-04-29 11:22:14.010368,accepted,28.0,True,admin_assigned
MATCH_5713,M534,S1072,51.0,2026-04-28 11:22:14.010580,pending,3.0,True,high_compatibility
MATCH_5714,ALUMNI_M5523,S738,72.5,2026-04-20 11:22:14.010797,accepted,,True,auto_suggestion
MATCH_5715,M2531,S1308,51.0,2026-04-12 11:22:14.011174,rejected,63.0,False,specific_request
MATCH_5716,ALUMNI_M2418,S1008,44.0,2026-04-19 11:22:14.011418,pending,24.0,False,auto_suggestion
MATCH_5717,ALUMNI_M2406,S2081,52.5,2026-04-28 11:22:14.011764,completed,36.0,False,high_compatibility
MATCH_5718,ALUMNI_M5713,S3974,44.0,2026-04-15 11:22:14.012060,completed,36.0,False,specific_request
MATCH_5719,ALUMNI_M1413,S4622,66.5,2026-04-25 11:22:14.012400,accepted,20.0,True,specific_request
MATCH_5720,ALUMNI_M438,S2847,44.0,2026-04-08 11:22:14.012685,rejected,42.0,False,auto_suggestion
MATCH_5721,ALUMNI_M348,S406,44.0,2026-05-02 11:22:14.013072,completed,,True,auto_suggestion
MATCH_5722,M1525,S3837,41.78,2026-04-14 11:22:14.013289,pending,65.0,False,admin_assigned
MATCH_5723,M3748,S955,44.0,2026-04-19 11:22:14.013597,pending,62.0,True,admin_assigned
MATCH_5724,ALUMNI_M419,S3255,49.89,2026-04-08 11:22:14.013879,accepted,53.0,True,admin_assigned
MATCH_5725,ALUMNI_M4479,S3596,61.67,2026-04-16 11:22:14.014085,accepted,61.0,False,high_compatibility
MATCH_5726,ALUMNI_M1756,S3119,51.0,2026-04-19 11:22:14.014360,rejected,45.0,False,high_compatibility
MATCH_5727,ALUMNI_M2889,S3286,68.5,2026-04-19 11:22:14.014564,completed,49.0,False,high_compatibility
MATCH_5728,M1479,S1545,40.67,2026-04-11 11:22:14.014920,rejected,,False,admin_assigned
MATCH_5729,M2782,S4247,48.0,2026-04-07 11:22:14.015142,completed,27.0,True,specific_request
MATCH_5730,M3532,S2027,61.5,2026-04-28 11:22:14.015501,pending,50.0,True,high_compatibility
MATCH_5731,M2372,S902,48.17,2026-04-16 11:22:14.015783,pending,45.0,True,specific_request
MATCH_5732,ALUMNI_M3260,S1555,51.67,2026-04-11 11:22:14.016091,rejected,50.0,False,admin_assigned
MATCH_5733,ALUMNI_M697,S3835,44.0,2026-04-13 11:22:14.016326,accepted,6.0,False,high_compatibility
MATCH_5734,ALUMNI_M4310,S341,48.0,2026-04-12 11:22:14.016633,accepted,2.0,True,auto_suggestion
MATCH_5735,M584,S1399,51.0,2026-05-02 11:22:14.016993,rejected,49.0,True,specific_request
MATCH_5736,M4256,S530,44.0,2026-05-02 11:22:14.017322,completed,45.0,False,specific_request
MATCH_5737,M1052,S2638,51.0,2026-04-17 11:22:14.017546,completed,,False,specific_request
MATCH_5738,ALUMNI_M1412,S2805,57.67,2026-04-29 11:22:14.018057,pending,,False,high_compatibility
MATCH_5739,M3817,S573,48.0,2026-04-29 11:22:14.018407,completed,24.0,False,specific_request
MATCH_5740,M2954,S403,75.17,2026-04-18 11:22:14.018630,pending,,True,admin_assigned
MATCH_5741,M1250,S4000,49.0,2026-04-21 11:22:14.019005,pending,24.0,True,admin_assigned
MATCH_5742,ALUMNI_M2861,S3291,51.0,2026-05-03 11:22:14.019229,rejected,,True,auto_suggestion
MATCH_5743,ALUMNI_M3446,S1166,61.5,2026-04-16 11:22:14.019525,rejected,44.0,True,admin_assigned
MATCH_5744,M4845,S3431,48.0,2026-05-02 11:22:14.019796,rejected,,True,auto_suggestion
MATCH_5745,ALUMNI_M4621,S3184,55.0,2026-04-26 11:22:14.020129,pending,47.0,True,auto_suggestion
MATCH_5746,M764,S396,51.0,2026-05-01 11:22:14.020450,accepted,65.0,True,admin_assigned
MATCH_5747,M4533,S3470,51.0,2026-04-25 11:22:14.020687,completed,22.0,True,admin_assigned
MATCH_5748,M4251,S4878,51.0,2026-04-18 11:22:14.021008,completed,49.0,True,auto_suggestion
MATCH_5749,M4780,S814,55.0,2026-05-04 11:22:14.021317,accepted,,False,auto_suggestion
MATCH_5750,M447,S3939,51.0,2026-04-11 11:22:14.021622,completed,,False,high_compatibility
MATCH_5751,ALUMNI_M2868,S2606,44.0,2026-05-01 11:22:14.021965,pending,18.0,True,auto_suggestion
MATCH_5752,ALUMNI_M3812,S2899,51.0,2026-04-26 11:22:14.022342,pending,,False,auto_suggestion
MATCH_5753,ALUMNI_M471,S3386,61.5,2026-04-16 11:22:14.022583,completed,21.0,False,specific_request
MATCH_5754,M3934,S3117,48.0,2026-04-09 11:22:14.022896,rejected,,False,auto_suggestion
MATCH_5755,M1255,S4795,51.0,2026-04-22 11:22:14.023135,rejected,27.0,True,specific_request
MATCH_5756,ALUMNI_M3393,S2995,44.0,2026-05-05 11:22:14.023424,accepted,11.0,True,specific_request
MATCH_5757,ALUMNI_M833,S3889,51.0,2026-05-06 11:22:14.023682,accepted,42.0,False,high_compatibility
MATCH_5758,M297,S1433,61.5,2026-04-06 11:22:14.024049,rejected,7.0,True,auto_suggestion
MATCH_5759,M3013,S116,51.0,2026-04-17 11:22:14.024302,pending,12.0,True,auto_suggestion
MATCH_5760,ALUMNI_M5914,S2303,41.14,2026-05-03 11:22:14.024579,completed,43.0,True,specific_request
MATCH_5761,ALUMNI_M5095,S2330,55.0,2026-04-26 11:22:14.024957,rejected,71.0,False,admin_assigned
MATCH_5762,M56,S29,49.57,2026-04-10 11:22:14.025178,accepted,,True,auto_suggestion
MATCH_5763,ALUMNI_M5192,S2290,51.0,2026-04-08 11:22:14.025580,completed,,False,specific_request
MATCH_5764,ALUMNI_M707,S4236,62.79,2026-04-07 11:22:14.025907,completed,38.0,False,specific_request
MATCH_5765,ALUMNI_M4414,S530,48.0,2026-04-27 11:22:14.026132,pending,26.0,True,high_compatibility
MATCH_5766,ALUMNI_M2090,S1790,55.0,2026-04-13 11:22:14.026450,accepted,17.0,True,auto_suggestion
MATCH_5767,M4445,S2989,68.5,2026-04-17 11:22:14.026675,accepted,32.0,False,high_compatibility
MATCH_5768,ALUMNI_M4827,S4940,44.0,2026-04-12 11:22:14.027086,rejected,,False,specific_request
MATCH_5769,ALUMNI_M3366,S3041,61.5,2026-04-15 11:22:14.027455,rejected,61.0,True,high_compatibility
MATCH_5770,M4988,S4776,51.0,2026-04-20 11:22:14.027845,pending,,True,admin_assigned
MATCH_5771,M462,S4627,44.0,2026-04-18 11:22:14.028207,rejected,22.0,False,specific_request
MATCH_5772,ALUMNI_M247,S3347,48.0,2026-05-02 11:22:14.028593,accepted,,True,admin_assigned
MATCH_5773,ALUMNI_M1090,S2798,58.64,2026-04-29 11:22:14.028995,rejected,15.0,False,specific_request
MATCH_5774,ALUMNI_M3894,S3479,39.0,2026-04-22 11:22:14.029403,completed,4.0,False,high_compatibility
MATCH_5775,ALUMNI_M1892,S3368,68.5,2026-04-11 11:22:14.029830,pending,,False,high_compatibility
MATCH_5776,ALUMNI_M2702,S2195,51.0,2026-05-03 11:22:14.030268,accepted,17.0,True,high_compatibility
MATCH_5777,ALUMNI_M3923,S2429,44.0,2026-04-07 11:22:14.030682,accepted,58.0,False,high_compatibility
MATCH_5778,M2533,S4068,44.67,2026-04-24 11:22:14.031113,rejected,,True,high_compatibility
MATCH_5779,ALUMNI_M4061,S150,51.0,2026-04-07 11:22:14.031522,rejected,,True,high_compatibility
MATCH_5780,M1696,S3946,44.0,2026-04-12 11:22:14.031933,accepted,45.0,False,high_compatibility
MATCH_5781,ALUMNI_M4965,S3550,55.0,2026-04-15 11:22:14.032173,accepted,,True,auto_suggestion
MATCH_5782,ALUMNI_M4535,S399,55.0,2026-05-01 11:22:14.032483,accepted,13.0,True,admin_assigned
MATCH_5783,M4313,S2407,51.0,2026-04-11 11:22:14.032828,completed,,False,auto_suggestion
MATCH_5784,M1855,S1182,44.0,2026-04-19 11:22:14.033062,accepted,,True,specific_request
MATCH_5785,M4664,S3207,44.25,2026-04-17 11:22:14.033412,pending,2.0,False,admin_assigned
MATCH_5786,ALUMNI_M5492,S4799,51.0,2026-05-02 11:22:14.033784,pending,37.0,False,auto_suggestion
MATCH_5787,ALUMNI_M1863,S867,44.0,2026-04-07 11:22:14.034104,completed,,True,high_compatibility
MATCH_5788,M2407,S1515,61.5,2026-04-08 11:22:14.034336,accepted,49.0,True,specific_request
MATCH_5789,M489,S949,44.0,2026-04-16 11:22:14.034580,accepted,28.0,False,auto_suggestion
MATCH_5790,ALUMNI_M3944,S3071,44.0,2026-04-20 11:22:14.035010,accepted,18.0,True,specific_request
MATCH_5791,ALUMNI_M418,S1623,49.75,2026-05-06 11:22:14.035277,pending,60.0,False,specific_request
MATCH_5792,ALUMNI_M3983,S681,44.0,2026-04-10 11:22:14.035646,completed,23.0,False,admin_assigned
MATCH_5793,M2110,S3858,55.0,2026-04-26 11:22:14.036000,completed,,True,specific_request
MATCH_5794,ALUMNI_M5709,S752,40.22,2026-04-06 11:22:14.036226,completed,36.0,False,auto_suggestion
MATCH_5795,ALUMNI_M3374,S469,51.0,2026-04-12 11:22:14.036557,accepted,43.0,False,specific_request
MATCH_5796,M737,S2157,48.0,2026-05-01 11:22:14.036896,rejected,,True,admin_assigned
MATCH_5797,ALUMNI_M4706,S847,75.17,2026-04-24 11:22:14.037135,accepted,53.0,True,auto_suggestion
MATCH_5798,M2435,S2869,44.0,2026-04-28 11:22:14.037414,rejected,35.0,True,admin_assigned
MATCH_5799,ALUMNI_M2763,S1433,48.0,2026-04-06 11:22:14.037652,pending,,False,admin_assigned
MATCH_5800,ALUMNI_M2246,S2848,48.0,2026-04-23 11:22:14.037999,rejected,49.0,True,auto_suggestion
MATCH_5801,ALUMNI_M4974,S2115,75.17,2026-04-06 11:22:14.038285,rejected,,True,high_compatibility
MATCH_5802,M4798,S3367,39.0,2026-04-06 11:22:14.038584,pending,,True,admin_assigned
MATCH_5803,M2559,S4487,51.0,2026-04-19 11:22:14.038870,rejected,,True,admin_assigned
MATCH_5804,M549,S3582,57.67,2026-04-24 11:22:14.039075,pending,41.0,True,specific_request
MATCH_5805,ALUMNI_M4877,S1095,44.0,2026-05-01 11:22:14.039275,rejected,13.0,False,auto_suggestion
MATCH_5806,ALUMNI_M384,S3245,51.0,2026-04-14 11:22:14.039477,rejected,45.0,False,admin_assigned
MATCH_5807,ALUMNI_M1801,S4818,44.0,2026-04-22 11:22:14.039670,completed,,True,specific_request
MATCH_5808,M4936,S4096,51.0,2026-04-25 11:22:14.039935,completed,,False,auto_suggestion
MATCH_5809,ALUMNI_M4440,S2974,51.0,2026-04-27 11:22:14.040130,pending,49.0,True,auto_suggestion
MATCH_5810,ALUMNI_M4006,S2185,51.0,2026-04-08 11:22:14.040323,accepted,25.0,False,admin_assigned
MATCH_5811,ALUMNI_M175,S4140,51.0,2026-04-13 11:22:14.040531,pending,,True,admin_assigned
MATCH_5812,ALUMNI_M2320,S2693,44.0,2026-04-15 11:22:14.040785,accepted,44.0,False,high_compatibility
MATCH_5813,ALUMNI_M5368,S3497,55.0,2026-04-07 11:22:14.041006,rejected,4.0,True,admin_assigned
MATCH_5814,M494,S4800,48.0,2026-04-23 11:22:14.041212,accepted,,True,admin_assigned
MATCH_5815,ALUMNI_M4444,S4608,46.0,2026-04-25 11:22:14.041410,completed,17.0,False,specific_request
MATCH_5816,ALUMNI_M584,S3225,45.44,2026-04-27 11:22:14.041609,rejected,38.0,False,admin_assigned
MATCH_5817,ALUMNI_M294,S291,51.67,2026-04-06 11:22:14.041895,rejected,46.0,False,specific_request
MATCH_5818,ALUMNI_M1540,S362,68.5,2026-04-08 11:22:14.042100,pending,13.0,False,auto_suggestion
MATCH_5819,M2069,S1339,44.0,2026-05-04 11:22:14.042297,completed,,False,admin_assigned
MATCH_5820,M2949,S1290,44.0,2026-04-12 11:22:14.042496,accepted,62.0,True,specific_request
MATCH_5821,M2423,S1667,55.0,2026-05-02 11:22:14.042690,accepted,2.0,False,high_compatibility
MATCH_5822,ALUMNI_M3814,S2499,51.0,2026-04-07 11:22:14.042961,completed,66.0,True,admin_assigned
MATCH_5823,M1395,S573,48.0,2026-04-22 11:22:14.043184,pending,27.0,False,high_compatibility
MATCH_5824,M640,S1112,55.0,2026-05-02 11:22:14.043378,completed,72.0,True,high_compatibility
MATCH_5825,ALUMNI_M4263,S2432,68.5,2026-05-02 11:22:14.043579,pending,,False,auto_suggestion
MATCH_5826,ALUMNI_M4031,S2284,68.5,2026-04-07 11:22:14.043835,accepted,51.0,False,specific_request
MATCH_5827,M4065,S2186,51.0,2026-04-22 11:22:14.044040,completed,55.0,False,high_compatibility
MATCH_5828,ALUMNI_M5374,S239,51.0,2026-04-10 11:22:14.044241,pending,12.0,True,specific_request
MATCH_5829,M2004,S3573,50.67,2026-04-17 11:22:14.044442,pending,,True,auto_suggestion
MATCH_5830,M3935,S3284,72.5,2026-04-07 11:22:14.044639,pending,19.0,False,high_compatibility
MATCH_5831,M4516,S3519,46.0,2026-04-15 11:22:14.044909,completed,56.0,True,admin_assigned
MATCH_5832,ALUMNI_M2812,S3242,51.0,2026-05-01 11:22:14.045108,pending,57.0,True,specific_request
MATCH_5833,ALUMNI_M5158,S2884,55.0,2026-04-19 11:22:14.045625,completed,58.0,True,auto_suggestion
MATCH_5834,ALUMNI_M1599,S2702,51.0,2026-05-03 11:22:14.045980,accepted,72.0,True,specific_request
MATCH_5835,M1943,S4912,51.0,2026-05-06 11:22:14.046267,pending,58.0,False,high_compatibility
MATCH_5836,ALUMNI_M290,S1054,46.0,2026-04-14 11:22:14.046496,pending,,True,admin_assigned
MATCH_5837,ALUMNI_M2938,S1528,51.0,2026-05-04 11:22:14.046784,pending,,False,high_compatibility
MATCH_5838,M1902,S349,51.0,2026-04-30 11:22:14.047018,accepted,,True,auto_suggestion
MATCH_5839,ALUMNI_M2187,S3514,44.33,2026-05-05 11:22:14.047230,accepted,45.0,False,high_compatibility
MATCH_5840,ALUMNI_M4107,S1626,48.0,2026-04-08 11:22:14.047430,rejected,43.0,False,auto_suggestion
MATCH_5841,ALUMNI_M735,S1432,40.67,2026-04-29 11:22:14.047625,rejected,67.0,True,auto_suggestion
MATCH_5842,M935,S4944,51.0,2026-05-01 11:22:14.047851,completed,26.0,False,specific_request
MATCH_5843,ALUMNI_M5633,S3303,48.0,2026-04-19 11:22:14.048063,completed,60.0,True,specific_request
MATCH_5844,M1556,S1939,43.22,2026-04-29 11:22:14.048270,completed,48.0,False,auto_suggestion
MATCH_5845,ALUMNI_M2241,S805,48.0,2026-04-26 11:22:14.048467,rejected,29.0,False,high_compatibility
MATCH_5846,ALUMNI_M1656,S657,41.33,2026-04-12 11:22:14.048669,pending,50.0,True,specific_request
MATCH_5847,M1424,S4064,51.0,2026-04-24 11:22:14.048892,completed,71.0,True,auto_suggestion
MATCH_5848,ALUMNI_M2629,S2275,44.0,2026-04-26 11:22:14.049095,accepted,,True,high_compatibility
MATCH_5849,M4050,S4209,72.5,2026-04-14 11:22:14.049303,accepted,,False,auto_suggestion
MATCH_5850,M3628,S1498,51.0,2026-04-15 11:22:14.049495,accepted,,True,high_compatibility
MATCH_5851,M527,S560,44.0,2026-05-06 11:22:14.049686,completed,,False,admin_assigned
MATCH_5852,M2021,S2380,55.0,2026-04-06 11:22:14.049897,pending,45.0,False,auto_suggestion
MATCH_5853,ALUMNI_M5525,S488,44.0,2026-04-25 11:22:14.050090,completed,1.0,True,specific_request
MATCH_5854,ALUMNI_M578,S218,51.0,2026-05-02 11:22:14.050308,pending,56.0,True,auto_suggestion
MATCH_5855,M3851,S1076,55.0,2026-04-16 11:22:14.050500,rejected,45.0,True,specific_request
MATCH_5856,ALUMNI_M1683,S3562,51.0,2026-04-07 11:22:14.050719,completed,,False,specific_request
MATCH_5857,ALUMNI_M2733,S3038,49.75,2026-04-10 11:22:14.050927,pending,,True,high_compatibility
MATCH_5858,ALUMNI_M2443,S2761,51.0,2026-04-25 11:22:14.051119,accepted,16.0,False,admin_assigned
MATCH_5859,ALUMNI_M4297,S3906,48.0,2026-04-13 11:22:14.051327,completed,62.0,False,auto_suggestion
MATCH_5860,ALUMNI_M601,S3103,44.0,2026-04-27 11:22:14.051527,pending,,False,specific_request
MATCH_5861,M4862,S1886,44.0,2026-04-15 11:22:14.051734,rejected,55.0,True,specific_request
MATCH_5862,M1578,S4607,44.0,2026-04-10 11:22:14.051931,rejected,,False,high_compatibility
MATCH_5863,M3897,S3471,51.0,2026-04-14 11:22:14.052116,accepted,37.0,True,high_compatibility
MATCH_5864,M3083,S1243,75.17,2026-04-28 11:22:14.052330,rejected,41.0,False,high_compatibility
MATCH_5865,M4470,S1416,44.0,2026-04-24 11:22:14.052545,rejected,52.0,False,high_compatibility
MATCH_5866,ALUMNI_M547,S1566,51.0,2026-04-14 11:22:14.052781,accepted,,False,admin_assigned
MATCH_5867,ALUMNI_M261,S1146,44.0,2026-04-07 11:22:14.052985,pending,30.0,False,specific_request
MATCH_5868,ALUMNI_M5589,S4462,44.0,2026-05-01 11:22:14.053195,accepted,43.0,True,auto_suggestion
MATCH_5869,M4072,S3579,44.0,2026-04-13 11:22:14.053392,accepted,,True,specific_request
MATCH_5870,M2052,S3495,51.0,2026-04-19 11:22:14.053582,pending,29.0,True,admin_assigned
MATCH_5871,ALUMNI_M1861,S4077,48.0,2026-04-21 11:22:14.053793,accepted,,True,admin_assigned
MATCH_5872,ALUMNI_M4459,S1694,55.0,2026-04-24 11:22:14.053986,accepted,,True,specific_request
MATCH_5873,M1936,S4192,51.0,2026-05-05 11:22:14.054188,accepted,49.0,True,admin_assigned
MATCH_5874,ALUMNI_M4982,S823,44.75,2026-04-23 11:22:14.054384,accepted,,False,high_compatibility
MATCH_5875,M262,S2683,58.33,2026-04-14 11:22:14.054586,rejected,7.0,True,admin_assigned
MATCH_5876,M3851,S4963,61.5,2026-04-14 11:22:14.054801,pending,6.0,False,auto_suggestion
MATCH_5877,ALUMNI_M2634,S4874,44.0,2026-04-08 11:22:14.054998,completed,,False,high_compatibility
MATCH_5878,M83,S4360,46.56,2026-04-17 11:22:14.055206,completed,1.0,False,auto_suggestion
MATCH_5879,M298,S2552,51.0,2026-04-25 11:22:14.055397,accepted,10.0,False,high_compatibility
MATCH_5880,M670,S4771,44.0,2026-04-15 11:22:14.055590,accepted,61.0,False,specific_request
MATCH_5881,M4869,S3889,51.0,2026-04-06 11:22:14.055798,completed,4.0,False,auto_suggestion
MATCH_5882,M2926,S471,44.0,2026-04-08 11:22:14.055991,completed,62.0,True,high_compatibility
MATCH_5883,ALUMNI_M1977,S4710,55.0,2026-05-06 11:22:14.056194,pending,43.0,False,auto_suggestion
MATCH_5884,ALUMNI_M4057,S693,61.5,2026-05-02 11:22:14.056400,rejected,64.0,True,specific_request
MATCH_5885,M2343,S1062,44.0,2026-04-18 11:22:14.056595,accepted,32.0,True,auto_suggestion
MATCH_5886,M3545,S940,51.0,2026-05-04 11:22:14.056807,rejected,28.0,False,high_compatibility
MATCH_5887,M4778,S1354,44.0,2026-04-14 11:22:14.057002,rejected,65.0,False,specific_request
MATCH_5888,ALUMNI_M3677,S4628,44.0,2026-04-11 11:22:14.057208,pending,62.0,False,specific_request
MATCH_5889,M2881,S674,54.67,2026-04-15 11:22:14.057404,pending,,True,high_compatibility
MATCH_5890,ALUMNI_M5593,S1811,68.5,2026-04-19 11:22:14.057595,pending,,False,specific_request
MATCH_5891,ALUMNI_M4973,S3078,68.5,2026-04-22 11:22:14.057802,pending,17.0,False,auto_suggestion
MATCH_5892,M2326,S4604,49.0,2026-04-17 11:22:14.057994,completed,24.0,False,high_compatibility
MATCH_5893,ALUMNI_M1278,S78,44.0,2026-04-21 11:22:14.058199,rejected,55.0,True,auto_suggestion
MATCH_5894,M3665,S3247,55.0,2026-04-20 11:22:14.058401,rejected,36.0,False,specific_request
MATCH_5895,M3447,S3927,51.0,2026-04-25 11:22:14.058599,rejected,32.0,False,admin_assigned
MATCH_5896,M4790,S4658,48.0,2026-05-06 11:22:14.058810,completed,5.0,False,specific_request
MATCH_5897,ALUMNI_M1584,S350,46.56,2026-05-03 11:22:14.059004,accepted,42.0,True,auto_suggestion
MATCH_5898,M493,S3188,44.0,2026-04-17 11:22:14.059203,pending,,True,auto_suggestion
MATCH_5899,ALUMNI_M3520,S749,51.0,2026-04-11 11:22:14.059403,pending,36.0,True,high_compatibility
MATCH_5900,ALUMNI_M4294,S1586,61.83,2026-05-01 11:22:14.059595,accepted,10.0,False,auto_suggestion
MATCH_5901,M311,S327,51.0,2026-04-12 11:22:14.059808,accepted,,False,admin_assigned
MATCH_5902,ALUMNI_M2361,S1627,51.0,2026-04-14 11:22:14.060002,accepted,59.0,True,auto_suggestion
MATCH_5903,ALUMNI_M4290,S2597,45.44,2026-04-14 11:22:14.060199,completed,1.0,True,admin_assigned
MATCH_5904,M353,S2128,48.0,2026-04-09 11:22:14.060392,completed,38.0,True,auto_suggestion
MATCH_5905,M864,S2710,72.5,2026-04-23 11:22:14.060588,rejected,11.0,True,specific_request
MATCH_5906,M4966,S2526,47.67,2026-05-06 11:22:14.060830,completed,37.0,False,auto_suggestion
MATCH_5907,ALUMNI_M1179,S677,51.0,2026-04-07 11:22:14.061036,completed,69.0,True,auto_suggestion
MATCH_5908,ALUMNI_M4125,S1916,51.0,2026-04-22 11:22:14.061237,pending,64.0,True,admin_assigned
MATCH_5909,M3413,S2853,61.67,2026-04-13 11:22:14.061444,accepted,66.0,False,high_compatibility
MATCH_5910,ALUMNI_M4913,S4841,45.29,2026-04-15 11:22:14.061645,rejected,72.0,False,specific_request
MATCH_5911,ALUMNI_M1049,S780,57.67,2026-04-10 11:22:14.061857,accepted,19.0,False,auto_suggestion
MATCH_5912,ALUMNI_M1448,S2348,51.0,2026-04-09 11:22:14.062049,completed,,False,auto_suggestion
MATCH_5913,M2047,S4898,51.0,2026-05-03 11:22:14.062250,completed,24.0,False,admin_assigned
MATCH_5914,M1629,S3355,39.0,2026-04-19 11:22:14.062445,completed,63.0,False,auto_suggestion
MATCH_5915,ALUMNI_M1206,S2499,55.0,2026-04-15 11:22:14.062646,accepted,65.0,True,auto_suggestion
MATCH_5916,ALUMNI_M4309,S939,44.0,2026-04-28 11:22:14.062863,completed,,True,auto_suggestion
MATCH_5917,ALUMNI_M2590,S765,51.0,2026-04-20 11:22:14.063076,completed,52.0,False,specific_request
MATCH_5918,M102,S2694,55.0,2026-04-29 11:22:14.063284,pending,36.0,True,auto_suggestion
MATCH_5919,ALUMNI_M2210,S1215,55.0,2026-04-09 11:22:14.063478,accepted,,True,specific_request
MATCH_5920,M2405,S4420,51.0,2026-04-16 11:22:14.063670,accepted,,False,auto_suggestion
MATCH_5921,M4377,S2989,51.0,2026-04-24 11:22:14.063880,completed,54.0,False,specific_request
MATCH_5922,ALUMNI_M1869,S1565,48.0,2026-04-08 11:22:14.064072,accepted,70.0,False,auto_suggestion
MATCH_5923,M3232,S4347,55.0,2026-04-08 11:22:14.064272,accepted,24.0,True,auto_suggestion
MATCH_5924,M1335,S4179,51.0,2026-04-23 11:22:14.064466,accepted,64.0,False,high_compatibility
MATCH_5925,M3199,S1164,44.0,2026-04-12 11:22:14.064651,accepted,36.0,True,high_compatibility
MATCH_5926,M1105,S4724,44.0,2026-04-22 11:22:14.064857,rejected,42.0,True,high_compatibility
MATCH_5927,ALUMNI_M2383,S1025,51.0,2026-04-13 11:22:14.065092,accepted,,True,auto_suggestion
MATCH_5928,M1492,S1184,61.5,2026-04-08 11:22:14.065294,accepted,,True,specific_request
MATCH_5929,ALUMNI_M3526,S2864,55.0,2026-05-02 11:22:14.065486,rejected,63.0,False,high_compatibility
MATCH_5930,ALUMNI_M2611,S1363,55.0,2026-04-09 11:22:14.065673,rejected,37.0,True,auto_suggestion
MATCH_5931,M973,S4860,51.0,2026-04-18 11:22:14.065881,rejected,,False,admin_assigned
MATCH_5932,ALUMNI_M617,S4978,51.0,2026-05-03 11:22:14.066071,completed,,True,high_compatibility
MATCH_5933,ALUMNI_M2223,S1289,51.0,2026-05-04 11:22:14.066270,rejected,,False,specific_request
MATCH_5934,M2140,S1426,68.5,2026-04-23 11:22:14.066476,accepted,,False,specific_request
MATCH_5935,ALUMNI_M807,S824,51.0,2026-05-05 11:22:14.066666,rejected,,False,auto_suggestion
MATCH_5936,M2288,S479,44.0,2026-04-06 11:22:14.066876,rejected,52.0,True,specific_request
MATCH_5937,M948,S3506,51.0,2026-05-03 11:22:14.067065,pending,,True,admin_assigned
MATCH_5938,ALUMNI_M484,S2261,44.0,2026-04-11 11:22:14.067265,accepted,44.0,True,auto_suggestion
MATCH_5939,M2114,S3505,68.5,2026-05-06 11:22:14.067458,pending,69.0,False,admin_assigned
MATCH_5940,ALUMNI_M3202,S2270,57.67,2026-04-11 11:22:14.067645,accepted,,False,admin_assigned
MATCH_5941,ALUMNI_M248,S4459,55.0,2026-05-04 11:22:14.067850,rejected,53.0,True,admin_assigned
MATCH_5942,ALUMNI_M3802,S3425,49.89,2026-04-23 11:22:14.068039,accepted,50.0,False,specific_request
MATCH_5943,M2094,S1553,51.0,2026-04-27 11:22:14.068246,accepted,,False,high_compatibility
MATCH_5944,M4820,S449,39.71,2026-04-28 11:22:14.068437,completed,,False,high_compatibility
MATCH_5945,ALUMNI_M4313,S2812,39.0,2026-05-03 11:22:14.068626,rejected,,False,specific_request
MATCH_5946,M4216,S3889,51.0,2026-04-11 11:22:14.068876,completed,,False,auto_suggestion
MATCH_5947,ALUMNI_M3634,S283,44.0,2026-04-25 11:22:14.069090,completed,23.0,True,specific_request
MATCH_5948,ALUMNI_M1536,S3658,44.0,2026-05-05 11:22:14.069297,pending,21.0,False,auto_suggestion
MATCH_5949,M3318,S4306,49.29,2026-04-06 11:22:14.069491,completed,52.0,False,high_compatibility
MATCH_5950,M701,S992,64.83,2026-04-24 11:22:14.069679,completed,60.0,True,high_compatibility
MATCH_5951,ALUMNI_M2237,S1433,44.0,2026-04-24 11:22:14.069891,accepted,46.0,True,auto_suggestion
MATCH_5952,ALUMNI_M3858,S2042,55.0,2026-04-18 11:22:14.070082,pending,50.0,True,specific_request
MATCH_5953,ALUMNI_M2283,S839,52.14,2026-04-25 11:22:14.070285,completed,57.0,False,admin_assigned
MATCH_5954,ALUMNI_M1441,S274,55.0,2026-04-27 11:22:14.070483,pending,11.0,True,specific_request
MATCH_5955,M480,S4656,57.67,2026-04-12 11:22:14.070677,rejected,62.0,True,auto_suggestion
MATCH_5956,ALUMNI_M4964,S232,51.0,2026-04-25 11:22:14.070909,rejected,3.0,True,specific_request
MATCH_5957,ALUMNI_M4525,S4316,51.0,2026-04-09 11:22:14.071102,accepted,41.0,True,auto_suggestion
MATCH_5958,M592,S1134,51.0,2026-05-03 11:22:14.071302,rejected,,False,auto_suggestion
MATCH_5959,M813,S1872,48.0,2026-04-19 11:22:14.071489,pending,,False,specific_request
MATCH_5960,M4237,S3843,51.0,2026-04-16 11:22:14.071677,pending,,False,high_compatibility
MATCH_5961,M3166,S2054,45.29,2026-05-05 11:22:14.071885,completed,,True,high_compatibility
MATCH_5962,ALUMNI_M341,S3898,48.0,2026-04-22 11:22:14.072074,completed,70.0,True,high_compatibility
MATCH_5963,ALUMNI_M3498,S4434,55.0,2026-04-16 11:22:14.072383,pending,52.0,False,high_compatibility
MATCH_5964,ALUMNI_M554,S1626,38.44,2026-04-19 11:22:14.072624,accepted,48.0,True,auto_suggestion
MATCH_5965,M1728,S4727,57.67,2026-04-16 11:22:14.072846,rejected,,False,high_compatibility
MATCH_5966,ALUMNI_M4763,S261,51.0,2026-04-09 11:22:14.073037,completed,66.0,True,specific_request
MATCH_5967,M245,S1232,72.5,2026-04-27 11:22:14.073249,completed,58.0,True,specific_request
MATCH_5968,ALUMNI_M2740,S3224,72.5,2026-04-16 11:22:14.073442,accepted,32.0,False,high_compatibility
MATCH_5969,ALUMNI_M4390,S2257,48.75,2026-04-19 11:22:14.073630,pending,6.0,False,admin_assigned
MATCH_5970,ALUMNI_M5945,S1627,44.0,2026-04-12 11:22:14.073839,rejected,,False,specific_request
MATCH_5971,M1371,S834,39.71,2026-04-22 11:22:14.074042,accepted,,False,admin_assigned
MATCH_5972,M209,S2106,51.0,2026-04-19 11:22:14.074252,pending,46.0,True,admin_assigned
MATCH_5973,ALUMNI_M1334,S3718,40.67,2026-05-01 11:22:14.074457,completed,14.0,False,specific_request
MATCH_5974,ALUMNI_M1463,S2094,56.67,2026-04-08 11:22:14.074647,accepted,,False,high_compatibility
MATCH_5975,ALUMNI_M695,S3284,51.0,2026-04-16 11:22:14.074888,rejected,,True,auto_suggestion
MATCH_5976,ALUMNI_M141,S89,51.0,2026-04-06 11:22:14.075090,completed,63.0,True,specific_request
MATCH_5977,ALUMNI_M4631,S1588,48.0,2026-04-25 11:22:14.075297,pending,49.0,False,specific_request
MATCH_5978,M2953,S2773,68.17,2026-04-07 11:22:14.075491,accepted,,True,auto_suggestion
MATCH_5979,ALUMNI_M4801,S1456,55.0,2026-04-20 11:22:14.075687,completed,,True,high_compatibility
MATCH_5980,M766,S4000,45.0,2026-04-28 11:22:14.075904,rejected,5.0,True,admin_assigned
MATCH_5981,ALUMNI_M1253,S1169,59.28,2026-05-05 11:22:14.076095,pending,36.0,True,auto_suggestion
MATCH_5982,M773,S4461,44.0,2026-04-15 11:22:14.076297,accepted,47.0,False,auto_suggestion
MATCH_5983,ALUMNI_M4524,S858,44.0,2026-04-28 11:22:14.076488,rejected,,False,auto_suggestion
MATCH_5984,ALUMNI_M1297,S3133,51.0,2026-05-02 11:22:14.076674,pending,50.0,True,admin_assigned
MATCH_5985,M482,S140,51.0,2026-04-19 11:22:14.076886,pending,37.0,False,admin_assigned
MATCH_5986,ALUMNI_M1704,S1269,48.0,2026-05-03 11:22:14.077078,completed,14.0,False,auto_suggestion
MATCH_5987,M627,S3760,44.0,2026-04-11 11:22:14.077278,completed,5.0,False,admin_assigned
MATCH_5988,ALUMNI_M1598,S4775,40.67,2026-05-03 11:22:14.077468,completed,33.0,False,specific_request
MATCH_5989,M2629,S3,41.78,2026-04-21 11:22:14.077662,rejected,,True,admin_assigned
MATCH_5990,ALUMNI_M4299,S4400,38.29,2026-04-23 11:22:14.077872,completed,,False,high_compatibility
MATCH_5991,M2968,S896,51.0,2026-04-28 11:22:14.078059,rejected,37.0,False,admin_assigned
MATCH_5992,M4404,S1781,44.0,2026-04-25 11:22:14.078261,rejected,5.0,False,high_compatibility
MATCH_5993,ALUMNI_M3758,S2691,44.0,2026-04-22 11:22:14.078462,rejected,,False,high_compatibility
MATCH_5994,M1328,S3338,47.67,2026-05-05 11:22:14.078650,rejected,29.0,True,high_compatibility
MATCH_5995,M3191,S3991,44.0,2026-04-17 11:22:14.078859,accepted,6.0,False,admin_assigned
MATCH_5996,M1440,S3666,44.0,2026-05-06 11:22:14.079048,pending,,False,admin_assigned
MATCH_5997,M983,S4108,44.0,2026-04-30 11:22:14.079248,accepted,30.0,True,admin_assigned
MATCH_5998,M1776,S4573,44.0,2026-04-09 11:22:14.079448,completed,69.0,True,specific_request
MATCH_5999,ALUMNI_M3102,S2007,68.5,2026-04-14 11:22:14.079650,pending,,True,admin_assigned
MATCH_6000,ALUMNI_M359,S4897,46.0,2026-04-06 11:22:14.079961,completed,19.0,True,auto_suggestion
MATCH_6001,M3977,S1045,44.0,2026-04-25 11:22:14.080172,completed,,False,specific_request
MATCH_6002,M3103,S1378,57.67,2026-04-16 11:22:14.080362,accepted,67.0,True,specific_request
MATCH_6003,ALUMNI_M3029,S1913,44.0,2026-04-29 11:22:14.080564,accepted,60.0,False,auto_suggestion
MATCH_6004,ALUMNI_M1955,S2638,55.0,2026-04-20 11:22:14.080774,rejected,72.0,False,specific_request
MATCH_6005,M3,S2138,51.0,2026-04-22 11:22:14.080971,rejected,47.0,True,auto_suggestion
MATCH_6006,ALUMNI_M2435,S1713,51.0,2026-04-24 11:22:14.081174,rejected,47.0,False,auto_suggestion
MATCH_6007,M3520,S876,51.0,2026-04-26 11:22:14.081363,pending,30.0,True,high_compatibility
MATCH_6008,ALUMNI_M4846,S970,43.5,2026-04-10 11:22:14.081553,completed,33.0,True,high_compatibility
MATCH_6009,ALUMNI_M3308,S2652,57.22,2026-04-09 11:22:14.081762,rejected,70.0,False,specific_request
MATCH_6010,M1494,S3738,44.0,2026-04-10 11:22:14.081955,rejected,30.0,False,admin_assigned
MATCH_6011,ALUMNI_M1874,S281,36.22,2026-04-17 11:22:14.082153,completed,,False,admin_assigned
MATCH_6012,ALUMNI_M5338,S1146,61.5,2026-04-28 11:22:14.082363,completed,7.0,True,admin_assigned
MATCH_6013,M1217,S1880,44.0,2026-04-09 11:22:14.082553,pending,37.0,True,specific_request
MATCH_6014,M4859,S2981,54.83,2026-04-09 11:22:14.082765,accepted,10.0,True,auto_suggestion
MATCH_6015,M3841,S3169,51.0,2026-05-01 11:22:14.082956,pending,,True,admin_assigned
MATCH_6016,M885,S4319,51.0,2026-04-11 11:22:14.083177,accepted,25.0,True,admin_assigned
MATCH_6017,ALUMNI_M5861,S468,51.0,2026-05-02 11:22:14.083369,accepted,,True,admin_assigned
MATCH_6018,ALUMNI_M1351,S3662,51.0,2026-04-10 11:22:14.083566,rejected,,False,auto_suggestion
MATCH_6019,M551,S3599,44.0,2026-04-13 11:22:14.083770,accepted,,True,high_compatibility
MATCH_6020,ALUMNI_M5924,S1482,48.0,2026-04-09 11:22:14.083960,completed,9.0,True,auto_suggestion
MATCH_6021,ALUMNI_M1997,S2578,46.0,2026-05-01 11:22:14.084162,pending,19.0,True,high_compatibility
MATCH_6022,M65,S4273,54.67,2026-04-06 11:22:14.084359,pending,40.0,False,specific_request
MATCH_6023,ALUMNI_M4177,S3748,44.0,2026-04-07 11:22:14.084551,completed,,True,auto_suggestion
MATCH_6024,ALUMNI_M1902,S1375,51.0,2026-04-21 11:22:14.084754,pending,,False,high_compatibility
MATCH_6025,M790,S3964,51.0,2026-04-27 11:22:14.084945,pending,15.0,False,auto_suggestion
MATCH_6026,M718,S4698,68.5,2026-04-25 11:22:14.085144,completed,46.0,False,high_compatibility
MATCH_6027,M399,S4097,51.0,2026-04-28 11:22:14.085339,completed,57.0,True,auto_suggestion
MATCH_6028,M730,S2659,68.5,2026-04-13 11:22:14.085522,pending,68.0,True,specific_request
MATCH_6029,ALUMNI_M3522,S4674,51.0,2026-04-29 11:22:14.085728,completed,48.0,True,admin_assigned
MATCH_6030,M4454,S3797,51.0,2026-04-18 11:22:14.085921,accepted,,False,admin_assigned
MATCH_6031,ALUMNI_M4483,S694,51.0,2026-04-21 11:22:14.086122,accepted,68.0,True,admin_assigned
MATCH_6032,ALUMNI_M4324,S4834,51.0,2026-04-19 11:22:14.086340,accepted,51.0,True,admin_assigned
MATCH_6033,M3303,S3133,51.0,2026-04-23 11:22:14.086535,completed,49.0,True,auto_suggestion
MATCH_6034,ALUMNI_M1540,S1311,51.0,2026-04-24 11:22:14.086743,completed,39.0,False,specific_request
MATCH_6035,M456,S302,57.67,2026-04-12 11:22:14.086952,completed,11.0,True,specific_request
MATCH_6036,M288,S4572,46.33,2026-04-06 11:22:14.087155,rejected,27.0,True,high_compatibility
MATCH_6037,ALUMNI_M3503,S891,55.0,2026-05-03 11:22:14.087348,pending,56.0,False,admin_assigned
MATCH_6038,M2832,S871,51.0,2026-04-24 11:22:14.087541,pending,72.0,False,specific_request
MATCH_6039,ALUMNI_M829,S124,49.57,2026-04-08 11:22:14.087750,accepted,13.0,False,admin_assigned
MATCH_6040,M3533,S1201,55.0,2026-04-12 11:22:14.087943,accepted,52.0,True,specific_request
MATCH_6041,ALUMNI_M1612,S1515,44.0,2026-04-14 11:22:14.088144,completed,59.0,False,high_compatibility
MATCH_6042,ALUMNI_M3633,S4497,39.0,2026-05-02 11:22:14.088337,completed,,False,auto_suggestion
MATCH_6043,M1288,S2011,38.44,2026-04-17 11:22:14.088526,pending,,False,specific_request
MATCH_6044,ALUMNI_M1550,S1226,50.67,2026-04-19 11:22:14.088729,accepted,34.0,True,auto_suggestion
MATCH_6045,M4523,S3246,55.0,2026-04-19 11:22:14.088923,accepted,36.0,False,high_compatibility
MATCH_6046,ALUMNI_M2547,S4241,61.5,2026-04-25 11:22:14.089118,completed,21.0,True,specific_request
MATCH_6047,ALUMNI_M1239,S587,72.5,2026-04-27 11:22:14.089321,pending,,False,high_compatibility
MATCH_6048,ALUMNI_M29,S1585,38.44,2026-04-13 11:22:14.089511,accepted,,True,admin_assigned
MATCH_6049,ALUMNI_M5052,S1161,43.22,2026-04-22 11:22:14.089711,accepted,,False,auto_suggestion
MATCH_6050,ALUMNI_M1883,S3536,66.5,2026-04-06 11:22:14.089919,pending,,False,auto_suggestion
MATCH_6051,M2326,S2081,39.0,2026-04-26 11:22:14.090138,completed,,False,high_compatibility
MATCH_6052,ALUMNI_M1962,S3552,48.0,2026-04-15 11:22:14.090337,accepted,60.0,True,high_compatibility
MATCH_6053,ALUMNI_M5823,S3969,44.0,2026-04-20 11:22:14.090536,rejected,34.0,True,admin_assigned
MATCH_6054,ALUMNI_M3935,S3101,68.5,2026-04-28 11:22:14.090745,completed,26.0,True,high_compatibility
MATCH_6055,M4453,S590,79.17,2026-04-06 11:22:14.090939,rejected,,True,admin_assigned
MATCH_6056,ALUMNI_M4992,S4419,44.0,2026-04-09 11:22:14.091127,completed,13.0,True,admin_assigned
MATCH_6057,ALUMNI_M1014,S3514,49.44,2026-04-16 11:22:14.091330,pending,,False,high_compatibility
MATCH_6058,ALUMNI_M3755,S1566,51.0,2026-04-30 11:22:14.091516,accepted,68.0,False,high_compatibility
MATCH_6059,M2944,S764,48.0,2026-05-06 11:22:14.091714,pending,24.0,True,specific_request
MATCH_6060,ALUMNI_M5105,S1295,44.0,2026-04-08 11:22:14.091906,rejected,23.0,False,auto_suggestion
MATCH_6061,ALUMNI_M5244,S2758,48.0,2026-04-26 11:22:14.092093,completed,27.0,True,admin_assigned
MATCH_6062,M3577,S3227,44.0,2026-04-11 11:22:14.092290,rejected,23.0,False,specific_request
MATCH_6063,ALUMNI_M5329,S5,48.5,2026-05-04 11:22:14.092489,completed,33.0,False,specific_request
MATCH_6064,ALUMNI_M623,S1505,65.5,2026-04-30 11:22:14.092682,accepted,38.0,False,admin_assigned
MATCH_6065,ALUMNI_M733,S2663,51.0,2026-04-25 11:22:14.092887,pending,,False,specific_request
MATCH_6066,ALUMNI_M386,S397,51.0,2026-04-06 11:22:14.093083,completed,23.0,False,admin_assigned
MATCH_6067,M1650,S1728,44.0,2026-05-02 11:22:14.093281,pending,50.0,True,specific_request
MATCH_6068,M3130,S1299,51.0,2026-04-06 11:22:14.093468,completed,1.0,False,specific_request
MATCH_6069,M4549,S1264,51.0,2026-04-07 11:22:14.093652,pending,25.0,False,admin_assigned
MATCH_6070,ALUMNI_M1426,S774,55.0,2026-04-28 11:22:14.093856,accepted,4.0,True,auto_suggestion
MATCH_6071,ALUMNI_M2654,S2989,51.0,2026-05-05 11:22:14.094056,pending,,True,admin_assigned
MATCH_6072,ALUMNI_M2093,S4125,50.67,2026-04-29 11:22:14.094252,rejected,64.0,False,high_compatibility
MATCH_6073,ALUMNI_M2065,S3534,44.0,2026-05-05 11:22:14.094441,pending,,False,admin_assigned
MATCH_6074,M76,S486,51.0,2026-04-26 11:22:14.094631,completed,,True,auto_suggestion
MATCH_6075,M2156,S1901,43.22,2026-04-18 11:22:14.094845,completed,50.0,True,auto_suggestion
MATCH_6076,ALUMNI_M1159,S1895,53.75,2026-04-11 11:22:14.095038,pending,67.0,False,specific_request
MATCH_6077,M4255,S1304,51.0,2026-04-26 11:22:14.095247,completed,,True,admin_assigned
MATCH_6078,ALUMNI_M2093,S2905,61.5,2026-05-01 11:22:14.095428,pending,23.0,False,high_compatibility
MATCH_6079,M1707,S264,42.0,2026-04-07 11:22:14.095608,accepted,46.0,False,specific_request
MATCH_6080,M4098,S1636,44.0,2026-04-20 11:22:14.095805,pending,30.0,False,auto_suggestion
MATCH_6081,ALUMNI_M5026,S1087,48.78,2026-04-28 11:22:14.095991,pending,3.0,True,admin_assigned
MATCH_6082,M2076,S4365,51.0,2026-04-28 11:22:14.096206,pending,43.0,True,specific_request
MATCH_6083,ALUMNI_M4825,S2725,68.5,2026-04-07 11:22:14.096396,rejected,57.0,True,specific_request
MATCH_6084,ALUMNI_M2348,S1145,51.0,2026-05-03 11:22:14.096608,rejected,61.0,False,high_compatibility
MATCH_6085,M1686,S2575,46.75,2026-04-26 11:22:14.096831,completed,,False,auto_suggestion
MATCH_6086,ALUMNI_M5536,S1782,49.89,2026-04-19 11:22:14.097023,pending,45.0,False,specific_request
MATCH_6087,ALUMNI_M1697,S1225,44.0,2026-04-26 11:22:14.097223,pending,51.0,False,auto_suggestion
MATCH_6088,ALUMNI_M1661,S862,44.0,2026-04-24 11:22:14.097409,completed,,False,admin_assigned
MATCH_6089,M3419,S325,51.0,2026-04-13 11:22:14.097597,pending,,True,high_compatibility
MATCH_6090,M1798,S2793,65.94,2026-05-02 11:22:14.097824,accepted,43.0,False,specific_request
MATCH_6091,M2137,S4805,55.0,2026-04-21 11:22:14.098015,rejected,33.0,False,specific_request
MATCH_6092,M4711,S716,44.0,2026-04-26 11:22:14.098214,rejected,42.0,False,high_compatibility
MATCH_6093,ALUMNI_M4167,S3226,51.0,2026-04-10 11:22:14.098412,accepted,,False,specific_request
MATCH_6094,ALUMNI_M2480,S1469,48.0,2026-05-01 11:22:14.098601,rejected,22.0,False,admin_assigned
MATCH_6095,ALUMNI_M1968,S420,57.67,2026-04-10 11:22:14.098807,pending,6.0,False,auto_suggestion
MATCH_6096,M3899,S1195,44.0,2026-04-28 11:22:14.098997,completed,,True,auto_suggestion
MATCH_6097,M1357,S2449,44.0,2026-04-21 11:22:14.099193,accepted,19.0,True,admin_assigned
MATCH_6098,M1822,S3372,50.67,2026-05-05 11:22:14.099389,pending,45.0,False,auto_suggestion
MATCH_6099,ALUMNI_M3877,S193,44.0,2026-05-03 11:22:14.099584,completed,,False,high_compatibility
MATCH_6100,M1720,S4728,53.75,2026-04-19 11:22:14.099795,rejected,51.0,False,high_compatibility
MATCH_6101,ALUMNI_M808,S732,51.0,2026-05-06 11:22:14.099987,pending,57.0,False,admin_assigned
MATCH_6102,ALUMNI_M1618,S261,68.5,2026-04-22 11:22:14.100184,accepted,56.0,False,high_compatibility
MATCH_6103,ALUMNI_M1947,S1345,64.06,2026-04-29 11:22:14.100377,accepted,,False,specific_request
MATCH_6104,ALUMNI_M2351,S1055,36.86,2026-05-06 11:22:14.100562,accepted,19.0,True,high_compatibility
MATCH_6105,M1823,S1402,51.0,2026-05-03 11:22:14.100762,rejected,,False,specific_request
MATCH_6106,M2441,S977,40.67,2026-04-24 11:22:14.100950,rejected,61.0,True,high_compatibility
MATCH_6107,ALUMNI_M4219,S887,51.0,2026-04-30 11:22:14.101145,accepted,14.0,True,specific_request
MATCH_6108,ALUMNI_M5975,S1843,61.5,2026-04-18 11:22:14.101335,pending,33.0,True,auto_suggestion
MATCH_6109,M3731,S3991,44.0,2026-04-19 11:22:14.101524,completed,41.0,True,specific_request
MATCH_6110,M3927,S2316,55.0,2026-04-30 11:22:14.101733,accepted,11.0,True,auto_suggestion
MATCH_6111,M3173,S2698,44.0,2026-04-25 11:22:14.101926,rejected,,True,auto_suggestion
MATCH_6112,ALUMNI_M4162,S1867,61.67,2026-04-10 11:22:14.102110,pending,22.0,False,specific_request
MATCH_6113,ALUMNI_M4801,S3269,50.67,2026-05-01 11:22:14.102311,accepted,,True,auto_suggestion
MATCH_6114,M2506,S192,61.5,2026-04-24 11:22:14.102497,pending,,False,specific_request
MATCH_6115,M3853,S1158,51.0,2026-04-18 11:22:14.102697,accepted,,False,auto_suggestion
MATCH_6116,M4724,S4023,55.0,2026-05-01 11:22:14.102903,accepted,63.0,True,admin_assigned
MATCH_6117,M4211,S510,68.5,2026-04-30 11:22:14.103111,rejected,15.0,True,specific_request
MATCH_6118,ALUMNI_M1063,S3266,44.0,2026-04-22 11:22:14.103410,completed,64.0,False,high_compatibility
MATCH_6119,M1401,S3745,44.0,2026-04-14 11:22:14.103602,accepted,60.0,True,high_compatibility
MATCH_6120,ALUMNI_M1726,S888,44.0,2026-04-22 11:22:14.103811,rejected,23.0,True,high_compatibility
MATCH_6121,ALUMNI_M1408,S1763,50.56,2026-04-18 11:22:14.104003,completed,,True,auto_suggestion
MATCH_6122,M4324,S4962,55.0,2026-04-21 11:22:14.104204,completed,29.0,True,auto_suggestion
MATCH_6123,ALUMNI_M3938,S1542,44.0,2026-04-09 11:22:14.104393,pending,17.0,True,high_compatibility
MATCH_6124,ALUMNI_M4460,S130,44.67,2026-05-06 11:22:14.104584,completed,,True,auto_suggestion
MATCH_6125,M590,S4787,68.5,2026-05-05 11:22:14.104791,pending,28.0,True,specific_request
MATCH_6126,M4532,S1813,51.67,2026-04-18 11:22:14.104979,completed,12.0,True,admin_assigned
MATCH_6127,ALUMNI_M549,S4701,51.0,2026-04-16 11:22:14.105177,rejected,48.0,True,high_compatibility
MATCH_6128,ALUMNI_M3559,S797,50.67,2026-05-03 11:22:14.105369,pending,,False,auto_suggestion
MATCH_6129,M4264,S2588,51.0,2026-04-29 11:22:14.105566,rejected,,False,admin_assigned
MATCH_6130,ALUMNI_M2929,S3257,44.0,2026-04-29 11:22:14.105779,rejected,,True,admin_assigned
MATCH_6131,ALUMNI_M1711,S405,51.0,2026-05-06 11:22:14.105973,rejected,5.0,True,specific_request
MATCH_6132,ALUMNI_M1761,S1098,44.0,2026-05-03 11:22:14.106172,rejected,22.0,False,specific_request
MATCH_6133,ALUMNI_M2914,S4235,68.5,2026-04-06 11:22:14.106396,pending,,True,admin_assigned
MATCH_6134,M4422,S3136,61.5,2026-04-23 11:22:14.106586,rejected,66.0,False,admin_assigned
MATCH_6135,ALUMNI_M1300,S2041,68.5,2026-05-02 11:22:14.106791,completed,,True,auto_suggestion
MATCH_6136,ALUMNI_M5152,S2933,68.17,2026-04-11 11:22:14.106990,rejected,,False,auto_suggestion
MATCH_6137,M3681,S1552,39.56,2026-04-17 11:22:14.107190,pending,61.0,True,auto_suggestion
MATCH_6138,M3282,S2591,51.0,2026-05-04 11:22:14.107380,pending,10.0,False,specific_request
MATCH_6139,M3883,S1351,55.0,2026-04-15 11:22:14.107566,rejected,7.0,True,admin_assigned
MATCH_6140,ALUMNI_M159,S1777,44.0,2026-04-21 11:22:14.107782,completed,59.0,False,auto_suggestion
MATCH_6141,ALUMNI_M3194,S884,48.0,2026-04-17 11:22:14.107975,rejected,47.0,False,auto_suggestion
MATCH_6142,ALUMNI_M5598,S376,51.0,2026-05-01 11:22:14.108176,completed,8.0,False,auto_suggestion
MATCH_6143,ALUMNI_M5008,S984,51.0,2026-04-15 11:22:14.108367,rejected,59.0,False,high_compatibility
MATCH_6144,ALUMNI_M603,S244,44.0,2026-05-03 11:22:14.108558,completed,20.0,True,admin_assigned
MATCH_6145,ALUMNI_M1327,S2659,51.0,2026-04-12 11:22:14.108762,pending,42.0,False,high_compatibility
MATCH_6146,ALUMNI_M343,S1269,44.0,2026-04-19 11:22:14.108953,rejected,43.0,True,auto_suggestion
MATCH_6147,M2277,S899,51.0,2026-04-16 11:22:14.109221,accepted,57.0,False,high_compatibility
MATCH_6148,ALUMNI_M2392,S4478,44.0,2026-04-29 11:22:14.109419,accepted,,False,admin_assigned
MATCH_6149,M1428,S2799,51.0,2026-04-28 11:22:14.109614,completed,11.0,True,specific_request
MATCH_6150,M1893,S1440,44.0,2026-04-07 11:22:14.109863,accepted,,True,specific_request
MATCH_6151,ALUMNI_M1705,S498,40.0,2026-04-11 11:22:14.110074,completed,,False,auto_suggestion
MATCH_6152,M2512,S965,51.0,2026-05-03 11:22:14.110275,pending,21.0,True,auto_suggestion
MATCH_6153,M3180,S3351,44.0,2026-04-13 11:22:14.110470,pending,23.0,True,specific_request
MATCH_6154,ALUMNI_M1132,S1579,75.17,2026-04-09 11:22:14.110660,accepted,,False,admin_assigned
MATCH_6155,M1716,S3170,51.0,2026-04-20 11:22:14.110867,accepted,49.0,False,specific_request
MATCH_6156,ALUMNI_M2607,S328,51.0,2026-04-13 11:22:14.111054,pending,34.0,False,specific_request
MATCH_6157,M1923,S3743,51.0,2026-04-27 11:22:14.111259,pending,10.0,True,auto_suggestion
MATCH_6158,ALUMNI_M4478,S950,37.75,2026-04-09 11:22:14.111449,completed,,True,specific_request
MATCH_6159,M4358,S1575,51.0,2026-05-02 11:22:14.111633,pending,15.0,False,admin_assigned
MATCH_6160,M2724,S4726,51.0,2026-04-23 11:22:14.111836,rejected,,True,admin_assigned
MATCH_6161,ALUMNI_M1678,S3240,68.5,2026-04-09 11:22:14.112031,accepted,68.0,True,specific_request
MATCH_6162,M435,S2327,44.0,2026-04-16 11:22:14.112243,rejected,72.0,True,high_compatibility
MATCH_6163,ALUMNI_M4507,S3393,68.5,2026-04-22 11:22:14.112433,rejected,58.0,False,auto_suggestion
MATCH_6164,ALUMNI_M4167,S4888,51.0,2026-04-22 11:22:14.112629,rejected,,False,high_compatibility
MATCH_6165,ALUMNI_M4421,S1263,48.0,2026-05-02 11:22:14.112931,accepted,70.0,False,high_compatibility
MATCH_6166,ALUMNI_M149,S2044,51.0,2026-04-12 11:22:14.113138,rejected,,False,specific_request
MATCH_6167,ALUMNI_M4074,S984,51.0,2026-04-07 11:22:14.113329,rejected,44.0,False,auto_suggestion
MATCH_6168,ALUMNI_M4601,S4883,68.5,2026-05-03 11:22:14.113555,rejected,,True,specific_request
MATCH_6169,M2859,S572,68.5,2026-05-06 11:22:14.113764,accepted,72.0,True,specific_request
MATCH_6170,ALUMNI_M46,S329,51.0,2026-04-23 11:22:14.113954,rejected,66.0,True,auto_suggestion
MATCH_6171,M723,S1782,44.0,2026-04-11 11:22:14.114165,completed,28.0,False,auto_suggestion
MATCH_6172,M4060,S2523,36.5,2026-04-28 11:22:14.114356,accepted,16.0,True,admin_assigned
MATCH_6173,ALUMNI_M2214,S1379,48.0,2026-04-19 11:22:14.114543,rejected,33.0,True,auto_suggestion
MATCH_6174,ALUMNI_M1065,S686,48.0,2026-04-12 11:22:14.114744,accepted,,True,admin_assigned
MATCH_6175,M1634,S4944,55.0,2026-04-11 11:22:14.114933,pending,22.0,True,specific_request
MATCH_6176,M298,S2338,45.44,2026-04-06 11:22:14.115120,accepted,38.0,True,admin_assigned
MATCH_6177,M4948,S913,55.0,2026-04-13 11:22:14.115318,completed,41.0,True,specific_request
MATCH_6178,ALUMNI_M3550,S1925,51.0,2026-04-11 11:22:14.115527,completed,44.0,True,admin_assigned
MATCH_6179,ALUMNI_M2100,S4416,51.0,2026-04-25 11:22:14.115736,pending,,False,specific_request
MATCH_6180,M3106,S953,51.0,2026-04-18 11:22:14.115927,rejected,57.0,True,high_compatibility
MATCH_6181,M2525,S2122,71.25,2026-04-23 11:22:14.116117,pending,51.0,True,admin_assigned
MATCH_6182,M3270,S1246,51.0,2026-04-06 11:22:14.116314,completed,19.0,False,specific_request
MATCH_6183,M11,S4883,51.0,2026-04-13 11:22:14.116506,accepted,6.0,False,specific_request
MATCH_6184,ALUMNI_M325,S3614,61.5,2026-05-06 11:22:14.116695,pending,23.0,False,high_compatibility
MATCH_6185,ALUMNI_M444,S4315,51.0,2026-04-08 11:22:14.116902,rejected,29.0,False,auto_suggestion
MATCH_6186,ALUMNI_M5534,S2965,61.5,2026-04-22 11:22:14.117093,completed,38.0,True,high_compatibility
MATCH_6187,ALUMNI_M1451,S4437,55.0,2026-04-27 11:22:14.117291,rejected,71.0,True,specific_request
MATCH_6188,M1932,S1095,65.5,2026-04-24 11:22:14.117491,rejected,,True,auto_suggestion
MATCH_6189,M2169,S1852,44.0,2026-04-27 11:22:14.117680,completed,47.0,True,high_compatibility
MATCH_6190,M4215,S1212,47.5,2026-04-08 11:22:14.117886,rejected,33.0,True,high_compatibility
MATCH_6191,M2050,S2908,44.0,2026-05-05 11:22:14.118073,completed,1.0,False,auto_suggestion
MATCH_6192,M2274,S2735,48.0,2026-04-28 11:22:14.118276,accepted,,True,specific_request
MATCH_6193,ALUMNI_M2642,S4788,44.0,2026-04-17 11:22:14.118466,pending,3.0,False,specific_request
MATCH_6194,ALUMNI_M1408,S4235,51.0,2026-05-01 11:22:14.118662,rejected,18.0,True,admin_assigned
MATCH_6195,M2493,S3178,68.5,2026-04-28 11:22:14.118865,accepted,,False,specific_request
MATCH_6196,M1230,S2346,48.0,2026-04-22 11:22:14.119052,rejected,,True,auto_suggestion
MATCH_6197,ALUMNI_M2755,S4715,55.67,2026-04-16 11:22:14.119255,accepted,21.0,False,high_compatibility
MATCH_6198,ALUMNI_M2613,S4148,72.5,2026-04-16 11:22:14.119445,accepted,,False,high_compatibility
MATCH_6199,M799,S4881,44.0,2026-04-17 11:22:14.119646,pending,45.0,False,specific_request
MATCH_6200,ALUMNI_M5992,S20,51.0,2026-04-18 11:22:14.119858,pending,65.0,True,specific_request
MATCH_6201,ALUMNI_M3834,S3409,44.0,2026-04-12 11:22:14.120050,accepted,21.0,False,auto_suggestion
MATCH_6202,M162,S1331,51.0,2026-04-16 11:22:14.120260,accepted,,True,auto_suggestion
MATCH_6203,ALUMNI_M1895,S4511,61.5,2026-04-30 11:22:14.120452,rejected,9.0,True,auto_suggestion
MATCH_6204,ALUMNI_M4959,S1077,44.0,2026-04-29 11:22:14.120640,accepted,,False,high_compatibility
MATCH_6205,ALUMNI_M3160,S3116,55.25,2026-04-23 11:22:14.120848,accepted,41.0,True,high_compatibility
MATCH_6206,M4212,S2960,68.5,2026-05-04 11:22:14.121052,completed,41.0,True,specific_request
MATCH_6207,ALUMNI_M3152,S401,48.0,2026-05-03 11:22:14.121266,completed,,True,high_compatibility
MATCH_6208,ALUMNI_M1007,S1352,50.67,2026-05-02 11:22:14.121453,completed,61.0,False,high_compatibility
MATCH_6209,M4989,S541,44.0,2026-04-12 11:22:14.121642,rejected,38.0,True,admin_assigned
MATCH_6210,M1225,S4728,51.0,2026-04-30 11:22:14.121845,rejected,,False,admin_assigned
MATCH_6211,ALUMNI_M1395,S4169,55.0,2026-05-04 11:22:14.122031,accepted,,True,admin_assigned
MATCH_6212,ALUMNI_M1361,S2854,44.0,2026-04-21 11:22:14.122233,accepted,40.0,False,admin_assigned
MATCH_6213,ALUMNI_M4011,S3100,51.0,2026-05-03 11:22:14.122425,pending,34.0,True,high_compatibility
MATCH_6214,ALUMNI_M1836,S1122,51.0,2026-04-30 11:22:14.122613,completed,,False,specific_request
MATCH_6215,M3620,S1887,37.33,2026-04-09 11:22:14.122825,rejected,,True,high_compatibility
MATCH_6216,M4992,S3145,68.17,2026-05-02 11:22:14.123033,pending,,False,auto_suggestion
MATCH_6217,ALUMNI_M3881,S1917,51.42,2026-04-25 11:22:14.123237,rejected,68.0,True,auto_suggestion
MATCH_6218,M2733,S3479,48.0,2026-05-03 11:22:14.123425,accepted,27.0,True,high_compatibility
MATCH_6219,M3983,S315,51.0,2026-04-22 11:22:14.123642,completed,21.0,True,auto_suggestion
MATCH_6220,ALUMNI_M741,S1580,55.0,2026-04-24 11:22:14.123958,pending,31.0,True,specific_request
MATCH_6221,ALUMNI_M5355,S2554,55.0,2026-04-13 11:22:14.124169,completed,62.0,False,admin_assigned
MATCH_6222,ALUMNI_M5849,S1576,44.0,2026-04-08 11:22:14.124362,rejected,,True,auto_suggestion
MATCH_6223,ALUMNI_M2981,S4670,44.0,2026-04-10 11:22:14.124626,pending,,False,admin_assigned
MATCH_6224,M893,S3811,52.17,2026-04-20 11:22:14.124954,accepted,,False,specific_request
MATCH_6225,M1484,S2254,44.0,2026-04-09 11:22:14.125201,completed,21.0,True,high_compatibility
MATCH_6226,M4841,S4796,55.0,2026-04-22 11:22:14.125405,pending,5.0,True,admin_assigned
MATCH_6227,M2012,S114,51.0,2026-04-21 11:22:14.125606,completed,,True,auto_suggestion
MATCH_6228,ALUMNI_M2513,S548,51.0,2026-04-18 11:22:14.125884,rejected,3.0,True,specific_request
MATCH_6229,M4538,S2341,68.17,2026-04-30 11:22:14.126084,rejected,5.0,True,high_compatibility
MATCH_6230,ALUMNI_M3458,S3393,51.0,2026-04-13 11:22:14.126287,accepted,,True,admin_assigned
MATCH_6231,M1862,S3164,44.0,2026-04-06 11:22:14.126475,completed,60.0,False,admin_assigned
MATCH_6232,ALUMNI_M4253,S1559,76.67,2026-05-04 11:22:14.126664,rejected,1.0,True,high_compatibility
MATCH_6233,ALUMNI_M5391,S279,44.0,2026-04-12 11:22:14.126874,pending,55.0,True,admin_assigned
MATCH_6234,ALUMNI_M5951,S3480,51.0,2026-04-07 11:22:14.127067,accepted,63.0,False,auto_suggestion
MATCH_6235,ALUMNI_M3718,S482,44.0,2026-04-10 11:22:14.127269,accepted,,False,high_compatibility
MATCH_6236,ALUMNI_M2811,S3778,44.0,2026-04-18 11:22:14.127459,rejected,41.0,False,admin_assigned
MATCH_6237,M3092,S2771,72.5,2026-04-28 11:22:14.127646,rejected,,True,auto_suggestion
MATCH_6238,ALUMNI_M4875,S3854,44.0,2026-04-28 11:22:14.127851,completed,,False,specific_request
MATCH_6239,M3583,S707,51.0,2026-04-29 11:22:14.128041,pending,37.0,False,admin_assigned
MATCH_6240,M1220,S3110,51.0,2026-05-01 11:22:14.128261,rejected,2.0,False,admin_assigned
MATCH_6241,ALUMNI_M5887,S1325,44.0,2026-04-06 11:22:14.128457,completed,37.0,False,auto_suggestion
MATCH_6242,M3763,S3106,47.67,2026-04-28 11:22:14.128644,rejected,29.0,True,auto_suggestion
MATCH_6243,M1130,S4167,44.0,2026-04-13 11:22:14.128852,rejected,3.0,True,specific_request
MATCH_6244,M2484,S2915,51.0,2026-04-30 11:22:14.129040,rejected,46.0,True,auto_suggestion
MATCH_6245,ALUMNI_M5063,S4885,46.0,2026-04-27 11:22:14.129241,pending,,False,admin_assigned
MATCH_6246,M3915,S1320,54.67,2026-04-30 11:22:14.129437,accepted,33.0,True,admin_assigned
MATCH_6247,M4199,S1292,40.25,2026-05-04 11:22:14.129624,rejected,,True,specific_request
MATCH_6248,ALUMNI_M54,S2087,57.67,2026-04-18 11:22:14.129831,rejected,10.0,True,auto_suggestion
MATCH_6249,ALUMNI_M3147,S538,44.0,2026-05-05 11:22:14.130021,pending,3.0,False,high_compatibility
MATCH_6250,ALUMNI_M3448,S2330,51.0,2026-04-12 11:22:14.130218,pending,,False,high_compatibility
MATCH_6251,ALUMNI_M256,S4844,55.0,2026-05-05 11:22:14.130407,accepted,56.0,True,auto_suggestion
MATCH_6252,M4467,S1275,44.0,2026-04-13 11:22:14.130593,completed,,False,admin_assigned
MATCH_6253,ALUMNI_M416,S4866,43.22,2026-04-08 11:22:14.130796,rejected,49.0,True,high_compatibility
MATCH_6254,ALUMNI_M3530,S472,44.0,2026-04-23 11:22:14.131081,accepted,,True,specific_request
MATCH_6255,M237,S3411,44.0,2026-04-25 11:22:14.131516,rejected,7.0,False,high_compatibility
MATCH_6256,ALUMNI_M3583,S4621,51.0,2026-04-10 11:22:14.131968,rejected,55.0,True,specific_request
MATCH_6257,ALUMNI_M5970,S4138,61.5,2026-04-22 11:22:14.132367,accepted,2.0,True,admin_assigned
MATCH_6258,ALUMNI_M176,S3617,42.57,2026-04-15 11:22:14.132775,pending,27.0,False,specific_request
MATCH_6259,M2777,S3717,61.5,2026-04-19 11:22:14.133165,pending,,False,specific_request
MATCH_6260,ALUMNI_M3670,S3707,59.25,2026-04-25 11:22:14.133556,accepted,21.0,True,high_compatibility
MATCH_6261,ALUMNI_M2266,S3682,51.0,2026-04-08 11:22:14.133973,accepted,,False,admin_assigned
MATCH_6262,ALUMNI_M994,S2592,44.0,2026-04-26 11:22:14.134489,completed,50.0,False,specific_request
MATCH_6263,ALUMNI_M1349,S1619,44.0,2026-04-26 11:22:14.134919,pending,15.0,False,specific_request
MATCH_6264,ALUMNI_M2139,S347,44.0,2026-04-22 11:22:14.135344,pending,62.0,False,high_compatibility
MATCH_6265,M3283,S4894,68.5,2026-04-19 11:22:14.135826,rejected,27.0,False,admin_assigned
MATCH_6266,M2969,S1447,55.0,2026-04-12 11:22:14.136270,completed,38.0,True,admin_assigned
MATCH_6267,ALUMNI_M400,S224,44.0,2026-05-03 11:22:14.136680,rejected,,True,admin_assigned
MATCH_6268,M433,S2189,44.0,2026-04-08 11:22:14.137114,completed,7.0,True,high_compatibility
MATCH_6269,M863,S2543,65.5,2026-04-13 11:22:14.137522,pending,,True,admin_assigned
MATCH_6270,ALUMNI_M3604,S3042,65.5,2026-04-17 11:22:14.137947,pending,2.0,True,specific_request
MATCH_6271,ALUMNI_M1669,S3504,51.0,2026-04-22 11:22:14.138365,accepted,60.0,False,specific_request
MATCH_6272,M1442,S905,68.17,2026-04-08 11:22:14.138792,accepted,55.0,True,high_compatibility
MATCH_6273,ALUMNI_M997,S623,41.33,2026-05-04 11:22:14.139224,completed,18.0,False,auto_suggestion
MATCH_6274,M1846,S4024,51.0,2026-04-07 11:22:14.139639,completed,49.0,True,specific_request
MATCH_6275,M1343,S1097,51.0,2026-04-30 11:22:14.140084,pending,13.0,False,auto_suggestion
MATCH_6276,ALUMNI_M405,S3500,75.17,2026-04-10 11:22:14.140538,pending,62.0,True,high_compatibility
MATCH_6277,M4570,S4107,55.0,2026-04-21 11:22:14.140992,pending,44.0,False,high_compatibility
MATCH_6278,M4386,S3705,55.0,2026-04-06 11:22:14.141410,pending,42.0,False,specific_request
MATCH_6279,ALUMNI_M1568,S4945,51.0,2026-04-13 11:22:14.141817,accepted,,False,admin_assigned
MATCH_6280,M4520,S2966,51.0,2026-04-25 11:22:14.142225,accepted,70.0,True,auto_suggestion
MATCH_6281,ALUMNI_M4716,S2516,72.5,2026-04-26 11:22:14.142667,completed,16.0,False,auto_suggestion
MATCH_6282,M320,S4250,51.0,2026-04-23 11:22:14.143112,pending,14.0,False,admin_assigned
MATCH_6283,ALUMNI_M1849,S554,61.5,2026-04-07 11:22:14.143487,completed,,False,admin_assigned
MATCH_6284,ALUMNI_M2362,S4582,55.0,2026-04-24 11:22:14.143807,pending,39.0,False,specific_request
MATCH_6285,ALUMNI_M615,S2228,43.71,2026-04-17 11:22:14.144111,pending,36.0,False,high_compatibility
MATCH_6286,ALUMNI_M498,S1795,44.0,2026-04-20 11:22:14.144456,accepted,50.0,False,specific_request
MATCH_6287,M428,S1433,51.0,2026-04-10 11:22:14.144832,completed,,False,auto_suggestion
MATCH_6288,ALUMNI_M5005,S4208,51.0,2026-05-03 11:22:14.145155,pending,23.0,True,specific_request
MATCH_6289,M4723,S1177,44.0,2026-05-05 11:22:14.145457,completed,22.0,False,specific_request
MATCH_6290,ALUMNI_M904,S4606,44.0,2026-04-30 11:22:14.145839,rejected,35.0,False,high_compatibility
MATCH_6291,M1302,S377,40.0,2026-04-08 11:22:14.146234,accepted,59.0,False,admin_assigned
MATCH_6292,ALUMNI_M2029,S3637,49.29,2026-04-16 11:22:14.146614,completed,,True,specific_request
MATCH_6293,M3708,S3297,51.0,2026-04-21 11:22:14.147032,completed,,False,auto_suggestion
MATCH_6294,ALUMNI_M2859,S1466,48.0,2026-04-08 11:22:14.147428,completed,43.0,True,auto_suggestion
MATCH_6295,ALUMNI_M2168,S242,44.0,2026-04-19 11:22:14.147824,completed,29.0,True,specific_request
MATCH_6296,ALUMNI_M2922,S2845,55.0,2026-04-29 11:22:14.148246,pending,49.0,False,high_compatibility
MATCH_6297,M4824,S894,51.0,2026-04-16 11:22:14.148616,completed,11.0,True,high_compatibility
MATCH_6298,M3780,S2396,68.5,2026-04-10 11:22:14.149021,completed,15.0,False,high_compatibility
MATCH_6299,M4170,S2450,44.0,2026-04-13 11:22:14.149404,accepted,29.0,True,specific_request
MATCH_6300,M973,S2630,65.5,2026-04-07 11:22:14.149796,completed,16.0,True,high_compatibility
MATCH_6301,ALUMNI_M5215,S3028,44.0,2026-05-05 11:22:14.150183,rejected,40.0,True,high_compatibility
MATCH_6302,ALUMNI_M3775,S2505,51.0,2026-04-16 11:22:14.150571,accepted,1.0,False,auto_suggestion
MATCH_6303,ALUMNI_M969,S4833,55.0,2026-04-25 11:22:14.151007,rejected,,False,high_compatibility
MATCH_6304,M1764,S253,48.0,2026-05-06 11:22:14.151402,pending,2.0,False,high_compatibility
MATCH_6305,M3673,S532,46.0,2026-04-23 11:22:14.151823,accepted,32.0,True,auto_suggestion
MATCH_6306,M3900,S4138,44.0,2026-04-08 11:22:14.152237,pending,,True,auto_suggestion
MATCH_6307,ALUMNI_M3741,S4327,48.0,2026-05-06 11:22:14.152639,rejected,,False,specific_request
MATCH_6308,M53,S2538,50.0,2026-04-30 11:22:14.153067,rejected,,True,specific_request
MATCH_6309,M407,S4805,55.0,2026-05-02 11:22:14.153470,completed,46.0,True,auto_suggestion
MATCH_6310,M2555,S1566,52.14,2026-05-02 11:22:14.153889,rejected,44.0,False,auto_suggestion
MATCH_6311,ALUMNI_M1612,S1331,51.0,2026-04-17 11:22:14.154293,completed,7.0,False,admin_assigned
MATCH_6312,M1960,S1789,51.0,2026-05-01 11:22:14.154674,pending,,True,high_compatibility
MATCH_6313,ALUMNI_M2505,S1519,44.0,2026-04-19 11:22:14.155087,rejected,45.0,True,admin_assigned
MATCH_6314,M4833,S35,48.0,2026-04-09 11:22:14.155497,completed,25.0,False,auto_suggestion
MATCH_6315,ALUMNI_M4704,S4906,48.0,2026-04-14 11:22:14.155910,accepted,,True,admin_assigned
MATCH_6316,M3442,S656,57.67,2026-04-22 11:22:14.156309,pending,25.0,False,specific_request
MATCH_6317,ALUMNI_M3127,S2679,51.0,2026-05-04 11:22:14.156696,pending,,True,specific_request
MATCH_6318,M2320,S4414,48.0,2026-04-24 11:22:14.157119,pending,21.0,False,specific_request
MATCH_6319,M566,S1504,44.0,2026-04-30 11:22:14.157519,completed,46.0,False,auto_suggestion
MATCH_6320,M3254,S3422,44.0,2026-04-11 11:22:14.157934,rejected,30.0,True,auto_suggestion
MATCH_6321,ALUMNI_M3065,S2793,68.17,2026-04-08 11:22:14.158355,rejected,57.0,True,high_compatibility
MATCH_6322,M3531,S4931,44.33,2026-04-24 11:22:14.158772,completed,,True,specific_request
MATCH_6323,ALUMNI_M5308,S2496,44.0,2026-05-05 11:22:14.159182,rejected,12.0,True,high_compatibility
MATCH_6324,M2777,S3203,48.14,2026-05-03 11:22:14.159579,completed,3.0,False,admin_assigned
MATCH_6325,M593,S3795,48.0,2026-04-18 11:22:14.159998,completed,15.0,True,high_compatibility
MATCH_6326,M2570,S881,44.0,2026-04-30 11:22:14.160386,completed,70.0,True,high_compatibility
MATCH_6327,ALUMNI_M5882,S3576,42.89,2026-04-08 11:22:14.160791,completed,,False,auto_suggestion
MATCH_6328,M840,S4183,72.5,2026-04-26 11:22:14.161187,accepted,,True,auto_suggestion
MATCH_6329,M4882,S1097,51.0,2026-04-21 11:22:14.161567,accepted,40.0,False,high_compatibility
MATCH_6330,ALUMNI_M2403,S1392,55.0,2026-04-12 11:22:14.161978,rejected,,True,high_compatibility
MATCH_6331,ALUMNI_M1296,S3959,51.0,2026-04-14 11:22:14.162354,pending,38.0,True,admin_assigned
MATCH_6332,M945,S4667,44.0,2026-04-12 11:22:14.162732,rejected,6.0,True,specific_request
MATCH_6333,ALUMNI_M1095,S406,44.0,2026-04-24 11:22:14.163139,completed,21.0,True,specific_request
MATCH_6334,M3390,S2295,44.0,2026-04-24 11:22:14.163489,accepted,28.0,True,auto_suggestion
MATCH_6335,ALUMNI_M5140,S3264,44.0,2026-04-22 11:22:14.163882,completed,50.0,True,high_compatibility
MATCH_6336,ALUMNI_M4861,S864,47.67,2026-04-26 11:22:14.164240,completed,,False,auto_suggestion
MATCH_6337,M3109,S1016,51.0,2026-04-27 11:22:14.164569,accepted,31.0,False,specific_request
MATCH_6338,M4044,S2273,68.5,2026-04-20 11:22:14.164990,rejected,,True,auto_suggestion
MATCH_6339,ALUMNI_M2765,S3861,41.5,2026-04-27 11:22:14.165697,accepted,16.0,True,auto_suggestion
MATCH_6340,M637,S3687,53.92,2026-05-06 11:22:14.166149,rejected,57.0,True,auto_suggestion
MATCH_6341,M1914,S1885,51.0,2026-05-05 11:22:14.166568,rejected,9.0,False,auto_suggestion
MATCH_6342,ALUMNI_M5220,S4701,51.0,2026-04-24 11:22:14.166944,completed,44.0,False,admin_assigned
MATCH_6343,M1711,S146,51.0,2026-04-13 11:22:14.167324,pending,54.0,True,high_compatibility
MATCH_6344,ALUMNI_M1203,S1349,44.0,2026-05-06 11:22:14.167758,pending,49.0,True,auto_suggestion
MATCH_6345,ALUMNI_M5064,S1977,68.5,2026-04-20 11:22:14.168137,completed,46.0,False,high_compatibility
MATCH_6346,ALUMNI_M1489,S4400,44.0,2026-05-05 11:22:14.168573,completed,51.0,False,admin_assigned
MATCH_6347,ALUMNI_M4238,S4612,51.0,2026-04-19 11:22:14.169032,pending,27.0,False,high_compatibility
MATCH_6348,M3833,S3770,48.0,2026-05-04 11:22:14.169446,completed,3.0,False,high_compatibility
MATCH_6349,M3192,S2706,61.5,2026-05-02 11:22:14.169898,completed,8.0,True,auto_suggestion
MATCH_6350,M3721,S4928,51.0,2026-04-10 11:22:14.170313,rejected,44.0,True,high_compatibility
MATCH_6351,ALUMNI_M5335,S1582,47.25,2026-04-13 11:22:14.170736,pending,16.0,False,admin_assigned
MATCH_6352,ALUMNI_M2579,S4405,44.0,2026-05-01 11:22:14.171150,pending,29.0,False,high_compatibility
MATCH_6353,M3734,S633,68.5,2026-04-10 11:22:14.171578,completed,,False,specific_request
MATCH_6354,M2692,S4039,44.0,2026-04-24 11:22:14.172019,completed,12.0,False,admin_assigned
MATCH_6355,ALUMNI_M3943,S4241,42.57,2026-05-01 11:22:14.172457,completed,47.0,True,specific_request
MATCH_6356,ALUMNI_M2008,S1653,68.5,2026-05-03 11:22:14.172890,rejected,,False,high_compatibility
MATCH_6357,ALUMNI_M3374,S3087,51.0,2026-05-02 11:22:14.173302,rejected,10.0,True,specific_request
MATCH_6358,M1492,S2109,51.0,2026-04-08 11:22:14.173735,rejected,59.0,True,high_compatibility
MATCH_6359,M4744,S3485,52.5,2026-04-14 11:22:14.174153,rejected,70.0,False,specific_request
MATCH_6360,M2931,S3171,51.0,2026-04-27 11:22:14.174575,accepted,16.0,True,admin_assigned
MATCH_6361,M494,S4637,55.0,2026-05-02 11:22:14.174996,completed,66.0,True,admin_assigned
MATCH_6362,M2745,S1217,44.0,2026-04-26 11:22:14.175418,pending,1.0,True,auto_suggestion
MATCH_6363,M1067,S174,44.0,2026-04-22 11:22:14.175849,pending,43.0,True,specific_request
MATCH_6364,M2620,S4074,67.39,2026-04-25 11:22:14.176249,pending,43.0,False,auto_suggestion
MATCH_6365,M2139,S442,44.33,2026-05-04 11:22:14.176649,pending,35.0,False,auto_suggestion
MATCH_6366,ALUMNI_M436,S13,44.0,2026-04-07 11:22:14.177075,accepted,,True,admin_assigned
MATCH_6367,ALUMNI_M5283,S3942,51.0,2026-04-25 11:22:14.177480,rejected,15.0,False,high_compatibility
MATCH_6368,ALUMNI_M515,S2177,48.0,2026-04-12 11:22:14.177909,rejected,58.0,True,auto_suggestion
MATCH_6369,ALUMNI_M2737,S4984,68.5,2026-04-15 11:22:14.178296,accepted,38.0,False,high_compatibility
MATCH_6370,M3233,S3530,55.0,2026-04-20 11:22:14.178756,pending,20.0,True,auto_suggestion
MATCH_6371,ALUMNI_M3477,S4656,55.67,2026-04-07 11:22:14.179215,completed,57.0,True,admin_assigned
MATCH_6372,M3866,S4890,51.0,2026-04-06 11:22:14.179638,pending,51.0,False,auto_suggestion
MATCH_6373,ALUMNI_M1489,S4542,68.5,2026-05-06 11:22:14.180170,pending,59.0,False,admin_assigned
MATCH_6374,M542,S3853,44.0,2026-05-02 11:22:14.180581,accepted,47.0,True,auto_suggestion
MATCH_6375,M2876,S1344,75.17,2026-04-09 11:22:14.180996,pending,,True,specific_request
MATCH_6376,ALUMNI_M5506,S2518,68.5,2026-04-28 11:22:14.181406,completed,35.0,False,auto_suggestion
MATCH_6377,ALUMNI_M4473,S3454,51.0,2026-05-02 11:22:14.181842,pending,,False,specific_request
MATCH_6378,ALUMNI_M1516,S1364,51.0,2026-04-10 11:22:14.182244,rejected,16.0,True,auto_suggestion
MATCH_6379,ALUMNI_M4353,S1274,61.5,2026-04-23 11:22:14.182632,rejected,72.0,True,admin_assigned
MATCH_6380,M155,S2502,44.0,2026-04-20 11:22:14.183092,completed,64.0,False,high_compatibility
MATCH_6381,ALUMNI_M536,S2830,51.0,2026-04-17 11:22:14.183515,accepted,52.0,True,high_compatibility
MATCH_6382,ALUMNI_M577,S2267,51.0,2026-04-24 11:22:14.183930,rejected,,False,high_compatibility
MATCH_6383,ALUMNI_M2407,S1410,68.5,2026-04-25 11:22:14.184348,completed,30.0,False,high_compatibility
MATCH_6384,ALUMNI_M5318,S3127,44.0,2026-04-14 11:22:14.184758,pending,30.0,False,high_compatibility
MATCH_6385,M400,S494,51.0,2026-04-25 11:22:14.185168,accepted,37.0,False,specific_request
MATCH_6386,ALUMNI_M5955,S2881,51.0,2026-04-18 11:22:14.185579,accepted,12.0,False,auto_suggestion
MATCH_6387,M644,S216,50.67,2026-04-27 11:22:14.186025,accepted,33.0,False,admin_assigned
MATCH_6388,ALUMNI_M2641,S2362,44.0,2026-04-09 11:22:14.186434,accepted,26.0,False,admin_assigned
MATCH_6389,ALUMNI_M5393,S250,72.5,2026-04-18 11:22:14.186849,pending,13.0,True,admin_assigned
MATCH_6390,M1604,S2163,68.5,2026-05-03 11:22:14.187229,pending,49.0,True,specific_request
MATCH_6391,ALUMNI_M624,S3931,51.0,2026-05-03 11:22:14.187626,rejected,64.0,False,high_compatibility
MATCH_6392,ALUMNI_M1638,S2295,44.0,2026-04-06 11:22:14.188070,pending,42.0,True,specific_request
MATCH_6393,ALUMNI_M1369,S4806,65.5,2026-05-01 11:22:14.188458,pending,19.0,False,specific_request
MATCH_6394,ALUMNI_M3588,S719,48.0,2026-04-10 11:22:14.188894,pending,21.0,False,admin_assigned
MATCH_6395,ALUMNI_M1123,S3339,55.0,2026-04-17 11:22:14.189319,accepted,35.0,False,specific_request
MATCH_6396,ALUMNI_M1412,S2602,44.0,2026-04-20 11:22:14.189770,pending,3.0,True,specific_request
MATCH_6397,M1854,S1903,51.0,2026-04-11 11:22:14.190205,accepted,62.0,True,admin_assigned
MATCH_6398,ALUMNI_M197,S1397,51.0,2026-04-18 11:22:14.190648,completed,1.0,True,specific_request
MATCH_6399,ALUMNI_M38,S2812,44.0,2026-04-08 11:22:14.191110,completed,44.0,False,auto_suggestion
MATCH_6400,ALUMNI_M4034,S428,44.0,2026-04-06 11:22:14.191561,completed,23.0,False,specific_request
MATCH_6401,M2490,S1340,72.5,2026-04-11 11:22:14.192014,pending,,False,admin_assigned
MATCH_6402,ALUMNI_M5798,S2739,68.5,2026-04-20 11:22:14.192432,pending,55.0,False,high_compatibility
MATCH_6403,ALUMNI_M4762,S1477,68.5,2026-05-03 11:22:14.192866,rejected,57.0,True,specific_request
MATCH_6404,M2952,S1066,51.0,2026-04-21 11:22:14.193286,accepted,15.0,False,admin_assigned
MATCH_6405,M3893,S3038,68.5,2026-05-03 11:22:14.193664,pending,25.0,False,high_compatibility
MATCH_6406,M2544,S4182,51.0,2026-05-05 11:22:14.194073,accepted,21.0,False,high_compatibility
MATCH_6407,M2951,S1956,44.0,2026-04-13 11:22:14.194433,rejected,52.0,False,admin_assigned
MATCH_6408,ALUMNI_M2352,S4464,51.0,2026-04-08 11:22:14.194796,completed,42.0,True,specific_request
MATCH_6409,M1743,S1423,68.5,2026-04-09 11:22:14.195166,rejected,34.0,False,auto_suggestion
MATCH_6410,M4275,S4921,72.17,2026-04-10 11:22:14.195555,rejected,,False,high_compatibility
MATCH_6411,M2529,S4651,51.0,2026-05-04 11:22:14.195974,pending,,False,admin_assigned
MATCH_6412,ALUMNI_M576,S753,51.0,2026-04-14 11:22:14.196433,accepted,21.0,False,admin_assigned
MATCH_6413,ALUMNI_M4406,S1181,44.0,2026-04-08 11:22:14.196879,completed,50.0,True,specific_request
MATCH_6414,ALUMNI_M752,S1557,57.67,2026-04-06 11:22:14.197303,pending,3.0,False,admin_assigned
MATCH_6415,ALUMNI_M5384,S2931,65.17,2026-04-24 11:22:14.197689,rejected,9.0,False,specific_request
MATCH_6416,M4882,S3709,48.0,2026-04-22 11:22:14.198112,rejected,,False,admin_assigned
MATCH_6417,ALUMNI_M5982,S1236,68.17,2026-04-21 11:22:14.198518,rejected,34.0,True,auto_suggestion
MATCH_6418,M4208,S4006,55.0,2026-04-29 11:22:14.198939,completed,,True,specific_request
MATCH_6419,ALUMNI_M875,S1242,44.0,2026-04-10 11:22:14.199329,accepted,,False,high_compatibility
MATCH_6420,M1335,S524,55.0,2026-05-06 11:22:14.199734,pending,32.0,True,high_compatibility
MATCH_6421,M4342,S4581,51.0,2026-04-25 11:22:14.200128,accepted,2.0,True,admin_assigned
MATCH_6422,ALUMNI_M1548,S2939,51.0,2026-04-21 11:22:14.200536,completed,51.0,True,specific_request
MATCH_6423,ALUMNI_M5017,S1533,55.0,2026-05-03 11:22:14.200966,pending,,False,high_compatibility
MATCH_6424,ALUMNI_M1077,S3616,68.17,2026-04-29 11:22:14.201377,pending,,False,auto_suggestion
MATCH_6425,M4768,S3645,51.0,2026-05-02 11:22:14.201786,pending,18.0,True,admin_assigned
MATCH_6426,M1478,S3034,72.5,2026-04-30 11:22:14.202182,accepted,8.0,False,specific_request
MATCH_6427,M3140,S1404,42.33,2026-04-18 11:22:14.202578,accepted,64.0,True,admin_assigned
MATCH_6428,ALUMNI_M2009,S3038,51.0,2026-04-11 11:22:14.202984,rejected,23.0,False,auto_suggestion
MATCH_6429,M4915,S4369,48.0,2026-05-04 11:22:14.203406,rejected,48.0,True,specific_request
MATCH_6430,ALUMNI_M2746,S4695,51.0,2026-04-29 11:22:14.203840,accepted,56.0,True,auto_suggestion
MATCH_6431,ALUMNI_M1042,S171,51.0,2026-04-10 11:22:14.204224,rejected,19.0,True,auto_suggestion
MATCH_6432,M1989,S2686,44.0,2026-04-16 11:22:14.204550,pending,,True,admin_assigned
MATCH_6433,ALUMNI_M3149,S4691,51.0,2026-04-24 11:22:14.204865,accepted,,False,admin_assigned
MATCH_6434,ALUMNI_M2218,S2845,57.67,2026-04-12 11:22:14.205189,pending,20.0,False,admin_assigned
MATCH_6435,ALUMNI_M2853,S1603,56.0,2026-05-06 11:22:14.205726,completed,,True,auto_suggestion
MATCH_6436,M775,S1574,51.0,2026-04-26 11:22:14.206139,rejected,5.0,False,specific_request
MATCH_6437,M3967,S3390,51.0,2026-04-14 11:22:14.206541,rejected,71.0,True,high_compatibility
MATCH_6438,ALUMNI_M1426,S1545,51.0,2026-04-14 11:22:14.206951,pending,,True,auto_suggestion
MATCH_6439,M4399,S1135,55.0,2026-04-25 11:22:14.207306,rejected,,False,auto_suggestion
MATCH_6440,ALUMNI_M1649,S3549,51.0,2026-05-01 11:22:14.207604,pending,,True,specific_request
MATCH_6441,M3455,S2436,44.0,2026-04-11 11:22:14.207986,completed,13.0,True,high_compatibility
MATCH_6442,M349,S2286,75.17,2026-04-19 11:22:14.208371,rejected,62.0,True,auto_suggestion
MATCH_6443,M3814,S3337,55.0,2026-04-26 11:22:14.208766,pending,27.0,True,admin_assigned
MATCH_6444,M1749,S4375,51.0,2026-04-09 11:22:14.209170,pending,30.0,True,auto_suggestion
MATCH_6445,M410,S2762,51.0,2026-05-06 11:22:14.209574,pending,69.0,False,specific_request
MATCH_6446,M3170,S2051,61.5,2026-04-17 11:22:14.210006,completed,,False,specific_request
MATCH_6447,ALUMNI_M5181,S3326,44.0,2026-05-02 11:22:14.210394,rejected,2.0,True,auto_suggestion
MATCH_6448,M2125,S4346,50.67,2026-04-21 11:22:14.210802,completed,43.0,True,auto_suggestion
MATCH_6449,ALUMNI_M4052,S355,44.0,2026-04-25 11:22:14.211178,rejected,,True,auto_suggestion
MATCH_6450,M3105,S2673,51.0,2026-04-27 11:22:14.211580,completed,,False,auto_suggestion
MATCH_6451,M3953,S4154,61.5,2026-04-13 11:22:14.212038,rejected,72.0,False,specific_request
MATCH_6452,ALUMNI_M5210,S4199,44.0,2026-05-01 11:22:14.212426,completed,31.0,False,auto_suggestion
MATCH_6453,ALUMNI_M3739,S2340,45.0,2026-04-19 11:22:14.212830,pending,27.0,True,specific_request
MATCH_6454,M84,S2971,51.0,2026-04-06 11:22:14.213182,completed,45.0,True,specific_request
MATCH_6455,M113,S377,44.0,2026-04-20 11:22:14.213535,completed,,True,high_compatibility
MATCH_6456,M2600,S120,47.67,2026-04-27 11:22:14.213924,accepted,,True,high_compatibility
MATCH_6457,M838,S4982,55.0,2026-04-13 11:22:14.214308,completed,15.0,True,auto_suggestion
MATCH_6458,M172,S37,40.0,2026-04-17 11:22:14.214686,completed,25.0,False,auto_suggestion
MATCH_6459,ALUMNI_M1093,S2933,68.5,2026-04-12 11:22:14.217172,pending,34.0,True,admin_assigned
MATCH_6460,ALUMNI_M344,S3133,68.5,2026-04-27 11:22:14.217595,rejected,46.0,True,auto_suggestion
MATCH_6461,M2061,S223,51.0,2026-04-08 11:22:14.218024,completed,,True,specific_request
MATCH_6462,M1165,S1507,68.5,2026-04-29 11:22:14.218452,rejected,40.0,True,admin_assigned
MATCH_6463,M2891,S1938,42.0,2026-05-03 11:22:14.220918,pending,1.0,False,admin_assigned
MATCH_6464,ALUMNI_M2445,S3605,44.0,2026-04-09 11:22:14.221365,accepted,9.0,False,high_compatibility
MATCH_6465,M2225,S3298,55.0,2026-05-04 11:22:14.221778,accepted,,True,auto_suggestion
MATCH_6466,ALUMNI_M534,S3747,51.0,2026-04-08 11:22:14.222183,pending,40.0,False,specific_request
MATCH_6467,ALUMNI_M5455,S2820,44.0,2026-04-06 11:22:14.222596,rejected,51.0,False,auto_suggestion
MATCH_6468,M1976,S1200,51.0,2026-04-29 11:22:14.225085,pending,13.0,True,high_compatibility
MATCH_6469,M4837,S4506,51.0,2026-04-25 11:22:14.225512,accepted,,True,high_compatibility
MATCH_6470,ALUMNI_M2518,S1464,55.0,2026-04-09 11:22:14.225939,accepted,14.0,False,high_compatibility
MATCH_6471,M2852,S1032,40.25,2026-04-19 11:22:14.226368,accepted,17.0,False,high_compatibility
MATCH_6472,ALUMNI_M383,S1624,44.0,2026-04-11 11:22:14.228832,accepted,1.0,True,specific_request
MATCH_6473,ALUMNI_M2663,S296,44.0,2026-04-14 11:22:14.229272,pending,,False,specific_request
MATCH_6474,M95,S2742,68.5,2026-04-12 11:22:14.229663,pending,4.0,True,auto_suggestion
MATCH_6475,ALUMNI_M2260,S3286,55.0,2026-04-28 11:22:14.230095,accepted,,True,high_compatibility
MATCH_6476,ALUMNI_M1071,S1855,51.0,2026-04-15 11:22:14.230518,rejected,,False,admin_assigned
MATCH_6477,ALUMNI_M2534,S723,49.33,2026-04-21 11:22:14.233057,accepted,,True,high_compatibility
MATCH_6478,ALUMNI_M5777,S2428,51.0,2026-04-22 11:22:14.233492,rejected,3.0,True,auto_suggestion
MATCH_6479,ALUMNI_M511,S407,51.0,2026-04-08 11:22:14.233953,pending,17.0,True,auto_suggestion
MATCH_6480,ALUMNI_M464,S2343,72.5,2026-04-08 11:22:14.234372,pending,40.0,False,specific_request
MATCH_6481,ALUMNI_M3992,S682,55.94,2026-04-14 11:22:14.236865,completed,,True,admin_assigned
MATCH_6482,M2350,S2004,51.42,2026-05-04 11:22:14.237307,pending,49.0,False,specific_request
MATCH_6483,M4760,S763,51.0,2026-04-18 11:22:14.237694,pending,10.0,True,specific_request
MATCH_6484,ALUMNI_M2116,S2309,44.0,2026-04-17 11:22:14.238106,rejected,67.0,False,admin_assigned
MATCH_6485,ALUMNI_M988,S1607,72.5,2026-04-09 11:22:14.238502,rejected,50.0,True,auto_suggestion
MATCH_6486,M4761,S669,68.5,2026-04-11 11:22:14.240986,completed,4.0,True,admin_assigned
MATCH_6487,M4259,S1515,44.0,2026-04-24 11:22:14.241383,accepted,48.0,True,specific_request
MATCH_6488,M2265,S1171,51.0,2026-04-25 11:22:14.241807,accepted,5.0,False,specific_request
MATCH_6489,ALUMNI_M3478,S4657,42.75,2026-04-07 11:22:14.242217,completed,27.0,False,admin_assigned
MATCH_6490,M4015,S2679,51.0,2026-04-19 11:22:14.242598,accepted,16.0,False,admin_assigned
MATCH_6491,M4615,S650,44.0,2026-04-10 11:22:14.245068,completed,5.0,True,high_compatibility
MATCH_6492,M1018,S1678,51.0,2026-04-07 11:22:14.245488,pending,,False,specific_request
MATCH_6493,M1319,S3106,49.89,2026-05-03 11:22:14.245925,rejected,27.0,False,high_compatibility
MATCH_6494,M4877,S2455,50.67,2026-04-16 11:22:14.246326,rejected,,True,specific_request
MATCH_6495,ALUMNI_M852,S1317,51.0,2026-04-17 11:22:14.248812,completed,2.0,True,auto_suggestion
MATCH_6496,M1005,S118,51.0,2026-04-22 11:22:14.249276,completed,,True,auto_suggestion
MATCH_6497,ALUMNI_M3863,S4080,59.67,2026-04-09 11:22:14.249692,pending,40.0,False,high_compatibility
MATCH_6498,M3725,S2807,44.0,2026-04-12 11:22:14.250146,rejected,38.0,True,specific_request
MATCH_6499,M4341,S849,51.0,2026-05-02 11:22:14.250569,rejected,59.0,True,high_compatibility
MATCH_6500,M3543,S4473,50.67,2026-04-26 11:22:14.252074,rejected,,True,specific_request
MATCH_6501,M2192,S1087,48.78,2026-05-06 11:22:14.252497,pending,16.0,True,auto_suggestion
MATCH_6502,M2041,S4880,44.0,2026-04-23 11:22:14.252925,rejected,,True,specific_request
MATCH_6503,ALUMNI_M1609,S3946,44.0,2026-05-04 11:22:14.253355,pending,56.0,False,admin_assigned
MATCH_6504,ALUMNI_M4489,S1169,61.5,2026-04-09 11:22:14.256791,pending,25.0,True,auto_suggestion
MATCH_6505,M494,S3339,48.0,2026-04-30 11:22:14.257330,completed,48.0,True,auto_suggestion
MATCH_6506,ALUMNI_M5673,S791,55.0,2026-04-25 11:22:14.257792,accepted,,True,auto_suggestion
MATCH_6507,ALUMNI_M3318,S2836,55.0,2026-04-28 11:22:14.258181,rejected,23.0,True,auto_suggestion
MATCH_6508,ALUMNI_M5201,S4840,44.0,2026-04-28 11:22:14.258567,rejected,60.0,True,specific_request
MATCH_6509,M2670,S4047,73.45,2026-04-17 11:22:14.261062,accepted,9.0,False,specific_request
MATCH_6510,M3920,S2245,39.56,2026-04-25 11:22:14.261526,completed,17.0,True,high_compatibility
MATCH_6511,ALUMNI_M1587,S4900,44.0,2026-04-30 11:22:14.262000,rejected,3.0,False,auto_suggestion
MATCH_6512,ALUMNI_M2986,S2193,48.0,2026-04-07 11:22:14.262427,rejected,43.0,False,specific_request
MATCH_6513,ALUMNI_M4970,S4682,48.0,2026-04-07 11:22:14.264962,rejected,,False,auto_suggestion
MATCH_6514,M4544,S1658,51.0,2026-04-24 11:22:14.265425,pending,,False,admin_assigned
MATCH_6515,ALUMNI_M2823,S2929,44.0,2026-04-26 11:22:14.265876,rejected,14.0,False,auto_suggestion
MATCH_6516,ALUMNI_M4283,S3423,61.5,2026-04-23 11:22:14.266310,completed,40.0,True,specific_request
MATCH_6517,M1885,S2848,44.0,2026-04-28 11:22:14.268792,rejected,,True,high_compatibility
MATCH_6518,ALUMNI_M2204,S4063,49.0,2026-05-04 11:22:14.269277,completed,28.0,False,specific_request
MATCH_6519,M2698,S2851,51.0,2026-04-29 11:22:14.269730,completed,35.0,True,specific_request
MATCH_6520,ALUMNI_M5028,S1675,55.0,2026-04-06 11:22:14.270139,pending,10.0,True,high_compatibility
MATCH_6521,ALUMNI_M5151,S3259,54.67,2026-04-16 11:22:14.270538,accepted,,True,specific_request
MATCH_6522,ALUMNI_M4866,S1718,57.67,2026-04-20 11:22:14.273121,completed,63.0,True,high_compatibility
MATCH_6523,ALUMNI_M4071,S1430,48.0,2026-04-08 11:22:14.273606,accepted,58.0,False,specific_request
MATCH_6524,M2767,S2387,62.79,2026-04-15 11:22:14.274073,rejected,,False,high_compatibility
MATCH_6525,ALUMNI_M2716,S899,55.0,2026-04-18 11:22:14.274528,accepted,37.0,True,specific_request
MATCH_6526,ALUMNI_M2470,S2249,51.0,2026-04-08 11:22:14.277055,pending,,False,admin_assigned
MATCH_6527,M4985,S2759,44.0,2026-04-14 11:22:14.277531,completed,7.0,True,specific_request
MATCH_6528,M2699,S3658,44.0,2026-04-30 11:22:14.277973,accepted,21.0,True,auto_suggestion
MATCH_6529,M505,S3838,51.0,2026-05-01 11:22:14.278360,rejected,66.0,True,high_compatibility
MATCH_6530,M1222,S3995,56.5,2026-04-23 11:22:14.280831,pending,7.0,False,auto_suggestion
MATCH_6531,ALUMNI_M2544,S3089,51.0,2026-04-06 11:22:14.281281,rejected,14.0,False,high_compatibility
MATCH_6532,M2553,S849,51.0,2026-04-23 11:22:14.281676,completed,10.0,False,admin_assigned
MATCH_6533,ALUMNI_M3687,S4185,51.0,2026-04-09 11:22:14.282112,accepted,65.0,False,admin_assigned
MATCH_6534,ALUMNI_M3462,S747,61.5,2026-04-25 11:22:14.282557,rejected,28.0,False,auto_suggestion
MATCH_6535,M3269,S2761,51.0,2026-05-01 11:22:14.285061,accepted,50.0,True,specific_request
MATCH_6536,ALUMNI_M2042,S2392,55.0,2026-04-21 11:22:14.285527,accepted,,True,specific_request
MATCH_6537,ALUMNI_M1731,S802,47.67,2026-04-28 11:22:14.285991,completed,35.0,True,specific_request
MATCH_6538,M4076,S3642,51.0,2026-04-12 11:22:14.286458,pending,,False,specific_request
MATCH_6539,ALUMNI_M988,S2842,51.0,2026-04-29 11:22:14.289007,completed,53.0,True,auto_suggestion
MATCH_6540,ALUMNI_M5003,S751,48.0,2026-04-18 11:22:14.289500,pending,19.0,False,auto_suggestion
MATCH_6541,ALUMNI_M4079,S4258,47.67,2026-04-10 11:22:14.289978,rejected,71.0,False,auto_suggestion
MATCH_6542,M1642,S2026,48.0,2026-04-13 11:22:14.290439,completed,70.0,False,specific_request
MATCH_6543,M429,S4405,40.67,2026-04-13 11:22:14.292967,completed,59.0,False,admin_assigned
MATCH_6544,ALUMNI_M2833,S2208,44.0,2026-04-28 11:22:14.293445,pending,54.0,False,high_compatibility
MATCH_6545,ALUMNI_M2121,S4666,48.5,2026-05-05 11:22:14.293948,pending,,False,high_compatibility
MATCH_6546,ALUMNI_M5425,S1974,48.0,2026-04-17 11:22:14.294412,completed,,False,admin_assigned
MATCH_6547,ALUMNI_M4146,S3589,44.0,2026-05-04 11:22:14.296938,accepted,50.0,False,admin_assigned
MATCH_6548,ALUMNI_M5803,S4362,51.67,2026-05-02 11:22:14.297349,completed,47.0,True,admin_assigned
MATCH_6549,M1818,S1202,44.0,2026-05-01 11:22:14.297739,completed,,False,admin_assigned
MATCH_6550,ALUMNI_M1792,S3488,44.0,2026-04-18 11:22:14.298102,rejected,,False,admin_assigned
MATCH_6551,M394,S3872,68.5,2026-04-28 11:22:14.298431,accepted,46.0,True,auto_suggestion
MATCH_6552,ALUMNI_M3156,S4922,55.0,2026-04-10 11:22:14.300815,accepted,,True,high_compatibility
MATCH_6553,ALUMNI_M1661,S824,51.0,2026-04-14 11:22:14.301361,pending,,True,specific_request
MATCH_6554,ALUMNI_M1931,S2473,44.0,2026-04-30 11:22:14.301940,accepted,58.0,False,high_compatibility
MATCH_6555,ALUMNI_M731,S3283,51.0,2026-04-12 11:22:14.302461,completed,23.0,True,specific_request
MATCH_6556,ALUMNI_M4932,S2602,48.0,2026-04-13 11:22:14.304993,completed,63.0,True,high_compatibility
MATCH_6557,M4263,S242,40.25,2026-04-07 11:22:14.305476,accepted,,False,high_compatibility
MATCH_6558,M3426,S1498,61.67,2026-04-30 11:22:14.305984,rejected,,False,auto_suggestion
MATCH_6559,M352,S1368,51.0,2026-05-06 11:22:14.306457,pending,,True,auto_suggestion
MATCH_6560,M538,S3629,51.0,2026-04-12 11:22:14.309001,accepted,31.0,True,admin_assigned
MATCH_6561,M3414,S775,55.0,2026-04-14 11:22:14.309487,rejected,39.0,False,high_compatibility
MATCH_6562,ALUMNI_M5205,S2970,51.0,2026-04-12 11:22:14.309972,completed,,True,admin_assigned
MATCH_6563,ALUMNI_M298,S4690,55.0,2026-04-19 11:22:14.310440,completed,52.0,False,high_compatibility
MATCH_6564,M191,S4734,51.0,2026-04-18 11:22:14.312967,pending,65.0,False,specific_request
MATCH_6565,M4057,S1142,44.0,2026-05-01 11:22:14.313403,accepted,,False,specific_request
MATCH_6566,ALUMNI_M4373,S4494,44.33,2026-04-19 11:22:14.313851,completed,10.0,False,specific_request
MATCH_6567,ALUMNI_M3534,S2555,48.0,2026-05-04 11:22:14.314323,pending,46.0,False,specific_request
MATCH_6568,ALUMNI_M1675,S2331,44.0,2026-04-16 11:22:14.316389,completed,33.0,True,high_compatibility
MATCH_6569,ALUMNI_M3001,S3086,44.0,2026-05-02 11:22:14.316929,pending,7.0,False,specific_request
MATCH_6570,M1865,S783,57.67,2026-05-03 11:22:14.317422,pending,,True,specific_request
MATCH_6571,ALUMNI_M5438,S3364,44.0,2026-04-06 11:22:14.319964,completed,,True,specific_request
MATCH_6572,ALUMNI_M3570,S792,44.0,2026-05-03 11:22:14.320454,pending,35.0,False,specific_request
MATCH_6573,ALUMNI_M550,S3714,61.67,2026-04-18 11:22:14.320953,accepted,,False,high_compatibility
MATCH_6574,M902,S19,55.0,2026-04-19 11:22:14.321418,accepted,11.0,True,auto_suggestion
MATCH_6575,ALUMNI_M5445,S2056,70.88,2026-04-12 11:22:14.324002,pending,,True,admin_assigned
MATCH_6576,M864,S3008,68.5,2026-04-08 11:22:14.324468,completed,,False,high_compatibility
MATCH_6577,M33,S1567,57.67,2026-04-20 11:22:14.326972,rejected,15.0,True,auto_suggestion
MATCH_6578,ALUMNI_M567,S2156,55.0,2026-04-29 11:22:14.327442,rejected,38.0,False,auto_suggestion
MATCH_6579,M4593,S2542,55.0,2026-04-14 11:22:14.327880,pending,2.0,True,high_compatibility
MATCH_6580,M1343,S256,51.0,2026-04-19 11:22:14.328277,pending,35.0,False,specific_request
MATCH_6581,ALUMNI_M1507,S972,79.17,2026-04-08 11:22:14.328668,rejected,33.0,False,admin_assigned
MATCH_6582,ALUMNI_M1606,S4111,72.17,2026-04-18 11:22:14.329115,accepted,48.0,True,high_compatibility
MATCH_6583,ALUMNI_M1067,S3132,44.0,2026-04-25 11:22:14.329541,rejected,65.0,False,high_compatibility
MATCH_6584,ALUMNI_M2945,S3972,61.5,2026-04-21 11:22:14.332074,rejected,58.0,False,admin_assigned
MATCH_6585,ALUMNI_M5602,S1302,51.0,2026-05-04 11:22:14.332500,accepted,17.0,False,high_compatibility
MATCH_6586,ALUMNI_M1677,S2216,51.0,2026-04-14 11:22:14.332926,rejected,,True,admin_assigned
MATCH_6587,M3285,S1811,61.5,2026-04-26 11:22:14.333317,accepted,29.0,True,specific_request
MATCH_6588,ALUMNI_M2860,S3049,44.0,2026-05-03 11:22:14.333694,pending,50.0,False,admin_assigned
MATCH_6589,M178,S2953,42.89,2026-05-06 11:22:14.336288,pending,41.0,False,specific_request
MATCH_6590,M2286,S3320,44.67,2026-04-10 11:22:14.336689,completed,7.0,True,specific_request
MATCH_6591,ALUMNI_M5224,S4085,51.0,2026-04-09 11:22:14.337113,pending,58.0,False,auto_suggestion
MATCH_6592,ALUMNI_M2798,S739,51.0,2026-05-04 11:22:14.337554,rejected,35.0,True,specific_request
MATCH_6593,M4591,S3357,51.0,2026-04-12 11:22:14.340079,completed,49.0,True,admin_assigned
MATCH_6594,M2974,S1406,54.67,2026-04-23 11:22:14.340497,pending,22.0,False,auto_suggestion
MATCH_6595,ALUMNI_M1640,S4989,55.0,2026-05-06 11:22:14.340922,accepted,60.0,True,specific_request
MATCH_6596,M2017,S4084,44.0,2026-04-20 11:22:14.341345,pending,48.0,True,auto_suggestion
MATCH_6597,M326,S766,44.0,2026-04-15 11:22:14.343867,pending,59.0,True,specific_request
MATCH_6598,M1208,S4614,44.0,2026-04-26 11:22:14.344315,pending,69.0,True,admin_assigned
MATCH_6599,ALUMNI_M4826,S889,51.0,2026-04-09 11:22:14.344724,rejected,63.0,False,high_compatibility
MATCH_6600,M4927,S4942,48.0,2026-05-05 11:22:14.345127,pending,9.0,True,admin_assigned
MATCH_6601,ALUMNI_M3962,S3638,55.0,2026-04-12 11:22:14.345524,pending,19.0,False,specific_request
MATCH_6602,ALUMNI_M5618,S4302,44.0,2026-04-10 11:22:14.348032,accepted,,False,high_compatibility
MATCH_6603,ALUMNI_M518,S1459,40.22,2026-04-25 11:22:14.348455,rejected,70.0,True,admin_assigned
MATCH_6604,ALUMNI_M5320,S4013,46.75,2026-05-01 11:22:14.348886,completed,6.0,True,specific_request
MATCH_6605,M2780,S107,68.5,2026-04-10 11:22:14.349293,completed,72.0,True,specific_request
MATCH_6606,ALUMNI_M3230,S2650,42.57,2026-04-12 11:22:14.349688,pending,53.0,True,specific_request
MATCH_6607,ALUMNI_M1780,S4260,57.67,2026-04-19 11:22:14.352228,rejected,6.0,True,auto_suggestion
MATCH_6608,M4945,S1439,51.0,2026-04-24 11:22:14.352663,rejected,,False,auto_suggestion
MATCH_6609,ALUMNI_M5909,S4439,43.22,2026-04-29 11:22:14.355194,rejected,55.0,True,specific_request
MATCH_6610,M2340,S301,42.0,2026-04-18 11:22:14.355621,rejected,38.0,False,high_compatibility
MATCH_6611,ALUMNI_M756,S4444,44.0,2026-04-10 11:22:14.356082,pending,33.0,False,admin_assigned
MATCH_6612,ALUMNI_M925,S971,48.0,2026-04-07 11:22:14.356500,pending,,True,high_compatibility
MATCH_6613,M2963,S3413,68.5,2026-04-13 11:22:14.356914,accepted,69.0,True,auto_suggestion
MATCH_6614,ALUMNI_M5763,S1839,51.67,2026-04-15 11:22:14.357436,rejected,27.0,False,admin_assigned
MATCH_6615,ALUMNI_M3913,S2632,44.0,2026-05-02 11:22:14.359935,completed,27.0,False,specific_request
MATCH_6616,M4101,S2404,57.67,2026-05-02 11:22:14.360369,pending,,True,auto_suggestion
MATCH_6617,ALUMNI_M5062,S3277,44.0,2026-04-18 11:22:14.360818,rejected,32.0,False,admin_assigned
MATCH_6618,M4398,S4789,48.0,2026-05-05 11:22:14.361206,completed,35.0,False,specific_request
MATCH_6619,ALUMNI_M3489,S4690,51.0,2026-04-22 11:22:14.361556,pending,49.0,False,auto_suggestion
MATCH_6620,ALUMNI_M3131,S232,51.0,2026-04-18 11:22:14.364133,accepted,61.0,True,specific_request
MATCH_6621,M3415,S1967,56.5,2026-05-04 11:22:14.364603,accepted,60.0,False,auto_suggestion
MATCH_6622,ALUMNI_M5689,S3329,44.0,2026-04-25 11:22:14.365060,pending,13.0,False,specific_request
MATCH_6623,M1480,S3098,68.5,2026-04-24 11:22:14.365496,completed,,False,specific_request
MATCH_6624,ALUMNI_M2170,S518,51.0,2026-04-09 11:22:14.365943,accepted,53.0,False,auto_suggestion
MATCH_6625,ALUMNI_M4063,S514,51.0,2026-04-18 11:22:14.366367,accepted,64.0,False,high_compatibility
MATCH_6626,M1627,S1148,55.0,2026-05-05 11:22:14.366826,completed,40.0,True,auto_suggestion
MATCH_6627,ALUMNI_M456,S3017,51.0,2026-04-21 11:22:14.367227,completed,71.0,True,specific_request
MATCH_6628,M1376,S2361,51.0,2026-04-21 11:22:14.367603,accepted,62.0,True,high_compatibility
MATCH_6629,ALUMNI_M2987,S3093,44.0,2026-04-17 11:22:14.369509,pending,,True,specific_request
MATCH_6630,ALUMNI_M4967,S4441,51.0,2026-04-27 11:22:14.369914,accepted,46.0,False,admin_assigned
MATCH_6631,M2305,S1381,44.0,2026-04-13 11:22:14.373860,rejected,66.0,True,admin_assigned
MATCH_6632,ALUMNI_M3025,S694,51.0,2026-04-22 11:22:14.374273,completed,28.0,True,specific_request
MATCH_6633,M601,S4161,46.0,2026-05-04 11:22:14.374644,rejected,8.0,False,admin_assigned
MATCH_6634,ALUMNI_M781,S3089,57.67,2026-04-07 11:22:14.375023,rejected,26.0,False,auto_suggestion
MATCH_6635,ALUMNI_M3339,S4515,51.0,2026-05-01 11:22:14.375370,pending,68.0,False,auto_suggestion
MATCH_6636,ALUMNI_M318,S2442,46.89,2026-04-25 11:22:14.375768,pending,22.0,False,auto_suggestion
MATCH_6637,ALUMNI_M4211,S946,44.0,2026-04-20 11:22:14.376115,completed,40.0,True,specific_request
MATCH_6638,M4867,S786,37.33,2026-04-21 11:22:14.376450,completed,,False,auto_suggestion
MATCH_6639,M1096,S3538,40.0,2026-04-27 11:22:14.380222,accepted,,True,admin_assigned
MATCH_6640,ALUMNI_M4594,S4206,57.67,2026-04-16 11:22:14.380694,accepted,6.0,False,auto_suggestion
MATCH_6641,M3425,S4756,48.44,2026-04-20 11:22:14.381102,accepted,12.0,False,specific_request
MATCH_6642,M4218,S1837,55.0,2026-04-07 11:22:14.381506,accepted,,False,specific_request
MATCH_6643,ALUMNI_M88,S130,68.17,2026-05-06 11:22:14.384117,completed,,True,auto_suggestion
MATCH_6644,M4744,S2941,64.5,2026-04-27 11:22:14.384775,pending,42.0,False,specific_request
MATCH_6645,ALUMNI_M822,S4455,51.0,2026-04-28 11:22:14.385328,pending,,False,high_compatibility
MATCH_6646,ALUMNI_M2691,S2682,51.0,2026-04-23 11:22:14.387830,completed,17.0,True,auto_suggestion
MATCH_6647,ALUMNI_M1804,S4139,51.0,2026-04-18 11:22:14.388329,rejected,49.0,True,high_compatibility
MATCH_6648,M1831,S1170,53.89,2026-04-24 11:22:14.388774,completed,,True,specific_request
MATCH_6649,M224,S2848,61.5,2026-04-24 11:22:14.389209,pending,9.0,False,admin_assigned
MATCH_6650,M962,S3191,51.0,2026-04-14 11:22:14.389613,pending,12.0,False,specific_request
MATCH_6651,ALUMNI_M5980,S3311,48.0,2026-05-02 11:22:14.392112,rejected,,True,specific_request
MATCH_6652,ALUMNI_M2060,S3780,51.0,2026-04-24 11:22:14.392499,accepted,48.0,False,admin_assigned
MATCH_6653,ALUMNI_M1810,S232,51.0,2026-04-15 11:22:14.392905,completed,53.0,True,auto_suggestion
MATCH_6654,M4761,S3163,50.67,2026-05-03 11:22:14.393334,rejected,,False,admin_assigned
MATCH_6655,ALUMNI_M4255,S777,50.67,2026-04-24 11:22:14.395796,accepted,63.0,True,specific_request
MATCH_6656,M782,S1388,55.0,2026-04-26 11:22:14.396290,rejected,,False,admin_assigned
MATCH_6657,M4498,S4633,44.0,2026-04-19 11:22:14.396744,pending,,False,auto_suggestion
MATCH_6658,ALUMNI_M5824,S1988,47.67,2026-05-05 11:22:14.397180,accepted,,False,high_compatibility
MATCH_6659,M3733,S3987,40.67,2026-04-09 11:22:14.397585,pending,43.0,False,admin_assigned
MATCH_6660,ALUMNI_M3685,S3810,51.0,2026-04-15 11:22:14.400110,completed,61.0,True,admin_assigned
MATCH_6661,M1035,S4027,51.0,2026-04-17 11:22:14.400546,pending,,False,auto_suggestion
MATCH_6662,M2586,S3581,51.0,2026-04-30 11:22:14.400995,pending,,True,specific_request
MATCH_6663,ALUMNI_M1664,S2226,44.0,2026-04-15 11:22:14.401379,completed,16.0,True,admin_assigned
MATCH_6664,M2137,S548,51.0,2026-04-15 11:22:14.403800,rejected,52.0,True,auto_suggestion
MATCH_6665,ALUMNI_M3747,S4960,55.0,2026-05-04 11:22:14.404247,accepted,,False,high_compatibility
MATCH_6666,M1154,S2662,44.0,2026-04-27 11:22:14.404610,completed,45.0,False,admin_assigned
MATCH_6667,ALUMNI_M2373,S1548,39.56,2026-05-05 11:22:14.405039,rejected,20.0,False,auto_suggestion
MATCH_6668,ALUMNI_M3140,S930,51.0,2026-05-06 11:22:14.405464,accepted,30.0,True,admin_assigned
MATCH_6669,ALUMNI_M252,S4380,51.0,2026-04-25 11:22:14.407898,pending,3.0,True,high_compatibility
MATCH_6670,ALUMNI_M635,S3848,44.0,2026-04-24 11:22:14.408366,completed,2.0,True,auto_suggestion
MATCH_6671,ALUMNI_M631,S1724,46.89,2026-05-01 11:22:14.409845,pending,30.0,False,admin_assigned
MATCH_6672,ALUMNI_M1851,S1862,44.0,2026-05-05 11:22:14.410331,accepted,55.0,True,high_compatibility
MATCH_6673,ALUMNI_M4113,S191,48.0,2026-04-13 11:22:14.410777,rejected,,False,admin_assigned
MATCH_6674,ALUMNI_M1215,S2820,68.5,2026-04-30 11:22:14.411219,rejected,,False,high_compatibility
MATCH_6675,M3749,S4909,57.67,2026-04-21 11:22:14.411642,completed,3.0,True,admin_assigned
MATCH_6676,M1260,S639,51.0,2026-04-11 11:22:14.414144,accepted,27.0,False,auto_suggestion
MATCH_6677,ALUMNI_M3814,S2736,55.0,2026-04-16 11:22:14.414553,completed,,True,auto_suggestion
MATCH_6678,ALUMNI_M3313,S2202,44.0,2026-04-27 11:22:14.417069,accepted,63.0,True,auto_suggestion
MATCH_6679,M543,S634,38.44,2026-04-24 11:22:14.417517,accepted,,False,admin_assigned
MATCH_6680,ALUMNI_M3441,S2783,44.0,2026-05-02 11:22:14.417972,rejected,67.0,True,specific_request
MATCH_6681,ALUMNI_M3735,S2026,61.5,2026-04-10 11:22:14.418384,completed,11.0,False,auto_suggestion
MATCH_6682,ALUMNI_M3603,S1734,44.0,2026-04-29 11:22:14.418798,pending,,False,admin_assigned
MATCH_6683,ALUMNI_M1334,S3181,42.89,2026-04-14 11:22:14.419207,accepted,40.0,True,admin_assigned
MATCH_6684,ALUMNI_M3434,S3951,44.0,2026-05-01 11:22:14.419615,rejected,,False,admin_assigned
MATCH_6685,ALUMNI_M1968,S4902,55.0,2026-04-06 11:22:14.422177,pending,22.0,False,admin_assigned
MATCH_6686,ALUMNI_M2861,S527,50.67,2026-04-16 11:22:14.422595,rejected,,True,auto_suggestion
MATCH_6687,M3389,S3574,51.0,2026-04-07 11:22:14.423066,completed,72.0,True,auto_suggestion
MATCH_6688,M3479,S2278,53.0,2026-04-24 11:22:14.423464,rejected,,True,high_compatibility
MATCH_6689,M4113,S4756,51.0,2026-04-10 11:22:14.425948,accepted,,True,admin_assigned
MATCH_6690,M2246,S1695,51.0,2026-04-18 11:22:14.426350,pending,,True,auto_suggestion
MATCH_6691,ALUMNI_M5417,S949,48.0,2026-05-01 11:22:14.426693,rejected,24.0,False,auto_suggestion
MATCH_6692,M3743,S3758,55.0,2026-05-04 11:22:14.427100,accepted,38.0,True,specific_request
MATCH_6693,M1418,S2254,58.17,2026-04-29 11:22:14.427520,pending,9.0,False,auto_suggestion
MATCH_6694,ALUMNI_M3202,S1806,55.25,2026-05-06 11:22:14.430032,pending,20.0,True,specific_request
MATCH_6695,M3624,S2804,68.17,2026-04-26 11:22:14.430478,accepted,,True,admin_assigned
MATCH_6696,ALUMNI_M1891,S752,44.0,2026-04-20 11:22:14.430909,accepted,,False,auto_suggestion
MATCH_6697,M1641,S3780,51.0,2026-05-05 11:22:14.431310,accepted,,False,admin_assigned
MATCH_6698,M27,S4852,44.0,2026-04-07 11:22:14.433748,pending,30.0,True,high_compatibility
MATCH_6699,ALUMNI_M3546,S2406,42.89,2026-04-24 11:22:14.434221,pending,3.0,False,admin_assigned
MATCH_6700,ALUMNI_M5341,S4530,50.67,2026-04-27 11:22:14.434586,pending,37.0,True,admin_assigned
MATCH_6701,M3454,S2841,44.0,2026-04-26 11:22:14.434987,rejected,3.0,True,high_compatibility
MATCH_6702,M2023,S3471,51.0,2026-05-05 11:22:14.435399,rejected,60.0,True,specific_request
MATCH_6703,M1183,S1416,44.0,2026-04-10 11:22:14.439910,accepted,71.0,False,high_compatibility
MATCH_6704,M2210,S1739,65.5,2026-05-02 11:22:14.440392,completed,,True,admin_assigned
MATCH_6705,ALUMNI_M4955,S3958,44.0,2026-04-28 11:22:14.440815,completed,49.0,False,admin_assigned
MATCH_6706,ALUMNI_M20,S3722,48.0,2026-05-06 11:22:14.441239,rejected,21.0,True,admin_assigned
MATCH_6707,M2350,S525,55.0,2026-05-06 11:22:14.441647,pending,9.0,False,auto_suggestion
MATCH_6708,ALUMNI_M3435,S406,48.0,2026-04-28 11:22:14.446284,completed,29.0,True,specific_request
MATCH_6709,M3607,S4152,75.17,2026-04-17 11:22:14.446696,completed,1.0,False,auto_suggestion
MATCH_6710,M4608,S3597,51.0,2026-04-18 11:22:14.447102,accepted,6.0,False,specific_request
MATCH_6711,M2060,S2188,55.0,2026-04-27 11:22:14.447531,pending,62.0,False,auto_suggestion
MATCH_6712,ALUMNI_M4479,S54,55.0,2026-05-05 11:22:14.452131,accepted,,False,auto_suggestion
MATCH_6713,ALUMNI_M2917,S1822,39.56,2026-04-25 11:22:14.452550,completed,36.0,True,auto_suggestion
MATCH_6714,M4872,S4696,51.0,2026-05-06 11:22:14.452965,rejected,23.0,False,auto_suggestion
MATCH_6715,ALUMNI_M2041,S1469,44.0,2026-04-24 11:22:14.453364,accepted,30.0,True,auto_suggestion
MATCH_6716,ALUMNI_M2156,S1276,49.42,2026-04-17 11:22:14.457883,completed,55.0,False,auto_suggestion
MATCH_6717,ALUMNI_M1534,S1764,44.0,2026-04-13 11:22:14.458452,accepted,59.0,False,admin_assigned
MATCH_6718,M2241,S4472,36.5,2026-04-19 11:22:14.458893,completed,67.0,False,auto_suggestion
MATCH_6719,ALUMNI_M4039,S557,44.0,2026-04-09 11:22:14.459318,accepted,21.0,False,high_compatibility
MATCH_6720,M486,S2818,55.0,2026-04-29 11:22:14.460433,rejected,,True,admin_assigned
MATCH_6721,ALUMNI_M1849,S3749,49.89,2026-04-09 11:22:14.460897,completed,,True,admin_assigned
MATCH_6722,ALUMNI_M1808,S1120,39.0,2026-04-24 11:22:14.462891,completed,11.0,True,specific_request
MATCH_6723,ALUMNI_M1965,S2887,51.0,2026-04-11 11:22:14.463335,rejected,,True,admin_assigned
MATCH_6724,ALUMNI_M518,S4320,44.67,2026-04-25 11:22:14.467757,accepted,,True,specific_request
MATCH_6725,M2189,S2556,44.0,2026-04-25 11:22:14.468255,completed,,False,admin_assigned
MATCH_6726,M4600,S1948,44.0,2026-05-04 11:22:14.468668,accepted,,True,admin_assigned
MATCH_6727,M4204,S3489,68.5,2026-04-09 11:22:14.469093,rejected,55.0,True,auto_suggestion
MATCH_6728,ALUMNI_M2590,S4595,48.0,2026-04-29 11:22:14.469507,rejected,28.0,True,admin_assigned
MATCH_6729,M4549,S3237,50.0,2026-04-24 11:22:14.469905,pending,60.0,True,auto_suggestion
MATCH_6730,ALUMNI_M5013,S879,51.0,2026-04-12 11:22:14.470287,rejected,,True,high_compatibility
MATCH_6731,M677,S3432,51.0,2026-04-11 11:22:14.470689,rejected,,True,admin_assigned
MATCH_6732,M4911,S1931,53.0,2026-04-14 11:22:14.471098,accepted,,False,auto_suggestion
MATCH_6733,ALUMNI_M5072,S3815,51.0,2026-05-02 11:22:14.471479,pending,16.0,False,auto_suggestion
MATCH_6734,ALUMNI_M716,S4662,44.0,2026-04-30 11:22:14.471898,completed,47.0,False,auto_suggestion
MATCH_6735,ALUMNI_M1388,S2808,46.71,2026-04-22 11:22:14.472351,accepted,,True,specific_request
MATCH_6736,M2599,S780,75.17,2026-04-09 11:22:14.472792,pending,,True,auto_suggestion
MATCH_6737,ALUMNI_M2495,S4621,51.0,2026-05-06 11:22:14.473177,pending,,True,specific_request
MATCH_6738,M3526,S886,45.0,2026-04-09 11:22:14.473579,accepted,,False,admin_assigned
MATCH_6739,ALUMNI_M5592,S155,44.67,2026-05-02 11:22:14.474014,completed,7.0,False,high_compatibility
MATCH_6740,ALUMNI_M4799,S454,51.0,2026-04-27 11:22:14.474411,completed,19.0,False,specific_request
MATCH_6741,M4597,S92,44.0,2026-04-26 11:22:14.474834,accepted,45.0,True,auto_suggestion
MATCH_6742,ALUMNI_M3593,S3543,48.0,2026-04-10 11:22:14.475219,pending,,True,admin_assigned
MATCH_6743,ALUMNI_M1530,S3318,55.0,2026-04-22 11:22:14.475653,completed,,False,high_compatibility
MATCH_6744,ALUMNI_M2089,S3715,51.0,2026-05-02 11:22:14.476108,completed,34.0,True,high_compatibility
MATCH_6745,M3695,S2969,37.33,2026-05-04 11:22:14.476612,accepted,,False,high_compatibility
MATCH_6746,ALUMNI_M1289,S1064,48.0,2026-05-02 11:22:14.477146,accepted,17.0,True,high_compatibility
MATCH_6747,M2725,S4029,72.5,2026-04-13 11:22:14.477628,rejected,7.0,False,high_compatibility
MATCH_6748,M3068,S1057,43.17,2026-05-06 11:22:14.478099,completed,55.0,False,specific_request
MATCH_6749,M101,S1541,55.0,2026-04-13 11:22:14.478519,rejected,9.0,False,admin_assigned
MATCH_6750,ALUMNI_M3885,S108,75.17,2026-04-27 11:22:14.478949,completed,58.0,True,specific_request
MATCH_6751,M35,S1556,44.0,2026-04-12 11:22:14.479359,rejected,67.0,True,admin_assigned
MATCH_6752,ALUMNI_M190,S4163,68.5,2026-05-02 11:22:14.479786,rejected,56.0,True,high_compatibility
MATCH_6753,M3596,S4784,51.0,2026-04-24 11:22:14.480193,rejected,,True,admin_assigned
MATCH_6754,M3567,S2564,48.0,2026-04-21 11:22:14.480608,completed,71.0,False,admin_assigned
MATCH_6755,ALUMNI_M2325,S1554,44.0,2026-05-02 11:22:14.481017,pending,10.0,False,auto_suggestion
MATCH_6756,ALUMNI_M258,S2230,44.0,2026-04-26 11:22:14.481426,completed,46.0,True,specific_request
MATCH_6757,M3777,S936,53.89,2026-04-09 11:22:14.481856,pending,30.0,False,high_compatibility
MATCH_6758,ALUMNI_M1767,S4330,48.0,2026-04-17 11:22:14.482248,accepted,3.0,True,admin_assigned
MATCH_6759,M4682,S581,44.0,2026-04-20 11:22:14.482676,pending,,False,admin_assigned
MATCH_6760,ALUMNI_M5770,S1786,51.0,2026-05-06 11:22:14.483149,pending,,True,admin_assigned
MATCH_6761,M2298,S3606,48.0,2026-05-02 11:22:14.483559,accepted,31.0,True,auto_suggestion
MATCH_6762,M929,S4288,44.0,2026-04-11 11:22:14.483962,pending,20.0,True,specific_request
MATCH_6763,M2346,S2427,37.75,2026-04-24 11:22:14.484359,rejected,31.0,True,auto_suggestion
MATCH_6764,M392,S1589,51.0,2026-04-20 11:22:14.484783,rejected,21.0,False,auto_suggestion
MATCH_6765,ALUMNI_M4937,S1005,51.0,2026-04-26 11:22:14.485168,pending,47.0,False,high_compatibility
MATCH_6766,M3499,S2872,68.17,2026-04-09 11:22:14.485566,accepted,65.0,True,admin_assigned
MATCH_6767,M2898,S4574,48.0,2026-04-28 11:22:14.485996,completed,68.0,False,admin_assigned
MATCH_6768,M4261,S1843,44.0,2026-04-12 11:22:14.486445,rejected,,True,high_compatibility
MATCH_6769,M4693,S4589,63.5,2026-04-09 11:22:14.486879,rejected,13.0,True,auto_suggestion
MATCH_6770,ALUMNI_M351,S214,40.67,2026-04-25 11:22:14.487292,pending,29.0,False,specific_request
MATCH_6771,ALUMNI_M2931,S2723,51.0,2026-04-19 11:22:14.487723,rejected,60.0,False,auto_suggestion
MATCH_6772,ALUMNI_M981,S2944,61.67,2026-04-14 11:22:14.488125,accepted,30.0,True,admin_assigned
MATCH_6773,ALUMNI_M5004,S4034,48.0,2026-05-01 11:22:14.488536,completed,45.0,True,auto_suggestion
MATCH_6774,ALUMNI_M1495,S2538,46.0,2026-04-30 11:22:14.488983,rejected,48.0,True,auto_suggestion
MATCH_6775,ALUMNI_M857,S2071,39.0,2026-05-06 11:22:14.489374,accepted,9.0,False,auto_suggestion
MATCH_6776,ALUMNI_M2333,S2312,51.0,2026-04-26 11:22:14.489807,rejected,,True,high_compatibility
MATCH_6777,M3061,S4287,55.0,2026-05-01 11:22:14.490216,completed,28.0,False,admin_assigned
MATCH_6778,M4082,S3247,44.0,2026-04-06 11:22:14.490635,accepted,,False,admin_assigned
MATCH_6779,M1173,S2481,44.0,2026-05-04 11:22:14.491053,accepted,59.0,False,admin_assigned
MATCH_6780,M1348,S4339,51.0,2026-04-26 11:22:14.491445,accepted,,False,high_compatibility
MATCH_6781,ALUMNI_M4012,S3098,44.0,2026-04-09 11:22:14.491891,accepted,39.0,True,auto_suggestion
MATCH_6782,ALUMNI_M5872,S639,51.0,2026-04-11 11:22:14.492290,completed,70.0,False,specific_request
MATCH_6783,M3857,S2731,51.0,2026-04-30 11:22:14.492725,rejected,,False,admin_assigned
MATCH_6784,M3466,S2557,72.5,2026-04-28 11:22:14.493161,completed,,True,high_compatibility
MATCH_6785,ALUMNI_M2089,S4071,57.67,2026-04-15 11:22:14.493555,completed,71.0,False,specific_request
MATCH_6786,ALUMNI_M1287,S645,44.0,2026-04-23 11:22:14.493975,accepted,,False,high_compatibility
MATCH_6787,ALUMNI_M2284,S717,44.0,2026-04-30 11:22:14.494362,completed,32.0,True,high_compatibility
MATCH_6788,ALUMNI_M725,S2509,51.0,2026-04-20 11:22:14.494763,accepted,41.0,False,admin_assigned
MATCH_6789,ALUMNI_M123,S4428,44.33,2026-05-04 11:22:14.495114,accepted,16.0,True,high_compatibility
MATCH_6790,ALUMNI_M3891,S1459,61.5,2026-04-06 11:22:14.495471,pending,,False,specific_request
MATCH_6791,ALUMNI_M4830,S299,44.0,2026-05-06 11:22:14.495845,pending,,True,admin_assigned
MATCH_6792,M4710,S1210,55.0,2026-04-13 11:22:14.496208,rejected,29.0,True,specific_request
MATCH_6793,M593,S1735,51.0,2026-04-18 11:22:14.496562,accepted,15.0,False,high_compatibility
MATCH_6794,ALUMNI_M4933,S1201,55.0,2026-04-07 11:22:14.496935,accepted,8.0,False,auto_suggestion
MATCH_6795,ALUMNI_M4771,S1503,55.0,2026-05-04 11:22:14.497306,rejected,18.0,False,auto_suggestion
MATCH_6796,M950,S13,44.0,2026-05-05 11:22:14.497722,completed,4.0,False,auto_suggestion
MATCH_6797,M2915,S549,48.0,2026-04-14 11:22:14.498123,pending,,False,admin_assigned
MATCH_6798,ALUMNI_M781,S1437,44.0,2026-04-14 11:22:14.498486,accepted,,True,specific_request
MATCH_6799,ALUMNI_M262,S2357,43.17,2026-05-01 11:22:14.498869,accepted,7.0,True,auto_suggestion
MATCH_6800,ALUMNI_M1137,S1697,44.0,2026-04-27 11:22:14.499254,rejected,,False,admin_assigned
MATCH_6801,M427,S3219,51.0,2026-04-13 11:22:14.499619,rejected,11.0,False,admin_assigned
MATCH_6802,ALUMNI_M1315,S293,44.0,2026-04-19 11:22:14.499992,rejected,60.0,True,specific_request
MATCH_6803,M1856,S314,61.5,2026-05-03 11:22:14.500347,pending,17.0,True,auto_suggestion
MATCH_6804,ALUMNI_M636,S3857,51.0,2026-04-27 11:22:14.500772,pending,62.0,True,auto_suggestion
MATCH_6805,M361,S1206,51.0,2026-04-26 11:22:14.501189,completed,1.0,False,specific_request
MATCH_6806,M3902,S1027,61.5,2026-04-17 11:22:14.501621,rejected,28.0,True,specific_request
MATCH_6807,ALUMNI_M3880,S4153,55.0,2026-04-26 11:22:14.502062,rejected,55.0,True,admin_assigned
MATCH_6808,ALUMNI_M2453,S3108,65.5,2026-04-21 11:22:14.502479,rejected,1.0,False,auto_suggestion
MATCH_6809,ALUMNI_M3571,S2633,44.0,2026-04-20 11:22:14.502922,completed,44.0,True,auto_suggestion
MATCH_6810,ALUMNI_M327,S213,48.0,2026-04-09 11:22:14.503350,rejected,,True,auto_suggestion
MATCH_6811,M2996,S4986,61.5,2026-05-01 11:22:14.503805,pending,56.0,False,specific_request
MATCH_6812,M655,S3512,48.0,2026-04-18 11:22:14.504258,accepted,,True,admin_assigned
MATCH_6813,M319,S4614,51.0,2026-04-21 11:22:14.504732,accepted,,False,admin_assigned
MATCH_6814,M3226,S4832,51.0,2026-04-09 11:22:14.505170,rejected,26.0,False,auto_suggestion
MATCH_6815,ALUMNI_M5080,S4475,44.33,2026-04-20 11:22:14.505585,accepted,62.0,True,admin_assigned
MATCH_6816,ALUMNI_M2267,S3158,44.0,2026-04-22 11:22:14.506015,completed,44.0,False,specific_request
MATCH_6817,ALUMNI_M1607,S1499,48.0,2026-04-14 11:22:14.506443,pending,,False,high_compatibility
MATCH_6818,M1813,S23,57.67,2026-04-22 11:22:14.506876,accepted,35.0,True,specific_request
MATCH_6819,ALUMNI_M5411,S3352,55.0,2026-04-19 11:22:14.507267,rejected,58.0,False,admin_assigned
MATCH_6820,ALUMNI_M2877,S2603,57.67,2026-04-21 11:22:14.507658,pending,37.0,True,auto_suggestion
MATCH_6821,M2075,S3114,68.5,2026-04-21 11:22:14.508069,rejected,,True,auto_suggestion
MATCH_6822,ALUMNI_M3611,S2618,37.33,2026-04-12 11:22:14.508477,rejected,47.0,True,high_compatibility
MATCH_6823,ALUMNI_M1342,S3971,44.0,2026-04-27 11:22:14.508912,pending,,False,admin_assigned
MATCH_6824,ALUMNI_M982,S873,60.07,2026-04-22 11:22:14.509303,accepted,8.0,False,auto_suggestion
MATCH_6825,M2080,S984,65.17,2026-04-11 11:22:14.509730,accepted,25.0,False,specific_request
MATCH_6826,M2053,S1034,58.17,2026-05-03 11:22:14.510126,completed,,True,specific_request
MATCH_6827,M4073,S846,51.0,2026-04-07 11:22:14.510536,accepted,6.0,True,specific_request
MATCH_6828,ALUMNI_M3270,S3524,61.5,2026-04-24 11:22:14.510994,pending,,False,auto_suggestion
MATCH_6829,M2719,S1709,56.0,2026-04-23 11:22:14.511429,accepted,19.0,True,admin_assigned
MATCH_6830,M4346,S1176,51.0,2026-04-25 11:22:14.511895,pending,71.0,False,high_compatibility
MATCH_6831,ALUMNI_M3177,S4093,51.0,2026-04-07 11:22:14.512332,rejected,,True,specific_request
MATCH_6832,ALUMNI_M5319,S2178,42.0,2026-04-21 11:22:14.512780,accepted,,False,admin_assigned
MATCH_6833,ALUMNI_M1209,S1134,51.0,2026-05-04 11:22:14.513180,rejected,13.0,True,admin_assigned
MATCH_6834,M374,S2774,51.67,2026-04-19 11:22:14.513605,completed,17.0,True,high_compatibility
MATCH_6835,M3602,S558,44.0,2026-04-30 11:22:14.514051,rejected,21.0,False,specific_request
MATCH_6836,M1117,S3695,44.0,2026-04-07 11:22:14.514460,rejected,49.0,False,high_compatibility
MATCH_6837,M884,S4923,61.5,2026-04-22 11:22:14.514863,completed,23.0,True,high_compatibility
MATCH_6838,ALUMNI_M169,S3096,49.75,2026-04-07 11:22:14.515215,accepted,,True,specific_request
MATCH_6839,ALUMNI_M547,S786,48.0,2026-05-03 11:22:14.515551,accepted,10.0,True,high_compatibility
MATCH_6840,ALUMNI_M1253,S505,51.0,2026-04-12 11:22:14.515907,pending,11.0,True,high_compatibility
MATCH_6841,M2485,S129,44.0,2026-04-19 11:22:14.516259,pending,25.0,False,high_compatibility
MATCH_6842,M3043,S3315,55.0,2026-05-02 11:22:14.516626,accepted,,False,high_compatibility
MATCH_6843,M3494,S3803,51.0,2026-05-02 11:22:14.517029,pending,,False,auto_suggestion
MATCH_6844,ALUMNI_M2991,S3875,51.0,2026-04-30 11:22:14.517464,pending,38.0,True,high_compatibility
MATCH_6845,ALUMNI_M2540,S4695,51.0,2026-04-13 11:22:14.519078,rejected,36.0,True,admin_assigned
MATCH_6846,ALUMNI_M651,S4066,44.75,2026-04-21 11:22:14.519505,rejected,68.0,False,auto_suggestion
MATCH_6847,M2480,S2813,55.0,2026-04-14 11:22:14.519962,rejected,,False,high_compatibility
MATCH_6848,ALUMNI_M4760,S1370,51.0,2026-04-07 11:22:14.520367,rejected,,True,specific_request
MATCH_6849,M371,S3989,44.0,2026-04-26 11:22:14.521261,accepted,,True,specific_request
MATCH_6850,M3485,S966,59.0,2026-05-01 11:22:14.521689,rejected,34.0,False,high_compatibility
MATCH_6851,ALUMNI_M4230,S1818,44.0,2026-05-03 11:22:14.522094,rejected,32.0,False,high_compatibility
MATCH_6852,ALUMNI_M5242,S52,48.0,2026-04-22 11:22:14.522506,pending,70.0,False,high_compatibility
MATCH_6853,M3633,S4702,55.0,2026-04-10 11:22:14.522976,pending,22.0,True,high_compatibility
MATCH_6854,M1413,S646,51.0,2026-04-23 11:22:14.523435,completed,12.0,False,auto_suggestion
MATCH_6855,ALUMNI_M3321,S1831,55.0,2026-04-12 11:22:14.523893,completed,56.0,False,high_compatibility
MATCH_6856,M4769,S2505,68.5,2026-04-15 11:22:14.524306,rejected,,False,specific_request
MATCH_6857,ALUMNI_M3154,S500,51.0,2026-04-27 11:22:14.524737,rejected,21.0,True,specific_request
MATCH_6858,ALUMNI_M3223,S4499,55.0,2026-05-02 11:22:14.525140,rejected,52.0,True,admin_assigned
MATCH_6859,ALUMNI_M1727,S4376,51.0,2026-04-22 11:22:14.525566,pending,7.0,True,admin_assigned
MATCH_6860,M2891,S4754,42.44,2026-04-23 11:22:14.526005,pending,27.0,True,auto_suggestion
MATCH_6861,M1338,S4101,55.0,2026-04-09 11:22:14.526422,completed,20.0,True,specific_request
MATCH_6862,M3676,S1280,48.0,2026-05-03 11:22:14.526848,accepted,,True,auto_suggestion
MATCH_6863,M1452,S3397,50.67,2026-05-01 11:22:14.527241,pending,15.0,False,auto_suggestion
MATCH_6864,ALUMNI_M3905,S4124,53.75,2026-04-12 11:22:14.527664,rejected,,True,specific_request
MATCH_6865,M1716,S2920,51.0,2026-04-09 11:22:14.528093,completed,,True,specific_request
MATCH_6866,M3013,S4250,51.0,2026-04-07 11:22:14.528530,completed,33.0,False,admin_assigned
MATCH_6867,ALUMNI_M2987,S844,57.67,2026-04-13 11:22:14.528964,accepted,,True,high_compatibility
MATCH_6868,ALUMNI_M4451,S1960,44.0,2026-04-14 11:22:14.530813,rejected,62.0,True,high_compatibility
MATCH_6869,ALUMNI_M3717,S1566,68.5,2026-04-13 11:22:14.531215,pending,42.0,True,admin_assigned
MATCH_6870,ALUMNI_M2365,S1564,48.0,2026-04-19 11:22:14.531573,accepted,,False,auto_suggestion
MATCH_6871,M2767,S86,62.79,2026-05-02 11:22:14.531928,completed,43.0,True,high_compatibility
MATCH_6872,ALUMNI_M1605,S3185,48.0,2026-04-10 11:22:14.532319,accepted,67.0,True,auto_suggestion
MATCH_6873,M2043,S2503,68.17,2026-04-10 11:22:14.532669,accepted,66.0,True,high_compatibility
MATCH_6874,M142,S530,48.0,2026-04-14 11:22:14.533030,accepted,7.0,True,specific_request
MATCH_6875,ALUMNI_M5418,S1494,44.0,2026-04-25 11:22:14.533358,accepted,22.0,True,auto_suggestion
MATCH_6876,ALUMNI_M1740,S2576,51.0,2026-04-09 11:22:14.533688,rejected,59.0,True,admin_assigned
MATCH_6877,M2270,S1383,44.0,2026-04-08 11:22:14.534927,pending,47.0,True,admin_assigned
MATCH_6878,ALUMNI_M1302,S1207,50.0,2026-04-19 11:22:14.535312,pending,71.0,True,specific_request
MATCH_6879,M2320,S3546,44.0,2026-04-17 11:22:14.535726,pending,54.0,True,high_compatibility
MATCH_6880,ALUMNI_M1713,S523,44.0,2026-04-30 11:22:14.536109,completed,62.0,True,specific_request
MATCH_6881,ALUMNI_M543,S1385,55.0,2026-04-27 11:22:14.536448,completed,57.0,True,admin_assigned
MATCH_6882,M4977,S3574,55.0,2026-04-22 11:22:14.536807,completed,56.0,True,high_compatibility
MATCH_6883,ALUMNI_M475,S733,61.5,2026-04-07 11:22:14.537157,accepted,67.0,False,high_compatibility
MATCH_6884,ALUMNI_M4543,S2008,51.0,2026-04-19 11:22:14.537495,accepted,46.0,True,auto_suggestion
MATCH_6885,M1132,S1967,65.5,2026-04-14 11:22:14.537845,pending,32.0,False,admin_assigned
MATCH_6886,M3136,S3999,55.0,2026-04-27 11:22:14.538203,pending,52.0,True,admin_assigned
MATCH_6887,M2860,S1317,51.0,2026-04-12 11:22:14.538604,completed,,True,specific_request
MATCH_6888,ALUMNI_M2071,S4195,42.75,2026-04-26 11:22:14.539019,rejected,53.0,False,high_compatibility
MATCH_6889,ALUMNI_M1005,S2178,44.0,2026-05-04 11:22:14.539349,rejected,7.0,False,admin_assigned
MATCH_6890,ALUMNI_M728,S94,61.5,2026-04-16 11:22:14.539594,accepted,26.0,False,auto_suggestion
MATCH_6891,M2576,S3635,51.0,2026-05-04 11:22:14.539895,accepted,28.0,True,admin_assigned
MATCH_6892,M3415,S1677,39.71,2026-04-09 11:22:14.540112,completed,5.0,False,auto_suggestion
MATCH_6893,M2430,S3636,48.0,2026-05-05 11:22:14.540323,rejected,29.0,True,admin_assigned
MATCH_6894,ALUMNI_M4189,S4004,55.0,2026-04-10 11:22:14.540545,rejected,49.0,True,auto_suggestion
MATCH_6895,M1151,S4072,43.71,2026-05-01 11:22:14.540773,completed,,True,specific_request
MATCH_6896,M3596,S3753,44.0,2026-04-25 11:22:14.540967,accepted,5.0,True,auto_suggestion
MATCH_6897,ALUMNI_M430,S4811,57.67,2026-04-07 11:22:14.541164,rejected,21.0,True,specific_request
MATCH_6898,ALUMNI_M3990,S4168,44.0,2026-04-16 11:22:14.541359,rejected,57.0,False,high_compatibility
MATCH_6899,M2141,S3292,51.0,2026-04-22 11:22:14.541562,pending,,False,specific_request
MATCH_6900,ALUMNI_M761,S2870,72.5,2026-04-20 11:22:14.541769,accepted,,False,specific_request
MATCH_6901,M525,S1206,51.0,2026-04-20 11:22:14.541961,rejected,2.0,True,admin_assigned
MATCH_6902,ALUMNI_M258,S700,48.0,2026-04-12 11:22:14.542150,accepted,,False,auto_suggestion
MATCH_6903,ALUMNI_M2842,S4689,51.0,2026-04-29 11:22:14.542344,rejected,46.0,True,high_compatibility
MATCH_6904,M712,S4580,75.17,2026-04-23 11:22:14.542542,rejected,32.0,True,admin_assigned
MATCH_6905,ALUMNI_M4309,S2931,48.33,2026-05-03 11:22:14.542753,pending,17.0,False,admin_assigned
MATCH_6906,ALUMNI_M5129,S2848,48.0,2026-04-28 11:22:14.543148,accepted,53.0,False,high_compatibility
MATCH_6907,M4600,S2679,44.0,2026-04-15 11:22:14.543648,accepted,18.0,True,admin_assigned
MATCH_6908,M1227,S970,44.75,2026-05-06 11:22:14.544076,accepted,30.0,False,auto_suggestion
MATCH_6909,ALUMNI_M3304,S4505,72.5,2026-05-01 11:22:14.544562,accepted,,False,high_compatibility
MATCH_6910,ALUMNI_M2755,S4647,43.0,2026-04-14 11:22:14.544997,rejected,9.0,True,auto_suggestion
MATCH_6911,M829,S1284,51.0,2026-04-11 11:22:14.545366,pending,71.0,True,auto_suggestion
MATCH_6912,ALUMNI_M4552,S1473,68.5,2026-04-11 11:22:14.545777,rejected,,True,auto_suggestion
MATCH_6913,ALUMNI_M204,S182,54.83,2026-05-05 11:22:14.546168,pending,,True,high_compatibility
MATCH_6914,ALUMNI_M1216,S4368,51.0,2026-04-27 11:22:14.546548,completed,,False,specific_request
MATCH_6915,M2431,S3170,45.29,2026-04-20 11:22:14.547005,rejected,43.0,False,admin_assigned
MATCH_6916,ALUMNI_M2033,S1289,51.0,2026-04-25 11:22:14.547584,pending,55.0,True,auto_suggestion
MATCH_6917,M2432,S1574,51.0,2026-04-11 11:22:14.548056,completed,69.0,True,high_compatibility
MATCH_6918,M1269,S2578,65.83,2026-04-21 11:22:14.548535,accepted,33.0,False,auto_suggestion
MATCH_6919,ALUMNI_M2144,S4822,65.5,2026-05-05 11:22:14.548984,rejected,51.0,True,auto_suggestion
MATCH_6920,M1382,S650,61.5,2026-04-22 11:22:14.549400,rejected,14.0,False,auto_suggestion
MATCH_6921,M3633,S3343,44.0,2026-05-04 11:22:14.549844,completed,63.0,True,specific_request
MATCH_6922,ALUMNI_M1944,S2115,55.0,2026-04-29 11:22:14.550271,rejected,65.0,True,auto_suggestion
MATCH_6923,ALUMNI_M3897,S40,51.0,2026-04-13 11:22:14.550731,completed,,True,auto_suggestion
MATCH_6924,ALUMNI_M979,S2935,57.06,2026-04-13 11:22:14.551119,pending,,False,specific_request
MATCH_6925,M516,S945,55.0,2026-04-15 11:22:14.551568,completed,,False,auto_suggestion
MATCH_6926,ALUMNI_M1713,S3020,52.5,2026-04-10 11:22:14.552097,rejected,3.0,True,specific_request
MATCH_6927,M828,S2138,68.5,2026-04-17 11:22:14.552531,rejected,32.0,False,auto_suggestion
MATCH_6928,ALUMNI_M1249,S797,72.17,2026-04-09 11:22:14.552985,pending,68.0,True,admin_assigned
MATCH_6929,M4062,S3905,44.0,2026-04-14 11:22:14.553415,rejected,28.0,True,specific_request
MATCH_6930,M832,S1174,44.0,2026-05-06 11:22:14.553856,rejected,1.0,True,specific_request
MATCH_6931,ALUMNI_M5466,S3885,68.5,2026-04-12 11:22:14.554253,pending,53.0,True,specific_request
MATCH_6932,M1075,S2802,51.0,2026-04-15 11:22:14.554670,rejected,38.0,False,specific_request
MATCH_6933,ALUMNI_M982,S2902,44.0,2026-04-25 11:22:14.555113,rejected,41.0,False,auto_suggestion
MATCH_6934,M1366,S3824,51.0,2026-04-18 11:22:14.555528,rejected,2.0,True,auto_suggestion
MATCH_6935,ALUMNI_M5068,S4543,55.0,2026-05-01 11:22:14.555998,rejected,,False,auto_suggestion
MATCH_6936,ALUMNI_M1027,S4208,55.0,2026-05-05 11:22:14.556433,completed,3.0,False,high_compatibility
MATCH_6937,ALUMNI_M3824,S3293,51.0,2026-04-07 11:22:14.556924,rejected,,True,admin_assigned
MATCH_6938,ALUMNI_M3991,S1346,51.0,2026-04-17 11:22:14.557329,pending,57.0,False,specific_request
MATCH_6939,ALUMNI_M3357,S4743,39.0,2026-04-21 11:22:14.557765,completed,39.0,False,high_compatibility
MATCH_6940,ALUMNI_M1586,S1119,48.0,2026-04-30 11:22:14.558182,rejected,55.0,False,admin_assigned
MATCH_6941,ALUMNI_M3653,S3875,51.0,2026-04-23 11:22:14.558597,pending,6.0,True,high_compatibility
MATCH_6942,ALUMNI_M5706,S2679,44.0,2026-05-04 11:22:14.559019,pending,,False,admin_assigned
MATCH_6943,ALUMNI_M1461,S871,51.0,2026-04-25 11:22:14.559452,pending,44.0,True,admin_assigned
MATCH_6944,ALUMNI_M3561,S2534,46.71,2026-04-06 11:22:14.559860,accepted,71.0,False,admin_assigned
MATCH_6945,M3866,S2363,51.0,2026-05-04 11:22:14.560258,completed,,False,admin_assigned
MATCH_6946,M845,S4383,44.0,2026-05-05 11:22:14.560669,pending,15.0,False,high_compatibility
MATCH_6947,M3630,S3536,51.0,2026-04-22 11:22:14.561112,rejected,57.0,False,admin_assigned
MATCH_6948,M2436,S3918,41.14,2026-04-23 11:22:14.561564,completed,,True,admin_assigned
MATCH_6949,ALUMNI_M4840,S4773,55.0,2026-04-14 11:22:14.561987,completed,69.0,False,admin_assigned
MATCH_6950,ALUMNI_M2050,S1280,44.0,2026-04-25 11:22:14.562384,completed,,False,admin_assigned
MATCH_6951,ALUMNI_M1014,S4690,51.0,2026-05-06 11:22:14.562831,completed,26.0,False,specific_request
MATCH_6952,ALUMNI_M3872,S3955,68.5,2026-04-09 11:22:14.563249,pending,65.0,True,auto_suggestion
MATCH_6953,ALUMNI_M5311,S4003,51.0,2026-04-10 11:22:14.563646,completed,30.0,False,specific_request
MATCH_6954,ALUMNI_M1531,S3897,53.33,2026-05-05 11:22:14.564076,completed,,True,admin_assigned
MATCH_6955,ALUMNI_M4072,S597,44.0,2026-04-22 11:22:14.564488,rejected,19.0,False,admin_assigned
MATCH_6956,M4081,S4149,45.5,2026-05-04 11:22:14.564905,rejected,33.0,False,admin_assigned
MATCH_6957,M404,S1765,44.0,2026-05-03 11:22:14.565296,rejected,31.0,False,auto_suggestion
MATCH_6958,M951,S380,51.0,2026-04-15 11:22:14.565731,pending,49.0,False,auto_suggestion
MATCH_6959,ALUMNI_M5953,S1338,51.0,2026-04-09 11:22:14.566153,rejected,34.0,True,high_compatibility
MATCH_6960,ALUMNI_M3626,S3638,55.0,2026-05-04 11:22:14.566571,accepted,42.0,True,high_compatibility
MATCH_6961,ALUMNI_M1018,S2073,46.89,2026-04-17 11:22:14.566992,completed,67.0,False,specific_request
MATCH_6962,ALUMNI_M3962,S3464,44.0,2026-04-21 11:22:14.567373,rejected,,False,high_compatibility
MATCH_6963,ALUMNI_M1491,S4790,44.0,2026-04-07 11:22:14.567842,rejected,70.0,True,high_compatibility
MATCH_6964,ALUMNI_M5893,S3464,48.0,2026-04-11 11:22:14.568256,rejected,41.0,True,admin_assigned
MATCH_6965,ALUMNI_M5631,S1048,44.0,2026-04-22 11:22:14.568691,accepted,,False,admin_assigned
MATCH_6966,ALUMNI_M2368,S4626,68.5,2026-04-10 11:22:14.569115,accepted,8.0,False,high_compatibility
MATCH_6967,M3203,S2483,51.0,2026-04-06 11:22:14.569531,pending,29.0,False,high_compatibility
MATCH_6968,ALUMNI_M5795,S998,55.0,2026-04-17 11:22:14.569982,accepted,43.0,False,auto_suggestion
MATCH_6969,M3474,S2628,44.0,2026-04-23 11:22:14.570388,rejected,,True,specific_request
MATCH_6970,ALUMNI_M3871,S3361,51.0,2026-05-05 11:22:14.570822,pending,47.0,True,admin_assigned
MATCH_6971,ALUMNI_M4113,S2951,44.0,2026-04-26 11:22:14.571230,accepted,,True,high_compatibility
MATCH_6972,ALUMNI_M2613,S4741,68.5,2026-04-12 11:22:14.571758,pending,,False,auto_suggestion
MATCH_6973,ALUMNI_M3103,S2331,44.0,2026-05-05 11:22:14.572273,rejected,18.0,True,admin_assigned
MATCH_6974,M4585,S185,44.0,2026-04-26 11:22:14.572741,completed,29.0,True,high_compatibility
MATCH_6975,ALUMNI_M5324,S1644,51.0,2026-04-20 11:22:14.573198,accepted,35.0,True,auto_suggestion
MATCH_6976,ALUMNI_M617,S2183,44.0,2026-04-17 11:22:14.573638,pending,,True,specific_request
MATCH_6977,ALUMNI_M2101,S1205,51.0,2026-04-16 11:22:14.574071,rejected,,True,auto_suggestion
MATCH_6978,M2,S1338,51.0,2026-04-29 11:22:14.574588,completed,11.0,False,specific_request
MATCH_6979,M434,S1749,42.75,2026-04-09 11:22:14.575079,rejected,71.0,False,high_compatibility
MATCH_6980,M4726,S4826,44.0,2026-04-24 11:22:14.575487,pending,27.0,True,high_compatibility
MATCH_6981,M2798,S92,61.5,2026-04-21 11:22:14.575896,rejected,64.0,True,auto_suggestion
MATCH_6982,ALUMNI_M232,S4475,51.0,2026-04-10 11:22:14.576387,pending,46.0,False,admin_assigned
MATCH_6983,ALUMNI_M4456,S4100,61.5,2026-04-11 11:22:14.576866,pending,,False,auto_suggestion
MATCH_6984,ALUMNI_M2516,S684,44.0,2026-04-25 11:22:14.577287,accepted,,False,admin_assigned
MATCH_6985,ALUMNI_M3935,S3102,68.5,2026-05-03 11:22:14.578211,rejected,9.0,False,specific_request
MATCH_6986,M625,S1318,44.0,2026-05-01 11:22:14.578642,rejected,54.0,False,auto_suggestion
MATCH_6987,M2320,S311,51.0,2026-04-10 11:22:14.579077,pending,,False,auto_suggestion
MATCH_6988,M1629,S3945,61.5,2026-04-29 11:22:14.579513,rejected,,True,high_compatibility
MATCH_6989,ALUMNI_M1655,S156,68.5,2026-04-09 11:22:14.579939,rejected,,False,auto_suggestion
MATCH_6990,ALUMNI_M1587,S1986,51.0,2026-04-16 11:22:14.580348,accepted,22.0,False,high_compatibility
MATCH_6991,M58,S1197,54.67,2026-04-27 11:22:14.580817,completed,24.0,False,specific_request
MATCH_6992,ALUMNI_M360,S2833,68.5,2026-04-08 11:22:14.581245,rejected,30.0,False,specific_request
MATCH_6993,ALUMNI_M270,S3943,44.0,2026-04-26 11:22:14.581657,pending,,False,specific_request
MATCH_6994,ALUMNI_M5483,S4333,50.0,2026-04-27 11:22:14.582081,completed,50.0,True,specific_request
MATCH_6995,M2484,S877,51.0,2026-04-09 11:22:14.582469,completed,56.0,False,high_compatibility
MATCH_6996,M3113,S4658,44.0,2026-04-15 11:22:14.582882,completed,60.0,False,auto_suggestion
MATCH_6997,ALUMNI_M2875,S4326,48.0,2026-04-08 11:22:14.583307,pending,13.0,True,auto_suggestion
MATCH_6998,M1327,S861,51.0,2026-04-18 11:22:14.583735,accepted,,False,specific_request
MATCH_6999,ALUMNI_M28,S4704,39.0,2026-04-22 11:22:14.584194,pending,61.0,True,admin_assigned
MATCH_7000,M3323,S4482,45.44,2026-05-01 11:22:14.584587,pending,14.0,False,admin_assigned
MATCH_7001,M3196,S2125,44.0,2026-04-26 11:22:14.584999,accepted,,True,auto_suggestion
MATCH_7002,ALUMNI_M2120,S2228,48.0,2026-04-27 11:22:14.585387,completed,,False,auto_suggestion
MATCH_7003,M2285,S686,44.0,2026-04-19 11:22:14.585805,rejected,14.0,True,high_compatibility
MATCH_7004,M4391,S1121,65.5,2026-05-02 11:22:14.586217,rejected,36.0,True,admin_assigned
MATCH_7005,ALUMNI_M168,S839,44.0,2026-04-24 11:22:14.586609,pending,,True,specific_request
MATCH_7006,ALUMNI_M5829,S3934,51.0,2026-05-02 11:22:14.587019,pending,18.0,True,high_compatibility
MATCH_7007,ALUMNI_M873,S2877,57.67,2026-05-02 11:22:14.587415,completed,,True,specific_request
MATCH_7008,ALUMNI_M4725,S1682,44.0,2026-04-10 11:22:14.587815,pending,69.0,True,high_compatibility
MATCH_7009,ALUMNI_M1430,S2985,55.0,2026-04-15 11:22:14.588210,completed,33.0,False,admin_assigned
MATCH_7010,ALUMNI_M778,S738,51.0,2026-04-14 11:22:14.588591,pending,32.0,True,auto_suggestion
MATCH_7011,M193,S1972,55.0,2026-04-07 11:22:14.589001,pending,,False,admin_assigned
MATCH_7012,M3749,S392,55.0,2026-05-04 11:22:14.591950,rejected,,False,high_compatibility
MATCH_7013,ALUMNI_M1753,S1469,48.0,2026-04-10 11:22:14.592396,pending,31.0,False,admin_assigned
MATCH_7014,M665,S1129,75.17,2026-04-15 11:22:14.592829,rejected,31.0,False,high_compatibility
MATCH_7015,ALUMNI_M4306,S89,68.5,2026-04-14 11:22:14.593229,completed,54.0,False,auto_suggestion
MATCH_7016,M3077,S4107,68.5,2026-04-21 11:22:14.593596,completed,60.0,False,specific_request
MATCH_7017,M2259,S47,55.0,2026-04-11 11:22:14.594015,rejected,17.0,False,specific_request
MATCH_7018,M616,S3177,51.0,2026-04-21 11:22:14.594428,pending,28.0,True,auto_suggestion
MATCH_7019,ALUMNI_M5656,S4682,36.22,2026-04-30 11:22:14.596900,rejected,2.0,False,high_compatibility
MATCH_7020,ALUMNI_M5877,S239,55.0,2026-04-18 11:22:14.597331,completed,70.0,True,high_compatibility
MATCH_7021,ALUMNI_M4023,S3211,68.5,2026-05-06 11:22:14.597729,accepted,11.0,False,high_compatibility
MATCH_7022,ALUMNI_M4308,S4415,47.67,2026-04-28 11:22:14.598117,completed,7.0,False,specific_request
MATCH_7023,M79,S1706,44.0,2026-04-11 11:22:14.598526,accepted,60.0,True,auto_suggestion
MATCH_7024,M601,S3701,46.0,2026-05-05 11:22:14.605030,accepted,63.0,False,specific_request
MATCH_7025,ALUMNI_M3003,S3951,44.0,2026-04-12 11:22:14.605650,pending,31.0,False,admin_assigned
MATCH_7026,ALUMNI_M5318,S4889,51.0,2026-05-06 11:22:14.606119,rejected,41.0,True,auto_suggestion
MATCH_7027,ALUMNI_M1425,S3761,39.0,2026-04-16 11:22:14.606533,accepted,6.0,False,auto_suggestion
MATCH_7028,M4979,S79,51.0,2026-04-06 11:22:14.611052,rejected,65.0,True,auto_suggestion
MATCH_7029,M2040,S1353,39.0,2026-04-29 11:22:14.611496,accepted,30.0,True,auto_suggestion
MATCH_7030,ALUMNI_M4991,S3492,65.5,2026-05-04 11:22:14.611993,completed,49.0,True,auto_suggestion
MATCH_7031,ALUMNI_M620,S4500,44.0,2026-04-28 11:22:14.612438,completed,,False,specific_request
MATCH_7032,ALUMNI_M166,S656,68.5,2026-05-01 11:22:14.615178,accepted,38.0,False,auto_suggestion
MATCH_7033,M655,S4770,50.67,2026-04-14 11:22:14.618016,completed,64.0,True,auto_suggestion
MATCH_7034,M3933,S324,44.0,2026-04-12 11:22:14.618488,rejected,20.0,True,specific_request
MATCH_7035,ALUMNI_M4607,S3722,56.5,2026-04-16 11:22:14.626068,completed,15.0,True,auto_suggestion
MATCH_7036,M1159,S4670,44.0,2026-04-24 11:22:14.626561,accepted,52.0,False,auto_suggestion
MATCH_7037,M408,S4244,44.0,2026-04-17 11:22:14.626998,pending,70.0,False,auto_suggestion
MATCH_7038,ALUMNI_M2083,S558,44.0,2026-05-02 11:22:14.627426,pending,,True,high_compatibility
MATCH_7039,M1863,S2787,44.0,2026-05-02 11:22:14.630053,completed,,True,specific_request
MATCH_7040,ALUMNI_M3493,S1774,44.0,2026-04-30 11:22:14.630477,accepted,50.0,False,admin_assigned
MATCH_7041,ALUMNI_M230,S2284,51.0,2026-04-24 11:22:14.632961,completed,21.0,True,admin_assigned
MATCH_7042,M1862,S3179,51.0,2026-05-03 11:22:14.636115,rejected,14.0,True,specific_request
MATCH_7043,M1590,S1449,55.0,2026-04-07 11:22:14.636595,completed,57.0,False,auto_suggestion
MATCH_7044,ALUMNI_M4137,S2194,55.0,2026-04-10 11:22:14.640666,completed,70.0,False,high_compatibility
MATCH_7045,M1073,S4025,44.33,2026-04-11 11:22:14.641098,pending,54.0,True,admin_assigned
MATCH_7046,M3393,S2077,61.5,2026-05-06 11:22:14.641543,pending,54.0,False,high_compatibility
MATCH_7047,ALUMNI_M2591,S238,51.0,2026-04-11 11:22:14.646063,accepted,37.0,True,admin_assigned
MATCH_7048,ALUMNI_M1531,S3751,44.0,2026-04-17 11:22:14.646472,completed,2.0,False,specific_request
MATCH_7049,M2882,S3224,51.0,2026-04-30 11:22:14.647397,pending,,False,auto_suggestion
MATCH_7050,ALUMNI_M5337,S3405,51.0,2026-04-26 11:22:14.654762,rejected,53.0,True,auto_suggestion
MATCH_7051,M3014,S1336,44.0,2026-04-11 11:22:14.655335,pending,,True,high_compatibility
MATCH_7052,M1036,S3532,51.0,2026-04-29 11:22:14.655796,rejected,,True,auto_suggestion
MATCH_7053,M4920,S1085,43.0,2026-05-05 11:22:14.656239,rejected,,False,high_compatibility
MATCH_7054,ALUMNI_M5783,S4832,51.0,2026-04-17 11:22:14.656654,rejected,,True,specific_request
MATCH_7055,M458,S410,50.67,2026-04-14 11:22:14.661201,accepted,44.0,True,auto_suggestion
MATCH_7056,ALUMNI_M5745,S3677,44.0,2026-04-21 11:22:14.661607,completed,20.0,True,auto_suggestion
MATCH_7057,M3164,S4411,65.5,2026-05-05 11:22:14.662040,completed,,True,specific_request
MATCH_7058,ALUMNI_M2607,S3796,44.0,2026-05-03 11:22:14.662433,pending,,False,auto_suggestion
MATCH_7059,M1854,S3271,44.0,2026-04-15 11:22:14.671041,accepted,,True,high_compatibility
MATCH_7060,M1808,S1864,50.67,2026-04-11 11:22:14.671548,pending,31.0,True,admin_assigned
MATCH_7061,ALUMNI_M3080,S4559,44.0,2026-04-07 11:22:14.672079,completed,41.0,False,admin_assigned
MATCH_7062,ALUMNI_M3785,S4065,45.44,2026-04-09 11:22:14.672516,pending,1.0,True,high_compatibility
MATCH_7063,M4089,S830,51.0,2026-04-23 11:22:14.672958,accepted,3.0,False,high_compatibility
MATCH_7064,ALUMNI_M2287,S1475,44.0,2026-04-24 11:22:14.673355,pending,10.0,True,admin_assigned
MATCH_7065,ALUMNI_M2859,S2084,55.0,2026-04-06 11:22:14.673784,completed,27.0,False,specific_request
MATCH_7066,M2543,S2371,51.0,2026-04-29 11:22:14.674228,accepted,62.0,True,admin_assigned
MATCH_7067,ALUMNI_M444,S1729,51.0,2026-04-24 11:22:14.674725,accepted,,False,auto_suggestion
MATCH_7068,M2756,S1607,51.0,2026-05-05 11:22:14.675160,rejected,17.0,True,admin_assigned
MATCH_7069,ALUMNI_M2547,S1664,44.0,2026-04-24 11:22:14.675588,completed,58.0,False,high_compatibility
MATCH_7070,M1466,S987,48.0,2026-04-11 11:22:14.676032,completed,,False,admin_assigned
MATCH_7071,ALUMNI_M3583,S3052,44.0,2026-04-07 11:22:14.676445,pending,14.0,False,admin_assigned
MATCH_7072,M2579,S1198,39.56,2026-04-20 11:22:14.676873,pending,28.0,False,auto_suggestion
MATCH_7073,M2013,S610,65.5,2026-04-29 11:22:14.677264,pending,,False,specific_request
MATCH_7074,ALUMNI_M2286,S2755,44.0,2026-04-10 11:22:14.677650,completed,,False,admin_assigned
MATCH_7075,M836,S3886,44.0,2026-04-25 11:22:14.678058,completed,16.0,True,admin_assigned
MATCH_7076,ALUMNI_M2377,S4653,55.0,2026-04-10 11:22:14.678485,rejected,2.0,False,specific_request
MATCH_7077,ALUMNI_M2641,S4726,44.0,2026-05-02 11:22:14.678898,pending,23.0,True,high_compatibility
MATCH_7078,ALUMNI_M5454,S4128,51.0,2026-04-11 11:22:14.679379,completed,15.0,False,specific_request
MATCH_7079,ALUMNI_M3479,S582,65.5,2026-04-22 11:22:14.680081,pending,3.0,False,specific_request
MATCH_7080,M4386,S3722,48.0,2026-04-07 11:22:14.680623,completed,18.0,False,admin_assigned
MATCH_7081,ALUMNI_M1071,S4955,68.5,2026-04-11 11:22:14.681144,rejected,,False,high_compatibility
MATCH_7082,ALUMNI_M100,S628,36.86,2026-05-04 11:22:14.681656,accepted,,True,auto_suggestion
MATCH_7083,M689,S4655,52.14,2026-05-05 11:22:14.682158,completed,,True,auto_suggestion
MATCH_7084,ALUMNI_M4549,S3394,65.5,2026-04-09 11:22:14.682650,accepted,48.0,True,admin_assigned
MATCH_7085,M4565,S3210,51.0,2026-04-19 11:22:14.683188,completed,53.0,False,high_compatibility
MATCH_7086,ALUMNI_M5724,S979,61.5,2026-04-24 11:22:14.683730,accepted,,False,auto_suggestion
MATCH_7087,M1307,S4290,68.5,2026-04-06 11:22:14.684211,accepted,53.0,True,admin_assigned
MATCH_7088,ALUMNI_M955,S3389,75.17,2026-04-09 11:22:14.684770,pending,8.0,False,specific_request
MATCH_7089,ALUMNI_M2894,S1128,44.0,2026-05-02 11:22:14.685262,pending,4.0,False,admin_assigned
MATCH_7090,ALUMNI_M4064,S2661,46.75,2026-04-20 11:22:14.685787,accepted,,True,auto_suggestion
MATCH_7091,M1079,S113,51.0,2026-04-18 11:22:14.686257,accepted,53.0,True,high_compatibility
MATCH_7092,M1229,S2565,51.0,2026-04-23 11:22:14.686780,completed,35.0,False,specific_request
MATCH_7093,ALUMNI_M512,S3812,61.5,2026-04-29 11:22:14.687307,pending,,False,auto_suggestion
MATCH_7094,ALUMNI_M3226,S1770,51.0,2026-04-09 11:22:14.687822,pending,,False,high_compatibility
MATCH_7095,ALUMNI_M5454,S4871,48.0,2026-04-08 11:22:14.688295,accepted,16.0,True,auto_suggestion
MATCH_7096,M1502,S3410,44.0,2026-04-25 11:22:14.688812,completed,11.0,True,auto_suggestion
MATCH_7097,ALUMNI_M1620,S4670,48.0,2026-04-17 11:22:14.689287,pending,,False,auto_suggestion
MATCH_7098,M4255,S3591,51.0,2026-04-07 11:22:14.689774,completed,,True,admin_assigned
MATCH_7099,M1200,S646,40.25,2026-04-07 11:22:14.690220,completed,34.0,False,auto_suggestion
MATCH_7100,ALUMNI_M5300,S616,68.5,2026-04-20 11:22:14.690681,rejected,,True,high_compatibility
MATCH_7101,ALUMNI_M2398,S4996,51.0,2026-04-08 11:22:14.691175,completed,,True,specific_request
MATCH_7102,M432,S90,51.0,2026-04-21 11:22:14.691665,accepted,,False,admin_assigned
MATCH_7103,ALUMNI_M4113,S2563,44.0,2026-05-05 11:22:14.692164,accepted,1.0,True,specific_request
MATCH_7104,M1289,S4053,51.0,2026-04-11 11:22:14.692635,pending,2.0,False,high_compatibility
MATCH_7105,M4262,S1165,46.0,2026-05-03 11:22:14.693089,pending,65.0,True,auto_suggestion
MATCH_7106,ALUMNI_M1306,S484,44.0,2026-05-05 11:22:14.695927,accepted,45.0,True,auto_suggestion
MATCH_7107,M131,S2814,51.0,2026-05-02 11:22:14.696416,rejected,,False,high_compatibility
MATCH_7108,ALUMNI_M4748,S3371,51.0,2026-04-30 11:22:14.696918,rejected,,False,specific_request
MATCH_7109,M1994,S1626,49.89,2026-05-01 11:22:14.697395,pending,37.0,False,admin_assigned
MATCH_7110,ALUMNI_M5087,S950,44.0,2026-04-13 11:22:14.697920,rejected,,True,high_compatibility
MATCH_7111,ALUMNI_M3773,S2309,44.0,2026-04-10 11:22:14.698416,completed,4.0,True,high_compatibility
MATCH_7112,ALUMNI_M3400,S4516,68.5,2026-04-11 11:22:14.698950,pending,20.0,True,auto_suggestion
MATCH_7113,ALUMNI_M5368,S2308,45.14,2026-04-30 11:22:14.699471,accepted,,True,high_compatibility
MATCH_7114,M808,S1522,44.0,2026-04-24 11:22:14.699993,rejected,32.0,True,specific_request
MATCH_7115,M3353,S2377,51.0,2026-04-20 11:22:14.700485,pending,54.0,True,auto_suggestion
MATCH_7116,M2984,S2276,68.5,2026-04-22 11:22:14.701007,pending,,False,specific_request
MATCH_7117,ALUMNI_M1198,S4224,48.33,2026-04-13 11:22:14.701509,rejected,59.0,False,high_compatibility
MATCH_7118,ALUMNI_M907,S1819,51.0,2026-04-24 11:22:14.702040,accepted,67.0,False,specific_request
MATCH_7119,ALUMNI_M5774,S1017,55.0,2026-04-22 11:22:14.702530,rejected,48.0,True,admin_assigned
MATCH_7120,M3762,S1793,48.0,2026-04-06 11:22:14.703076,completed,16.0,False,specific_request
MATCH_7121,M3365,S1351,51.0,2026-04-15 11:22:14.703572,completed,,False,auto_suggestion
MATCH_7122,ALUMNI_M3916,S1492,50.67,2026-04-26 11:22:14.704072,accepted,,True,admin_assigned
MATCH_7123,M3241,S925,57.67,2026-04-10 11:22:14.704554,completed,51.0,False,auto_suggestion
MATCH_7124,M477,S292,51.0,2026-04-24 11:22:14.705061,completed,14.0,True,specific_request
MATCH_7125,M4424,S1516,61.67,2026-04-10 11:22:14.705544,accepted,16.0,True,admin_assigned
MATCH_7126,M3864,S3992,44.0,2026-04-18 11:22:14.706036,rejected,39.0,True,auto_suggestion
MATCH_7127,ALUMNI_M3389,S568,48.14,2026-05-06 11:22:14.706520,pending,27.0,True,auto_suggestion
MATCH_7128,M356,S4150,51.0,2026-04-07 11:22:14.707006,completed,,False,auto_suggestion
MATCH_7129,ALUMNI_M854,S735,68.5,2026-04-28 11:22:14.707466,completed,,True,admin_assigned
MATCH_7130,ALUMNI_M5203,S4900,44.0,2026-04-18 11:22:14.707951,rejected,11.0,True,admin_assigned
MATCH_7131,M1862,S437,50.67,2026-04-21 11:22:14.708435,rejected,8.0,True,specific_request
MATCH_7132,ALUMNI_M761,S2968,44.0,2026-04-20 11:22:14.708943,accepted,60.0,False,admin_assigned
MATCH_7133,ALUMNI_M3296,S454,51.0,2026-04-15 11:22:14.709445,accepted,25.0,False,admin_assigned
MATCH_7134,M182,S304,44.0,2026-04-09 11:22:14.709957,completed,,True,admin_assigned
MATCH_7135,ALUMNI_M4803,S511,68.5,2026-04-09 11:22:14.710417,accepted,28.0,True,admin_assigned
MATCH_7136,M3551,S928,58.17,2026-04-08 11:22:14.710906,rejected,47.0,False,auto_suggestion
MATCH_7137,M4651,S4510,51.0,2026-05-02 11:22:14.711356,accepted,61.0,False,auto_suggestion
MATCH_7138,ALUMNI_M872,S1912,40.25,2026-04-18 11:22:14.711844,pending,,True,admin_assigned
MATCH_7139,M4729,S1817,51.0,2026-04-24 11:22:14.712316,rejected,58.0,True,auto_suggestion
MATCH_7140,ALUMNI_M5532,S2993,44.0,2026-04-17 11:22:14.712827,completed,16.0,True,high_compatibility
MATCH_7141,ALUMNI_M643,S1637,44.0,2026-05-01 11:22:14.713304,accepted,,False,specific_request
MATCH_7142,ALUMNI_M1447,S2243,51.0,2026-04-11 11:22:14.713817,pending,23.0,False,auto_suggestion
MATCH_7143,M259,S1946,51.0,2026-04-08 11:22:14.714294,pending,,False,admin_assigned
MATCH_7144,M4330,S2940,57.67,2026-05-01 11:22:14.714778,pending,58.0,False,auto_suggestion
MATCH_7145,ALUMNI_M1508,S4082,44.0,2026-04-19 11:22:14.715256,pending,,False,admin_assigned
MATCH_7146,ALUMNI_M1074,S1912,39.0,2026-04-17 11:22:14.715764,pending,,False,auto_suggestion
MATCH_7147,M72,S512,55.0,2026-04-12 11:22:14.716230,rejected,31.0,True,admin_assigned
MATCH_7148,M2540,S2341,39.0,2026-04-26 11:22:14.716734,pending,,False,high_compatibility
MATCH_7149,ALUMNI_M2261,S622,72.5,2026-04-08 11:22:14.717208,rejected,66.0,True,admin_assigned
MATCH_7150,M2855,S4770,50.67,2026-05-05 11:22:14.717728,completed,47.0,True,specific_request
MATCH_7151,M113,S3218,48.0,2026-04-06 11:22:14.718209,accepted,59.0,True,auto_suggestion
MATCH_7152,M1696,S2145,44.0,2026-04-06 11:22:14.718780,completed,72.0,True,auto_suggestion
MATCH_7153,ALUMNI_M1539,S3116,44.0,2026-05-06 11:22:14.719297,completed,,True,auto_suggestion
MATCH_7154,M1355,S2320,51.0,2026-04-11 11:22:14.719839,completed,45.0,False,specific_request
MATCH_7155,M2752,S1162,51.0,2026-04-27 11:22:14.720315,pending,54.0,False,specific_request
MATCH_7156,ALUMNI_M5441,S3310,51.0,2026-04-22 11:22:14.720845,pending,13.0,False,specific_request
MATCH_7157,ALUMNI_M4357,S3740,57.67,2026-04-22 11:22:14.721323,rejected,2.0,True,auto_suggestion
MATCH_7158,ALUMNI_M765,S3210,53.0,2026-04-11 11:22:14.721824,completed,46.0,True,specific_request
MATCH_7159,ALUMNI_M5214,S4023,51.0,2026-04-14 11:22:14.722282,accepted,,True,specific_request
MATCH_7160,ALUMNI_M3697,S343,57.67,2026-04-14 11:22:14.722763,completed,6.0,True,admin_assigned
MATCH_7161,M1337,S541,44.0,2026-04-22 11:22:14.723256,completed,29.0,True,high_compatibility
MATCH_7162,M4038,S4962,51.0,2026-04-14 11:22:14.723730,rejected,,True,specific_request
MATCH_7163,ALUMNI_M4698,S4300,61.67,2026-04-28 11:22:14.724211,rejected,43.0,True,auto_suggestion
MATCH_7164,ALUMNI_M1456,S4430,50.67,2026-04-21 11:22:14.724691,rejected,57.0,True,admin_assigned
MATCH_7165,ALUMNI_M2127,S4452,39.0,2026-04-29 11:22:14.725169,rejected,22.0,True,auto_suggestion
MATCH_7166,M1201,S1501,65.5,2026-05-04 11:22:14.725622,rejected,40.0,True,admin_assigned
MATCH_7167,ALUMNI_M3813,S591,51.0,2026-04-27 11:22:14.726118,rejected,4.0,True,auto_suggestion
MATCH_7168,ALUMNI_M4048,S954,63.5,2026-04-06 11:22:14.726598,pending,,True,specific_request
MATCH_7169,M975,S848,51.0,2026-04-12 11:22:14.727086,completed,68.0,False,high_compatibility
MATCH_7170,ALUMNI_M1489,S4764,44.0,2026-04-13 11:22:14.727572,rejected,4.0,True,auto_suggestion
MATCH_7171,M4201,S3694,48.0,2026-04-14 11:22:14.728051,rejected,52.0,False,specific_request
MATCH_7172,ALUMNI_M51,S2489,47.67,2026-04-12 11:22:14.728530,completed,66.0,True,high_compatibility
MATCH_7173,M2135,S3876,68.5,2026-04-21 11:22:14.729014,rejected,,False,auto_suggestion
MATCH_7174,ALUMNI_M475,S633,61.21,2026-04-22 11:22:14.729474,rejected,65.0,True,specific_request
MATCH_7175,M1275,S55,65.5,2026-05-06 11:22:14.729962,rejected,41.0,False,admin_assigned
MATCH_7176,ALUMNI_M656,S1278,51.0,2026-04-20 11:22:14.730436,pending,,True,specific_request
MATCH_7177,ALUMNI_M4353,S4039,41.5,2026-05-01 11:22:14.730914,accepted,,False,auto_suggestion
MATCH_7178,M1323,S2097,51.67,2026-04-19 11:22:14.731368,pending,,False,specific_request
MATCH_7179,M3646,S1461,44.0,2026-04-10 11:22:14.731868,pending,,False,auto_suggestion
MATCH_7180,M4060,S4905,51.0,2026-04-07 11:22:14.732338,rejected,55.0,False,high_compatibility
MATCH_7181,ALUMNI_M5835,S474,54.67,2026-04-25 11:22:14.732843,pending,26.0,False,admin_assigned
MATCH_7182,ALUMNI_M4455,S4546,48.5,2026-04-27 11:22:14.733329,completed,12.0,True,admin_assigned
MATCH_7183,M4397,S3246,55.0,2026-05-04 11:22:14.733832,completed,,False,specific_request
MATCH_7184,M2487,S4032,72.5,2026-04-27 11:22:14.734298,pending,71.0,False,admin_assigned
MATCH_7185,M4069,S933,51.0,2026-04-25 11:22:14.734777,pending,29.0,False,auto_suggestion
MATCH_7186,ALUMNI_M1917,S1955,46.71,2026-04-29 11:22:14.735271,pending,61.0,True,admin_assigned
MATCH_7187,M3891,S1264,51.0,2026-04-21 11:22:14.735767,rejected,,False,high_compatibility
MATCH_7188,ALUMNI_M269,S3651,52.5,2026-05-03 11:22:14.736236,rejected,60.0,False,specific_request
MATCH_7189,M3556,S2843,51.0,2026-04-07 11:22:14.736725,pending,35.0,True,specific_request
MATCH_7190,ALUMNI_M4905,S4214,44.0,2026-04-10 11:22:14.737187,accepted,65.0,True,specific_request
MATCH_7191,ALUMNI_M4004,S1634,68.5,2026-04-15 11:22:14.737649,pending,67.0,True,specific_request
MATCH_7192,ALUMNI_M3455,S2482,44.0,2026-04-21 11:22:14.738146,pending,4.0,True,auto_suggestion
MATCH_7193,M1935,S1322,48.0,2026-04-24 11:22:14.738618,pending,,False,auto_suggestion
MATCH_7194,M1031,S2727,51.0,2026-04-08 11:22:14.739111,accepted,,True,specific_request
MATCH_7195,M10,S1904,55.0,2026-04-29 11:22:14.739584,completed,11.0,False,admin_assigned
MATCH_7196,ALUMNI_M2656,S1858,68.5,2026-04-20 11:22:14.740141,rejected,52.0,True,specific_request
MATCH_7197,M4087,S780,57.67,2026-04-10 11:22:14.740857,rejected,,True,admin_assigned
MATCH_7198,ALUMNI_M2339,S2576,55.0,2026-04-12 11:22:14.741320,completed,65.0,True,high_compatibility
MATCH_7199,ALUMNI_M3191,S3100,51.0,2026-04-22 11:22:14.741765,pending,36.0,False,admin_assigned
MATCH_7200,ALUMNI_M2768,S2173,44.0,2026-04-15 11:22:14.742180,accepted,,True,specific_request
MATCH_7201,ALUMNI_M1954,S4302,48.0,2026-04-25 11:22:14.742591,completed,,False,auto_suggestion
MATCH_7202,ALUMNI_M2008,S695,44.0,2026-04-30 11:22:14.743039,rejected,,False,high_compatibility
MATCH_7203,M211,S4909,51.0,2026-05-01 11:22:14.743448,completed,25.0,True,auto_suggestion
MATCH_7204,M2675,S4502,44.0,2026-05-02 11:22:14.743864,rejected,9.0,False,admin_assigned
MATCH_7205,ALUMNI_M2730,S4391,68.5,2026-05-03 11:22:14.744266,rejected,24.0,False,admin_assigned
MATCH_7206,ALUMNI_M2706,S2300,51.0,2026-04-14 11:22:14.744634,rejected,,True,auto_suggestion
MATCH_7207,M2365,S4814,44.0,2026-04-10 11:22:14.745041,accepted,3.0,True,high_compatibility
MATCH_7208,ALUMNI_M2145,S4377,55.0,2026-04-10 11:22:14.745423,completed,5.0,True,high_compatibility
MATCH_7209,M1229,S4219,44.0,2026-04-22 11:22:14.745837,pending,,True,high_compatibility
MATCH_7210,ALUMNI_M798,S4346,44.0,2026-05-03 11:22:14.746244,rejected,45.0,True,admin_assigned
MATCH_7211,ALUMNI_M5964,S1046,64.06,2026-04-26 11:22:14.746643,pending,,True,admin_assigned
MATCH_7212,ALUMNI_M2143,S2507,55.0,2026-04-06 11:22:14.747065,accepted,55.0,True,specific_request
MATCH_7213,ALUMNI_M4990,S393,51.0,2026-04-24 11:22:14.747479,rejected,71.0,True,specific_request
MATCH_7214,ALUMNI_M5428,S4910,55.0,2026-04-28 11:22:14.747916,accepted,24.0,False,specific_request
MATCH_7215,ALUMNI_M4543,S1745,51.0,2026-04-30 11:22:14.748319,accepted,42.0,False,admin_assigned
MATCH_7216,ALUMNI_M3232,S125,51.0,2026-04-24 11:22:14.748739,pending,72.0,True,admin_assigned
MATCH_7217,M2229,S344,61.67,2026-04-16 11:22:14.749127,pending,47.0,True,admin_assigned
MATCH_7218,ALUMNI_M5843,S958,55.0,2026-04-20 11:22:14.749525,accepted,,False,high_compatibility
MATCH_7219,ALUMNI_M5324,S277,44.0,2026-04-24 11:22:14.749927,rejected,35.0,False,admin_assigned
MATCH_7220,M4172,S1967,68.5,2026-04-10 11:22:14.750304,pending,61.0,False,specific_request
MATCH_7221,ALUMNI_M5474,S2035,48.0,2026-04-18 11:22:14.750690,pending,55.0,True,specific_request
MATCH_7222,ALUMNI_M5759,S322,55.0,2026-04-09 11:22:14.751114,accepted,3.0,False,admin_assigned
MATCH_7223,M4066,S1777,51.0,2026-04-25 11:22:14.751525,completed,36.0,False,admin_assigned
MATCH_7224,ALUMNI_M4607,S493,37.33,2026-04-28 11:22:14.751939,accepted,8.0,True,admin_assigned
MATCH_7225,ALUMNI_M1673,S1520,55.0,2026-04-24 11:22:14.752344,pending,65.0,True,admin_assigned
MATCH_7226,ALUMNI_M5890,S2827,42.75,2026-04-17 11:22:14.752746,rejected,36.0,False,specific_request
MATCH_7227,ALUMNI_M3067,S347,61.5,2026-05-04 11:22:14.753142,completed,7.0,False,specific_request
MATCH_7228,M560,S2192,44.0,2026-04-27 11:22:14.753545,rejected,50.0,True,auto_suggestion
MATCH_7229,M3723,S1894,44.75,2026-04-28 11:22:14.753961,pending,,True,auto_suggestion
MATCH_7230,M4840,S4531,44.0,2026-05-05 11:22:14.754339,accepted,9.0,False,specific_request
MATCH_7231,ALUMNI_M4800,S1625,55.0,2026-05-04 11:22:14.754755,rejected,40.0,False,specific_request
MATCH_7232,ALUMNI_M2597,S4316,44.0,2026-04-17 11:22:14.755155,completed,44.0,False,high_compatibility
MATCH_7233,ALUMNI_M2754,S4794,49.0,2026-05-01 11:22:14.755596,accepted,37.0,False,specific_request
MATCH_7234,ALUMNI_M3165,S1211,51.0,2026-04-28 11:22:14.756020,rejected,50.0,False,specific_request
MATCH_7235,M1701,S1412,38.44,2026-05-05 11:22:14.756428,rejected,66.0,False,auto_suggestion
MATCH_7236,ALUMNI_M4056,S1523,51.0,2026-04-24 11:22:14.756839,accepted,37.0,False,specific_request
MATCH_7237,M3296,S4286,51.0,2026-04-13 11:22:14.757233,rejected,,True,specific_request
MATCH_7238,M3362,S3666,68.5,2026-04-26 11:22:14.757621,rejected,66.0,False,high_compatibility
MATCH_7239,M2959,S2352,61.5,2026-04-26 11:22:14.758029,accepted,,True,auto_suggestion
MATCH_7240,ALUMNI_M4609,S591,48.0,2026-04-09 11:22:14.758420,pending,31.0,True,admin_assigned
MATCH_7241,M381,S3763,51.0,2026-04-19 11:22:14.758828,completed,32.0,False,admin_assigned
MATCH_7242,ALUMNI_M1972,S4382,55.0,2026-04-27 11:22:14.759212,accepted,9.0,False,specific_request
MATCH_7243,ALUMNI_M2384,S541,44.0,2026-04-21 11:22:14.759595,completed,50.0,False,high_compatibility
MATCH_7244,ALUMNI_M4992,S4202,39.0,2026-04-10 11:22:14.760001,rejected,17.0,True,high_compatibility
MATCH_7245,ALUMNI_M1241,S4167,44.0,2026-04-24 11:22:14.760392,accepted,,False,admin_assigned
MATCH_7246,M2666,S2957,51.0,2026-04-28 11:22:14.760825,rejected,56.0,True,high_compatibility
MATCH_7247,ALUMNI_M5306,S3788,51.0,2026-04-16 11:22:14.761228,rejected,30.0,True,admin_assigned
MATCH_7248,ALUMNI_M873,S2264,68.5,2026-04-28 11:22:14.761607,pending,46.0,True,high_compatibility
MATCH_7249,ALUMNI_M1276,S1165,51.0,2026-04-16 11:22:14.762011,completed,33.0,False,admin_assigned
MATCH_7250,ALUMNI_M5598,S2072,48.0,2026-04-18 11:22:14.762424,completed,28.0,False,specific_request
MATCH_7251,ALUMNI_M1499,S4989,51.0,2026-04-11 11:22:14.762833,accepted,22.0,True,auto_suggestion
MATCH_7252,M823,S4280,57.67,2026-04-20 11:22:14.763264,accepted,57.0,True,specific_request
MATCH_7253,ALUMNI_M5594,S1486,45.5,2026-04-13 11:22:14.763646,pending,30.0,True,specific_request
MATCH_7254,ALUMNI_M4090,S3768,51.0,2026-04-27 11:22:14.764084,rejected,,True,auto_suggestion
MATCH_7255,M2328,S4379,50.67,2026-04-15 11:22:14.764470,completed,68.0,True,admin_assigned
MATCH_7256,M2350,S3714,57.67,2026-04-30 11:22:14.764874,accepted,46.0,True,specific_request
MATCH_7257,M222,S4190,51.0,2026-04-27 11:22:14.765283,accepted,42.0,False,admin_assigned
MATCH_7258,M4688,S2162,57.67,2026-04-12 11:22:14.765663,pending,27.0,True,specific_request
MATCH_7259,ALUMNI_M35,S1339,39.0,2026-04-12 11:22:14.766075,accepted,25.0,True,admin_assigned
MATCH_7260,ALUMNI_M4261,S4926,44.0,2026-04-07 11:22:14.766497,completed,7.0,False,high_compatibility
MATCH_7261,ALUMNI_M2734,S3910,44.0,2026-04-25 11:22:14.766901,rejected,35.0,True,admin_assigned
MATCH_7262,ALUMNI_M2177,S1241,68.17,2026-04-16 11:22:14.767284,accepted,,True,high_compatibility
MATCH_7263,ALUMNI_M2116,S4197,44.0,2026-04-28 11:22:14.767655,accepted,,True,auto_suggestion
MATCH_7264,M852,S4095,51.0,2026-04-27 11:22:14.768054,rejected,48.0,True,high_compatibility
MATCH_7265,M2028,S2601,68.5,2026-04-15 11:22:14.768442,rejected,43.0,False,auto_suggestion
MATCH_7266,ALUMNI_M948,S3021,44.0,2026-04-20 11:22:14.768843,pending,29.0,False,auto_suggestion
MATCH_7267,M2435,S926,48.0,2026-04-10 11:22:14.769257,pending,41.0,True,high_compatibility
MATCH_7268,ALUMNI_M2387,S408,44.0,2026-04-13 11:22:14.769653,pending,,False,specific_request
MATCH_7269,ALUMNI_M342,S330,55.0,2026-05-04 11:22:14.770066,pending,10.0,False,auto_suggestion
MATCH_7270,ALUMNI_M3214,S3484,44.0,2026-04-19 11:22:14.770554,accepted,,True,admin_assigned
MATCH_7271,ALUMNI_M2166,S291,51.0,2026-04-12 11:22:14.770976,rejected,6.0,False,auto_suggestion
MATCH_7272,ALUMNI_M5836,S536,61.5,2026-04-20 11:22:14.771368,pending,2.0,True,high_compatibility
MATCH_7273,ALUMNI_M4013,S800,48.0,2026-04-06 11:22:14.771761,rejected,,True,specific_request
MATCH_7274,ALUMNI_M1244,S830,55.0,2026-04-16 11:22:14.772139,completed,67.0,True,admin_assigned
MATCH_7275,M1539,S2047,61.5,2026-04-26 11:22:14.772533,accepted,23.0,True,high_compatibility
MATCH_7276,M1579,S1325,48.0,2026-04-24 11:22:14.772937,rejected,26.0,False,high_compatibility
MATCH_7277,M3091,S434,51.0,2026-04-20 11:22:14.773336,pending,,False,admin_assigned
MATCH_7278,ALUMNI_M1116,S1995,51.0,2026-04-14 11:22:14.773739,rejected,45.0,True,specific_request
MATCH_7279,M2168,S817,44.0,2026-04-06 11:22:14.774142,completed,1.0,True,specific_request
MATCH_7280,M4427,S4645,39.0,2026-04-24 11:22:14.774552,completed,,True,admin_assigned
MATCH_7281,M4006,S3310,51.0,2026-04-27 11:22:14.774946,rejected,31.0,True,auto_suggestion
MATCH_7282,M1632,S3596,51.0,2026-05-04 11:22:14.775322,accepted,,False,admin_assigned
MATCH_7283,ALUMNI_M1662,S2598,55.0,2026-05-05 11:22:14.775686,accepted,60.0,False,auto_suggestion
MATCH_7284,M4619,S818,38.29,2026-04-06 11:22:14.776097,completed,51.0,False,high_compatibility
MATCH_7285,ALUMNI_M312,S911,42.33,2026-04-07 11:22:14.776473,pending,67.0,False,high_compatibility
MATCH_7286,M4815,S3703,61.67,2026-04-07 11:22:14.776873,pending,,True,high_compatibility
MATCH_7287,ALUMNI_M3972,S1039,44.0,2026-04-17 11:22:14.777292,pending,,True,auto_suggestion
MATCH_7288,M749,S1527,48.0,2026-04-22 11:22:14.777636,accepted,12.0,False,auto_suggestion
MATCH_7289,ALUMNI_M5193,S816,61.67,2026-04-17 11:22:14.777943,pending,51.0,False,admin_assigned
MATCH_7290,M4829,S1763,49.89,2026-04-06 11:22:14.778240,accepted,19.0,False,admin_assigned
MATCH_7291,M1564,S2721,51.0,2026-05-05 11:22:14.778545,rejected,37.0,False,auto_suggestion
MATCH_7292,M2595,S1337,51.0,2026-04-13 11:22:14.778921,completed,55.0,True,auto_suggestion
MATCH_7293,ALUMNI_M4113,S2958,59.79,2026-04-17 11:22:14.779295,rejected,64.0,True,admin_assigned
MATCH_7294,ALUMNI_M623,S3161,51.0,2026-04-16 11:22:14.779673,rejected,,True,admin_assigned
MATCH_7295,ALUMNI_M1027,S2336,51.0,2026-04-16 11:22:14.780072,rejected,8.0,True,admin_assigned
MATCH_7296,ALUMNI_M1904,S4917,44.0,2026-04-20 11:22:14.780468,completed,44.0,True,admin_assigned
MATCH_7297,ALUMNI_M3699,S4784,44.0,2026-04-29 11:22:14.781015,accepted,36.0,False,auto_suggestion
MATCH_7298,ALUMNI_M3063,S1202,39.71,2026-04-10 11:22:14.781372,rejected,15.0,True,high_compatibility
MATCH_7299,ALUMNI_M2057,S1788,55.0,2026-04-06 11:22:14.781734,rejected,43.0,False,high_compatibility
MATCH_7300,ALUMNI_M1385,S3066,51.0,2026-04-26 11:22:14.782044,pending,,False,high_compatibility
MATCH_7301,M585,S655,51.0,2026-04-19 11:22:14.782350,accepted,50.0,True,auto_suggestion
MATCH_7302,ALUMNI_M4868,S2127,44.0,2026-04-13 11:22:14.782744,rejected,38.0,False,admin_assigned
MATCH_7303,ALUMNI_M1826,S314,51.0,2026-04-16 11:22:14.783159,completed,37.0,True,high_compatibility
MATCH_7304,ALUMNI_M1024,S4454,48.5,2026-04-11 11:22:14.783541,completed,49.0,False,admin_assigned
MATCH_7305,ALUMNI_M5537,S1591,44.0,2026-05-01 11:22:14.783960,completed,,False,admin_assigned
MATCH_7306,ALUMNI_M1159,S4474,60.42,2026-04-27 11:22:14.784325,completed,,False,auto_suggestion
MATCH_7307,ALUMNI_M5957,S4256,46.71,2026-04-19 11:22:14.784719,accepted,64.0,False,auto_suggestion
MATCH_7308,M2661,S4804,44.0,2026-04-17 11:22:14.785091,accepted,7.0,True,auto_suggestion
MATCH_7309,M2305,S2775,61.67,2026-05-02 11:22:14.785465,rejected,72.0,True,auto_suggestion
MATCH_7310,M540,S797,48.0,2026-05-05 11:22:14.785872,accepted,43.0,False,admin_assigned
MATCH_7311,ALUMNI_M1102,S1818,48.0,2026-04-20 11:22:14.786239,completed,60.0,True,auto_suggestion
MATCH_7312,M3089,S1120,61.5,2026-04-20 11:22:14.786620,rejected,63.0,True,high_compatibility
MATCH_7313,ALUMNI_M2198,S846,72.5,2026-04-16 11:22:14.787010,completed,67.0,True,auto_suggestion
MATCH_7314,ALUMNI_M3831,S111,61.5,2026-04-10 11:22:14.787381,pending,39.0,False,auto_suggestion
MATCH_7315,M2764,S4044,65.5,2026-04-30 11:22:14.787789,pending,,True,admin_assigned
MATCH_7316,M4135,S683,68.17,2026-04-12 11:22:14.788164,rejected,57.0,True,high_compatibility
MATCH_7317,M1602,S111,68.5,2026-04-13 11:22:14.788634,pending,54.0,True,high_compatibility
MATCH_7318,ALUMNI_M5202,S709,65.5,2026-04-15 11:22:14.789054,accepted,,True,auto_suggestion
MATCH_7319,ALUMNI_M4841,S1260,47.67,2026-04-23 11:22:14.789443,rejected,32.0,False,specific_request
MATCH_7320,M571,S4159,51.0,2026-04-11 11:22:14.789886,accepted,11.0,True,high_compatibility
MATCH_7321,M2917,S305,44.0,2026-04-27 11:22:14.790274,completed,70.0,False,high_compatibility
MATCH_7322,M4996,S1545,39.0,2026-04-14 11:22:14.790672,completed,54.0,False,high_compatibility
MATCH_7323,M4019,S2609,44.0,2026-05-02 11:22:14.791089,completed,69.0,False,specific_request
MATCH_7324,M1715,S3575,37.33,2026-04-10 11:22:14.791493,completed,51.0,False,admin_assigned
MATCH_7325,ALUMNI_M1559,S112,44.0,2026-04-14 11:22:14.791915,accepted,,False,high_compatibility
MATCH_7326,ALUMNI_M3157,S4714,59.79,2026-04-27 11:22:14.792306,pending,64.0,False,auto_suggestion
MATCH_7327,ALUMNI_M3674,S3481,51.0,2026-04-25 11:22:14.792748,rejected,29.0,True,high_compatibility
MATCH_7328,M3698,S3380,51.0,2026-04-27 11:22:14.793142,completed,47.0,False,auto_suggestion
MATCH_7329,M1622,S4661,55.0,2026-05-05 11:22:14.793544,pending,62.0,False,high_compatibility
MATCH_7330,M2751,S4369,48.0,2026-04-29 11:22:14.793954,accepted,71.0,False,admin_assigned
MATCH_7331,ALUMNI_M2505,S1945,51.0,2026-04-16 11:22:14.794350,pending,,False,high_compatibility
MATCH_7332,M2541,S4609,51.0,2026-04-07 11:22:14.794774,rejected,8.0,True,specific_request
MATCH_7333,M2413,S383,54.67,2026-05-06 11:22:14.795170,completed,45.0,False,high_compatibility
MATCH_7334,M909,S52,48.0,2026-04-21 11:22:14.795576,accepted,59.0,False,high_compatibility
MATCH_7335,ALUMNI_M2494,S631,50.0,2026-05-01 11:22:14.795995,accepted,36.0,False,auto_suggestion
MATCH_7336,ALUMNI_M3994,S431,48.0,2026-04-14 11:22:14.796437,completed,,False,auto_suggestion
MATCH_7337,ALUMNI_M5150,S2621,57.67,2026-04-13 11:22:14.796864,pending,9.0,False,high_compatibility
MATCH_7338,ALUMNI_M1403,S855,51.0,2026-04-17 11:22:14.797305,accepted,62.0,False,high_compatibility
MATCH_7339,ALUMNI_M2276,S4327,65.5,2026-04-22 11:22:14.797786,pending,,True,auto_suggestion
MATCH_7340,M3322,S523,51.0,2026-04-29 11:22:14.798223,completed,55.0,True,high_compatibility
MATCH_7341,ALUMNI_M1648,S628,44.0,2026-04-11 11:22:14.798654,pending,35.0,True,specific_request
MATCH_7342,ALUMNI_M5703,S437,44.0,2026-04-21 11:22:14.799084,pending,,True,high_compatibility
MATCH_7343,M4469,S2978,49.75,2026-04-16 11:22:14.799474,rejected,,True,specific_request
MATCH_7344,ALUMNI_M1753,S783,57.67,2026-04-13 11:22:14.799877,accepted,72.0,True,auto_suggestion
MATCH_7345,ALUMNI_M4315,S4452,61.5,2026-04-18 11:22:14.800259,accepted,23.0,True,auto_suggestion
MATCH_7346,ALUMNI_M1073,S4478,61.5,2026-04-08 11:22:14.800649,accepted,32.0,False,specific_request
MATCH_7347,ALUMNI_M5520,S2826,44.0,2026-04-09 11:22:14.801205,pending,,False,specific_request
MATCH_7348,ALUMNI_M733,S2347,44.0,2026-04-13 11:22:14.801688,pending,47.0,True,high_compatibility
MATCH_7349,M3476,S2089,51.0,2026-04-17 11:22:14.802121,pending,29.0,True,high_compatibility
MATCH_7350,ALUMNI_M2382,S1410,51.0,2026-04-24 11:22:14.802528,completed,23.0,False,specific_request
MATCH_7351,M2003,S1838,57.67,2026-04-07 11:22:14.802948,accepted,41.0,False,high_compatibility
MATCH_7352,ALUMNI_M1971,S4527,68.5,2026-04-15 11:22:14.803412,rejected,50.0,True,admin_assigned
MATCH_7353,ALUMNI_M1433,S2921,44.0,2026-04-29 11:22:14.803887,accepted,,False,auto_suggestion
MATCH_7354,M2638,S4302,65.5,2026-04-21 11:22:14.804273,pending,,False,auto_suggestion
MATCH_7355,M2286,S4086,47.22,2026-04-07 11:22:14.804672,pending,,False,specific_request
MATCH_7356,ALUMNI_M3238,S170,51.0,2026-05-03 11:22:14.805115,rejected,51.0,True,specific_request
MATCH_7357,ALUMNI_M4638,S2674,51.0,2026-04-23 11:22:14.805532,pending,65.0,True,specific_request
MATCH_7358,ALUMNI_M2146,S2527,44.0,2026-04-21 11:22:14.805970,rejected,19.0,False,high_compatibility
MATCH_7359,ALUMNI_M252,S3573,61.5,2026-05-01 11:22:14.806371,rejected,12.0,True,specific_request
MATCH_7360,M2915,S1376,72.5,2026-04-29 11:22:14.806802,accepted,,False,high_compatibility
MATCH_7361,ALUMNI_M5450,S175,44.0,2026-04-25 11:22:14.807192,completed,,True,high_compatibility
MATCH_7362,ALUMNI_M1595,S2239,44.0,2026-04-06 11:22:14.807613,pending,28.0,False,specific_request
MATCH_7363,ALUMNI_M102,S1796,65.5,2026-05-03 11:22:14.808041,pending,33.0,True,auto_suggestion
MATCH_7364,M536,S2893,57.67,2026-04-21 11:22:14.808439,rejected,64.0,False,specific_request
MATCH_7365,M388,S1629,51.0,2026-04-21 11:22:14.808856,rejected,67.0,True,auto_suggestion
MATCH_7366,ALUMNI_M3016,S1360,54.67,2026-04-27 11:22:14.809238,accepted,22.0,False,high_compatibility
MATCH_7367,ALUMNI_M5409,S377,48.0,2026-05-06 11:22:14.809622,rejected,,True,admin_assigned
MATCH_7368,ALUMNI_M490,S4953,46.0,2026-05-02 11:22:14.810041,pending,1.0,False,high_compatibility
MATCH_7369,ALUMNI_M510,S416,44.0,2026-04-24 11:22:14.810401,completed,,True,admin_assigned
MATCH_7370,ALUMNI_M3032,S1939,61.5,2026-04-25 11:22:14.810784,rejected,,True,high_compatibility
MATCH_7371,ALUMNI_M2552,S1949,55.0,2026-04-30 11:22:14.811128,completed,25.0,False,high_compatibility
MATCH_7372,M1316,S840,55.0,2026-05-01 11:22:14.811478,completed,42.0,False,high_compatibility
MATCH_7373,ALUMNI_M4064,S3072,51.0,2026-04-26 11:22:14.811867,rejected,9.0,True,specific_request
MATCH_7374,M1054,S4074,55.0,2026-04-12 11:22:14.812210,accepted,58.0,False,high_compatibility
MATCH_7375,ALUMNI_M2620,S3930,53.22,2026-04-21 11:22:14.812564,completed,15.0,True,admin_assigned
MATCH_7376,ALUMNI_M3783,S4164,61.5,2026-05-01 11:22:14.812991,pending,49.0,True,specific_request
MATCH_7377,M2701,S2420,65.5,2026-04-09 11:22:14.813398,accepted,30.0,True,admin_assigned
MATCH_7378,ALUMNI_M2555,S4249,44.0,2026-05-03 11:22:14.813815,completed,43.0,True,admin_assigned
MATCH_7379,ALUMNI_M2024,S2631,61.5,2026-04-29 11:22:14.814167,completed,63.0,True,specific_request
MATCH_7380,M2857,S4705,44.0,2026-04-08 11:22:14.814519,rejected,55.0,True,high_compatibility
MATCH_7381,M3775,S2495,51.0,2026-04-09 11:22:14.814895,completed,,False,high_compatibility
MATCH_7382,M2543,S4612,51.0,2026-04-16 11:22:14.815243,completed,41.0,False,auto_suggestion
MATCH_7383,ALUMNI_M3203,S2622,48.0,2026-05-02 11:22:14.815609,rejected,,False,high_compatibility
MATCH_7384,M2191,S2043,55.0,2026-04-16 11:22:14.815998,rejected,69.0,True,specific_request
MATCH_7385,ALUMNI_M2101,S435,51.0,2026-04-10 11:22:14.816386,completed,13.0,False,admin_assigned
MATCH_7386,ALUMNI_M5518,S4965,40.0,2026-05-06 11:22:14.816880,pending,,False,auto_suggestion
MATCH_7387,M1556,S564,51.0,2026-04-07 11:22:14.817279,pending,,False,admin_assigned
MATCH_7388,M1506,S1193,72.5,2026-04-24 11:22:14.817688,completed,35.0,False,auto_suggestion
MATCH_7389,M1161,S455,44.0,2026-04-19 11:22:14.818122,pending,,True,specific_request
MATCH_7390,M2404,S1786,68.5,2026-05-03 11:22:14.818531,rejected,8.0,True,admin_assigned
MATCH_7391,ALUMNI_M5205,S3035,44.0,2026-04-12 11:22:14.818971,pending,29.0,True,admin_assigned
MATCH_7392,M2096,S2748,44.0,2026-05-01 11:22:14.819374,completed,,False,specific_request
MATCH_7393,ALUMNI_M4037,S4062,55.0,2026-04-09 11:22:14.819813,completed,53.0,True,auto_suggestion
MATCH_7394,M1541,S2538,55.0,2026-04-14 11:22:14.820224,rejected,7.0,True,high_compatibility
MATCH_7395,M2292,S3340,44.0,2026-04-25 11:22:14.820629,pending,,True,auto_suggestion
MATCH_7396,ALUMNI_M4958,S2581,72.5,2026-04-15 11:22:14.821064,accepted,,True,auto_suggestion
MATCH_7397,M793,S1642,51.0,2026-05-02 11:22:14.821491,rejected,19.0,False,admin_assigned
MATCH_7398,ALUMNI_M5828,S3720,51.0,2026-05-05 11:22:14.821922,rejected,60.0,False,admin_assigned
MATCH_7399,ALUMNI_M245,S297,47.67,2026-04-10 11:22:14.822309,completed,62.0,False,specific_request
MATCH_7400,ALUMNI_M5949,S3048,44.0,2026-04-10 11:22:14.822725,pending,62.0,True,auto_suggestion
MATCH_7401,M3289,S3593,61.5,2026-04-18 11:22:14.823255,pending,,False,specific_request
MATCH_7402,M4781,S2546,55.0,2026-05-05 11:22:14.823672,accepted,,False,high_compatibility
MATCH_7403,ALUMNI_M623,S1809,51.0,2026-04-27 11:22:14.824078,accepted,11.0,True,auto_suggestion
MATCH_7404,M167,S2131,47.22,2026-04-10 11:22:14.824497,rejected,,True,admin_assigned
MATCH_7405,ALUMNI_M528,S2494,51.0,2026-04-24 11:22:14.824923,rejected,62.0,True,specific_request
MATCH_7406,ALUMNI_M5642,S1437,44.0,2026-05-04 11:22:14.825319,accepted,48.0,False,specific_request
MATCH_7407,ALUMNI_M5084,S3695,48.0,2026-04-13 11:22:14.825764,rejected,,True,high_compatibility
MATCH_7408,ALUMNI_M2824,S1236,44.0,2026-04-15 11:22:14.826189,rejected,62.0,False,high_compatibility
MATCH_7409,ALUMNI_M5110,S3102,69.17,2026-04-15 11:22:14.826639,completed,39.0,True,admin_assigned
MATCH_7410,ALUMNI_M83,S1653,44.75,2026-04-21 11:22:14.827087,pending,70.0,False,specific_request
MATCH_7411,ALUMNI_M4166,S163,51.0,2026-05-05 11:22:14.827503,accepted,57.0,False,auto_suggestion
MATCH_7412,ALUMNI_M1630,S582,44.0,2026-04-21 11:22:14.827950,accepted,,False,auto_suggestion
MATCH_7413,ALUMNI_M514,S2753,61.5,2026-04-17 11:22:14.828358,pending,49.0,False,auto_suggestion
MATCH_7414,ALUMNI_M1115,S4440,44.0,2026-04-18 11:22:14.828810,pending,53.0,False,auto_suggestion
MATCH_7415,M4849,S3949,44.0,2026-04-15 11:22:14.829195,pending,,False,admin_assigned
MATCH_7416,M4275,S4859,55.0,2026-05-05 11:22:14.829576,completed,1.0,True,specific_request
MATCH_7417,M3090,S3973,42.0,2026-05-03 11:22:14.829952,pending,,False,high_compatibility
MATCH_7418,ALUMNI_M2895,S4288,55.5,2026-04-22 11:22:14.830269,pending,,True,admin_assigned
MATCH_7419,ALUMNI_M5045,S4476,51.0,2026-05-03 11:22:14.830615,accepted,,True,admin_assigned
MATCH_7420,ALUMNI_M3536,S4124,55.0,2026-05-04 11:22:14.831024,accepted,,False,auto_suggestion
MATCH_7421,ALUMNI_M4123,S617,51.0,2026-04-06 11:22:14.831384,completed,50.0,True,specific_request
MATCH_7422,ALUMNI_M1029,S4155,44.0,2026-04-28 11:22:14.831813,completed,15.0,False,high_compatibility
MATCH_7423,ALUMNI_M5640,S634,51.0,2026-04-11 11:22:14.832229,completed,,True,admin_assigned
MATCH_7424,M2339,S2153,48.0,2026-04-25 11:22:14.832678,completed,2.0,True,admin_assigned
MATCH_7425,ALUMNI_M4197,S117,44.0,2026-04-19 11:22:14.833123,pending,9.0,False,admin_assigned
MATCH_7426,M4884,S3493,48.0,2026-04-24 11:22:14.833553,completed,59.0,False,specific_request
MATCH_7427,M1920,S330,51.0,2026-04-14 11:22:14.833968,completed,22.0,True,admin_assigned
MATCH_7428,M3976,S1014,50.0,2026-04-15 11:22:14.834347,rejected,,False,auto_suggestion
MATCH_7429,ALUMNI_M5023,S2780,55.0,2026-04-25 11:22:14.834797,pending,,False,specific_request
MATCH_7430,ALUMNI_M4468,S1638,44.0,2026-05-05 11:22:14.835216,accepted,,False,admin_assigned
MATCH_7431,ALUMNI_M5585,S4045,51.0,2026-05-03 11:22:14.835647,pending,,True,auto_suggestion
MATCH_7432,M1950,S434,69.45,2026-04-26 11:22:14.836087,accepted,,True,high_compatibility
MATCH_7433,ALUMNI_M3055,S52,44.0,2026-05-05 11:22:14.836649,completed,20.0,True,admin_assigned
MATCH_7434,M2434,S1844,55.0,2026-05-03 11:22:14.838159,rejected,2.0,True,specific_request
MATCH_7435,M257,S4321,51.0,2026-04-10 11:22:14.838666,pending,58.0,True,auto_suggestion
MATCH_7436,M1435,S211,51.0,2026-04-06 11:22:14.839137,completed,10.0,False,admin_assigned
MATCH_7437,M2628,S3757,44.0,2026-05-01 11:22:14.839600,accepted,31.0,True,auto_suggestion
MATCH_7438,M615,S4238,72.5,2026-04-30 11:22:14.840074,rejected,37.0,False,specific_request
MATCH_7439,M2468,S3928,51.0,2026-05-06 11:22:14.840514,rejected,,True,high_compatibility
MATCH_7440,M3964,S1990,61.5,2026-04-06 11:22:14.842255,accepted,47.0,False,admin_assigned
MATCH_7441,ALUMNI_M5022,S1529,50.71,2026-05-04 11:22:14.842688,accepted,29.0,True,auto_suggestion
MATCH_7442,ALUMNI_M3560,S3895,51.0,2026-04-14 11:22:14.843125,completed,25.0,True,auto_suggestion
MATCH_7443,ALUMNI_M3812,S1511,55.0,2026-05-03 11:22:14.843574,pending,43.0,False,admin_assigned
MATCH_7444,ALUMNI_M405,S2065,51.0,2026-04-26 11:22:14.844060,accepted,35.0,False,specific_request
MATCH_7445,ALUMNI_M2101,S800,51.0,2026-05-04 11:22:14.844505,pending,47.0,False,auto_suggestion
MATCH_7446,M2119,S3901,48.14,2026-04-26 11:22:14.844974,pending,57.0,True,auto_suggestion
MATCH_7447,ALUMNI_M727,S2286,75.17,2026-04-07 11:22:14.845414,completed,37.0,False,admin_assigned
MATCH_7448,M1059,S750,72.5,2026-04-28 11:22:14.845843,accepted,,False,specific_request
MATCH_7449,M4252,S3832,44.0,2026-04-13 11:22:14.846238,completed,69.0,True,auto_suggestion
MATCH_7450,ALUMNI_M1667,S4619,51.0,2026-05-05 11:22:14.846592,pending,,False,auto_suggestion
MATCH_7451,ALUMNI_M1479,S4815,55.0,2026-04-19 11:22:14.847003,accepted,68.0,False,specific_request
MATCH_7452,ALUMNI_M3676,S2846,61.5,2026-04-17 11:22:14.847411,pending,,True,admin_assigned
MATCH_7453,ALUMNI_M1114,S4556,55.0,2026-04-07 11:22:14.847819,pending,64.0,False,specific_request
MATCH_7454,M57,S1848,48.0,2026-05-01 11:22:14.848161,completed,48.0,True,specific_request
MATCH_7455,ALUMNI_M2562,S1972,51.67,2026-04-15 11:22:14.848523,rejected,,False,high_compatibility
MATCH_7456,ALUMNI_M1963,S4569,42.57,2026-04-20 11:22:14.848920,accepted,70.0,False,admin_assigned
MATCH_7457,ALUMNI_M1342,S1779,44.0,2026-04-25 11:22:14.849295,completed,40.0,False,high_compatibility
MATCH_7458,M2561,S2879,46.56,2026-04-15 11:22:14.849684,rejected,,False,admin_assigned
MATCH_7459,M3269,S1047,44.0,2026-05-01 11:22:14.850082,accepted,52.0,False,admin_assigned
MATCH_7460,ALUMNI_M3872,S3791,48.0,2026-04-21 11:22:14.850420,accepted,7.0,True,auto_suggestion
MATCH_7461,M139,S3645,51.0,2026-04-14 11:22:14.850783,pending,,False,admin_assigned
MATCH_7462,M841,S4040,51.0,2026-05-02 11:22:14.851092,accepted,54.0,True,admin_assigned
MATCH_7463,M4920,S753,47.67,2026-04-18 11:22:14.851397,pending,54.0,True,specific_request
MATCH_7464,ALUMNI_M4942,S1389,51.0,2026-04-14 11:22:14.851742,pending,2.0,False,auto_suggestion
MATCH_7465,ALUMNI_M563,S3929,44.0,2026-04-22 11:22:14.852059,accepted,,False,auto_suggestion
MATCH_7466,M857,S1729,51.0,2026-04-26 11:22:14.852354,rejected,,False,specific_request
MATCH_7467,M1454,S1637,61.5,2026-05-03 11:22:14.852662,accepted,,False,specific_request
MATCH_7468,ALUMNI_M3942,S1656,57.67,2026-04-16 11:22:14.853009,pending,41.0,False,admin_assigned
MATCH_7469,M2097,S1594,51.0,2026-04-27 11:22:14.853330,rejected,,True,high_compatibility
MATCH_7470,ALUMNI_M3179,S547,55.0,2026-04-11 11:22:14.853649,accepted,44.0,False,admin_assigned
MATCH_7471,M1247,S4296,61.5,2026-04-17 11:22:14.853972,rejected,,False,admin_assigned
MATCH_7472,ALUMNI_M5086,S1251,51.0,2026-04-27 11:22:14.854269,accepted,70.0,True,admin_assigned
MATCH_7473,M4817,S1155,47.67,2026-04-28 11:22:14.854593,pending,33.0,True,admin_assigned
MATCH_7474,ALUMNI_M3386,S2042,51.0,2026-05-06 11:22:14.854931,pending,72.0,True,admin_assigned
MATCH_7475,M4587,S3281,44.0,2026-04-07 11:22:14.855241,rejected,27.0,False,admin_assigned
MATCH_7476,ALUMNI_M2603,S4432,57.67,2026-04-09 11:22:14.855552,rejected,,True,admin_assigned
MATCH_7477,ALUMNI_M2927,S941,51.0,2026-04-15 11:22:14.855893,pending,,False,admin_assigned
MATCH_7478,ALUMNI_M2491,S451,44.33,2026-04-13 11:22:14.856237,completed,,True,auto_suggestion
MATCH_7479,M924,S925,57.67,2026-04-12 11:22:14.856576,rejected,50.0,True,admin_assigned
MATCH_7480,M4931,S2773,50.67,2026-04-08 11:22:14.856930,rejected,11.0,False,specific_request
MATCH_7481,ALUMNI_M569,S1461,39.0,2026-04-29 11:22:14.857243,accepted,41.0,False,auto_suggestion
MATCH_7482,M637,S3336,47.25,2026-05-06 11:22:14.857583,rejected,,True,specific_request
MATCH_7483,M2757,S2090,55.0,2026-05-02 11:22:14.857968,pending,,False,specific_request
MATCH_7484,M3198,S3848,42.57,2026-05-05 11:22:14.858321,completed,,False,admin_assigned
MATCH_7485,M3010,S1221,51.0,2026-04-08 11:22:14.858759,pending,54.0,False,auto_suggestion
MATCH_7486,ALUMNI_M1394,S2801,46.0,2026-04-12 11:22:14.859151,accepted,71.0,True,auto_suggestion
MATCH_7487,ALUMNI_M5529,S574,44.0,2026-04-17 11:22:14.859536,completed,64.0,True,admin_assigned
MATCH_7488,M479,S1629,48.0,2026-05-05 11:22:14.859931,pending,43.0,True,specific_request
MATCH_7489,M4375,S4231,48.0,2026-04-19 11:22:14.860302,rejected,12.0,False,admin_assigned
MATCH_7490,ALUMNI_M3814,S794,55.0,2026-05-03 11:22:14.860673,completed,12.0,True,auto_suggestion
MATCH_7491,ALUMNI_M3522,S1839,51.0,2026-04-13 11:22:14.861110,accepted,,True,auto_suggestion
MATCH_7492,M1973,S8,40.5,2026-04-10 11:22:14.861489,completed,45.0,False,specific_request
MATCH_7493,M3388,S1105,44.0,2026-04-06 11:22:14.861888,pending,,True,admin_assigned
MATCH_7494,M4327,S4929,65.5,2026-04-06 11:22:14.862281,pending,,False,admin_assigned
MATCH_7495,ALUMNI_M1987,S488,44.0,2026-04-13 11:22:14.862675,completed,58.0,False,specific_request
MATCH_7496,M2814,S2669,55.0,2026-05-05 11:22:14.863105,rejected,,False,auto_suggestion
MATCH_7497,M3908,S303,44.0,2026-04-25 11:22:14.863473,completed,,False,auto_suggestion
MATCH_7498,ALUMNI_M1160,S2926,42.33,2026-05-06 11:22:14.863853,accepted,67.0,False,high_compatibility
MATCH_7499,ALUMNI_M317,S998,51.0,2026-04-15 11:22:14.864198,accepted,33.0,True,specific_request
MATCH_7500,M2310,S3565,51.0,2026-04-22 11:22:14.864556,rejected,52.0,False,admin_assigned
MATCH_7501,M1481,S2875,61.5,2026-05-04 11:22:14.864963,pending,71.0,False,auto_suggestion
MATCH_7502,M3598,S4870,51.0,2026-05-05 11:22:14.865308,pending,,True,high_compatibility
MATCH_7503,M1999,S1955,68.5,2026-04-07 11:22:14.865663,accepted,,False,specific_request
MATCH_7504,M1535,S932,51.0,2026-04-28 11:22:14.866057,completed,,True,admin_assigned
MATCH_7505,M1659,S2946,45.78,2026-04-08 11:22:14.866549,pending,60.0,True,auto_suggestion
MATCH_7506,M437,S2056,51.0,2026-04-10 11:22:14.867026,completed,,False,high_compatibility
MATCH_7507,ALUMNI_M2988,S2830,51.0,2026-04-27 11:22:14.867455,pending,52.0,True,high_compatibility
MATCH_7508,ALUMNI_M2700,S481,68.5,2026-04-18 11:22:14.867887,accepted,,True,specific_request
MATCH_7509,ALUMNI_M5756,S3498,42.0,2026-05-05 11:22:14.868253,pending,36.0,True,specific_request
MATCH_7510,M777,S451,51.0,2026-04-15 11:22:14.868662,pending,28.0,False,auto_suggestion
MATCH_7511,ALUMNI_M2059,S946,65.5,2026-04-15 11:22:14.869045,rejected,41.0,True,auto_suggestion
MATCH_7512,M3651,S4584,51.0,2026-04-06 11:22:14.869401,pending,,True,auto_suggestion
MATCH_7513,ALUMNI_M5123,S3134,65.5,2026-05-03 11:22:14.869842,pending,58.0,True,auto_suggestion
MATCH_7514,ALUMNI_M5339,S1231,44.0,2026-04-14 11:22:14.870261,pending,1.0,False,specific_request
MATCH_7515,M2961,S2807,48.0,2026-04-24 11:22:14.870648,completed,29.0,True,high_compatibility
MATCH_7516,ALUMNI_M148,S85,59.17,2026-05-05 11:22:14.871041,rejected,29.0,False,specific_request
MATCH_7517,M2573,S1192,44.0,2026-05-05 11:22:14.871404,rejected,,True,auto_suggestion
MATCH_7518,M4724,S4114,68.5,2026-04-13 11:22:14.871807,pending,33.0,False,admin_assigned
MATCH_7519,ALUMNI_M2166,S1263,39.0,2026-05-06 11:22:14.872211,rejected,,False,high_compatibility
MATCH_7520,M1861,S3104,45.29,2026-04-15 11:22:14.872580,accepted,51.0,True,high_compatibility
MATCH_7521,ALUMNI_M4621,S3558,44.0,2026-05-02 11:22:14.872966,rejected,,False,specific_request
MATCH_7522,ALUMNI_M197,S3677,44.0,2026-04-19 11:22:14.873319,pending,10.0,False,admin_assigned
MATCH_7523,ALUMNI_M1487,S2201,40.0,2026-04-10 11:22:14.873741,rejected,17.0,False,auto_suggestion
MATCH_7524,ALUMNI_M3571,S576,41.78,2026-05-02 11:22:14.874134,accepted,27.0,False,specific_request
MATCH_7525,M289,S447,67.39,2026-04-18 11:22:14.874523,pending,15.0,False,auto_suggestion
MATCH_7526,ALUMNI_M3165,S703,51.0,2026-04-21 11:22:14.874922,pending,,False,admin_assigned
MATCH_7527,M3047,S2891,51.0,2026-04-26 11:22:14.875285,completed,2.0,True,specific_request
MATCH_7528,M2084,S1340,55.0,2026-04-26 11:22:14.875667,pending,58.0,True,auto_suggestion
MATCH_7529,M1190,S3559,68.5,2026-04-24 11:22:14.876069,rejected,,False,high_compatibility
MATCH_7530,M204,S944,44.0,2026-04-20 11:22:14.876457,completed,,True,admin_assigned
MATCH_7531,ALUMNI_M4388,S4324,44.0,2026-04-12 11:22:14.876849,accepted,14.0,False,auto_suggestion
MATCH_7532,ALUMNI_M2557,S306,68.5,2026-04-09 11:22:14.877221,rejected,,False,high_compatibility
MATCH_7533,M497,S946,48.0,2026-05-06 11:22:14.877617,completed,28.0,False,admin_assigned
MATCH_7534,M494,S2336,51.0,2026-04-18 11:22:14.878007,completed,41.0,True,auto_suggestion
MATCH_7535,M975,S2968,61.5,2026-05-01 11:22:14.878364,rejected,,True,auto_suggestion
MATCH_7536,M4419,S2282,51.0,2026-04-25 11:22:14.878735,pending,14.0,True,auto_suggestion
MATCH_7537,ALUMNI_M3198,S2607,51.0,2026-04-25 11:22:14.879090,rejected,67.0,False,auto_suggestion
MATCH_7538,ALUMNI_M4133,S3397,44.0,2026-04-22 11:22:14.879470,rejected,25.0,True,high_compatibility
MATCH_7539,ALUMNI_M3016,S500,57.67,2026-05-06 11:22:14.879860,rejected,47.0,True,high_compatibility
MATCH_7540,ALUMNI_M2525,S4435,55.0,2026-05-01 11:22:14.880232,rejected,14.0,False,admin_assigned
MATCH_7541,M1021,S2704,48.33,2026-05-01 11:22:14.880579,rejected,,False,specific_request
MATCH_7542,M2279,S3298,55.0,2026-04-14 11:22:14.880942,pending,70.0,False,auto_suggestion
MATCH_7543,ALUMNI_M2361,S2840,68.5,2026-05-05 11:22:14.881301,completed,64.0,False,admin_assigned
MATCH_7544,M230,S2044,55.0,2026-04-19 11:22:14.881685,accepted,41.0,False,admin_assigned
MATCH_7545,ALUMNI_M704,S739,68.5,2026-05-02 11:22:14.882085,accepted,44.0,False,high_compatibility
MATCH_7546,ALUMNI_M4684,S4454,55.0,2026-04-09 11:22:14.882473,completed,12.0,False,specific_request
MATCH_7547,ALUMNI_M4595,S2063,72.5,2026-04-09 11:22:14.882879,rejected,71.0,True,admin_assigned
MATCH_7548,M837,S4251,51.0,2026-04-10 11:22:14.883275,completed,67.0,True,high_compatibility
MATCH_7549,ALUMNI_M4274,S2032,61.5,2026-05-03 11:22:14.883662,pending,,True,admin_assigned
MATCH_7550,ALUMNI_M5172,S2772,51.0,2026-04-19 11:22:14.884052,rejected,58.0,True,high_compatibility
MATCH_7551,M501,S4540,51.0,2026-05-04 11:22:14.884418,completed,20.0,True,admin_assigned
MATCH_7552,ALUMNI_M4863,S4103,55.0,2026-05-02 11:22:14.884831,pending,,True,admin_assigned
MATCH_7553,ALUMNI_M2478,S4619,51.0,2026-04-15 11:22:14.885225,accepted,6.0,True,specific_request
MATCH_7554,M1375,S73,49.0,2026-04-11 11:22:14.885620,completed,7.0,True,admin_assigned
MATCH_7555,M2402,S2840,51.0,2026-04-14 11:22:14.886036,rejected,,True,admin_assigned
MATCH_7556,M2118,S2618,57.06,2026-04-20 11:22:14.886420,completed,,False,admin_assigned
MATCH_7557,ALUMNI_M863,S2929,40.0,2026-04-16 11:22:14.886828,accepted,37.0,False,admin_assigned
MATCH_7558,ALUMNI_M1859,S3584,55.0,2026-04-21 11:22:14.887194,rejected,,False,auto_suggestion
MATCH_7559,M3189,S2380,51.0,2026-04-20 11:22:14.887605,rejected,33.0,False,auto_suggestion
MATCH_7560,ALUMNI_M1448,S752,44.0,2026-05-04 11:22:14.887997,completed,,False,auto_suggestion
MATCH_7561,ALUMNI_M1821,S4216,44.0,2026-04-14 11:22:14.888387,pending,28.0,True,admin_assigned
MATCH_7562,M4760,S2838,44.0,2026-04-28 11:22:14.888796,rejected,,False,auto_suggestion
MATCH_7563,ALUMNI_M768,S1470,44.0,2026-05-05 11:22:14.889167,pending,19.0,True,high_compatibility
MATCH_7564,ALUMNI_M1050,S2989,55.0,2026-04-07 11:22:14.889545,accepted,,False,specific_request
MATCH_7565,ALUMNI_M1779,S1754,47.86,2026-05-04 11:22:14.889943,pending,40.0,False,high_compatibility
MATCH_7566,ALUMNI_M2652,S167,51.0,2026-04-18 11:22:14.890309,accepted,,False,admin_assigned
MATCH_7567,ALUMNI_M4632,S4809,44.0,2026-04-09 11:22:14.890693,rejected,15.0,False,admin_assigned
MATCH_7568,ALUMNI_M4959,S4760,48.0,2026-04-07 11:22:14.891087,pending,4.0,True,auto_suggestion
MATCH_7569,ALUMNI_M2675,S1130,55.0,2026-04-22 11:22:14.891458,accepted,21.0,True,admin_assigned
MATCH_7570,ALUMNI_M3909,S4158,53.89,2026-04-25 11:22:14.891848,completed,31.0,True,auto_suggestion
MATCH_7571,M2175,S589,44.0,2026-04-29 11:22:14.892221,rejected,4.0,False,admin_assigned
MATCH_7572,M3907,S374,51.0,2026-04-30 11:22:14.892618,pending,45.0,False,high_compatibility
MATCH_7573,M1060,S4468,44.0,2026-05-02 11:22:14.893018,rejected,57.0,True,high_compatibility
MATCH_7574,ALUMNI_M3819,S2521,64.75,2026-05-06 11:22:14.893387,rejected,72.0,False,high_compatibility
MATCH_7575,M2645,S910,44.0,2026-04-24 11:22:14.893793,rejected,16.0,True,admin_assigned
MATCH_7576,M2099,S449,51.0,2026-04-09 11:22:14.894174,pending,,True,auto_suggestion
MATCH_7577,ALUMNI_M1046,S4762,55.0,2026-04-14 11:22:14.894546,accepted,41.0,False,auto_suggestion
MATCH_7578,M4345,S3454,55.0,2026-04-27 11:22:14.894940,accepted,,False,auto_suggestion
MATCH_7579,M4813,S2067,65.5,2026-04-20 11:22:14.895310,pending,,False,admin_assigned
MATCH_7580,M1168,S1497,50.67,2026-04-28 11:22:14.895688,completed,46.0,True,high_compatibility
MATCH_7581,M2875,S624,51.0,2026-04-16 11:22:14.896132,accepted,4.0,True,auto_suggestion
MATCH_7582,ALUMNI_M4774,S2864,51.0,2026-04-21 11:22:14.896595,completed,34.0,False,specific_request
MATCH_7583,ALUMNI_M1116,S1075,51.0,2026-04-20 11:22:14.897016,accepted,68.0,False,admin_assigned
MATCH_7584,ALUMNI_M1534,S3654,48.0,2026-04-20 11:22:14.897408,rejected,,False,admin_assigned
MATCH_7585,ALUMNI_M2794,S4482,54.33,2026-04-19 11:22:14.897854,rejected,,False,high_compatibility
MATCH_7586,ALUMNI_M1359,S469,49.89,2026-04-25 11:22:14.898224,pending,,False,high_compatibility
MATCH_7587,M4501,S3268,44.0,2026-04-07 11:22:14.898612,completed,,True,auto_suggestion
MATCH_7588,ALUMNI_M238,S2744,55.0,2026-04-15 11:22:14.899004,pending,36.0,False,admin_assigned
MATCH_7589,ALUMNI_M379,S1167,51.0,2026-04-11 11:22:14.899367,rejected,58.0,True,high_compatibility
MATCH_7590,ALUMNI_M2738,S400,41.14,2026-04-11 11:22:14.899763,completed,,True,admin_assigned
MATCH_7591,ALUMNI_M265,S4084,61.5,2026-04-22 11:22:14.900149,accepted,25.0,False,admin_assigned
MATCH_7592,M636,S2928,51.0,2026-04-14 11:22:14.900710,pending,54.0,False,auto_suggestion
MATCH_7593,M165,S1051,68.5,2026-04-19 11:22:14.901225,pending,25.0,False,specific_request
MATCH_7594,M583,S2425,68.5,2026-04-07 11:22:14.901636,pending,14.0,True,specific_request
MATCH_7595,M2913,S2821,67.07,2026-04-15 11:22:14.902049,accepted,,True,admin_assigned
MATCH_7596,ALUMNI_M1452,S4069,44.0,2026-04-27 11:22:14.902498,completed,64.0,False,high_compatibility
MATCH_7597,ALUMNI_M1626,S3899,51.0,2026-04-23 11:22:14.902933,accepted,55.0,True,auto_suggestion
MATCH_7598,M1004,S4228,44.0,2026-04-23 11:22:14.903352,pending,13.0,False,specific_request
MATCH_7599,M1141,S1221,51.0,2026-05-01 11:22:14.903778,accepted,6.0,False,high_compatibility
MATCH_7600,M3727,S4062,51.0,2026-04-15 11:22:14.904187,pending,67.0,True,high_compatibility
MATCH_7601,ALUMNI_M5622,S2193,44.0,2026-04-17 11:22:14.904600,completed,51.0,False,high_compatibility
MATCH_7602,ALUMNI_M1044,S4246,44.0,2026-05-06 11:22:14.905003,rejected,42.0,False,high_compatibility
MATCH_7603,M4417,S2749,75.17,2026-04-07 11:22:14.905373,pending,72.0,True,auto_suggestion
MATCH_7604,ALUMNI_M5138,S4159,51.0,2026-04-07 11:22:14.905810,completed,,False,admin_assigned
MATCH_7605,ALUMNI_M5160,S2816,45.67,2026-04-25 11:22:14.906197,completed,,False,specific_request
MATCH_7606,M36,S1802,55.0,2026-04-18 11:22:14.906580,pending,53.0,False,specific_request
MATCH_7607,M487,S1293,44.0,2026-04-21 11:22:14.906980,rejected,,False,specific_request
MATCH_7608,M2828,S4565,45.67,2026-04-30 11:22:14.907358,pending,52.0,False,admin_assigned
MATCH_7609,ALUMNI_M625,S4731,51.0,2026-04-16 11:22:14.907769,accepted,1.0,True,specific_request
MATCH_7610,M3751,S382,51.0,2026-04-07 11:22:14.908144,accepted,,True,high_compatibility
MATCH_7611,ALUMNI_M5811,S2981,61.5,2026-04-14 11:22:14.908531,pending,,True,specific_request
MATCH_7612,ALUMNI_M1836,S4858,51.0,2026-04-24 11:22:14.908926,completed,,True,admin_assigned
MATCH_7613,ALUMNI_M5966,S1996,51.0,2026-04-06 11:22:14.909307,completed,34.0,True,high_compatibility
MATCH_7614,M2468,S2282,51.0,2026-04-27 11:22:14.909746,pending,41.0,True,admin_assigned
MATCH_7615,ALUMNI_M2559,S4950,44.0,2026-05-05 11:22:14.910134,accepted,2.0,False,high_compatibility
MATCH_7616,ALUMNI_M2512,S3131,51.0,2026-05-04 11:22:14.910534,pending,62.0,False,admin_assigned
MATCH_7617,ALUMNI_M3853,S255,55.0,2026-04-18 11:22:14.910997,rejected,47.0,False,auto_suggestion
MATCH_7618,M3884,S78,44.0,2026-04-26 11:22:14.911414,pending,,False,specific_request
MATCH_7619,M947,S118,44.0,2026-04-11 11:22:14.911866,rejected,10.0,True,auto_suggestion
MATCH_7620,ALUMNI_M2139,S164,65.64,2026-05-05 11:22:14.912256,pending,,False,auto_suggestion
MATCH_7621,ALUMNI_M982,S116,51.67,2026-04-30 11:22:14.913220,pending,13.0,True,high_compatibility
MATCH_7622,M2412,S1874,44.0,2026-04-09 11:22:14.913621,rejected,,True,specific_request
MATCH_7623,M1357,S227,65.5,2026-05-05 11:22:14.914032,rejected,57.0,True,specific_request
MATCH_7624,ALUMNI_M1735,S3802,44.0,2026-05-03 11:22:14.914427,rejected,12.0,True,admin_assigned
MATCH_7625,ALUMNI_M1266,S2880,49.57,2026-04-09 11:22:14.916847,rejected,26.0,True,admin_assigned
MATCH_7626,ALUMNI_M2932,S1830,44.0,2026-04-15 11:22:14.917278,completed,63.0,False,high_compatibility
MATCH_7627,ALUMNI_M1494,S2072,44.0,2026-04-30 11:22:14.917679,rejected,23.0,False,auto_suggestion
MATCH_7628,M4256,S3106,51.0,2026-04-12 11:22:14.919069,pending,,True,specific_request
MATCH_7629,M1113,S4873,44.0,2026-05-05 11:22:14.919469,pending,57.0,False,specific_request
MATCH_7630,ALUMNI_M5041,S3765,54.67,2026-04-06 11:22:14.919899,pending,45.0,False,auto_suggestion
MATCH_7631,ALUMNI_M4744,S4045,51.0,2026-04-25 11:22:14.920293,completed,45.0,True,auto_suggestion
MATCH_7632,M4865,S3172,56.5,2026-04-17 11:22:14.920652,pending,34.0,False,specific_request
MATCH_7633,M798,S1966,51.0,2026-04-09 11:22:14.921035,accepted,52.0,True,specific_request
MATCH_7634,ALUMNI_M2408,S4322,50.67,2026-04-10 11:22:14.921432,accepted,31.0,True,auto_suggestion
MATCH_7635,ALUMNI_M2024,S2081,44.0,2026-04-19 11:22:14.921909,pending,20.0,False,admin_assigned
MATCH_7636,M3760,S1834,44.0,2026-04-27 11:22:14.922283,accepted,,True,specific_request
MATCH_7637,M2659,S3053,51.0,2026-05-02 11:22:14.922689,completed,,False,auto_suggestion
MATCH_7638,M1589,S3407,51.0,2026-04-11 11:22:14.923085,pending,60.0,False,specific_request
MATCH_7639,M1207,S63,44.0,2026-04-30 11:22:14.923446,rejected,28.0,False,auto_suggestion
MATCH_7640,M3261,S4015,51.0,2026-04-15 11:22:14.923827,rejected,8.0,False,auto_suggestion
MATCH_7641,ALUMNI_M10,S294,36.22,2026-05-03 11:22:14.924203,completed,63.0,True,admin_assigned
MATCH_7642,ALUMNI_M3201,S3077,48.0,2026-04-27 11:22:14.924593,pending,56.0,True,high_compatibility
MATCH_7643,ALUMNI_M3684,S3450,44.0,2026-04-15 11:22:14.924987,completed,47.0,True,admin_assigned
MATCH_7644,M1323,S4934,65.17,2026-04-09 11:22:14.925367,completed,21.0,False,admin_assigned
MATCH_7645,M4739,S2537,55.0,2026-04-22 11:22:14.925790,completed,53.0,False,auto_suggestion
MATCH_7646,M3840,S3100,68.5,2026-04-13 11:22:14.926163,accepted,32.0,False,auto_suggestion
MATCH_7647,ALUMNI_M3052,S3608,44.0,2026-04-15 11:22:14.926531,rejected,,False,high_compatibility
MATCH_7648,ALUMNI_M424,S106,48.0,2026-04-16 11:22:14.926912,completed,44.0,False,admin_assigned
MATCH_7649,ALUMNI_M3696,S4665,45.78,2026-04-12 11:22:14.927267,completed,3.0,False,admin_assigned
MATCH_7650,ALUMNI_M4079,S3012,44.0,2026-04-08 11:22:14.927672,accepted,11.0,True,high_compatibility
MATCH_7651,ALUMNI_M1047,S1020,49.33,2026-04-08 11:22:14.928105,completed,56.0,False,auto_suggestion
MATCH_7652,ALUMNI_M2843,S3812,44.0,2026-04-22 11:22:14.928546,accepted,55.0,True,high_compatibility
MATCH_7653,ALUMNI_M375,S1697,44.0,2026-04-23 11:22:14.928956,rejected,,True,high_compatibility
MATCH_7654,ALUMNI_M3576,S4372,37.33,2026-04-22 11:22:14.929320,rejected,9.0,True,specific_request
MATCH_7655,M954,S2717,39.71,2026-04-19 11:22:14.929731,rejected,,True,admin_assigned
MATCH_7656,ALUMNI_M33,S418,51.0,2026-04-07 11:22:14.930131,rejected,30.0,False,admin_assigned
MATCH_7657,ALUMNI_M576,S2012,51.0,2026-04-26 11:22:14.930595,pending,42.0,False,auto_suggestion
MATCH_7658,ALUMNI_M5323,S202,68.5,2026-04-28 11:22:14.931041,rejected,,False,admin_assigned
MATCH_7659,M227,S2949,51.0,2026-04-10 11:22:14.931460,pending,,False,admin_assigned
MATCH_7660,ALUMNI_M1421,S1880,48.0,2026-04-13 11:22:14.931892,pending,,True,auto_suggestion
MATCH_7661,ALUMNI_M4591,S3084,66.0,2026-04-23 11:22:14.932290,pending,54.0,True,auto_suggestion
MATCH_7662,ALUMNI_M1911,S4679,37.75,2026-04-28 11:22:14.932753,accepted,2.0,True,admin_assigned
MATCH_7663,M2615,S3262,51.0,2026-04-24 11:22:14.933154,rejected,3.0,False,admin_assigned
MATCH_7664,ALUMNI_M3876,S121,44.0,2026-04-18 11:22:14.933555,accepted,,True,high_compatibility
MATCH_7665,M3005,S2292,44.33,2026-04-09 11:22:14.933981,accepted,64.0,False,high_compatibility
MATCH_7666,ALUMNI_M5953,S2864,55.0,2026-04-13 11:22:14.934421,pending,,True,specific_request
MATCH_7667,ALUMNI_M2824,S1012,44.0,2026-05-06 11:22:14.934874,completed,,False,auto_suggestion
MATCH_7668,ALUMNI_M1529,S1466,44.0,2026-04-06 11:22:14.935280,completed,,True,auto_suggestion
MATCH_7669,M1648,S1249,59.0,2026-04-14 11:22:14.935743,completed,6.0,False,specific_request
MATCH_7670,M1910,S2032,44.0,2026-04-11 11:22:14.936183,pending,37.0,False,specific_request
MATCH_7671,ALUMNI_M4041,S3778,57.67,2026-04-16 11:22:14.936630,pending,38.0,True,auto_suggestion
MATCH_7672,ALUMNI_M5355,S2696,61.5,2026-04-10 11:22:14.937113,rejected,24.0,False,auto_suggestion
MATCH_7673,ALUMNI_M3866,S3185,61.5,2026-05-01 11:22:14.937565,accepted,,False,admin_assigned
MATCH_7674,ALUMNI_M501,S3998,38.44,2026-04-24 11:22:14.938023,accepted,13.0,False,specific_request
MATCH_7675,ALUMNI_M761,S4047,57.67,2026-04-22 11:22:14.938450,accepted,34.0,True,auto_suggestion
MATCH_7676,M2795,S534,44.0,2026-04-19 11:22:14.938913,completed,,False,admin_assigned
MATCH_7677,ALUMNI_M192,S3086,61.5,2026-04-12 11:22:14.939340,accepted,,True,admin_assigned
MATCH_7678,M3847,S153,72.5,2026-04-14 11:22:14.939799,completed,26.0,True,auto_suggestion
MATCH_7679,M127,S1118,44.0,2026-05-02 11:22:14.940244,accepted,,False,specific_request
MATCH_7680,ALUMNI_M5049,S844,57.67,2026-04-22 11:22:14.940732,rejected,61.0,True,specific_request
MATCH_7681,ALUMNI_M777,S3759,55.0,2026-04-18 11:22:14.941172,completed,31.0,True,auto_suggestion
MATCH_7682,ALUMNI_M3280,S2173,44.0,2026-04-17 11:22:14.941670,completed,,True,high_compatibility
MATCH_7683,ALUMNI_M390,S2946,39.56,2026-04-29 11:22:14.942129,accepted,,False,high_compatibility
MATCH_7684,M2497,S2986,52.78,2026-05-01 11:22:14.942577,accepted,7.0,False,high_compatibility
MATCH_7685,M2189,S575,44.0,2026-04-15 11:22:14.943076,accepted,51.0,False,high_compatibility
MATCH_7686,M1132,S4940,51.0,2026-04-10 11:22:14.943531,completed,68.0,False,admin_assigned
MATCH_7687,ALUMNI_M4225,S4688,68.5,2026-04-17 11:22:14.943980,rejected,52.0,True,high_compatibility
MATCH_7688,M289,S693,44.0,2026-04-12 11:22:14.944411,rejected,,False,specific_request
MATCH_7689,M3375,S577,57.67,2026-05-06 11:22:14.944877,rejected,62.0,False,admin_assigned
MATCH_7690,M3150,S3778,50.67,2026-04-06 11:22:14.945289,rejected,16.0,True,specific_request
MATCH_7691,ALUMNI_M5622,S1222,51.0,2026-04-17 11:22:14.945748,rejected,30.0,True,admin_assigned
MATCH_7692,M3857,S2326,68.5,2026-04-06 11:22:14.946215,accepted,12.0,False,admin_assigned
MATCH_7693,M1347,S4795,55.0,2026-04-17 11:22:14.946641,pending,,True,auto_suggestion
MATCH_7694,M4130,S3478,51.0,2026-05-06 11:22:14.949132,rejected,32.0,False,high_compatibility
MATCH_7695,M498,S2709,51.0,2026-05-05 11:22:14.949576,accepted,58.0,True,specific_request
MATCH_7696,ALUMNI_M1006,S571,44.0,2026-05-04 11:22:14.952134,completed,20.0,False,high_compatibility
MATCH_7697,ALUMNI_M4397,S3973,61.5,2026-04-18 11:22:14.952557,accepted,,False,admin_assigned
MATCH_7698,M4255,S2815,44.0,2026-04-09 11:22:14.952975,pending,30.0,True,auto_suggestion
MATCH_7699,M2210,S4915,51.0,2026-04-19 11:22:14.953355,completed,38.0,True,admin_assigned
MATCH_7700,ALUMNI_M196,S4392,55.0,2026-04-23 11:22:14.954447,pending,20.0,False,high_compatibility
MATCH_7701,M1680,S470,43.5,2026-04-20 11:22:14.955233,pending,42.0,True,high_compatibility
MATCH_7702,ALUMNI_M51,S3034,72.5,2026-04-25 11:22:14.955675,accepted,,True,high_compatibility
MATCH_7703,M3056,S3248,48.0,2026-04-16 11:22:14.957141,rejected,1.0,True,admin_assigned
MATCH_7704,M2068,S3134,44.0,2026-04-06 11:22:14.957520,accepted,,False,auto_suggestion
MATCH_7705,ALUMNI_M3275,S1670,51.0,2026-04-13 11:22:14.959981,accepted,8.0,False,specific_request
MATCH_7706,M635,S3065,48.14,2026-04-19 11:22:14.960417,pending,20.0,True,auto_suggestion
MATCH_7707,ALUMNI_M5534,S254,57.67,2026-04-29 11:22:14.961122,accepted,68.0,True,high_compatibility
MATCH_7708,ALUMNI_M1459,S2138,68.5,2026-04-06 11:22:14.961605,accepted,42.0,True,specific_request
MATCH_7709,M940,S2340,51.0,2026-04-23 11:22:14.962038,pending,37.0,True,admin_assigned
MATCH_7710,ALUMNI_M1232,S4175,61.5,2026-05-03 11:22:14.962436,accepted,13.0,True,auto_suggestion
MATCH_7711,ALUMNI_M593,S3765,38.0,2026-04-17 11:22:14.964893,accepted,2.0,False,high_compatibility
MATCH_7712,ALUMNI_M3386,S2325,51.0,2026-04-28 11:22:14.965293,completed,47.0,True,specific_request
MATCH_7713,ALUMNI_M4918,S1849,51.0,2026-05-03 11:22:14.965674,pending,47.0,True,high_compatibility
MATCH_7714,M4178,S2630,44.0,2026-04-09 11:22:14.966067,accepted,57.0,True,auto_suggestion
MATCH_7715,M2417,S1800,51.0,2026-05-01 11:22:14.966478,accepted,,False,admin_assigned
MATCH_7716,M1753,S3013,52.14,2026-04-09 11:22:14.967947,pending,51.0,True,admin_assigned
MATCH_7717,M4574,S735,51.0,2026-04-24 11:22:14.968334,completed,,True,specific_request
MATCH_7718,M1324,S1291,51.0,2026-04-08 11:22:14.968760,rejected,67.0,True,admin_assigned
MATCH_7719,M3615,S2405,44.0,2026-04-12 11:22:14.969147,completed,38.0,False,auto_suggestion
MATCH_7720,M1072,S4790,44.0,2026-04-26 11:22:14.969540,accepted,11.0,True,admin_assigned
MATCH_7721,ALUMNI_M5009,S1245,61.67,2026-04-08 11:22:14.969949,rejected,7.0,False,specific_request
MATCH_7722,ALUMNI_M919,S1145,55.0,2026-04-06 11:22:14.970337,rejected,17.0,True,high_compatibility
MATCH_7723,ALUMNI_M3569,S546,58.0,2026-04-17 11:22:14.971040,pending,59.0,False,high_compatibility
MATCH_7724,ALUMNI_M3565,S2871,68.5,2026-05-06 11:22:14.971451,completed,,False,admin_assigned
MATCH_7725,M2726,S3467,50.67,2026-04-10 11:22:14.971875,pending,,True,specific_request
MATCH_7726,M2287,S3542,51.0,2026-04-25 11:22:14.972370,completed,35.0,True,auto_suggestion
MATCH_7727,ALUMNI_M5844,S1236,44.0,2026-05-06 11:22:14.972868,accepted,23.0,True,admin_assigned
MATCH_7728,ALUMNI_M16,S2378,44.0,2026-04-28 11:22:14.973310,rejected,25.0,False,auto_suggestion
MATCH_7729,M2317,S262,51.0,2026-05-02 11:22:14.973696,accepted,66.0,False,admin_assigned
MATCH_7730,M4712,S1282,48.0,2026-04-29 11:22:14.974115,pending,35.0,True,auto_suggestion
MATCH_7731,ALUMNI_M1773,S981,51.0,2026-04-15 11:22:14.974504,completed,,True,auto_suggestion
MATCH_7732,ALUMNI_M3933,S1863,51.0,2026-05-06 11:22:14.974931,accepted,9.0,True,admin_assigned
MATCH_7733,M4769,S4076,51.0,2026-05-01 11:22:14.975316,pending,,False,specific_request
MATCH_7734,ALUMNI_M4038,S3236,44.0,2026-05-04 11:22:14.975722,pending,11.0,True,high_compatibility
MATCH_7735,ALUMNI_M67,S2347,44.0,2026-04-29 11:22:14.976113,accepted,32.0,False,admin_assigned
MATCH_7736,ALUMNI_M733,S1665,51.0,2026-04-12 11:22:14.976503,rejected,,True,admin_assigned
MATCH_7737,ALUMNI_M5643,S218,51.0,2026-04-17 11:22:14.976903,completed,67.0,True,high_compatibility
MATCH_7738,ALUMNI_M284,S4094,48.0,2026-04-13 11:22:14.977288,accepted,50.0,False,admin_assigned
MATCH_7739,ALUMNI_M2009,S1815,51.0,2026-04-22 11:22:14.977669,completed,,False,auto_suggestion
MATCH_7740,M3540,S539,44.0,2026-04-17 11:22:14.978087,rejected,9.0,False,admin_assigned
MATCH_7741,M2061,S2473,44.0,2026-04-18 11:22:14.978554,accepted,46.0,True,specific_request
MATCH_7742,ALUMNI_M5176,S4165,48.0,2026-04-09 11:22:14.978999,accepted,38.0,False,auto_suggestion
MATCH_7743,ALUMNI_M2369,S318,48.0,2026-04-11 11:22:14.979416,rejected,11.0,False,auto_suggestion
MATCH_7744,M3337,S3745,45.29,2026-04-08 11:22:14.979847,rejected,19.0,True,auto_suggestion
MATCH_7745,ALUMNI_M1982,S4982,49.0,2026-04-17 11:22:14.980240,rejected,36.0,True,specific_request
MATCH_7746,M323,S1316,55.0,2026-04-16 11:22:14.980627,pending,52.0,True,high_compatibility
MATCH_7747,ALUMNI_M989,S1070,58.17,2026-04-19 11:22:14.981059,pending,57.0,True,auto_suggestion
MATCH_7748,M271,S1523,55.0,2026-04-11 11:22:14.981463,pending,1.0,True,auto_suggestion
MATCH_7749,M1507,S4821,42.0,2026-04-12 11:22:14.981899,pending,2.0,False,admin_assigned
MATCH_7750,ALUMNI_M719,S4592,68.5,2026-04-18 11:22:14.982319,accepted,,True,auto_suggestion
MATCH_7751,M4863,S1537,48.14,2026-04-20 11:22:14.982783,completed,,False,specific_request
MATCH_7752,ALUMNI_M5532,S2511,59.28,2026-05-06 11:22:14.983264,pending,,False,admin_assigned
MATCH_7753,ALUMNI_M1821,S1081,44.0,2026-04-23 11:22:14.983693,rejected,33.0,True,specific_request
MATCH_7754,M811,S2926,44.0,2026-04-17 11:22:14.984141,accepted,15.0,True,high_compatibility
MATCH_7755,M531,S3436,44.0,2026-04-17 11:22:14.984581,pending,,False,high_compatibility
MATCH_7756,M1999,S342,51.0,2026-05-03 11:22:14.985036,rejected,25.0,True,specific_request
MATCH_7757,ALUMNI_M1836,S133,61.5,2026-04-23 11:22:14.985441,completed,54.0,False,admin_assigned
MATCH_7758,M2915,S4799,51.0,2026-05-05 11:22:14.985916,accepted,5.0,True,high_compatibility
MATCH_7759,M4180,S3728,65.5,2026-04-26 11:22:14.986317,rejected,46.0,False,specific_request
MATCH_7760,ALUMNI_M5924,S3380,51.0,2026-05-05 11:22:14.986697,accepted,,False,admin_assigned
MATCH_7761,ALUMNI_M3714,S2022,61.5,2026-04-06 11:22:14.987097,rejected,16.0,False,auto_suggestion
MATCH_7762,ALUMNI_M2987,S3728,44.0,2026-04-08 11:22:14.987495,rejected,,False,specific_request
MATCH_7763,M4520,S2533,44.0,2026-04-27 11:22:14.987922,pending,26.0,True,high_compatibility
MATCH_7764,M4275,S2699,44.0,2026-04-29 11:22:14.988371,completed,,True,specific_request
MATCH_7765,M4394,S3605,65.5,2026-04-14 11:22:14.988835,completed,47.0,False,auto_suggestion
MATCH_7766,ALUMNI_M277,S3697,44.0,2026-04-08 11:22:14.991026,accepted,61.0,False,specific_request
MATCH_7767,ALUMNI_M3440,S2442,44.0,2026-04-15 11:22:14.991482,pending,55.0,False,specific_request
MATCH_7768,M607,S193,51.0,2026-04-20 11:22:14.992975,accepted,,False,high_compatibility
MATCH_7769,ALUMNI_M4466,S2582,51.0,2026-04-27 11:22:14.993368,accepted,65.0,True,auto_suggestion
MATCH_7770,M15,S2690,53.33,2026-04-27 11:22:14.993783,rejected,54.0,True,admin_assigned
MATCH_7771,ALUMNI_M2403,S727,68.5,2026-04-27 11:22:14.994158,rejected,,False,specific_request
MATCH_7772,M2388,S116,68.5,2026-04-20 11:22:14.994508,rejected,41.0,False,specific_request
MATCH_7773,ALUMNI_M1856,S2027,48.0,2026-04-06 11:22:14.995036,rejected,2.0,True,admin_assigned
MATCH_7774,ALUMNI_M5365,S1675,51.0,2026-04-24 11:22:14.995417,completed,23.0,True,high_compatibility
MATCH_7775,ALUMNI_M2789,S2386,40.67,2026-04-07 11:22:14.995816,rejected,,False,specific_request
MATCH_7776,M3292,S4445,44.0,2026-05-02 11:22:14.996237,accepted,12.0,True,high_compatibility
MATCH_7777,ALUMNI_M843,S1937,44.0,2026-04-29 11:22:14.996650,accepted,70.0,False,auto_suggestion
MATCH_7778,M1741,S4524,39.0,2026-04-19 11:22:14.997092,completed,44.0,True,high_compatibility
MATCH_7779,ALUMNI_M108,S179,54.67,2026-04-21 11:22:14.997517,completed,49.0,True,high_compatibility
MATCH_7780,ALUMNI_M1043,S2016,51.67,2026-04-09 11:22:14.997947,accepted,,True,high_compatibility
MATCH_7781,M1636,S3299,51.0,2026-04-25 11:22:14.998645,completed,,True,auto_suggestion
MATCH_7782,ALUMNI_M3087,S4217,44.0,2026-04-07 11:22:14.999149,completed,54.0,True,specific_request
MATCH_7783,ALUMNI_M504,S4412,55.0,2026-04-08 11:22:14.999623,completed,71.0,False,high_compatibility
MATCH_7784,ALUMNI_M527,S3243,52.5,2026-04-27 11:22:15.000083,pending,27.0,False,specific_request
MATCH_7785,M850,S944,44.0,2026-05-05 11:22:15.000543,accepted,5.0,False,high_compatibility
MATCH_7786,M2435,S2979,61.5,2026-04-06 11:22:15.001005,pending,,True,auto_suggestion
MATCH_7787,M4070,S3592,51.0,2026-04-23 11:22:15.001440,accepted,4.0,False,admin_assigned
MATCH_7788,M3955,S2279,51.0,2026-05-02 11:22:15.001862,rejected,,True,high_compatibility
MATCH_7789,ALUMNI_M1372,S1389,68.5,2026-04-17 11:22:15.002285,accepted,,True,auto_suggestion
MATCH_7790,M3507,S727,57.67,2026-04-09 11:22:15.002746,completed,28.0,False,high_compatibility
MATCH_7791,ALUMNI_M3916,S1791,51.0,2026-04-13 11:22:15.003232,accepted,27.0,False,admin_assigned
MATCH_7792,M1795,S1831,57.67,2026-04-16 11:22:15.003638,pending,71.0,True,admin_assigned
MATCH_7793,ALUMNI_M4242,S4421,51.0,2026-05-03 11:22:15.004208,accepted,38.0,False,admin_assigned
MATCH_7794,M2132,S2014,51.0,2026-04-20 11:22:15.004644,accepted,,False,high_compatibility
MATCH_7795,ALUMNI_M1167,S940,55.0,2026-05-03 11:22:15.005083,accepted,,False,high_compatibility
MATCH_7796,ALUMNI_M2182,S4559,61.5,2026-04-14 11:22:15.005504,pending,,False,specific_request
MATCH_7797,M343,S3890,44.0,2026-04-18 11:22:15.005927,pending,,True,admin_assigned
MATCH_7798,ALUMNI_M2585,S353,48.0,2026-04-12 11:22:15.006333,accepted,,True,auto_suggestion
MATCH_7799,ALUMNI_M4836,S4491,51.0,2026-04-24 11:22:15.006804,accepted,,True,high_compatibility
MATCH_7800,M554,S2684,68.5,2026-05-05 11:22:15.007212,pending,62.0,True,high_compatibility
MATCH_7801,ALUMNI_M3837,S4822,44.0,2026-04-12 11:22:15.007608,rejected,9.0,True,auto_suggestion
MATCH_7802,ALUMNI_M2705,S4262,48.0,2026-04-30 11:22:15.007973,completed,31.0,True,high_compatibility
MATCH_7803,ALUMNI_M240,S3540,44.0,2026-04-16 11:22:15.008305,rejected,20.0,True,auto_suggestion
MATCH_7804,ALUMNI_M5299,S3806,55.0,2026-04-25 11:22:15.008646,rejected,24.0,False,auto_suggestion
MATCH_7805,ALUMNI_M5187,S2145,49.0,2026-04-30 11:22:15.011121,rejected,64.0,True,admin_assigned
MATCH_7806,ALUMNI_M3447,S233,68.5,2026-04-08 11:22:15.011543,pending,,True,high_compatibility
MATCH_7807,ALUMNI_M4719,S4626,55.0,2026-04-16 11:22:15.011953,completed,,True,auto_suggestion
MATCH_7808,ALUMNI_M394,S3147,44.0,2026-04-26 11:22:15.012357,completed,45.0,True,auto_suggestion
MATCH_7809,M2489,S3079,51.0,2026-04-09 11:22:15.014241,pending,46.0,True,specific_request
MATCH_7810,ALUMNI_M5168,S937,72.5,2026-04-07 11:22:15.015471,accepted,16.0,False,high_compatibility
MATCH_7811,ALUMNI_M2296,S1598,44.0,2026-04-07 11:22:15.015989,completed,38.0,True,specific_request
MATCH_7812,ALUMNI_M2800,S2775,46.0,2026-05-01 11:22:15.016423,pending,31.0,False,admin_assigned
MATCH_7813,ALUMNI_M4744,S3469,51.0,2026-04-15 11:22:15.016874,rejected,56.0,False,admin_assigned
MATCH_7814,ALUMNI_M255,S2907,39.56,2026-05-06 11:22:15.017283,rejected,20.0,True,high_compatibility
MATCH_7815,ALUMNI_M989,S178,60.5,2026-04-08 11:22:15.017731,pending,,False,high_compatibility
MATCH_7816,M2028,S2943,51.0,2026-04-26 11:22:15.018127,accepted,6.0,False,high_compatibility
MATCH_7817,ALUMNI_M26,S4417,68.5,2026-04-24 11:22:15.018527,rejected,22.0,True,auto_suggestion
MATCH_7818,ALUMNI_M1515,S1328,44.0,2026-04-11 11:22:15.018980,pending,46.0,False,specific_request
MATCH_7819,M3009,S4780,51.0,2026-05-06 11:22:15.019411,completed,48.0,False,auto_suggestion
MATCH_7820,M256,S2378,44.0,2026-04-09 11:22:15.019913,accepted,25.0,False,high_compatibility
MATCH_7821,ALUMNI_M3654,S3145,48.0,2026-04-28 11:22:15.020347,accepted,,True,high_compatibility
MATCH_7822,ALUMNI_M3191,S4440,61.5,2026-04-10 11:22:15.020799,pending,,False,high_compatibility
MATCH_7823,ALUMNI_M5904,S4071,61.67,2026-04-08 11:22:15.021222,accepted,68.0,True,admin_assigned
MATCH_7824,M557,S2866,48.78,2026-04-20 11:22:15.021876,rejected,8.0,False,admin_assigned
MATCH_7825,M4872,S4942,44.0,2026-05-02 11:22:15.022299,pending,5.0,False,admin_assigned
MATCH_7826,ALUMNI_M793,S3344,37.33,2026-04-10 11:22:15.022761,rejected,,False,specific_request
MATCH_7827,ALUMNI_M4915,S1513,44.0,2026-05-04 11:22:15.023195,pending,40.0,False,high_compatibility
MATCH_7828,M384,S385,51.0,2026-05-03 11:22:15.023597,rejected,,True,specific_request
MATCH_7829,M1732,S2209,55.0,2026-04-24 11:22:15.024017,pending,34.0,False,auto_suggestion
MATCH_7830,ALUMNI_M1681,S3681,64.21,2026-05-04 11:22:15.025137,accepted,5.0,True,admin_assigned
MATCH_7831,ALUMNI_M4888,S836,65.5,2026-04-09 11:22:15.025549,completed,9.0,False,auto_suggestion
MATCH_7832,M4004,S1491,51.0,2026-04-16 11:22:15.025974,rejected,17.0,True,specific_request
MATCH_7833,ALUMNI_M5969,S2511,65.5,2026-05-04 11:22:15.026379,completed,16.0,False,high_compatibility
MATCH_7834,M3544,S422,44.0,2026-04-06 11:22:15.026803,rejected,7.0,True,admin_assigned
MATCH_7835,ALUMNI_M2573,S1648,55.0,2026-04-17 11:22:15.027194,rejected,31.0,True,high_compatibility
MATCH_7836,M1296,S2106,55.0,2026-04-24 11:22:15.027602,pending,39.0,True,specific_request
MATCH_7837,ALUMNI_M5733,S4029,51.0,2026-04-17 11:22:15.027998,accepted,,False,auto_suggestion
MATCH_7838,M4525,S2283,48.0,2026-04-14 11:22:15.028474,rejected,13.0,False,auto_suggestion
MATCH_7839,M4724,S4799,51.0,2026-04-21 11:22:15.028977,completed,36.0,True,high_compatibility
MATCH_7840,ALUMNI_M3883,S4574,48.0,2026-04-09 11:22:15.029409,completed,20.0,True,high_compatibility
MATCH_7841,M178,S376,51.0,2026-04-10 11:22:15.029830,rejected,5.0,False,high_compatibility
MATCH_7842,ALUMNI_M5762,S4593,51.0,2026-04-25 11:22:15.030206,accepted,59.0,False,high_compatibility
MATCH_7843,ALUMNI_M2728,S2529,68.5,2026-04-24 11:22:15.030797,rejected,47.0,True,admin_assigned
MATCH_7844,M1754,S3726,51.0,2026-04-26 11:22:15.031201,pending,67.0,False,specific_request
MATCH_7845,M3725,S2150,51.0,2026-04-08 11:22:15.031619,completed,49.0,False,admin_assigned
MATCH_7846,ALUMNI_M308,S3332,51.0,2026-04-10 11:22:15.032057,completed,44.0,False,auto_suggestion
MATCH_7847,ALUMNI_M3336,S3386,44.0,2026-04-14 11:22:15.032443,completed,12.0,True,auto_suggestion
MATCH_7848,ALUMNI_M4186,S1759,68.5,2026-04-28 11:22:15.032850,rejected,,True,specific_request
MATCH_7849,ALUMNI_M2164,S2951,44.0,2026-04-06 11:22:15.035442,accepted,40.0,True,high_compatibility
MATCH_7850,M3529,S4653,51.0,2026-05-05 11:22:15.037479,accepted,64.0,True,high_compatibility
MATCH_7851,ALUMNI_M5538,S3129,44.0,2026-04-22 11:22:15.037940,rejected,19.0,False,admin_assigned
MATCH_7852,ALUMNI_M1267,S2538,68.5,2026-04-27 11:22:15.038333,pending,23.0,False,admin_assigned
MATCH_7853,M652,S747,44.0,2026-05-06 11:22:15.038766,completed,24.0,False,admin_assigned
MATCH_7854,ALUMNI_M2268,S1623,63.5,2026-04-14 11:22:15.039187,completed,64.0,False,auto_suggestion
MATCH_7855,ALUMNI_M545,S4906,48.0,2026-04-18 11:22:15.039602,pending,3.0,True,specific_request
MATCH_7856,ALUMNI_M2923,S762,57.67,2026-04-20 11:22:15.040017,accepted,27.0,True,specific_request
MATCH_7857,ALUMNI_M3303,S1800,63.5,2026-04-18 11:22:15.040461,accepted,,True,specific_request
MATCH_7858,ALUMNI_M2312,S2641,55.0,2026-04-22 11:22:15.040907,accepted,,True,auto_suggestion
MATCH_7859,ALUMNI_M3832,S589,39.0,2026-04-24 11:22:15.041289,accepted,39.0,False,specific_request
MATCH_7860,M3713,S2894,56.5,2026-04-17 11:22:15.041680,completed,,True,specific_request
MATCH_7861,M3128,S4470,66.28,2026-04-30 11:22:15.042128,accepted,,False,admin_assigned
MATCH_7862,ALUMNI_M2893,S2783,44.0,2026-04-21 11:22:15.042547,accepted,62.0,True,specific_request
MATCH_7863,ALUMNI_M4283,S1040,44.0,2026-05-06 11:22:15.042981,rejected,8.0,True,admin_assigned
MATCH_7864,ALUMNI_M2221,S4524,39.0,2026-04-25 11:22:15.043429,accepted,44.0,True,high_compatibility
MATCH_7865,M172,S2154,61.5,2026-04-30 11:22:15.043880,accepted,72.0,False,high_compatibility
MATCH_7866,ALUMNI_M3971,S1400,68.5,2026-04-06 11:22:15.044305,completed,60.0,True,admin_assigned
MATCH_7867,M2676,S2995,44.0,2026-05-02 11:22:15.044747,completed,,False,auto_suggestion
MATCH_7868,ALUMNI_M4098,S3821,67.39,2026-04-09 11:22:15.045147,completed,,True,high_compatibility
MATCH_7869,M3064,S3369,48.0,2026-05-06 11:22:15.045536,rejected,,False,specific_request
MATCH_7870,ALUMNI_M740,S2026,44.0,2026-04-08 11:22:15.048012,rejected,43.0,False,admin_assigned
MATCH_7871,ALUMNI_M2493,S3805,44.0,2026-04-30 11:22:15.048403,completed,60.0,False,high_compatibility
MATCH_7872,M516,S2438,44.0,2026-04-25 11:22:15.048791,pending,,False,specific_request
MATCH_7873,ALUMNI_M3802,S1759,51.0,2026-04-30 11:22:15.049134,accepted,,True,auto_suggestion
MATCH_7874,ALUMNI_M706,S4021,48.0,2026-04-27 11:22:15.049503,pending,2.0,True,auto_suggestion
MATCH_7875,ALUMNI_M2080,S1784,44.0,2026-04-20 11:22:15.049914,pending,,False,specific_request
MATCH_7876,ALUMNI_M2752,S4309,44.25,2026-05-01 11:22:15.050274,rejected,19.0,True,specific_request
MATCH_7877,M2816,S1654,44.0,2026-04-08 11:22:15.050637,pending,,True,admin_assigned
MATCH_7878,M1851,S258,51.0,2026-04-26 11:22:15.053104,accepted,,True,high_compatibility
MATCH_7879,M1057,S908,51.0,2026-04-29 11:22:15.053516,rejected,,True,auto_suggestion
MATCH_7880,M4794,S363,44.0,2026-05-01 11:22:15.053924,completed,24.0,True,specific_request
MATCH_7881,ALUMNI_M313,S3514,43.22,2026-04-29 11:22:15.054297,pending,38.0,True,high_compatibility
MATCH_7882,M4035,S1133,51.0,2026-04-19 11:22:15.054665,accepted,45.0,True,specific_request
MATCH_7883,M4940,S1761,55.0,2026-04-06 11:22:15.057124,rejected,,True,specific_request
MATCH_7884,ALUMNI_M3475,S4196,47.25,2026-04-14 11:22:15.057573,completed,52.0,True,high_compatibility
MATCH_7885,ALUMNI_M4073,S2343,51.0,2026-05-03 11:22:15.058020,completed,72.0,False,auto_suggestion
MATCH_7886,ALUMNI_M4800,S2489,51.0,2026-05-05 11:22:15.058408,pending,21.0,False,auto_suggestion
MATCH_7887,M3806,S3037,71.39,2026-04-18 11:22:15.060887,accepted,13.0,True,high_compatibility
MATCH_7888,ALUMNI_M3408,S2450,36.86,2026-04-19 11:22:15.061288,rejected,26.0,False,high_compatibility
MATCH_7889,ALUMNI_M5153,S4602,72.5,2026-04-27 11:22:15.061687,rejected,,False,high_compatibility
MATCH_7890,ALUMNI_M3107,S4186,44.0,2026-04-21 11:22:15.062086,accepted,67.0,False,admin_assigned
MATCH_7891,ALUMNI_M2200,S4718,38.29,2026-05-06 11:22:15.062469,accepted,27.0,False,admin_assigned
MATCH_7892,ALUMNI_M5556,S4085,51.0,2026-04-19 11:22:15.064980,pending,,False,specific_request
MATCH_7893,ALUMNI_M842,S2489,46.56,2026-04-12 11:22:15.065500,completed,,False,auto_suggestion
MATCH_7894,ALUMNI_M16,S870,44.33,2026-04-25 11:22:15.065909,accepted,59.0,True,high_compatibility
MATCH_7895,ALUMNI_M3160,S3825,40.0,2026-04-17 11:22:15.066322,accepted,,False,high_compatibility
MATCH_7896,ALUMNI_M4835,S2430,61.5,2026-04-27 11:22:15.066689,completed,65.0,True,auto_suggestion
MATCH_7897,M4991,S2632,48.0,2026-04-23 11:22:15.069231,pending,68.0,False,auto_suggestion
MATCH_7898,M1471,S420,57.67,2026-04-18 11:22:15.069622,rejected,,False,auto_suggestion
MATCH_7899,M4140,S726,42.0,2026-04-17 11:22:15.070028,rejected,4.0,False,high_compatibility
MATCH_7900,ALUMNI_M4787,S3176,51.0,2026-04-14 11:22:15.070452,accepted,,False,high_compatibility
MATCH_7901,ALUMNI_M3563,S2267,51.0,2026-04-22 11:22:15.072926,completed,34.0,True,high_compatibility
MATCH_7902,ALUMNI_M4378,S3921,44.25,2026-04-18 11:22:15.073329,completed,,False,specific_request
MATCH_7903,M291,S3042,44.0,2026-05-03 11:22:15.073756,rejected,23.0,True,specific_request
MATCH_7904,M3328,S2740,61.5,2026-04-08 11:22:15.074197,completed,30.0,True,high_compatibility
MATCH_7905,M941,S2494,44.0,2026-05-05 11:22:15.074564,accepted,68.0,False,auto_suggestion
MATCH_7906,ALUMNI_M3368,S3504,55.0,2026-04-23 11:22:15.077025,completed,,False,specific_request
MATCH_7907,ALUMNI_M2136,S2352,68.5,2026-04-26 11:22:15.077473,rejected,21.0,True,specific_request
MATCH_7908,ALUMNI_M1681,S2312,47.67,2026-04-30 11:22:15.077881,rejected,,False,auto_suggestion
MATCH_7909,ALUMNI_M514,S2506,68.5,2026-05-05 11:22:15.078265,pending,46.0,True,high_compatibility
MATCH_7910,ALUMNI_M214,S1727,51.0,2026-04-16 11:22:15.078669,completed,23.0,True,admin_assigned
MATCH_7911,ALUMNI_M3624,S277,44.0,2026-04-10 11:22:15.082199,accepted,68.0,True,specific_request
MATCH_7912,M4558,S3128,44.0,2026-04-12 11:22:15.082611,accepted,60.0,False,specific_request
MATCH_7913,M3765,S237,48.0,2026-04-10 11:22:15.083042,rejected,18.0,False,high_compatibility
MATCH_7914,ALUMNI_M960,S112,61.5,2026-04-27 11:22:15.083445,accepted,24.0,True,high_compatibility
MATCH_7915,M2059,S195,51.0,2026-05-02 11:22:15.086933,completed,,False,admin_assigned
MATCH_7916,M4277,S976,51.0,2026-04-21 11:22:15.087360,accepted,22.0,False,admin_assigned
MATCH_7917,ALUMNI_M5828,S4739,66.83,2026-04-08 11:22:15.087757,accepted,38.0,True,specific_request
MATCH_7918,ALUMNI_M3957,S568,53.57,2026-04-12 11:22:15.088173,rejected,9.0,True,specific_request
MATCH_7919,M1783,S2760,51.0,2026-04-26 11:22:15.088579,completed,1.0,True,specific_request
MATCH_7920,M4529,S2274,57.67,2026-05-06 11:22:15.091028,rejected,,True,auto_suggestion
MATCH_7921,M1108,S4569,61.5,2026-04-30 11:22:15.091425,rejected,33.0,True,high_compatibility
MATCH_7922,M2143,S1602,55.0,2026-04-26 11:22:15.091854,accepted,10.0,False,high_compatibility
MATCH_7923,ALUMNI_M191,S3437,61.67,2026-04-19 11:22:15.092283,completed,13.0,True,auto_suggestion
MATCH_7924,ALUMNI_M926,S641,55.0,2026-04-25 11:22:15.092657,completed,4.0,True,admin_assigned
MATCH_7925,M4475,S3509,44.0,2026-04-28 11:22:15.095127,completed,6.0,False,specific_request
MATCH_7926,ALUMNI_M5266,S2659,51.0,2026-04-30 11:22:15.095539,pending,19.0,True,high_compatibility
MATCH_7927,M4897,S282,44.0,2026-04-15 11:22:15.095965,rejected,,True,auto_suggestion
MATCH_7928,ALUMNI_M5970,S2821,44.0,2026-04-25 11:22:15.096490,pending,25.0,False,auto_suggestion
MATCH_7929,M195,S276,41.5,2026-04-11 11:22:15.098991,pending,44.0,False,auto_suggestion
MATCH_7930,M1667,S4763,51.0,2026-04-09 11:22:15.099398,completed,59.0,True,specific_request
MATCH_7931,M2927,S4385,51.0,2026-04-16 11:22:15.099805,rejected,41.0,False,auto_suggestion
MATCH_7932,M421,S2052,51.0,2026-04-19 11:22:15.100185,accepted,4.0,False,admin_assigned
MATCH_7933,ALUMNI_M5855,S2786,48.5,2026-04-16 11:22:15.100575,rejected,46.0,True,high_compatibility
MATCH_7934,ALUMNI_M1155,S725,55.0,2026-04-15 11:22:15.103057,accepted,,False,specific_request
MATCH_7935,ALUMNI_M3251,S2018,51.0,2026-04-06 11:22:15.103462,rejected,24.0,False,specific_request
MATCH_7936,M2127,S1389,55.0,2026-04-25 11:22:15.103880,completed,,True,auto_suggestion
MATCH_7937,M2390,S614,49.57,2026-04-27 11:22:15.104268,pending,19.0,True,high_compatibility
MATCH_7938,M58,S1533,51.0,2026-04-06 11:22:15.104656,pending,9.0,True,specific_request
MATCH_7939,ALUMNI_M2442,S4423,44.0,2026-05-02 11:22:15.107138,accepted,19.0,True,specific_request
MATCH_7940,M3688,S3451,44.0,2026-04-09 11:22:15.107550,completed,,True,auto_suggestion
MATCH_7941,M4266,S2300,44.0,2026-04-20 11:22:15.107941,rejected,7.0,True,high_compatibility
MATCH_7942,M1549,S3181,44.0,2026-04-13 11:22:15.108311,pending,53.0,False,specific_request
MATCH_7943,M2499,S733,44.0,2026-04-10 11:22:15.108682,accepted,3.0,True,high_compatibility
MATCH_7944,ALUMNI_M5536,S969,44.0,2026-05-04 11:22:15.111175,completed,,False,admin_assigned
MATCH_7945,M479,S224,44.0,2026-04-14 11:22:15.111566,accepted,,True,admin_assigned
MATCH_7946,ALUMNI_M5923,S3861,44.0,2026-04-29 11:22:15.111955,rejected,9.0,False,admin_assigned
MATCH_7947,ALUMNI_M1934,S3167,47.67,2026-04-24 11:22:15.112359,accepted,23.0,False,high_compatibility
MATCH_7948,ALUMNI_M663,S2993,41.14,2026-04-09 11:22:15.114755,completed,58.0,False,specific_request
MATCH_7949,ALUMNI_M2275,S3885,51.0,2026-05-04 11:22:15.115219,rejected,,False,high_compatibility
MATCH_7950,M3845,S390,44.0,2026-04-08 11:22:15.115600,accepted,57.0,True,auto_suggestion
MATCH_7951,ALUMNI_M2092,S4387,51.0,2026-04-22 11:22:15.116003,accepted,31.0,True,auto_suggestion
MATCH_7952,M2234,S2107,48.0,2026-05-03 11:22:15.116424,completed,23.0,True,admin_assigned
MATCH_7953,M2145,S1632,51.0,2026-05-02 11:22:15.118871,rejected,34.0,True,auto_suggestion
MATCH_7954,ALUMNI_M5763,S3826,53.72,2026-04-11 11:22:15.119338,rejected,44.0,True,admin_assigned
MATCH_7955,ALUMNI_M1255,S4579,47.25,2026-04-08 11:22:15.119756,rejected,24.0,False,specific_request
MATCH_7956,M1218,S3118,68.5,2026-04-15 11:22:15.120173,accepted,72.0,True,admin_assigned
MATCH_7957,ALUMNI_M4623,S594,61.5,2026-04-23 11:22:15.120569,accepted,,True,high_compatibility
MATCH_7958,M3177,S1237,51.0,2026-04-11 11:22:15.123071,pending,,False,auto_suggestion
MATCH_7959,ALUMNI_M1661,S1497,44.0,2026-04-19 11:22:15.123482,accepted,40.0,True,specific_request
MATCH_7960,ALUMNI_M4712,S3498,55.0,2026-04-09 11:22:15.123877,completed,,False,specific_request
MATCH_7961,M2867,S2410,55.0,2026-05-01 11:22:15.124294,accepted,13.0,True,auto_suggestion
MATCH_7962,ALUMNI_M4471,S1741,44.0,2026-04-19 11:22:15.125789,completed,,True,auto_suggestion
MATCH_7963,M3810,S989,61.5,2026-04-10 11:22:15.126256,completed,,True,admin_assigned
MATCH_7964,ALUMNI_M4302,S4095,51.0,2026-05-03 11:22:15.126630,rejected,,True,auto_suggestion
MATCH_7965,ALUMNI_M2968,S2091,44.0,2026-04-20 11:22:15.127034,completed,,True,specific_request
MATCH_7966,M2578,S1928,43.22,2026-04-15 11:22:15.127539,accepted,,True,specific_request
MATCH_7967,ALUMNI_M1718,S3414,41.33,2026-04-23 11:22:15.131052,accepted,38.0,False,admin_assigned
MATCH_7968,M1964,S1900,61.5,2026-04-07 11:22:15.131475,pending,,False,admin_assigned
MATCH_7969,ALUMNI_M149,S3006,51.0,2026-04-30 11:22:15.131888,rejected,,True,auto_suggestion
MATCH_7970,ALUMNI_M5028,S1990,48.0,2026-04-21 11:22:15.132293,pending,52.0,False,high_compatibility
MATCH_7971,ALUMNI_M2885,S1076,51.0,2026-05-02 11:22:15.132688,rejected,68.0,True,high_compatibility
MATCH_7972,ALUMNI_M3043,S656,66.0,2026-05-04 11:22:15.135189,pending,29.0,False,specific_request
MATCH_7973,ALUMNI_M5263,S3668,55.0,2026-04-18 11:22:15.135591,rejected,46.0,True,specific_request
MATCH_7974,M1911,S4636,51.0,2026-05-06 11:22:15.136000,pending,34.0,False,admin_assigned
MATCH_7975,ALUMNI_M116,S2915,40.67,2026-04-20 11:22:15.136392,pending,,True,admin_assigned
MATCH_7976,M208,S1817,72.5,2026-04-23 11:22:15.138873,accepted,,False,high_compatibility
MATCH_7977,ALUMNI_M4975,S3073,51.0,2026-04-17 11:22:15.139318,completed,44.0,True,specific_request
MATCH_7978,M4311,S3200,47.67,2026-04-17 11:22:15.139734,rejected,36.0,True,specific_request
MATCH_7979,M2019,S3316,51.0,2026-05-02 11:22:15.140130,accepted,54.0,True,high_compatibility
MATCH_7980,ALUMNI_M5193,S1883,44.0,2026-04-29 11:22:15.140519,rejected,19.0,True,admin_assigned
MATCH_7981,M4293,S113,45.44,2026-04-22 11:22:15.143023,pending,,False,high_compatibility
MATCH_7982,ALUMNI_M1703,S3075,50.67,2026-04-18 11:22:15.143465,completed,,True,high_compatibility
MATCH_7983,ALUMNI_M2181,S4696,51.0,2026-04-19 11:22:15.143900,accepted,,False,auto_suggestion
MATCH_7984,M1431,S2492,51.0,2026-04-17 11:22:15.144327,accepted,37.0,True,specific_request
MATCH_7985,ALUMNI_M3068,S2094,48.0,2026-05-02 11:22:15.144723,completed,23.0,False,auto_suggestion
MATCH_7986,M755,S3760,44.0,2026-04-23 11:22:15.147198,rejected,,False,high_compatibility
MATCH_7987,M4516,S777,66.17,2026-05-05 11:22:15.147613,accepted,48.0,False,auto_suggestion
MATCH_7988,ALUMNI_M3454,S548,51.0,2026-04-08 11:22:15.148021,accepted,1.0,True,specific_request
MATCH_7989,M4247,S3215,68.5,2026-04-17 11:22:15.148422,completed,64.0,False,admin_assigned
MATCH_7990,ALUMNI_M3893,S3341,44.0,2026-04-17 11:22:15.150901,completed,,False,auto_suggestion
MATCH_7991,ALUMNI_M2792,S3171,51.0,2026-04-10 11:22:15.151330,pending,59.0,True,auto_suggestion
MATCH_7992,M4427,S3382,42.0,2026-04-16 11:22:15.151718,accepted,,True,admin_assigned
MATCH_7993,ALUMNI_M2548,S3236,61.5,2026-04-24 11:22:15.152096,rejected,,True,auto_suggestion
MATCH_7994,M3638,S4728,51.0,2026-04-17 11:22:15.152483,completed,3.0,True,admin_assigned
MATCH_7995,ALUMNI_M3868,S4542,51.0,2026-04-26 11:22:15.154930,accepted,31.0,False,specific_request
MATCH_7996,ALUMNI_M5065,S4850,61.5,2026-05-01 11:22:15.155347,rejected,59.0,False,admin_assigned
MATCH_7997,ALUMNI_M2743,S240,44.0,2026-04-06 11:22:15.155751,completed,,True,specific_request
MATCH_7998,M4718,S4665,44.0,2026-04-06 11:22:15.156156,rejected,35.0,True,high_compatibility
MATCH_7999,ALUMNI_M3994,S4388,51.0,2026-04-16 11:22:15.156529,completed,11.0,True,admin_assigned
MATCH_8000,M3863,S2511,44.0,2026-05-03 11:22:15.159006,rejected,,True,admin_assigned
MATCH_8001,M3812,S4412,51.0,2026-04-14 11:22:15.159514,rejected,56.0,True,admin_assigned
MATCH_8002,M702,S4701,51.0,2026-04-26 11:22:15.159940,pending,12.0,True,high_compatibility
MATCH_8003,ALUMNI_M4167,S2363,51.0,2026-04-09 11:22:15.160323,accepted,30.0,True,specific_request
MATCH_8004,ALUMNI_M3067,S2626,51.0,2026-04-23 11:22:15.160689,pending,44.0,False,admin_assigned
MATCH_8005,ALUMNI_M3836,S4474,55.0,2026-04-15 11:22:15.161605,rejected,,False,specific_request
MATCH_8006,ALUMNI_M5810,S3396,51.0,2026-04-25 11:22:15.162047,rejected,62.0,False,high_compatibility
MATCH_8007,M4668,S1049,48.0,2026-04-14 11:22:15.162443,completed,19.0,False,admin_assigned
MATCH_8008,ALUMNI_M3516,S78,48.0,2026-04-12 11:22:15.162884,pending,15.0,False,specific_request
MATCH_8009,ALUMNI_M5713,S3215,72.5,2026-04-26 11:22:15.163317,accepted,,False,high_compatibility
MATCH_8010,M3878,S3804,51.0,2026-05-06 11:22:15.163697,completed,62.0,True,high_compatibility
MATCH_8011,ALUMNI_M5364,S450,51.0,2026-04-06 11:22:15.164390,rejected,51.0,False,auto_suggestion
MATCH_8012,M3871,S4213,61.5,2026-04-13 11:22:15.166827,rejected,,True,high_compatibility
MATCH_8013,M3050,S2172,59.0,2026-05-04 11:22:15.167259,accepted,16.0,True,auto_suggestion
MATCH_8014,M552,S2832,55.0,2026-04-14 11:22:15.167633,completed,,False,auto_suggestion
MATCH_8015,M2843,S3284,51.0,2026-05-06 11:22:15.168034,pending,,False,specific_request
MATCH_8016,ALUMNI_M5714,S2561,51.0,2026-04-13 11:22:15.168427,rejected,45.0,True,specific_request
MATCH_8017,M4654,S3098,61.5,2026-04-11 11:22:15.170857,pending,2.0,False,auto_suggestion
MATCH_8018,ALUMNI_M1791,S2750,68.5,2026-04-23 11:22:15.171296,rejected,53.0,False,specific_request
MATCH_8019,ALUMNI_M1532,S587,51.0,2026-04-12 11:22:15.171691,rejected,51.0,True,high_compatibility
MATCH_8020,ALUMNI_M695,S2191,79.17,2026-04-14 11:22:15.172106,accepted,2.0,False,specific_request
MATCH_8021,ALUMNI_M3113,S456,51.0,2026-04-27 11:22:15.172510,completed,,False,high_compatibility
MATCH_8022,M1575,S4516,51.0,2026-04-09 11:22:15.174973,accepted,37.0,False,admin_assigned
MATCH_8023,M2203,S2774,51.0,2026-04-22 11:22:15.175400,pending,,False,specific_request
MATCH_8024,ALUMNI_M4204,S570,51.0,2026-04-06 11:22:15.175827,rejected,,True,high_compatibility
MATCH_8025,ALUMNI_M3191,S964,51.0,2026-04-18 11:22:15.176231,rejected,26.0,False,auto_suggestion
MATCH_8026,M3791,S2042,46.0,2026-04-30 11:22:15.176628,rejected,,False,auto_suggestion
MATCH_8027,M137,S2007,55.0,2026-05-01 11:22:15.177846,pending,,False,specific_request
MATCH_8028,ALUMNI_M3870,S2738,55.0,2026-04-30 11:22:15.178228,completed,38.0,False,auto_suggestion
MATCH_8029,M4809,S2987,51.0,2026-05-05 11:22:15.178602,completed,,True,specific_request
MATCH_8030,M3237,S456,72.5,2026-04-20 11:22:15.178994,rejected,,True,specific_request
MATCH_8031,ALUMNI_M5678,S3991,44.0,2026-04-22 11:22:15.179534,completed,23.0,False,high_compatibility
MATCH_8032,M4284,S1488,51.0,2026-04-13 11:22:15.179928,rejected,29.0,True,specific_request
MATCH_8033,ALUMNI_M5884,S3509,44.0,2026-05-04 11:22:15.180319,rejected,16.0,False,high_compatibility
MATCH_8034,ALUMNI_M2308,S2550,44.0,2026-04-13 11:22:15.180692,completed,,False,specific_request
MATCH_8035,ALUMNI_M832,S3288,55.0,2026-04-07 11:22:15.181092,completed,,False,admin_assigned
MATCH_8036,M4368,S3711,44.0,2026-04-13 11:22:15.181485,rejected,38.0,True,auto_suggestion
MATCH_8037,M1131,S4671,51.0,2026-04-25 11:22:15.181874,completed,,True,admin_assigned
MATCH_8038,ALUMNI_M1699,S3506,42.75,2026-05-03 11:22:15.182271,accepted,70.0,False,auto_suggestion
MATCH_8039,M4950,S4825,51.0,2026-04-28 11:22:15.182658,accepted,32.0,True,high_compatibility
MATCH_8040,ALUMNI_M5518,S1384,68.5,2026-04-08 11:22:15.183105,completed,,True,admin_assigned
MATCH_8041,ALUMNI_M2619,S2435,55.0,2026-04-21 11:22:15.183494,completed,14.0,True,admin_assigned
MATCH_8042,M172,S3405,62.25,2026-04-07 11:22:15.183893,completed,70.0,True,admin_assigned
MATCH_8043,ALUMNI_M73,S3850,53.75,2026-04-12 11:22:15.184290,completed,44.0,True,admin_assigned
MATCH_8044,ALUMNI_M3596,S4712,51.0,2026-05-05 11:22:15.184662,rejected,,True,auto_suggestion
MATCH_8045,M1818,S4899,51.0,2026-05-03 11:22:15.185064,completed,4.0,False,specific_request
MATCH_8046,ALUMNI_M1945,S3908,55.0,2026-05-01 11:22:15.185446,completed,25.0,False,admin_assigned
MATCH_8047,M3635,S2717,48.0,2026-04-11 11:22:15.185845,accepted,,False,high_compatibility
MATCH_8048,ALUMNI_M4375,S2554,51.0,2026-05-01 11:22:15.186241,pending,72.0,False,admin_assigned
MATCH_8049,ALUMNI_M2917,S1094,51.0,2026-04-15 11:22:15.186608,rejected,31.0,False,high_compatibility
MATCH_8050,ALUMNI_M4933,S1628,51.0,2026-05-02 11:22:15.187008,pending,18.0,True,auto_suggestion
MATCH_8051,M3041,S879,72.5,2026-05-02 11:22:15.187401,completed,,False,auto_suggestion
MATCH_8052,ALUMNI_M4500,S1898,61.5,2026-04-28 11:22:15.187800,completed,,True,admin_assigned
MATCH_8053,ALUMNI_M677,S2935,41.78,2026-04-07 11:22:15.188193,completed,,True,high_compatibility
MATCH_8054,ALUMNI_M5000,S606,44.0,2026-05-05 11:22:15.188567,pending,10.0,False,specific_request
MATCH_8055,ALUMNI_M2061,S3437,61.67,2026-05-05 11:22:15.188957,rejected,,True,auto_suggestion
MATCH_8056,ALUMNI_M1168,S3807,50.67,2026-04-08 11:22:15.189661,pending,6.0,False,admin_assigned
MATCH_8057,ALUMNI_M4564,S4611,49.44,2026-04-30 11:22:15.190177,rejected,60.0,False,admin_assigned
MATCH_8058,ALUMNI_M1509,S2498,37.75,2026-04-19 11:22:15.190595,rejected,10.0,True,admin_assigned
MATCH_8059,M445,S1627,44.0,2026-05-01 11:22:15.191029,accepted,,True,admin_assigned
MATCH_8060,M4314,S1016,51.0,2026-04-15 11:22:15.191455,pending,53.0,False,auto_suggestion
MATCH_8061,M664,S4245,51.0,2026-04-21 11:22:15.191875,pending,,False,auto_suggestion
MATCH_8062,ALUMNI_M2638,S1042,51.0,2026-04-29 11:22:15.192320,rejected,35.0,True,admin_assigned
MATCH_8063,ALUMNI_M4388,S1644,51.0,2026-04-18 11:22:15.192696,accepted,50.0,True,admin_assigned
MATCH_8064,ALUMNI_M4923,S3662,51.0,2026-04-24 11:22:15.195208,completed,,False,auto_suggestion
MATCH_8065,ALUMNI_M2497,S1878,55.0,2026-04-23 11:22:15.195616,accepted,7.0,True,high_compatibility
MATCH_8066,ALUMNI_M5133,S3235,51.0,2026-04-23 11:22:15.196044,accepted,,True,high_compatibility
MATCH_8067,ALUMNI_M4609,S4873,65.5,2026-04-11 11:22:15.196444,completed,,False,admin_assigned
MATCH_8068,M1428,S3460,55.0,2026-05-05 11:22:15.198930,accepted,28.0,True,admin_assigned
MATCH_8069,ALUMNI_M4810,S3172,39.0,2026-04-30 11:22:15.199317,pending,7.0,True,admin_assigned
MATCH_8070,ALUMNI_M2321,S792,51.0,2026-04-14 11:22:15.199659,accepted,45.0,False,auto_suggestion
MATCH_8071,ALUMNI_M1691,S1637,44.0,2026-04-23 11:22:15.200028,rejected,20.0,True,high_compatibility
MATCH_8072,ALUMNI_M1327,S2958,44.0,2026-04-21 11:22:15.200425,accepted,4.0,False,admin_assigned
MATCH_8073,M53,S716,43.0,2026-05-02 11:22:15.200844,rejected,60.0,True,auto_suggestion
MATCH_8074,M2066,S1754,52.14,2026-04-10 11:22:15.201253,accepted,,True,specific_request
MATCH_8075,ALUMNI_M729,S791,61.67,2026-04-24 11:22:15.201667,accepted,55.0,True,admin_assigned
MATCH_8076,ALUMNI_M5518,S953,44.33,2026-04-25 11:22:15.202144,accepted,56.0,True,specific_request
MATCH_8077,M2649,S485,51.0,2026-04-26 11:22:15.202547,pending,,True,auto_suggestion
MATCH_8078,M1378,S1530,51.0,2026-04-28 11:22:15.202964,pending,33.0,True,specific_request
MATCH_8079,ALUMNI_M3673,S3715,51.0,2026-05-06 11:22:15.203421,completed,37.0,False,specific_request
MATCH_8080,ALUMNI_M5785,S8,40.25,2026-04-26 11:22:15.203851,pending,46.0,True,specific_request
MATCH_8081,M3099,S974,48.0,2026-04-09 11:22:15.204270,accepted,66.0,True,specific_request
MATCH_8082,M2850,S2264,68.5,2026-04-27 11:22:15.204672,completed,,True,high_compatibility
MATCH_8083,M4969,S783,79.17,2026-05-02 11:22:15.205093,pending,,True,specific_request
MATCH_8084,M370,S2472,44.0,2026-04-16 11:22:15.205516,pending,9.0,False,high_compatibility
MATCH_8085,ALUMNI_M4400,S2069,57.67,2026-04-13 11:22:15.206144,pending,,True,auto_suggestion
MATCH_8086,ALUMNI_M3395,S483,57.67,2026-04-10 11:22:15.206561,pending,42.0,False,auto_suggestion
MATCH_8087,M3205,S3799,68.5,2026-04-18 11:22:15.207009,accepted,22.0,True,admin_assigned
MATCH_8088,M4654,S684,53.38,2026-04-29 11:22:15.207440,pending,3.0,False,specific_request
MATCH_8089,ALUMNI_M5440,S2512,55.0,2026-04-18 11:22:15.207864,rejected,,False,admin_assigned
MATCH_8090,ALUMNI_M5296,S1057,44.0,2026-04-26 11:22:15.208316,rejected,6.0,True,auto_suggestion
MATCH_8091,M2141,S4639,51.0,2026-04-28 11:22:15.208745,completed,10.0,True,specific_request
MATCH_8092,M3923,S2782,51.0,2026-04-09 11:22:15.209176,pending,5.0,False,admin_assigned
MATCH_8093,ALUMNI_M4369,S1067,55.0,2026-04-21 11:22:15.209585,accepted,,True,high_compatibility
MATCH_8094,ALUMNI_M4140,S1257,51.0,2026-04-14 11:22:15.210015,accepted,,True,high_compatibility
MATCH_8095,M4049,S3598,48.0,2026-04-10 11:22:15.210436,accepted,,True,high_compatibility
MATCH_8096,ALUMNI_M4952,S2137,75.17,2026-05-01 11:22:15.210892,accepted,72.0,True,admin_assigned
MATCH_8097,M2328,S546,51.25,2026-04-21 11:22:15.211433,completed,35.0,True,high_compatibility
MATCH_8098,ALUMNI_M4491,S3089,64.5,2026-04-09 11:22:15.211908,completed,45.0,True,specific_request
MATCH_8099,ALUMNI_M3217,S455,48.0,2026-05-02 11:22:15.212369,rejected,11.0,False,admin_assigned
MATCH_8100,M1681,S4351,41.5,2026-04-16 11:22:15.212807,pending,63.0,False,specific_request
MATCH_8101,M1644,S3480,51.0,2026-04-26 11:22:15.213236,accepted,41.0,False,specific_request
MATCH_8102,ALUMNI_M1088,S2273,55.0,2026-04-30 11:22:15.213627,accepted,32.0,False,auto_suggestion
MATCH_8103,ALUMNI_M534,S1806,44.0,2026-04-12 11:22:15.214056,accepted,63.0,False,high_compatibility
MATCH_8104,ALUMNI_M5429,S4104,51.0,2026-04-30 11:22:15.214475,rejected,60.0,True,specific_request
MATCH_8105,M203,S4228,50.67,2026-04-28 11:22:15.214901,pending,10.0,False,auto_suggestion
MATCH_8106,M2040,S14,51.0,2026-04-20 11:22:15.215346,rejected,69.0,True,specific_request
MATCH_8107,M4099,S4650,65.5,2026-04-16 11:22:15.215780,pending,,False,admin_assigned
MATCH_8108,M2495,S1845,51.0,2026-04-06 11:22:15.216215,pending,43.0,True,high_compatibility
MATCH_8109,ALUMNI_M5411,S3810,72.5,2026-04-14 11:22:15.216643,pending,1.0,False,auto_suggestion
MATCH_8110,ALUMNI_M1796,S3848,48.0,2026-04-16 11:22:15.217076,accepted,10.0,True,auto_suggestion
MATCH_8111,M1964,S151,55.0,2026-04-25 11:22:15.217506,pending,,False,high_compatibility
MATCH_8112,M1722,S2269,72.5,2026-04-28 11:22:15.217948,rejected,,True,specific_request
MATCH_8113,M4612,S4989,44.0,2026-04-29 11:22:15.218374,pending,,True,admin_assigned
MATCH_8114,M4030,S2164,55.0,2026-05-04 11:22:15.218796,accepted,56.0,False,specific_request
MATCH_8115,ALUMNI_M5582,S1353,44.0,2026-04-25 11:22:15.219227,completed,32.0,True,high_compatibility
MATCH_8116,ALUMNI_M4358,S1768,55.0,2026-04-23 11:22:15.219619,pending,,False,specific_request
MATCH_8117,ALUMNI_M59,S4463,51.0,2026-04-26 11:22:15.220065,pending,62.0,True,auto_suggestion
MATCH_8118,M1023,S2171,55.0,2026-04-07 11:22:15.220488,accepted,,False,auto_suggestion
MATCH_8119,M3237,S2843,51.0,2026-05-06 11:22:15.220913,rejected,,True,admin_assigned
MATCH_8120,ALUMNI_M5997,S350,60.72,2026-04-24 11:22:15.221323,accepted,29.0,False,admin_assigned
MATCH_8121,ALUMNI_M1201,S2938,44.0,2026-04-11 11:22:15.221749,completed,51.0,False,admin_assigned
MATCH_8122,ALUMNI_M118,S4302,44.0,2026-04-20 11:22:15.222187,accepted,39.0,False,specific_request
MATCH_8123,M2900,S460,49.57,2026-04-25 11:22:15.222587,rejected,28.0,True,admin_assigned
MATCH_8124,ALUMNI_M979,S2226,44.0,2026-05-01 11:22:15.223040,accepted,18.0,False,admin_assigned
MATCH_8125,ALUMNI_M2839,S2037,55.0,2026-04-24 11:22:15.223457,pending,48.0,False,admin_assigned
MATCH_8126,ALUMNI_M3418,S2150,51.0,2026-04-06 11:22:15.223872,rejected,43.0,True,specific_request
MATCH_8127,M4117,S945,51.0,2026-04-07 11:22:15.224290,accepted,46.0,False,high_compatibility
MATCH_8128,ALUMNI_M2095,S1167,72.5,2026-04-24 11:22:15.224694,completed,31.0,True,specific_request
MATCH_8129,ALUMNI_M3569,S3391,36.22,2026-04-28 11:22:15.225141,pending,39.0,True,high_compatibility
MATCH_8130,ALUMNI_M5545,S1814,48.0,2026-04-23 11:22:15.225544,completed,,False,specific_request
MATCH_8131,M3852,S1236,48.0,2026-04-11 11:22:15.225969,accepted,,False,auto_suggestion
MATCH_8132,ALUMNI_M4916,S762,61.67,2026-04-06 11:22:15.226396,pending,60.0,True,high_compatibility
MATCH_8133,M4445,S1407,51.0,2026-05-03 11:22:15.226819,pending,,False,specific_request
MATCH_8134,M941,S872,57.67,2026-04-21 11:22:15.227234,accepted,,True,auto_suggestion
MATCH_8135,ALUMNI_M5371,S11,51.0,2026-04-10 11:22:15.227636,rejected,,True,admin_assigned
MATCH_8136,M2601,S2879,51.0,2026-05-01 11:22:15.228073,rejected,19.0,True,specific_request
MATCH_8137,ALUMNI_M668,S1167,51.67,2026-04-17 11:22:15.228490,rejected,20.0,True,auto_suggestion
MATCH_8138,ALUMNI_M3517,S638,51.0,2026-05-04 11:22:15.228936,completed,62.0,False,auto_suggestion
MATCH_8139,M2616,S433,44.0,2026-04-25 11:22:15.229343,completed,,True,auto_suggestion
MATCH_8140,ALUMNI_M2170,S73,66.5,2026-04-29 11:22:15.229775,completed,65.0,False,specific_request
MATCH_8141,M239,S1280,44.0,2026-04-18 11:22:15.230203,rejected,9.0,True,specific_request
MATCH_8142,ALUMNI_M1337,S4692,51.0,2026-04-16 11:22:15.230620,completed,,False,auto_suggestion
MATCH_8143,ALUMNI_M5154,S4234,51.0,2026-05-02 11:22:15.231057,pending,34.0,True,admin_assigned
MATCH_8144,M510,S2741,44.0,2026-04-21 11:22:15.231480,rejected,18.0,False,admin_assigned
MATCH_8145,ALUMNI_M4678,S560,42.89,2026-04-10 11:22:15.231927,pending,57.0,False,high_compatibility
MATCH_8146,ALUMNI_M2744,S4191,44.0,2026-04-11 11:22:15.232356,completed,,True,specific_request
MATCH_8147,ALUMNI_M3184,S3051,55.0,2026-04-10 11:22:15.232793,completed,69.0,False,specific_request
MATCH_8148,ALUMNI_M1062,S3803,55.0,2026-04-08 11:22:15.233223,completed,21.0,True,high_compatibility
MATCH_8149,ALUMNI_M3725,S1781,60.5,2026-04-27 11:22:15.233635,rejected,71.0,False,high_compatibility
MATCH_8150,ALUMNI_M2375,S619,61.67,2026-04-12 11:22:15.234142,completed,41.0,False,admin_assigned
MATCH_8151,M3364,S2348,51.0,2026-04-25 11:22:15.234536,accepted,41.0,True,high_compatibility
MATCH_8152,ALUMNI_M18,S2254,44.0,2026-05-02 11:22:15.234960,completed,70.0,True,auto_suggestion
MATCH_8153,ALUMNI_M3246,S1686,55.0,2026-04-06 11:22:15.235369,rejected,,True,high_compatibility
MATCH_8154,ALUMNI_M3891,S4766,44.0,2026-04-30 11:22:15.235799,rejected,69.0,False,high_compatibility
MATCH_8155,M4963,S4305,51.0,2026-04-21 11:22:15.236226,completed,,False,auto_suggestion
MATCH_8156,ALUMNI_M1933,S4110,65.17,2026-04-20 11:22:15.236617,accepted,61.0,False,specific_request
MATCH_8157,ALUMNI_M5537,S3077,44.0,2026-04-13 11:22:15.237065,completed,,True,auto_suggestion
MATCH_8158,M1504,S1964,50.67,2026-04-21 11:22:15.237471,accepted,11.0,True,specific_request
MATCH_8159,ALUMNI_M2643,S3260,68.17,2026-04-14 11:22:15.237908,pending,,True,admin_assigned
MATCH_8160,ALUMNI_M5933,S4623,50.67,2026-05-01 11:22:15.238307,completed,14.0,True,admin_assigned
MATCH_8161,ALUMNI_M4323,S4737,72.5,2026-04-22 11:22:15.238715,pending,21.0,True,specific_request
MATCH_8162,M2798,S896,51.0,2026-04-19 11:22:15.239139,pending,12.0,True,admin_assigned
MATCH_8163,ALUMNI_M3776,S4267,44.0,2026-05-06 11:22:15.239558,rejected,1.0,False,auto_suggestion
MATCH_8164,M790,S2449,51.0,2026-04-16 11:22:15.239978,pending,20.0,True,admin_assigned
MATCH_8165,M3439,S2824,51.0,2026-05-03 11:22:15.240380,completed,,True,specific_request
MATCH_8166,ALUMNI_M1623,S3342,48.5,2026-04-12 11:22:15.240813,completed,,True,auto_suggestion
MATCH_8167,ALUMNI_M4608,S2457,48.0,2026-04-30 11:22:15.241237,pending,28.0,False,admin_assigned
MATCH_8168,ALUMNI_M2581,S2548,44.0,2026-04-17 11:22:15.241633,accepted,23.0,False,high_compatibility
MATCH_8169,ALUMNI_M3800,S2157,51.0,2026-05-06 11:22:15.242069,accepted,66.0,True,admin_assigned
MATCH_8170,ALUMNI_M2243,S1690,51.0,2026-04-15 11:22:15.242632,pending,66.0,True,specific_request
MATCH_8171,M4808,S3614,41.5,2026-04-28 11:22:15.243134,pending,,False,auto_suggestion
MATCH_8172,M4193,S2779,51.0,2026-04-15 11:22:15.243553,pending,,True,high_compatibility
MATCH_8173,ALUMNI_M4407,S2994,51.0,2026-04-30 11:22:15.243991,completed,32.0,False,high_compatibility
MATCH_8174,M1265,S313,51.0,2026-05-04 11:22:15.244405,accepted,28.0,False,high_compatibility
MATCH_8175,M907,S3193,47.67,2026-04-21 11:22:15.244834,pending,35.0,True,high_compatibility
MATCH_8176,M301,S3742,68.5,2026-04-23 11:22:15.245259,completed,,False,high_compatibility
MATCH_8177,M29,S3767,75.17,2026-04-23 11:22:15.245716,pending,15.0,False,admin_assigned
MATCH_8178,ALUMNI_M768,S1524,51.0,2026-04-09 11:22:15.246160,completed,2.0,False,admin_assigned
MATCH_8179,ALUMNI_M491,S2565,55.0,2026-05-02 11:22:15.246564,pending,55.0,False,high_compatibility
MATCH_8180,ALUMNI_M531,S3267,51.0,2026-04-07 11:22:15.246980,accepted,5.0,False,high_compatibility
MATCH_8181,ALUMNI_M450,S4098,44.0,2026-04-07 11:22:15.247422,accepted,57.0,False,admin_assigned
MATCH_8182,M2743,S4822,50.67,2026-04-06 11:22:15.247862,completed,51.0,True,high_compatibility
MATCH_8183,ALUMNI_M2660,S4827,68.5,2026-04-26 11:22:15.248279,pending,,False,high_compatibility
MATCH_8184,ALUMNI_M1817,S1465,51.0,2026-04-16 11:22:15.248694,completed,46.0,False,specific_request
MATCH_8185,M2405,S2006,47.67,2026-04-18 11:22:15.249140,pending,3.0,False,high_compatibility
MATCH_8186,ALUMNI_M4767,S469,51.0,2026-04-10 11:22:15.249541,completed,31.0,True,admin_assigned
MATCH_8187,M716,S892,61.5,2026-04-22 11:22:15.249980,rejected,34.0,True,auto_suggestion
MATCH_8188,ALUMNI_M2052,S3836,68.17,2026-04-10 11:22:15.250389,rejected,22.0,True,auto_suggestion
MATCH_8189,ALUMNI_M346,S4251,51.0,2026-05-02 11:22:15.250819,pending,53.0,True,auto_suggestion
MATCH_8190,ALUMNI_M457,S2773,50.67,2026-04-20 11:22:15.251251,pending,64.0,True,admin_assigned
MATCH_8191,M1460,S3488,51.0,2026-05-05 11:22:15.251682,accepted,23.0,False,auto_suggestion
MATCH_8192,ALUMNI_M4175,S391,61.5,2026-04-26 11:22:15.252137,completed,,True,high_compatibility
MATCH_8193,ALUMNI_M3926,S2431,42.29,2026-04-21 11:22:15.252535,rejected,59.0,True,admin_assigned
MATCH_8194,M3395,S3502,46.56,2026-04-29 11:22:15.252962,rejected,,True,admin_assigned
MATCH_8195,M4980,S4728,68.5,2026-04-11 11:22:15.253357,rejected,55.0,False,specific_request
MATCH_8196,M2190,S622,51.0,2026-04-30 11:22:15.253773,accepted,60.0,True,admin_assigned
MATCH_8197,ALUMNI_M896,S490,61.67,2026-05-02 11:22:15.254199,completed,,True,admin_assigned
MATCH_8198,ALUMNI_M2989,S4637,51.0,2026-04-19 11:22:15.254589,rejected,68.0,True,high_compatibility
MATCH_8199,M3949,S493,65.5,2026-04-26 11:22:15.255165,accepted,27.0,True,specific_request
MATCH_8200,M2518,S1255,48.0,2026-05-04 11:22:15.255594,rejected,6.0,False,auto_suggestion
MATCH_8201,ALUMNI_M4458,S3490,55.0,2026-04-22 11:22:15.256093,rejected,67.0,False,auto_suggestion
MATCH_8202,M3694,S457,51.0,2026-04-29 11:22:15.256534,rejected,10.0,False,admin_assigned
MATCH_8203,M4308,S1887,51.0,2026-05-02 11:22:15.256965,pending,,False,admin_assigned
MATCH_8204,ALUMNI_M3667,S2490,42.33,2026-04-21 11:22:15.257377,pending,56.0,True,specific_request
MATCH_8205,M2663,S3410,44.0,2026-04-26 11:22:15.257821,completed,14.0,True,high_compatibility
MATCH_8206,M2209,S1008,40.25,2026-05-04 11:22:15.258233,accepted,44.0,True,admin_assigned
MATCH_8207,ALUMNI_M470,S401,44.0,2026-04-27 11:22:15.258636,completed,42.0,False,admin_assigned
MATCH_8208,ALUMNI_M5404,S3845,51.0,2026-04-23 11:22:15.259076,accepted,57.0,False,high_compatibility
MATCH_8209,ALUMNI_M973,S4619,68.5,2026-04-08 11:22:15.259501,pending,,True,admin_assigned
MATCH_8210,ALUMNI_M1110,S3195,51.0,2026-04-16 11:22:15.259936,pending,,False,high_compatibility
MATCH_8211,ALUMNI_M3975,S3836,42.89,2026-04-06 11:22:15.260341,rejected,20.0,False,admin_assigned
MATCH_8212,ALUMNI_M490,S985,67.5,2026-04-30 11:22:15.260771,accepted,17.0,False,specific_request
MATCH_8213,M2866,S3736,48.0,2026-04-28 11:22:15.261177,rejected,67.0,False,high_compatibility
MATCH_8214,ALUMNI_M1879,S497,61.67,2026-04-26 11:22:15.261590,pending,36.0,True,admin_assigned
MATCH_8215,M4538,S1726,48.0,2026-04-22 11:22:15.262017,completed,,True,admin_assigned
MATCH_8216,ALUMNI_M5332,S3808,51.0,2026-04-11 11:22:15.262452,accepted,,True,admin_assigned
MATCH_8217,ALUMNI_M504,S3157,61.5,2026-04-08 11:22:15.262882,completed,12.0,False,admin_assigned
MATCH_8218,ALUMNI_M5374,S1884,51.0,2026-04-22 11:22:15.263331,completed,7.0,False,auto_suggestion
MATCH_8219,ALUMNI_M2691,S2565,51.0,2026-04-10 11:22:15.263741,accepted,22.0,False,auto_suggestion
MATCH_8220,ALUMNI_M1319,S4461,44.0,2026-04-23 11:22:15.264157,rejected,17.0,True,admin_assigned
MATCH_8221,ALUMNI_M5445,S3015,39.0,2026-04-16 11:22:15.264572,accepted,4.0,False,specific_request
MATCH_8222,ALUMNI_M3203,S4631,51.0,2026-04-16 11:22:15.264999,pending,37.0,True,admin_assigned
MATCH_8223,ALUMNI_M532,S4479,55.0,2026-05-06 11:22:15.265401,accepted,22.0,True,auto_suggestion
MATCH_8224,M4211,S1114,44.0,2026-04-14 11:22:15.265816,accepted,2.0,True,auto_suggestion
MATCH_8225,ALUMNI_M1162,S4885,50.0,2026-04-09 11:22:15.266239,accepted,41.0,True,auto_suggestion
MATCH_8226,ALUMNI_M5774,S1244,48.0,2026-04-20 11:22:15.266650,pending,13.0,True,high_compatibility
MATCH_8227,ALUMNI_M2916,S238,61.67,2026-04-21 11:22:15.267058,pending,,False,admin_assigned
MATCH_8228,ALUMNI_M3168,S685,49.33,2026-04-27 11:22:15.267461,completed,45.0,True,specific_request
MATCH_8229,ALUMNI_M371,S4011,51.0,2026-05-06 11:22:15.267875,pending,,True,high_compatibility
MATCH_8230,ALUMNI_M377,S1195,48.0,2026-04-30 11:22:15.268295,rejected,30.0,False,specific_request
MATCH_8231,M3808,S1243,45.67,2026-04-09 11:22:15.268720,completed,61.0,False,high_compatibility
MATCH_8232,M1600,S1437,48.0,2026-04-21 11:22:15.269143,accepted,15.0,False,high_compatibility
MATCH_8233,M398,S3907,61.5,2026-04-27 11:22:15.269546,pending,31.0,False,admin_assigned
MATCH_8234,ALUMNI_M1621,S2623,44.0,2026-04-19 11:22:15.270006,completed,70.0,True,high_compatibility
MATCH_8235,ALUMNI_M2102,S1701,36.5,2026-05-04 11:22:15.270434,completed,65.0,True,specific_request
MATCH_8236,ALUMNI_M5626,S1214,44.0,2026-04-07 11:22:15.270857,accepted,21.0,True,auto_suggestion
MATCH_8237,M18,S4516,51.0,2026-04-18 11:22:15.271288,rejected,55.0,False,auto_suggestion
MATCH_8238,M4131,S2171,51.0,2026-04-07 11:22:15.271684,completed,,False,high_compatibility
MATCH_8239,M2827,S1268,39.0,2026-04-14 11:22:15.272132,pending,3.0,False,auto_suggestion
MATCH_8240,M1111,S3146,51.0,2026-05-06 11:22:15.272538,completed,22.0,False,high_compatibility
MATCH_8241,ALUMNI_M1723,S3329,44.0,2026-05-03 11:22:15.273000,accepted,69.0,True,high_compatibility
MATCH_8242,ALUMNI_M3665,S3033,44.0,2026-04-16 11:22:15.273532,pending,25.0,True,high_compatibility
MATCH_8243,ALUMNI_M3685,S714,51.0,2026-04-08 11:22:15.273982,accepted,24.0,False,auto_suggestion
MATCH_8244,ALUMNI_M4481,S4081,49.75,2026-05-02 11:22:15.274391,rejected,48.0,False,specific_request
MATCH_8245,M930,S4162,44.0,2026-05-03 11:22:15.274803,accepted,,True,admin_assigned
MATCH_8246,M4724,S4107,55.0,2026-05-05 11:22:15.275198,pending,35.0,False,auto_suggestion
MATCH_8247,ALUMNI_M5607,S3618,55.0,2026-04-25 11:22:15.275598,rejected,8.0,True,specific_request
MATCH_8248,ALUMNI_M4067,S4728,68.5,2026-04-26 11:22:15.276019,pending,14.0,True,specific_request
MATCH_8249,ALUMNI_M610,S828,57.67,2026-04-06 11:22:15.276432,accepted,60.0,False,admin_assigned
MATCH_8250,M2551,S1053,44.0,2026-04-08 11:22:15.276850,rejected,18.0,False,specific_request
MATCH_8251,ALUMNI_M5809,S3461,36.5,2026-04-09 11:22:15.277271,completed,,True,auto_suggestion
MATCH_8252,M1306,S509,55.0,2026-04-24 11:22:15.277675,accepted,,False,auto_suggestion
MATCH_8253,M3230,S4470,51.0,2026-04-06 11:22:15.278137,rejected,11.0,True,high_compatibility
MATCH_8254,ALUMNI_M4089,S3313,51.0,2026-04-25 11:22:15.278539,completed,39.0,True,admin_assigned
MATCH_8255,ALUMNI_M525,S4632,48.0,2026-04-14 11:22:15.279001,completed,72.0,False,specific_request
MATCH_8256,M4488,S264,48.0,2026-04-23 11:22:15.279416,pending,,False,auto_suggestion
MATCH_8257,ALUMNI_M1113,S3735,51.0,2026-04-13 11:22:15.279846,accepted,42.0,False,auto_suggestion
MATCH_8258,M4494,S3334,51.0,2026-04-27 11:22:15.280266,accepted,,True,admin_assigned
MATCH_8259,M1959,S4834,44.0,2026-04-12 11:22:15.280662,pending,17.0,False,high_compatibility
MATCH_8260,ALUMNI_M1761,S2754,51.0,2026-04-14 11:22:15.281086,accepted,70.0,False,high_compatibility
MATCH_8261,M1870,S154,51.0,2026-04-12 11:22:15.281490,completed,31.0,False,specific_request
MATCH_8262,ALUMNI_M1410,S2589,48.0,2026-04-06 11:22:15.281919,accepted,4.0,True,admin_assigned
MATCH_8263,M4770,S2234,61.5,2026-05-04 11:22:15.282336,completed,10.0,False,admin_assigned
MATCH_8264,M4168,S1734,44.0,2026-04-11 11:22:15.282764,rejected,67.0,False,specific_request
MATCH_8265,M363,S3650,57.67,2026-05-01 11:22:15.283217,completed,19.0,False,admin_assigned
MATCH_8266,ALUMNI_M2096,S4774,51.0,2026-05-05 11:22:15.283633,pending,,True,high_compatibility
MATCH_8267,M3382,S980,37.33,2026-04-14 11:22:15.284107,pending,72.0,False,high_compatibility
MATCH_8268,ALUMNI_M3373,S621,44.0,2026-04-23 11:22:15.284543,accepted,32.0,False,admin_assigned
MATCH_8269,M1785,S530,44.0,2026-04-15 11:22:15.284984,pending,72.0,True,specific_request
MATCH_8270,ALUMNI_M5915,S4636,51.0,2026-04-27 11:22:15.285407,rejected,47.0,True,auto_suggestion
MATCH_8271,ALUMNI_M840,S4898,51.0,2026-04-06 11:22:15.285846,accepted,45.0,False,auto_suggestion
MATCH_8272,M4072,S2065,51.0,2026-04-18 11:22:15.286269,completed,65.0,True,admin_assigned
MATCH_8273,ALUMNI_M3824,S4613,51.0,2026-04-09 11:22:15.286656,rejected,1.0,True,specific_request
MATCH_8274,ALUMNI_M5305,S833,48.0,2026-04-16 11:22:15.287102,pending,23.0,True,admin_assigned
MATCH_8275,ALUMNI_M5555,S3806,51.0,2026-05-04 11:22:15.287507,pending,28.0,False,admin_assigned
MATCH_8276,M974,S721,57.21,2026-04-14 11:22:15.287921,rejected,,True,high_compatibility
MATCH_8277,ALUMNI_M3609,S976,55.0,2026-04-30 11:22:15.288325,rejected,65.0,False,auto_suggestion
MATCH_8278,M4997,S458,44.0,2026-04-13 11:22:15.288747,accepted,,True,auto_suggestion
MATCH_8279,ALUMNI_M4165,S2999,66.5,2026-04-10 11:22:15.289161,rejected,25.0,True,specific_request
MATCH_8280,M2442,S3759,51.0,2026-05-06 11:22:15.289543,completed,59.0,True,admin_assigned
MATCH_8281,M2577,S1247,51.0,2026-05-04 11:22:15.289988,accepted,,False,auto_suggestion
MATCH_8282,M3816,S3437,61.67,2026-04-26 11:22:15.290387,accepted,,False,high_compatibility
MATCH_8283,M3827,S448,44.0,2026-04-25 11:22:15.290794,accepted,9.0,True,auto_suggestion
MATCH_8284,ALUMNI_M4721,S4784,44.0,2026-04-21 11:22:15.291216,accepted,12.0,True,admin_assigned
MATCH_8285,M1746,S4653,68.5,2026-04-06 11:22:15.291623,accepted,11.0,False,high_compatibility
MATCH_8286,M743,S4616,51.0,2026-05-02 11:22:15.292038,rejected,58.0,False,specific_request
MATCH_8287,M1761,S1642,68.5,2026-04-26 11:22:15.292458,completed,,False,specific_request
MATCH_8288,M3480,S1940,51.0,2026-04-23 11:22:15.292886,accepted,33.0,False,specific_request
MATCH_8289,M4239,S3636,61.5,2026-04-19 11:22:15.293302,rejected,9.0,False,specific_request
MATCH_8290,M3181,S999,61.5,2026-04-26 11:22:15.293728,rejected,,False,auto_suggestion
MATCH_8291,ALUMNI_M4280,S4214,44.0,2026-04-16 11:22:15.294154,accepted,,True,specific_request
MATCH_8292,M74,S1536,48.0,2026-04-21 11:22:15.294565,accepted,34.0,False,specific_request
MATCH_8293,ALUMNI_M612,S4979,51.0,2026-04-26 11:22:15.294986,pending,45.0,True,high_compatibility
MATCH_8294,M3650,S3139,47.67,2026-04-28 11:22:15.295417,rejected,,True,admin_assigned
MATCH_8295,ALUMNI_M742,S4877,51.0,2026-04-30 11:22:15.295829,rejected,59.0,True,auto_suggestion
MATCH_8296,ALUMNI_M4390,S3012,50.67,2026-04-26 11:22:15.296242,pending,41.0,False,specific_request
MATCH_8297,ALUMNI_M1735,S1778,51.0,2026-04-11 11:22:15.296656,pending,,True,high_compatibility
MATCH_8298,M1689,S815,51.0,2026-04-29 11:22:15.297091,rejected,,False,high_compatibility
MATCH_8299,M4740,S3939,55.0,2026-04-22 11:22:15.297502,accepted,,True,high_compatibility
MATCH_8300,M3989,S3246,51.0,2026-04-21 11:22:15.297962,completed,,False,specific_request
MATCH_8301,ALUMNI_M1638,S4374,55.0,2026-05-02 11:22:15.298345,pending,33.0,True,high_compatibility
MATCH_8302,M52,S1560,44.0,2026-04-12 11:22:15.298733,accepted,,True,high_compatibility
MATCH_8303,M1711,S3903,44.0,2026-05-01 11:22:15.299133,pending,36.0,False,specific_request
MATCH_8304,M113,S1519,44.0,2026-05-06 11:22:15.299569,accepted,23.0,False,high_compatibility
MATCH_8305,M2088,S848,51.0,2026-04-30 11:22:15.299984,rejected,,True,admin_assigned
MATCH_8306,ALUMNI_M4396,S4549,44.0,2026-04-12 11:22:15.300444,rejected,,False,specific_request
MATCH_8307,ALUMNI_M1948,S2507,55.0,2026-04-19 11:22:15.300879,completed,36.0,True,admin_assigned
MATCH_8308,ALUMNI_M2846,S3785,51.0,2026-05-02 11:22:15.301284,completed,,False,high_compatibility
MATCH_8309,ALUMNI_M5811,S4534,55.0,2026-04-06 11:22:15.301674,completed,14.0,True,auto_suggestion
MATCH_8310,M44,S3384,55.5,2026-04-26 11:22:15.302089,rejected,52.0,False,admin_assigned
MATCH_8311,M4571,S1085,51.0,2026-04-13 11:22:15.302474,pending,3.0,True,auto_suggestion
MATCH_8312,ALUMNI_M905,S1430,44.0,2026-04-27 11:22:15.302888,pending,,True,specific_request
MATCH_8313,M2838,S904,44.0,2026-04-09 11:22:15.303333,rejected,1.0,True,high_compatibility
MATCH_8314,ALUMNI_M1724,S1227,51.0,2026-04-13 11:22:15.303746,pending,66.0,True,auto_suggestion
MATCH_8315,ALUMNI_M4573,S4619,68.5,2026-04-25 11:22:15.304228,rejected,38.0,False,auto_suggestion
MATCH_8316,M4744,S3147,38.29,2026-04-11 11:22:15.304635,rejected,20.0,False,specific_request
MATCH_8317,ALUMNI_M2765,S983,61.5,2026-04-12 11:22:15.305047,completed,1.0,False,auto_suggestion
MATCH_8318,M827,S4949,55.0,2026-04-20 11:22:15.305445,accepted,55.0,True,auto_suggestion
MATCH_8319,M4158,S4620,51.0,2026-04-26 11:22:15.305854,accepted,56.0,False,auto_suggestion
MATCH_8320,ALUMNI_M621,S4530,51.0,2026-04-09 11:22:15.306260,pending,,False,specific_request
MATCH_8321,ALUMNI_M2799,S2674,51.0,2026-04-09 11:22:15.306649,accepted,,True,specific_request
MATCH_8322,ALUMNI_M1737,S4599,49.75,2026-05-01 11:22:15.307064,accepted,26.0,True,admin_assigned
MATCH_8323,ALUMNI_M4683,S1525,44.0,2026-04-22 11:22:15.307469,pending,4.0,True,high_compatibility
MATCH_8324,M2130,S1043,44.33,2026-04-23 11:22:15.308001,rejected,14.0,False,specific_request
MATCH_8325,ALUMNI_M299,S1925,51.0,2026-04-14 11:22:15.308429,accepted,51.0,True,auto_suggestion
MATCH_8326,M2765,S4291,61.5,2026-04-25 11:22:15.308864,accepted,,True,auto_suggestion
MATCH_8327,ALUMNI_M4477,S1785,51.0,2026-04-09 11:22:15.309272,accepted,60.0,True,high_compatibility
MATCH_8328,ALUMNI_M3926,S490,45.29,2026-04-13 11:22:15.309667,pending,63.0,True,high_compatibility
MATCH_8329,ALUMNI_M5355,S753,55.0,2026-04-14 11:22:15.310101,accepted,51.0,False,specific_request
MATCH_8330,ALUMNI_M2348,S2603,57.67,2026-04-26 11:22:15.310551,pending,59.0,True,high_compatibility
MATCH_8331,ALUMNI_M1179,S4218,44.0,2026-04-22 11:22:15.310980,rejected,,True,high_compatibility
MATCH_8332,M3303,S4232,55.0,2026-04-29 11:22:15.311378,pending,7.0,False,high_compatibility
MATCH_8333,ALUMNI_M4017,S3422,61.5,2026-04-08 11:22:15.311800,pending,,False,specific_request
MATCH_8334,ALUMNI_M127,S2593,45.29,2026-04-25 11:22:15.312200,accepted,32.0,True,admin_assigned
MATCH_8335,ALUMNI_M2522,S2841,46.22,2026-04-15 11:22:15.312591,completed,,False,high_compatibility
MATCH_8336,ALUMNI_M4952,S1183,44.0,2026-04-26 11:22:15.313031,accepted,13.0,True,high_compatibility
MATCH_8337,M3532,S3620,44.0,2026-04-18 11:22:15.313445,completed,40.0,True,high_compatibility
MATCH_8338,ALUMNI_M1230,S3729,40.67,2026-04-26 11:22:15.313870,pending,60.0,True,high_compatibility
MATCH_8339,M4135,S451,55.0,2026-04-15 11:22:15.314263,rejected,50.0,True,admin_assigned
MATCH_8340,ALUMNI_M4862,S1584,48.5,2026-04-14 11:22:15.314627,accepted,53.0,True,admin_assigned
MATCH_8341,M2482,S3695,44.0,2026-04-21 11:22:15.315046,pending,16.0,False,high_compatibility
MATCH_8342,M1586,S4193,51.0,2026-05-02 11:22:15.315464,completed,31.0,True,admin_assigned
MATCH_8343,ALUMNI_M3984,S4175,40.67,2026-04-27 11:22:15.315897,accepted,4.0,False,auto_suggestion
MATCH_8344,ALUMNI_M801,S1159,51.0,2026-05-05 11:22:15.316321,rejected,47.0,True,high_compatibility
MATCH_8345,ALUMNI_M1056,S812,43.22,2026-04-08 11:22:15.316736,accepted,,True,admin_assigned
MATCH_8346,ALUMNI_M732,S1343,51.0,2026-04-07 11:22:15.317158,rejected,,True,high_compatibility
MATCH_8347,M859,S3437,55.0,2026-04-30 11:22:15.317563,rejected,8.0,True,specific_request
MATCH_8348,ALUMNI_M193,S4110,48.78,2026-04-28 11:22:15.317995,completed,37.0,False,admin_assigned
MATCH_8349,M860,S4945,51.0,2026-04-25 11:22:15.318421,pending,69.0,False,admin_assigned
MATCH_8350,M4993,S1484,44.0,2026-04-21 11:22:15.319301,pending,55.0,False,admin_assigned
MATCH_8351,ALUMNI_M1153,S4793,57.67,2026-04-17 11:22:15.319745,rejected,17.0,True,high_compatibility
MATCH_8352,ALUMNI_M4373,S4488,61.5,2026-04-12 11:22:15.320176,rejected,,True,admin_assigned
MATCH_8353,M2602,S26,65.5,2026-05-03 11:22:15.320568,completed,,True,specific_request
MATCH_8354,ALUMNI_M1027,S1552,44.0,2026-04-26 11:22:15.320980,completed,33.0,True,admin_assigned
MATCH_8355,ALUMNI_M3452,S3798,44.0,2026-04-21 11:22:15.321404,accepted,9.0,True,high_compatibility
MATCH_8356,M4306,S3187,39.71,2026-05-01 11:22:15.321839,accepted,21.0,True,specific_request
MATCH_8357,ALUMNI_M464,S2325,51.0,2026-04-27 11:22:15.322272,completed,20.0,False,high_compatibility
MATCH_8358,M2558,S3982,44.0,2026-04-11 11:22:15.322690,pending,48.0,False,specific_request
MATCH_8359,M2175,S3028,51.0,2026-04-15 11:22:15.323198,accepted,15.0,True,auto_suggestion
MATCH_8360,M2432,S3993,50.67,2026-04-27 11:22:15.323597,rejected,49.0,False,auto_suggestion
MATCH_8361,ALUMNI_M4820,S3341,61.83,2026-04-24 11:22:15.324026,rejected,17.0,True,high_compatibility
MATCH_8362,ALUMNI_M4014,S669,51.0,2026-04-18 11:22:15.324443,accepted,55.0,False,auto_suggestion
MATCH_8363,M540,S1677,61.5,2026-05-06 11:22:15.324879,pending,,False,auto_suggestion
MATCH_8364,ALUMNI_M5968,S726,61.5,2026-04-30 11:22:15.325298,pending,,False,admin_assigned
MATCH_8365,ALUMNI_M1644,S2494,44.0,2026-04-27 11:22:15.325727,pending,68.0,True,high_compatibility
MATCH_8366,M4791,S2123,51.0,2026-04-13 11:22:15.326152,completed,6.0,True,admin_assigned
MATCH_8367,ALUMNI_M3118,S4236,49.29,2026-05-06 11:22:15.326564,rejected,21.0,True,specific_request
MATCH_8368,ALUMNI_M1841,S2829,45.44,2026-04-20 11:22:15.326992,rejected,24.0,False,high_compatibility
MATCH_8369,ALUMNI_M2102,S3574,49.0,2026-04-30 11:22:15.327428,accepted,,False,specific_request
MATCH_8370,M3869,S600,68.5,2026-04-21 11:22:15.329869,accepted,63.0,False,specific_request
MATCH_8371,ALUMNI_M5507,S4228,54.67,2026-04-25 11:22:15.330322,completed,13.0,False,high_compatibility
MATCH_8372,ALUMNI_M4940,S4902,51.0,2026-05-04 11:22:15.332792,completed,45.0,True,specific_request
MATCH_8373,M4574,S4739,68.5,2026-04-08 11:22:15.333226,pending,,False,specific_request
MATCH_8374,M2227,S3827,51.0,2026-04-23 11:22:15.333592,accepted,27.0,False,specific_request
MATCH_8375,ALUMNI_M3815,S3682,61.67,2026-04-13 11:22:15.333980,rejected,,True,specific_request
MATCH_8376,M1202,S2594,50.67,2026-04-18 11:22:15.334353,completed,5.0,False,admin_assigned
MATCH_8377,M4068,S4927,57.67,2026-05-01 11:22:15.336842,rejected,64.0,True,high_compatibility
MATCH_8378,ALUMNI_M3487,S2767,44.0,2026-04-27 11:22:15.337295,completed,37.0,False,specific_request
MATCH_8379,M4526,S2785,51.0,2026-05-06 11:22:15.337689,completed,,True,high_compatibility
MATCH_8380,M316,S3246,51.0,2026-04-16 11:22:15.338109,pending,30.0,True,admin_assigned
MATCH_8381,ALUMNI_M2438,S4329,41.78,2026-04-15 11:22:15.338544,accepted,36.0,True,auto_suggestion
MATCH_8382,ALUMNI_M5871,S1900,65.5,2026-04-16 11:22:15.341040,accepted,15.0,True,auto_suggestion
MATCH_8383,M1584,S1869,51.0,2026-04-08 11:22:15.341468,completed,,True,high_compatibility
MATCH_8384,ALUMNI_M1264,S3304,75.17,2026-05-05 11:22:15.341903,pending,47.0,True,auto_suggestion
MATCH_8385,M186,S1649,43.5,2026-04-13 11:22:15.342336,accepted,,False,auto_suggestion
MATCH_8386,ALUMNI_M4578,S777,68.5,2026-04-19 11:22:15.344799,completed,7.0,False,admin_assigned
MATCH_8387,ALUMNI_M2489,S2185,51.0,2026-04-19 11:22:15.345278,pending,39.0,True,specific_request
MATCH_8388,M48,S1787,48.0,2026-04-13 11:22:15.345696,pending,,False,high_compatibility
MATCH_8389,ALUMNI_M2161,S1088,55.0,2026-04-24 11:22:15.346212,completed,70.0,False,auto_suggestion
MATCH_8390,M577,S3556,45.29,2026-04-27 11:22:15.346622,pending,22.0,True,admin_assigned
MATCH_8391,M2490,S1471,51.0,2026-04-20 11:22:15.349148,completed,48.0,True,admin_assigned
MATCH_8392,ALUMNI_M2285,S280,51.0,2026-05-05 11:22:15.349587,completed,61.0,True,admin_assigned
MATCH_8393,M3211,S2700,65.5,2026-04-13 11:22:15.350071,pending,57.0,False,auto_suggestion
MATCH_8394,M599,S543,51.0,2026-04-27 11:22:15.350505,rejected,53.0,False,admin_assigned
MATCH_8395,ALUMNI_M2670,S1227,68.5,2026-04-19 11:22:15.350969,completed,,False,specific_request
MATCH_8396,M2060,S4999,51.0,2026-04-22 11:22:15.351385,completed,,True,auto_suggestion
MATCH_8397,M1147,S2187,55.0,2026-05-06 11:22:15.351824,completed,40.0,True,high_compatibility
MATCH_8398,ALUMNI_M2749,S1782,39.56,2026-04-13 11:22:15.352263,pending,70.0,True,specific_request
MATCH_8399,M547,S620,44.0,2026-05-02 11:22:15.352677,accepted,35.0,False,auto_suggestion
MATCH_8400,ALUMNI_M1523,S356,61.5,2026-05-06 11:22:15.353150,pending,,False,auto_suggestion
MATCH_8401,ALUMNI_M4465,S4354,55.0,2026-05-01 11:22:15.353555,rejected,70.0,True,high_compatibility
MATCH_8402,ALUMNI_M5994,S2674,51.0,2026-04-17 11:22:15.353989,accepted,70.0,False,auto_suggestion
MATCH_8403,ALUMNI_M2694,S424,48.0,2026-04-15 11:22:15.354421,completed,4.0,True,high_compatibility
MATCH_8404,M1185,S3891,52.78,2026-04-26 11:22:15.354874,completed,,True,admin_assigned
MATCH_8405,M2914,S4558,36.5,2026-05-06 11:22:15.355329,pending,,True,admin_assigned
MATCH_8406,M3809,S4231,48.0,2026-05-04 11:22:15.355777,rejected,54.0,False,auto_suggestion
MATCH_8407,ALUMNI_M2583,S4071,61.67,2026-04-21 11:22:15.356243,pending,,False,admin_assigned
MATCH_8408,M829,S3763,51.0,2026-04-16 11:22:15.356665,accepted,,False,admin_assigned
MATCH_8409,ALUMNI_M1255,S3343,57.75,2026-04-12 11:22:15.357113,rejected,,True,specific_request
MATCH_8410,ALUMNI_M4877,S1464,51.0,2026-04-25 11:22:15.357538,accepted,60.0,False,high_compatibility
MATCH_8411,M4306,S2057,44.0,2026-04-13 11:22:15.357974,rejected,57.0,True,specific_request
MATCH_8412,ALUMNI_M5441,S3733,55.0,2026-05-06 11:22:15.358405,pending,47.0,False,admin_assigned
MATCH_8413,M2612,S1319,51.0,2026-04-16 11:22:15.358828,accepted,,False,auto_suggestion
MATCH_8414,ALUMNI_M5605,S623,61.5,2026-05-04 11:22:15.359358,completed,66.0,True,high_compatibility
MATCH_8415,M3430,S3801,68.5,2026-04-19 11:22:15.359805,pending,,False,high_compatibility
MATCH_8416,M367,S1970,55.0,2026-04-10 11:22:15.360193,rejected,,True,admin_assigned
MATCH_8417,M2398,S670,44.0,2026-04-11 11:22:15.360601,accepted,58.0,True,high_compatibility
MATCH_8418,M1059,S1814,49.29,2026-05-02 11:22:15.361040,rejected,54.0,False,auto_suggestion
MATCH_8419,ALUMNI_M2991,S4454,51.0,2026-05-06 11:22:15.361468,rejected,27.0,True,specific_request
MATCH_8420,ALUMNI_M4650,S3062,57.67,2026-04-27 11:22:15.361913,accepted,3.0,True,auto_suggestion
MATCH_8421,M2494,S1904,51.0,2026-04-28 11:22:15.362467,accepted,5.0,False,high_compatibility
MATCH_8422,M1102,S4209,64.06,2026-04-07 11:22:15.363203,rejected,43.0,False,high_compatibility
MATCH_8423,M1346,S1932,61.5,2026-04-17 11:22:15.363868,completed,36.0,True,high_compatibility
MATCH_8424,ALUMNI_M3928,S87,68.5,2026-04-07 11:22:15.364548,rejected,,True,admin_assigned
MATCH_8425,ALUMNI_M5742,S3523,68.5,2026-04-10 11:22:15.365249,rejected,54.0,True,auto_suggestion
MATCH_8426,ALUMNI_M2474,S317,44.0,2026-04-29 11:22:15.365865,pending,,False,high_compatibility
MATCH_8427,ALUMNI_M430,S3926,55.0,2026-04-25 11:22:15.366636,accepted,17.0,False,high_compatibility
MATCH_8428,ALUMNI_M4758,S1089,49.0,2026-04-25 11:22:15.367178,accepted,41.0,True,high_compatibility
MATCH_8429,M298,S210,51.0,2026-04-23 11:22:15.367636,pending,53.0,True,high_compatibility
MATCH_8430,ALUMNI_M1497,S1522,61.5,2026-04-24 11:22:15.368079,completed,15.0,False,specific_request
MATCH_8431,ALUMNI_M3570,S4300,68.17,2026-04-20 11:22:15.368545,completed,38.0,True,auto_suggestion
MATCH_8432,ALUMNI_M5507,S1734,51.0,2026-04-25 11:22:15.368998,rejected,,False,high_compatibility
MATCH_8433,ALUMNI_M2418,S4040,51.0,2026-04-29 11:22:15.369421,rejected,,False,auto_suggestion
MATCH_8434,M3382,S3142,55.0,2026-04-23 11:22:15.369981,completed,,True,admin_assigned
MATCH_8435,M1346,S759,68.5,2026-04-29 11:22:15.370406,completed,44.0,True,auto_suggestion
MATCH_8436,M4462,S480,46.0,2026-04-11 11:22:15.370834,rejected,25.0,True,specific_request
MATCH_8437,M4370,S4174,43.0,2026-04-27 11:22:15.371279,completed,,False,admin_assigned
MATCH_8438,M1811,S4644,51.0,2026-04-25 11:22:15.371738,completed,,True,high_compatibility
MATCH_8439,ALUMNI_M5627,S4221,61.5,2026-04-15 11:22:15.372228,pending,28.0,False,auto_suggestion
MATCH_8440,M2245,S2233,44.0,2026-05-06 11:22:15.372674,accepted,34.0,True,admin_assigned
MATCH_8441,ALUMNI_M3760,S2548,48.0,2026-04-19 11:22:15.373148,pending,71.0,False,auto_suggestion
MATCH_8442,ALUMNI_M3877,S4249,48.0,2026-04-12 11:22:15.373551,pending,,False,auto_suggestion
MATCH_8443,M715,S4389,54.67,2026-05-02 11:22:15.374013,accepted,,False,admin_assigned
MATCH_8444,M2388,S3455,51.0,2026-04-11 11:22:15.374451,rejected,,False,high_compatibility
MATCH_8445,ALUMNI_M1814,S492,51.0,2026-04-28 11:22:15.374907,pending,23.0,False,specific_request
MATCH_8446,ALUMNI_M1330,S1681,44.0,2026-04-06 11:22:15.375429,completed,,False,specific_request
MATCH_8447,M1227,S4056,48.75,2026-04-18 11:22:15.375894,completed,,False,auto_suggestion
MATCH_8448,M4562,S1606,44.0,2026-04-20 11:22:15.376333,completed,55.0,False,admin_assigned
MATCH_8449,M4513,S3271,44.0,2026-04-26 11:22:15.376763,completed,38.0,True,high_compatibility
MATCH_8450,ALUMNI_M855,S2041,55.0,2026-05-05 11:22:15.377222,completed,,False,high_compatibility
MATCH_8451,ALUMNI_M409,S622,55.0,2026-04-30 11:22:15.377665,rejected,11.0,False,auto_suggestion
MATCH_8452,M3830,S4018,44.0,2026-04-22 11:22:15.378103,completed,45.0,False,auto_suggestion
MATCH_8453,ALUMNI_M212,S369,48.5,2026-05-03 11:22:15.378540,accepted,,False,high_compatibility
MATCH_8454,ALUMNI_M5042,S4199,44.0,2026-05-02 11:22:15.378997,accepted,53.0,True,admin_assigned
MATCH_8455,M1179,S1234,50.67,2026-04-19 11:22:15.379435,rejected,18.0,False,auto_suggestion
MATCH_8456,ALUMNI_M811,S4973,44.0,2026-04-06 11:22:15.379889,accepted,32.0,False,specific_request
MATCH_8457,M4288,S4617,44.0,2026-04-25 11:22:15.380343,completed,61.0,True,specific_request
MATCH_8458,ALUMNI_M1024,S4044,37.33,2026-04-16 11:22:15.380789,accepted,33.0,True,auto_suggestion
MATCH_8459,ALUMNI_M586,S1883,48.0,2026-04-10 11:22:15.381233,pending,46.0,True,admin_assigned
MATCH_8460,ALUMNI_M2323,S3357,51.0,2026-04-25 11:22:15.381659,accepted,48.0,False,admin_assigned
MATCH_8461,ALUMNI_M5482,S1477,51.0,2026-04-26 11:22:15.382111,accepted,27.0,False,admin_assigned
MATCH_8462,M2620,S4164,44.0,2026-04-24 11:22:15.382561,rejected,,True,auto_suggestion
MATCH_8463,M567,S4903,68.5,2026-04-11 11:22:15.383036,pending,,True,specific_request
MATCH_8464,M1601,S4143,48.0,2026-04-25 11:22:15.383485,completed,,True,specific_request
MATCH_8465,ALUMNI_M4220,S1261,51.0,2026-04-28 11:22:15.383926,completed,3.0,True,high_compatibility
MATCH_8466,M250,S891,57.67,2026-04-11 11:22:15.384370,pending,52.0,True,auto_suggestion
MATCH_8467,ALUMNI_M4277,S101,44.33,2026-04-27 11:22:15.384811,rejected,30.0,False,specific_request
MATCH_8468,ALUMNI_M5117,S970,47.5,2026-04-29 11:22:15.385231,rejected,,True,high_compatibility
MATCH_8469,ALUMNI_M1342,S872,51.0,2026-04-28 11:22:15.385631,rejected,65.0,False,admin_assigned
MATCH_8470,M4553,S1574,51.0,2026-04-11 11:22:15.386037,completed,49.0,False,auto_suggestion
MATCH_8471,M206,S4580,75.17,2026-04-25 11:22:15.386445,completed,20.0,False,admin_assigned
MATCH_8472,M1643,S1231,48.0,2026-04-14 11:22:15.386870,accepted,1.0,True,high_compatibility
MATCH_8473,ALUMNI_M4702,S4248,51.0,2026-04-20 11:22:15.387288,pending,44.0,True,specific_request
MATCH_8474,M3561,S3700,50.67,2026-04-12 11:22:15.387718,pending,24.0,False,admin_assigned
MATCH_8475,ALUMNI_M1482,S1823,65.17,2026-04-28 11:22:15.388140,accepted,2.0,False,admin_assigned
MATCH_8476,ALUMNI_M3204,S3246,51.0,2026-04-12 11:22:15.388563,accepted,17.0,True,admin_assigned
MATCH_8477,M2397,S4761,51.0,2026-04-14 11:22:15.388990,pending,42.0,False,admin_assigned
MATCH_8478,ALUMNI_M1478,S4987,68.5,2026-04-09 11:22:15.389395,completed,21.0,False,high_compatibility
MATCH_8479,ALUMNI_M2076,S3761,51.0,2026-04-12 11:22:15.389830,accepted,,True,admin_assigned
MATCH_8480,M4544,S2402,44.0,2026-05-03 11:22:15.390237,rejected,,False,auto_suggestion
MATCH_8481,M884,S4768,51.0,2026-04-08 11:22:15.390624,completed,31.0,True,admin_assigned
MATCH_8482,M1079,S260,51.0,2026-05-06 11:22:15.391046,pending,7.0,True,auto_suggestion
MATCH_8483,ALUMNI_M5237,S4795,44.0,2026-04-09 11:22:15.391465,accepted,60.0,True,high_compatibility
MATCH_8484,M4307,S399,68.5,2026-04-12 11:22:15.391880,completed,70.0,True,admin_assigned
MATCH_8485,M63,S1438,44.0,2026-04-30 11:22:15.392302,pending,23.0,False,high_compatibility
MATCH_8486,ALUMNI_M4272,S1955,51.0,2026-04-14 11:22:15.392715,accepted,68.0,False,specific_request
MATCH_8487,ALUMNI_M3423,S1729,49.0,2026-04-25 11:22:15.393136,completed,,True,high_compatibility
MATCH_8488,M4970,S1711,44.0,2026-04-20 11:22:15.393546,completed,,True,high_compatibility
MATCH_8489,M154,S2205,51.0,2026-04-16 11:22:15.396062,rejected,45.0,False,admin_assigned
MATCH_8490,ALUMNI_M3200,S2493,51.0,2026-04-26 11:22:15.396473,rejected,,False,auto_suggestion
MATCH_8491,ALUMNI_M718,S399,49.44,2026-04-26 11:22:15.396922,accepted,,False,specific_request
MATCH_8492,M2613,S3363,48.0,2026-04-10 11:22:15.397439,rejected,20.0,True,high_compatibility
MATCH_8493,ALUMNI_M861,S2241,44.0,2026-04-08 11:22:15.399954,completed,,True,high_compatibility
MATCH_8494,ALUMNI_M2,S2446,51.0,2026-05-04 11:22:15.400395,accepted,63.0,True,high_compatibility
MATCH_8495,ALUMNI_M2940,S2396,51.0,2026-04-25 11:22:15.400814,completed,42.0,False,specific_request
MATCH_8496,ALUMNI_M2207,S917,51.0,2026-04-14 11:22:15.401237,completed,2.0,False,specific_request
MATCH_8497,M2396,S2756,69.61,2026-04-29 11:22:15.401639,accepted,31.0,False,auto_suggestion
MATCH_8498,ALUMNI_M3882,S1225,68.5,2026-05-06 11:22:15.404182,accepted,4.0,False,specific_request
MATCH_8499,M3663,S460,55.0,2026-05-06 11:22:15.404618,pending,,False,auto_suggestion
MATCH_8500,M1093,S2526,51.0,2026-04-20 11:22:15.405050,completed,8.0,True,auto_suggestion
MATCH_8501,ALUMNI_M2401,S3610,55.0,2026-05-04 11:22:15.405486,accepted,25.0,True,auto_suggestion
MATCH_8502,ALUMNI_M4404,S3615,51.0,2026-04-12 11:22:15.406613,pending,,False,admin_assigned
MATCH_8503,M4691,S3987,44.0,2026-05-02 11:22:15.407077,rejected,37.0,True,admin_assigned
MATCH_8504,M3698,S3337,51.0,2026-04-21 11:22:15.407502,pending,72.0,False,high_compatibility
MATCH_8505,M4475,S2319,44.0,2026-04-25 11:22:15.407947,rejected,16.0,False,admin_assigned
MATCH_8506,M4854,S4157,61.5,2026-04-21 11:22:15.408449,accepted,20.0,True,specific_request
MATCH_8507,M662,S2819,51.0,2026-04-15 11:22:15.408950,completed,30.0,True,admin_assigned
MATCH_8508,M687,S1006,48.0,2026-04-30 11:22:15.409411,completed,15.0,True,specific_request
MATCH_8509,M2583,S2036,53.57,2026-04-24 11:22:15.409872,accepted,65.0,True,admin_assigned
MATCH_8510,ALUMNI_M4603,S1869,55.0,2026-04-24 11:22:15.410309,completed,35.0,True,high_compatibility
MATCH_8511,ALUMNI_M4283,S2636,44.0,2026-05-06 11:22:15.410724,accepted,24.0,False,high_compatibility
MATCH_8512,M3793,S4239,51.0,2026-04-25 11:22:15.411148,rejected,54.0,True,specific_request
MATCH_8513,M1389,S4786,55.0,2026-04-11 11:22:15.411553,accepted,,False,specific_request
MATCH_8514,M829,S88,51.0,2026-04-06 11:22:15.411971,accepted,19.0,True,auto_suggestion
MATCH_8515,ALUMNI_M3251,S1469,51.0,2026-04-21 11:22:15.412376,pending,41.0,True,specific_request
MATCH_8516,ALUMNI_M3693,S4035,51.0,2026-05-01 11:22:15.412802,accepted,59.0,False,high_compatibility
MATCH_8517,ALUMNI_M3723,S3780,51.0,2026-05-06 11:22:15.413232,completed,51.0,True,specific_request
MATCH_8518,ALUMNI_M565,S4230,55.0,2026-05-06 11:22:15.413637,accepted,43.0,True,high_compatibility
MATCH_8519,ALUMNI_M1913,S716,44.0,2026-04-10 11:22:15.414167,completed,47.0,True,specific_request
MATCH_8520,ALUMNI_M2138,S2346,54.36,2026-04-21 11:22:15.414582,rejected,52.0,True,auto_suggestion
MATCH_8521,M3448,S4686,44.0,2026-04-28 11:22:15.415032,pending,71.0,False,specific_request
MATCH_8522,M1855,S3703,57.67,2026-05-04 11:22:15.415455,pending,,False,specific_request
MATCH_8523,M3809,S3860,44.0,2026-05-03 11:22:15.415878,rejected,61.0,True,specific_request
MATCH_8524,ALUMNI_M3829,S2407,55.0,2026-04-24 11:22:15.416299,rejected,,False,specific_request
MATCH_8525,M1701,S4891,46.0,2026-04-21 11:22:15.416724,accepted,1.0,False,high_compatibility
MATCH_8526,ALUMNI_M1105,S3066,68.5,2026-04-23 11:22:15.417135,pending,,True,auto_suggestion
MATCH_8527,M4651,S4189,44.0,2026-05-01 11:22:15.417555,completed,14.0,True,specific_request
MATCH_8528,ALUMNI_M1078,S2401,57.67,2026-04-20 11:22:15.418023,accepted,32.0,True,auto_suggestion
MATCH_8529,ALUMNI_M4715,S1350,55.0,2026-04-15 11:22:15.418455,rejected,,True,specific_request
MATCH_8530,ALUMNI_M3713,S2380,44.33,2026-04-15 11:22:15.418862,rejected,68.0,True,auto_suggestion
MATCH_8531,ALUMNI_M557,S1402,63.5,2026-04-18 11:22:15.419279,rejected,41.0,False,admin_assigned
MATCH_8532,M3229,S2143,72.5,2026-05-05 11:22:15.419679,pending,,True,auto_suggestion
MATCH_8533,M396,S4667,44.0,2026-04-19 11:22:15.420142,completed,38.0,True,admin_assigned
MATCH_8534,M1436,S1337,68.5,2026-04-20 11:22:15.420547,completed,,True,admin_assigned
MATCH_8535,M3216,S555,68.5,2026-05-04 11:22:15.420974,accepted,55.0,True,auto_suggestion
MATCH_8536,ALUMNI_M2925,S2568,55.0,2026-04-30 11:22:15.421405,accepted,68.0,False,auto_suggestion
MATCH_8537,M3715,S3496,48.0,2026-04-13 11:22:15.421846,pending,6.0,True,specific_request
MATCH_8538,M4582,S1291,51.0,2026-04-14 11:22:15.422279,completed,,False,high_compatibility
MATCH_8539,ALUMNI_M940,S1116,37.33,2026-04-25 11:22:15.425086,accepted,,True,auto_suggestion
MATCH_8540,M2061,S3912,55.0,2026-05-04 11:22:15.425541,rejected,50.0,True,auto_suggestion
MATCH_8541,ALUMNI_M3583,S3518,51.0,2026-04-30 11:22:15.425974,pending,69.0,False,admin_assigned
MATCH_8542,ALUMNI_M1681,S2084,53.0,2026-04-21 11:22:15.426403,completed,43.0,False,admin_assigned
MATCH_8543,ALUMNI_M2749,S1169,39.56,2026-04-26 11:22:15.428897,completed,5.0,True,specific_request
MATCH_8544,M3534,S952,61.5,2026-04-28 11:22:15.429396,completed,66.0,False,auto_suggestion
MATCH_8545,ALUMNI_M3004,S4659,44.0,2026-04-30 11:22:15.429857,rejected,63.0,False,high_compatibility
MATCH_8546,ALUMNI_M5559,S1523,51.0,2026-04-20 11:22:15.430305,pending,,True,admin_assigned
MATCH_8547,ALUMNI_M5478,S3467,50.67,2026-05-06 11:22:15.432753,accepted,27.0,False,high_compatibility
MATCH_8548,ALUMNI_M1683,S4165,44.0,2026-04-22 11:22:15.433278,rejected,,False,admin_assigned
MATCH_8549,ALUMNI_M5263,S530,44.0,2026-04-19 11:22:15.433725,accepted,10.0,True,high_compatibility
MATCH_8550,M555,S2132,41.78,2026-05-06 11:22:15.434154,rejected,52.0,False,admin_assigned
MATCH_8551,ALUMNI_M1310,S4017,57.67,2026-04-20 11:22:15.434566,pending,,True,admin_assigned
MATCH_8552,M2571,S4833,72.5,2026-04-25 11:22:15.435879,accepted,71.0,False,high_compatibility
MATCH_8553,M1620,S427,54.67,2026-04-22 11:22:15.436326,completed,43.0,True,admin_assigned
MATCH_8554,ALUMNI_M566,S1676,68.5,2026-04-29 11:22:15.436774,pending,,True,specific_request
MATCH_8555,ALUMNI_M4405,S2743,41.33,2026-04-14 11:22:15.437214,completed,10.0,True,auto_suggestion
MATCH_8556,ALUMNI_M5232,S717,48.0,2026-04-30 11:22:15.437627,accepted,69.0,False,admin_assigned
MATCH_8557,M2732,S3461,48.0,2026-04-23 11:22:15.438058,rejected,36.0,True,specific_request
MATCH_8558,ALUMNI_M3032,S667,51.0,2026-04-20 11:22:15.438509,completed,26.0,False,auto_suggestion
MATCH_8559,M4877,S3389,61.67,2026-04-26 11:22:15.438954,rejected,,True,auto_suggestion
MATCH_8560,ALUMNI_M3497,S1317,55.0,2026-04-06 11:22:15.439401,rejected,,True,auto_suggestion
MATCH_8561,ALUMNI_M2539,S1945,55.0,2026-04-06 11:22:15.439856,completed,64.0,False,auto_suggestion
MATCH_8562,ALUMNI_M4802,S3234,44.0,2026-05-06 11:22:15.440315,accepted,,True,admin_assigned
MATCH_8563,ALUMNI_M192,S4622,55.0,2026-04-08 11:22:15.440753,completed,52.0,True,high_compatibility
MATCH_8564,M483,S351,46.0,2026-04-15 11:22:15.441180,rejected,61.0,True,auto_suggestion
MATCH_8565,M2163,S1018,51.0,2026-04-10 11:22:15.441617,rejected,46.0,False,specific_request
MATCH_8566,M2123,S2157,72.5,2026-04-18 11:22:15.442060,completed,,True,admin_assigned
MATCH_8567,M4754,S3600,51.0,2026-04-20 11:22:15.442491,completed,,False,auto_suggestion
MATCH_8568,M822,S2450,42.57,2026-04-13 11:22:15.442922,accepted,10.0,False,admin_assigned
MATCH_8569,ALUMNI_M452,S1433,44.0,2026-05-05 11:22:15.443367,pending,62.0,True,auto_suggestion
MATCH_8570,ALUMNI_M5995,S4855,61.5,2026-04-27 11:22:15.445252,completed,,True,specific_request
MATCH_8571,ALUMNI_M3189,S3034,51.0,2026-05-06 11:22:15.445693,accepted,25.0,False,specific_request
MATCH_8572,ALUMNI_M1503,S3665,44.0,2026-04-29 11:22:15.446144,rejected,26.0,True,specific_request
MATCH_8573,ALUMNI_M1429,S2779,44.0,2026-04-19 11:22:15.446549,rejected,44.0,True,high_compatibility
MATCH_8574,M4872,S1601,51.0,2026-04-29 11:22:15.446986,accepted,28.0,True,admin_assigned
MATCH_8575,M1039,S1946,51.0,2026-04-29 11:22:15.447410,pending,,False,high_compatibility
MATCH_8576,M2130,S577,51.0,2026-04-09 11:22:15.447845,pending,,True,auto_suggestion
MATCH_8577,ALUMNI_M3480,S2090,68.5,2026-04-09 11:22:15.448240,completed,58.0,False,auto_suggestion
MATCH_8578,ALUMNI_M1741,S4938,51.0,2026-04-19 11:22:15.448616,accepted,,True,auto_suggestion
MATCH_8579,M2800,S4400,61.5,2026-04-09 11:22:15.449037,rejected,32.0,True,specific_request
MATCH_8580,M1091,S1286,44.0,2026-04-15 11:22:15.449532,accepted,,False,specific_request
MATCH_8581,ALUMNI_M3656,S3372,48.0,2026-04-14 11:22:15.449976,pending,1.0,True,admin_assigned
MATCH_8582,ALUMNI_M304,S2517,55.0,2026-04-22 11:22:15.450397,accepted,5.0,True,high_compatibility
MATCH_8583,ALUMNI_M3324,S592,55.0,2026-04-11 11:22:15.450813,accepted,26.0,False,auto_suggestion
MATCH_8584,M2837,S2276,51.0,2026-04-09 11:22:15.451208,accepted,48.0,False,admin_assigned
MATCH_8585,M1964,S702,51.0,2026-05-03 11:22:15.451608,completed,,False,high_compatibility
MATCH_8586,ALUMNI_M1925,S377,57.67,2026-04-14 11:22:15.452018,pending,64.0,True,admin_assigned
MATCH_8587,ALUMNI_M4446,S767,68.5,2026-04-19 11:22:15.452397,completed,,False,admin_assigned
MATCH_8588,M3507,S2103,51.0,2026-04-13 11:22:15.452823,completed,54.0,True,high_compatibility
MATCH_8589,ALUMNI_M157,S3978,51.0,2026-04-08 11:22:15.453241,pending,33.0,True,high_compatibility
MATCH_8590,M3831,S3371,55.0,2026-04-19 11:22:15.453640,accepted,26.0,True,admin_assigned
MATCH_8591,ALUMNI_M5023,S969,44.0,2026-04-17 11:22:15.454072,pending,,False,high_compatibility
MATCH_8592,ALUMNI_M4821,S4769,44.0,2026-05-05 11:22:15.454476,completed,23.0,True,auto_suggestion
MATCH_8593,M1374,S3797,51.0,2026-05-02 11:22:15.454872,accepted,12.0,True,high_compatibility
MATCH_8594,ALUMNI_M4230,S552,41.78,2026-05-04 11:22:15.455276,pending,59.0,False,high_compatibility
MATCH_8595,ALUMNI_M5714,S866,51.0,2026-04-17 11:22:15.455659,pending,,False,auto_suggestion
MATCH_8596,ALUMNI_M2481,S591,51.0,2026-04-08 11:22:15.456094,rejected,6.0,True,admin_assigned
MATCH_8597,ALUMNI_M4450,S138,44.0,2026-04-28 11:22:15.456515,pending,27.0,False,high_compatibility
MATCH_8598,ALUMNI_M1841,S3754,51.0,2026-04-14 11:22:15.456936,accepted,14.0,False,high_compatibility
MATCH_8599,ALUMNI_M5883,S3473,58.81,2026-04-19 11:22:15.457350,rejected,,False,specific_request
MATCH_8600,ALUMNI_M1114,S1855,70.83,2026-04-16 11:22:15.457788,accepted,65.0,True,specific_request
MATCH_8601,ALUMNI_M5624,S2087,57.67,2026-05-04 11:22:15.458196,completed,36.0,False,auto_suggestion
MATCH_8602,ALUMNI_M4969,S3365,48.67,2026-04-28 11:22:15.458601,accepted,47.0,True,admin_assigned
MATCH_8603,M4593,S4434,51.0,2026-05-05 11:22:15.459018,rejected,32.0,True,auto_suggestion
MATCH_8604,ALUMNI_M4911,S3501,48.0,2026-05-03 11:22:15.459505,accepted,31.0,False,admin_assigned
MATCH_8605,ALUMNI_M4285,S94,44.0,2026-04-07 11:22:15.459936,accepted,16.0,False,admin_assigned
MATCH_8606,M3517,S4473,75.17,2026-04-27 11:22:15.460352,accepted,38.0,False,specific_request
MATCH_8607,ALUMNI_M2768,S1452,68.5,2026-04-24 11:22:15.462718,accepted,49.0,False,auto_suggestion
MATCH_8608,ALUMNI_M2250,S1197,50.67,2026-05-05 11:22:15.463219,accepted,,False,auto_suggestion
MATCH_8609,M4050,S4004,51.0,2026-04-07 11:22:15.463637,rejected,19.0,True,specific_request
MATCH_8610,M4077,S2206,44.0,2026-04-21 11:22:15.464073,accepted,,False,auto_suggestion
MATCH_8611,M1899,S367,44.0,2026-05-06 11:22:15.464477,rejected,51.0,True,specific_request
MATCH_8612,ALUMNI_M4360,S4619,68.5,2026-04-28 11:22:15.464874,accepted,22.0,False,auto_suggestion
MATCH_8613,ALUMNI_M4365,S4827,51.0,2026-04-17 11:22:15.465284,accepted,50.0,False,specific_request
MATCH_8614,M3161,S594,44.0,2026-04-07 11:22:15.465741,accepted,59.0,False,high_compatibility
MATCH_8615,M1211,S2469,68.5,2026-05-01 11:22:15.466162,completed,24.0,True,specific_request
MATCH_8616,M2390,S1380,55.0,2026-04-14 11:22:15.466582,rejected,60.0,True,admin_assigned
MATCH_8617,M1740,S3377,51.0,2026-04-18 11:22:15.467014,completed,,True,auto_suggestion
MATCH_8618,ALUMNI_M1595,S1652,55.0,2026-04-09 11:22:15.467419,accepted,42.0,True,high_compatibility
MATCH_8619,ALUMNI_M600,S333,51.0,2026-04-24 11:22:15.467867,rejected,26.0,False,high_compatibility
MATCH_8620,M3496,S74,51.0,2026-04-23 11:22:15.468270,rejected,67.0,False,high_compatibility
MATCH_8621,M4643,S4231,51.0,2026-04-19 11:22:15.468657,accepted,,False,high_compatibility
MATCH_8622,ALUMNI_M1752,S4456,60.72,2026-04-19 11:22:15.469071,accepted,63.0,False,specific_request
MATCH_8623,ALUMNI_M3390,S2310,53.33,2026-04-26 11:22:15.469487,completed,34.0,True,admin_assigned
MATCH_8624,ALUMNI_M2569,S4717,44.0,2026-04-26 11:22:15.469917,rejected,46.0,True,auto_suggestion
MATCH_8625,M223,S3524,51.0,2026-05-06 11:22:15.470359,completed,70.0,True,specific_request
MATCH_8626,ALUMNI_M4919,S2073,44.0,2026-04-24 11:22:15.470790,accepted,50.0,True,specific_request
MATCH_8627,ALUMNI_M1510,S3305,65.5,2026-04-13 11:22:15.471191,accepted,5.0,False,specific_request
MATCH_8628,ALUMNI_M4453,S4892,48.0,2026-04-25 11:22:15.471586,pending,8.0,True,auto_suggestion
MATCH_8629,ALUMNI_M5782,S2298,44.0,2026-04-07 11:22:15.471998,completed,51.0,False,admin_assigned
MATCH_8630,M824,S4238,51.0,2026-04-15 11:22:15.472494,rejected,38.0,False,high_compatibility
MATCH_8631,ALUMNI_M1420,S4945,55.0,2026-04-24 11:22:15.472949,pending,15.0,False,auto_suggestion
MATCH_8632,M2407,S4637,51.0,2026-05-02 11:22:15.473353,rejected,3.0,False,admin_assigned
MATCH_8633,ALUMNI_M2126,S631,55.42,2026-04-26 11:22:15.473759,rejected,3.0,True,specific_request
MATCH_8634,ALUMNI_M769,S1402,51.0,2026-04-29 11:22:15.474179,pending,,False,high_compatibility
MATCH_8635,ALUMNI_M2011,S3034,51.0,2026-04-09 11:22:15.474576,completed,21.0,True,auto_suggestion
MATCH_8636,ALUMNI_M2608,S4342,66.0,2026-04-22 11:22:15.474985,completed,7.0,False,auto_suggestion
MATCH_8637,M3442,S3356,44.0,2026-04-16 11:22:15.475383,accepted,,True,high_compatibility
MATCH_8638,M1972,S4609,55.0,2026-04-21 11:22:15.475791,completed,,False,high_compatibility
MATCH_8639,ALUMNI_M4509,S1849,55.0,2026-04-06 11:22:15.476200,rejected,,False,auto_suggestion
MATCH_8640,M206,S393,51.0,2026-04-23 11:22:15.476601,rejected,62.0,False,high_compatibility
MATCH_8641,M4030,S50,51.0,2026-05-03 11:22:15.477022,rejected,25.0,False,specific_request
MATCH_8642,ALUMNI_M2637,S3496,38.0,2026-05-02 11:22:15.477413,pending,46.0,True,specific_request
MATCH_8643,ALUMNI_M4152,S1029,55.0,2026-05-04 11:22:15.477833,completed,28.0,True,high_compatibility
MATCH_8644,ALUMNI_M4223,S3713,61.5,2026-04-29 11:22:15.478223,accepted,21.0,False,admin_assigned
MATCH_8645,M3904,S2224,51.0,2026-04-27 11:22:15.478616,rejected,38.0,True,admin_assigned
MATCH_8646,M4494,S3360,40.67,2026-04-20 11:22:15.481114,completed,68.0,False,auto_suggestion
MATCH_8647,ALUMNI_M4631,S3168,44.0,2026-04-20 11:22:15.481546,pending,,True,high_compatibility
MATCH_8648,M3349,S3414,48.0,2026-04-14 11:22:15.481981,accepted,65.0,True,specific_request
MATCH_8649,M4995,S1763,44.33,2026-04-20 11:22:15.482405,rejected,59.0,True,admin_assigned
MATCH_8650,M3029,S1480,44.0,2026-04-26 11:22:15.484915,rejected,,True,high_compatibility
MATCH_8651,ALUMNI_M940,S3645,51.0,2026-04-19 11:22:15.485352,rejected,43.0,False,high_compatibility
MATCH_8652,ALUMNI_M3119,S1,51.0,2026-04-24 11:22:15.485764,rejected,43.0,False,specific_request
MATCH_8653,ALUMNI_M1408,S2254,39.56,2026-04-17 11:22:15.486195,rejected,14.0,False,auto_suggestion
MATCH_8654,ALUMNI_M2407,S4745,51.0,2026-04-20 11:22:15.486600,accepted,44.0,True,admin_assigned
MATCH_8655,ALUMNI_M2947,S2488,66.94,2026-05-03 11:22:15.489132,completed,71.0,False,admin_assigned
MATCH_8656,ALUMNI_M4508,S2801,44.0,2026-04-29 11:22:15.489546,pending,43.0,True,auto_suggestion
MATCH_8657,ALUMNI_M2841,S2356,51.0,2026-04-06 11:22:15.489986,pending,49.0,True,auto_suggestion
MATCH_8658,ALUMNI_M2221,S304,48.0,2026-04-11 11:22:15.490510,completed,23.0,False,admin_assigned
MATCH_8659,M540,S4871,44.0,2026-05-02 11:22:15.493023,accepted,9.0,False,auto_suggestion
MATCH_8660,ALUMNI_M2660,S4143,48.0,2026-04-20 11:22:15.493438,rejected,,False,auto_suggestion
MATCH_8661,ALUMNI_M3566,S1071,68.5,2026-04-07 11:22:15.493858,accepted,,True,high_compatibility
MATCH_8662,M2228,S3666,65.5,2026-04-20 11:22:15.494280,accepted,,True,auto_suggestion
MATCH_8663,M2808,S1963,42.57,2026-05-05 11:22:15.494683,pending,39.0,False,high_compatibility
MATCH_8664,ALUMNI_M2291,S3556,51.0,2026-04-09 11:22:15.497228,completed,27.0,True,auto_suggestion
MATCH_8665,M4507,S3717,44.0,2026-04-30 11:22:15.497638,accepted,3.0,True,specific_request
MATCH_8666,M2268,S116,51.0,2026-04-24 11:22:15.498064,pending,,True,high_compatibility
MATCH_8667,ALUMNI_M2316,S3577,55.0,2026-04-30 11:22:15.498489,accepted,,False,admin_assigned
MATCH_8668,M1395,S1173,44.0,2026-04-12 11:22:15.500994,pending,20.0,True,specific_request
MATCH_8669,ALUMNI_M3575,S743,48.0,2026-04-13 11:22:15.501417,accepted,,False,high_compatibility
MATCH_8670,ALUMNI_M2544,S3542,51.0,2026-04-12 11:22:15.501830,rejected,19.0,False,auto_suggestion
MATCH_8671,ALUMNI_M839,S1336,48.0,2026-04-27 11:22:15.502260,completed,36.0,False,admin_assigned
MATCH_8672,ALUMNI_M4602,S2600,40.67,2026-04-22 11:22:15.502673,completed,,True,high_compatibility
MATCH_8673,ALUMNI_M5144,S1116,72.5,2026-04-10 11:22:15.505185,pending,55.0,True,admin_assigned
MATCH_8674,ALUMNI_M4398,S221,65.5,2026-04-17 11:22:15.505596,pending,,False,high_compatibility
MATCH_8675,ALUMNI_M3272,S3095,50.67,2026-04-08 11:22:15.506022,accepted,31.0,True,admin_assigned
MATCH_8676,ALUMNI_M2170,S2141,55.0,2026-05-03 11:22:15.506465,pending,,True,auto_suggestion
MATCH_8677,M4648,S2976,44.0,2026-04-08 11:22:15.508955,pending,3.0,False,admin_assigned
MATCH_8678,ALUMNI_M5473,S4704,48.0,2026-04-23 11:22:15.509382,pending,50.0,False,high_compatibility
MATCH_8679,M542,S4167,44.0,2026-04-16 11:22:15.509809,rejected,6.0,False,admin_assigned
MATCH_8680,M2178,S1017,72.5,2026-04-14 11:22:15.510275,rejected,,False,high_compatibility
MATCH_8681,ALUMNI_M4618,S4452,44.0,2026-04-22 11:22:15.510695,pending,,False,high_compatibility
MATCH_8682,ALUMNI_M5236,S499,51.0,2026-05-04 11:22:15.515197,rejected,34.0,True,high_compatibility
MATCH_8683,ALUMNI_M714,S439,38.0,2026-04-08 11:22:15.515623,accepted,15.0,False,admin_assigned
MATCH_8684,ALUMNI_M3729,S725,68.5,2026-05-04 11:22:15.516072,pending,,False,auto_suggestion
MATCH_8685,M4227,S497,55.0,2026-04-07 11:22:15.516491,completed,46.0,True,high_compatibility
MATCH_8686,ALUMNI_M4195,S4730,46.0,2026-04-08 11:22:15.520999,accepted,52.0,True,specific_request
MATCH_8687,ALUMNI_M4231,S2202,44.0,2026-04-19 11:22:15.521551,completed,48.0,False,auto_suggestion
MATCH_8688,ALUMNI_M2575,S4066,48.0,2026-04-06 11:22:15.521996,rejected,16.0,False,auto_suggestion
MATCH_8689,ALUMNI_M2907,S3139,51.0,2026-05-06 11:22:15.522432,completed,42.0,False,auto_suggestion
MATCH_8690,ALUMNI_M3614,S3535,51.0,2026-05-02 11:22:15.526925,accepted,61.0,True,admin_assigned
MATCH_8691,ALUMNI_M3121,S1138,51.0,2026-04-16 11:22:15.527409,accepted,2.0,True,admin_assigned
MATCH_8692,M2410,S3222,44.0,2026-04-20 11:22:15.527893,accepted,,False,high_compatibility
MATCH_8693,M338,S5,51.0,2026-04-27 11:22:15.528332,completed,3.0,True,admin_assigned
MATCH_8694,ALUMNI_M3270,S4975,51.0,2026-04-14 11:22:15.531805,accepted,,False,specific_request
MATCH_8695,M857,S3033,44.0,2026-04-19 11:22:15.532269,pending,,False,auto_suggestion
MATCH_8696,ALUMNI_M5927,S4852,44.0,2026-04-11 11:22:15.532684,accepted,10.0,True,admin_assigned
MATCH_8697,ALUMNI_M733,S1125,51.0,2026-04-28 11:22:15.533147,accepted,16.0,True,auto_suggestion
MATCH_8698,ALUMNI_M3132,S1840,57.67,2026-04-21 11:22:15.533575,pending,7.0,False,high_compatibility
MATCH_8699,M3065,S2304,51.0,2026-04-16 11:22:15.536979,rejected,22.0,True,auto_suggestion
MATCH_8700,M1957,S2718,48.0,2026-04-12 11:22:15.537427,pending,3.0,False,admin_assigned
MATCH_8701,ALUMNI_M2436,S3737,50.67,2026-04-15 11:22:15.537904,completed,62.0,True,admin_assigned
MATCH_8702,M2512,S1020,55.0,2026-05-06 11:22:15.538398,accepted,,True,auto_suggestion
MATCH_8703,ALUMNI_M5129,S2889,51.0,2026-04-17 11:22:15.538859,completed,,True,high_compatibility
MATCH_8704,M1144,S4439,68.5,2026-05-02 11:22:15.539333,accepted,7.0,True,admin_assigned
MATCH_8705,ALUMNI_M2988,S4522,46.89,2026-04-27 11:22:15.539792,rejected,35.0,True,high_compatibility
MATCH_8706,ALUMNI_M4006,S2645,48.0,2026-05-03 11:22:15.540223,accepted,14.0,True,high_compatibility
MATCH_8707,M2757,S3342,51.0,2026-04-28 11:22:15.540626,pending,64.0,True,admin_assigned
MATCH_8708,ALUMNI_M505,S1819,51.0,2026-04-27 11:22:15.541064,accepted,14.0,False,high_compatibility
MATCH_8709,ALUMNI_M4563,S1617,60.72,2026-04-17 11:22:15.541486,rejected,38.0,True,admin_assigned
MATCH_8710,ALUMNI_M282,S2665,62.94,2026-04-15 11:22:15.541935,rejected,10.0,True,high_compatibility
MATCH_8711,ALUMNI_M4492,S2963,44.0,2026-04-24 11:22:15.542366,accepted,40.0,True,admin_assigned
MATCH_8712,ALUMNI_M2105,S2633,44.0,2026-04-18 11:22:15.542831,pending,66.0,True,admin_assigned
MATCH_8713,M153,S3666,44.0,2026-04-30 11:22:15.543302,completed,54.0,False,specific_request
MATCH_8714,M2830,S1898,48.0,2026-04-12 11:22:15.543754,completed,2.0,False,specific_request
MATCH_8715,ALUMNI_M3098,S3057,54.67,2026-04-19 11:22:15.544193,completed,31.0,True,specific_request
MATCH_8716,ALUMNI_M3198,S2323,68.5,2026-04-22 11:22:15.544600,pending,,False,high_compatibility
MATCH_8717,ALUMNI_M2374,S718,44.0,2026-05-04 11:22:15.545013,completed,,False,auto_suggestion
MATCH_8718,ALUMNI_M1884,S2898,44.0,2026-05-06 11:22:15.545424,accepted,45.0,False,specific_request
MATCH_8719,ALUMNI_M2351,S762,55.0,2026-04-12 11:22:15.545828,completed,27.0,True,auto_suggestion
MATCH_8720,ALUMNI_M2657,S2333,39.71,2026-05-02 11:22:15.546290,accepted,39.0,True,specific_request
MATCH_8721,M3827,S2570,59.0,2026-04-16 11:22:15.546711,pending,,True,admin_assigned
MATCH_8722,M4723,S1930,57.67,2026-04-13 11:22:15.547157,completed,66.0,True,specific_request
MATCH_8723,M1364,S3455,72.5,2026-04-14 11:22:15.547588,rejected,34.0,True,admin_assigned
MATCH_8724,ALUMNI_M1786,S3910,51.0,2026-04-09 11:22:15.548028,rejected,,True,high_compatibility
MATCH_8725,M1681,S4591,45.5,2026-04-14 11:22:15.548462,accepted,10.0,False,specific_request
MATCH_8726,ALUMNI_M1692,S3236,61.5,2026-04-24 11:22:15.548886,pending,,True,high_compatibility
MATCH_8727,ALUMNI_M4986,S1694,51.0,2026-05-06 11:22:15.549319,completed,32.0,False,auto_suggestion
MATCH_8728,M2203,S2744,51.0,2026-04-18 11:22:15.549787,completed,19.0,False,specific_request
MATCH_8729,M88,S2705,51.0,2026-05-05 11:22:15.550255,completed,,False,specific_request
MATCH_8730,M1363,S3302,68.5,2026-04-11 11:22:15.550695,accepted,,False,admin_assigned
MATCH_8731,ALUMNI_M1501,S3964,43.5,2026-04-20 11:22:15.551177,rejected,,False,specific_request
MATCH_8732,M1637,S1830,61.5,2026-04-14 11:22:15.551606,completed,49.0,False,high_compatibility
MATCH_8733,M4848,S2295,44.0,2026-04-22 11:22:15.552237,accepted,20.0,True,admin_assigned
MATCH_8734,M1227,S1518,48.0,2026-05-03 11:22:15.552660,pending,36.0,False,high_compatibility
MATCH_8735,M208,S4435,51.0,2026-05-06 11:22:15.553108,completed,47.0,False,specific_request
MATCH_8736,ALUMNI_M1911,S3538,40.0,2026-04-21 11:22:15.553524,pending,38.0,False,high_compatibility
MATCH_8737,M1190,S2481,48.0,2026-05-03 11:22:15.555754,pending,,False,auto_suggestion
MATCH_8738,M2642,S1348,55.0,2026-05-06 11:22:15.556247,accepted,17.0,True,high_compatibility
MATCH_8739,M2764,S538,68.5,2026-05-04 11:22:15.556685,completed,46.0,True,auto_suggestion
MATCH_8740,M3488,S3421,47.25,2026-04-25 11:22:15.557177,rejected,7.0,False,high_compatibility
MATCH_8741,M4889,S3028,51.0,2026-04-27 11:22:15.557597,accepted,27.0,True,high_compatibility
MATCH_8742,ALUMNI_M4001,S384,42.57,2026-04-25 11:22:15.558056,accepted,34.0,False,specific_request
MATCH_8743,M1964,S4353,72.5,2026-04-29 11:22:15.558491,pending,43.0,True,high_compatibility
MATCH_8744,ALUMNI_M1087,S4929,51.0,2026-04-11 11:22:15.559729,rejected,51.0,True,high_compatibility
MATCH_8745,M1341,S4573,44.0,2026-04-23 11:22:15.560185,rejected,22.0,False,specific_request
MATCH_8746,ALUMNI_M3790,S187,44.0,2026-04-10 11:22:15.560616,rejected,19.0,True,auto_suggestion
MATCH_8747,ALUMNI_M1622,S4034,48.0,2026-05-04 11:22:15.561067,rejected,58.0,False,auto_suggestion
MATCH_8748,M2632,S3446,44.0,2026-04-30 11:22:15.561495,accepted,42.0,True,admin_assigned
MATCH_8749,M4895,S2239,68.5,2026-04-28 11:22:15.561967,pending,33.0,True,admin_assigned
MATCH_8750,ALUMNI_M5933,S3571,51.0,2026-04-06 11:22:15.562415,rejected,40.0,True,auto_suggestion
MATCH_8751,ALUMNI_M406,S3384,44.0,2026-04-23 11:22:15.562888,rejected,62.0,True,auto_suggestion
MATCH_8752,M2008,S1373,69.17,2026-05-01 11:22:15.563384,rejected,54.0,True,auto_suggestion
MATCH_8753,M4719,S3442,48.0,2026-04-28 11:22:15.563843,completed,,True,auto_suggestion
MATCH_8754,M3523,S464,51.0,2026-04-19 11:22:15.564289,pending,15.0,False,auto_suggestion
MATCH_8755,M2570,S2134,51.0,2026-04-19 11:22:15.564734,accepted,,False,auto_suggestion
MATCH_8756,M2988,S410,48.0,2026-04-30 11:22:15.565174,accepted,12.0,False,auto_suggestion
MATCH_8757,ALUMNI_M17,S1561,55.0,2026-04-30 11:22:15.565609,completed,10.0,False,admin_assigned
MATCH_8758,ALUMNI_M1246,S4147,44.0,2026-04-20 11:22:15.566060,pending,40.0,True,high_compatibility
MATCH_8759,M3854,S1878,51.0,2026-05-03 11:22:15.568159,pending,,False,high_compatibility
MATCH_8760,M2432,S4911,61.5,2026-04-19 11:22:15.572536,pending,,True,high_compatibility
MATCH_8761,ALUMNI_M5570,S4462,44.0,2026-04-22 11:22:15.573303,accepted,20.0,False,auto_suggestion
MATCH_8762,M2482,S390,44.0,2026-04-08 11:22:15.573975,pending,25.0,False,auto_suggestion
MATCH_8763,M2224,S431,68.5,2026-04-25 11:22:15.574472,rejected,39.0,False,admin_assigned
MATCH_8764,ALUMNI_M5363,S2011,44.0,2026-04-10 11:22:15.574986,rejected,54.0,False,specific_request
MATCH_8765,M830,S290,51.0,2026-04-26 11:22:15.575451,accepted,29.0,True,high_compatibility
MATCH_8766,ALUMNI_M3320,S1566,51.0,2026-04-21 11:22:15.575932,completed,9.0,False,high_compatibility
MATCH_8767,ALUMNI_M5839,S2325,51.0,2026-04-15 11:22:15.577467,rejected,,True,specific_request
MATCH_8768,M4130,S2373,48.0,2026-04-21 11:22:15.577920,pending,,True,high_compatibility
MATCH_8769,ALUMNI_M999,S2196,57.67,2026-04-14 11:22:15.578362,rejected,56.0,True,admin_assigned
MATCH_8770,M1404,S3323,44.0,2026-04-09 11:22:15.581398,completed,36.0,True,high_compatibility
MATCH_8771,M2546,S1370,65.17,2026-04-24 11:22:15.581922,rejected,,True,auto_suggestion
MATCH_8772,ALUMNI_M3449,S2383,42.89,2026-05-01 11:22:15.582334,completed,65.0,False,high_compatibility
MATCH_8773,ALUMNI_M1647,S4435,51.0,2026-05-06 11:22:15.584809,completed,,False,high_compatibility
MATCH_8774,ALUMNI_M5056,S4146,51.0,2026-04-19 11:22:15.585312,completed,49.0,True,auto_suggestion
MATCH_8775,M948,S3840,44.0,2026-04-11 11:22:15.585756,accepted,16.0,True,specific_request
MATCH_8776,ALUMNI_M1541,S2557,51.0,2026-04-28 11:22:15.586187,rejected,44.0,True,admin_assigned
MATCH_8777,ALUMNI_M4051,S2154,44.0,2026-04-24 11:22:15.586600,pending,,True,auto_suggestion
MATCH_8778,ALUMNI_M2506,S2042,51.0,2026-04-26 11:22:15.588599,pending,65.0,True,admin_assigned
MATCH_8779,ALUMNI_M4280,S4440,48.0,2026-05-01 11:22:15.589070,accepted,,True,specific_request
MATCH_8780,M4155,S3986,44.0,2026-04-08 11:22:15.589524,rejected,,False,auto_suggestion
MATCH_8781,ALUMNI_M4894,S4345,48.0,2026-04-18 11:22:15.592047,completed,,False,specific_request
MATCH_8782,M2134,S4298,51.0,2026-04-28 11:22:15.592503,rejected,42.0,False,high_compatibility
MATCH_8783,ALUMNI_M3105,S637,42.29,2026-04-21 11:22:15.592945,accepted,,True,high_compatibility
MATCH_8784,M405,S3024,44.0,2026-05-06 11:22:15.593396,pending,,True,specific_request
MATCH_8785,M3895,S2949,68.5,2026-05-04 11:22:15.597917,pending,58.0,True,high_compatibility
MATCH_8786,M800,S2368,50.67,2026-05-02 11:22:15.598395,pending,44.0,True,auto_suggestion
MATCH_8787,M2954,S1009,44.0,2026-05-01 11:22:15.599495,accepted,25.0,False,specific_request
MATCH_8788,ALUMNI_M1797,S4838,44.0,2026-04-30 11:22:15.602045,completed,51.0,True,admin_assigned
MATCH_8789,ALUMNI_M5629,S3478,48.0,2026-04-25 11:22:15.602479,accepted,16.0,True,specific_request
MATCH_8790,M1035,S4607,44.0,2026-04-27 11:22:15.605055,completed,47.0,True,specific_request
MATCH_8791,ALUMNI_M2242,S3865,48.0,2026-04-09 11:22:15.605503,rejected,7.0,True,admin_assigned
MATCH_8792,ALUMNI_M2227,S4560,72.5,2026-04-18 11:22:15.612539,accepted,,False,admin_assigned
MATCH_8793,ALUMNI_M4602,S4043,40.5,2026-04-07 11:22:15.613208,completed,65.0,False,admin_assigned
MATCH_8794,M2537,S1126,48.0,2026-04-12 11:22:15.613561,rejected,27.0,True,specific_request
MATCH_8795,M2419,S300,48.0,2026-04-18 11:22:15.613960,accepted,55.0,False,specific_request
MATCH_8796,M1304,S1540,55.0,2026-04-12 11:22:15.616681,rejected,3.0,False,auto_suggestion
MATCH_8797,ALUMNI_M4906,S1138,51.0,2026-04-20 11:22:15.617172,completed,30.0,False,admin_assigned
MATCH_8798,M2397,S4171,44.0,2026-04-22 11:22:15.617576,rejected,71.0,False,admin_assigned
MATCH_8799,M3211,S414,42.57,2026-04-11 11:22:15.622091,completed,,False,specific_request
MATCH_8800,ALUMNI_M2030,S4656,51.0,2026-04-09 11:22:15.622464,rejected,63.0,False,high_compatibility
MATCH_8801,ALUMNI_M3006,S3914,51.0,2026-04-29 11:22:15.625920,pending,,False,auto_suggestion
MATCH_8802,ALUMNI_M1078,S3514,51.0,2026-04-10 11:22:15.626366,rejected,,True,specific_request
MATCH_8803,M4623,S2917,55.0,2026-05-03 11:22:15.629658,rejected,39.0,False,high_compatibility
MATCH_8804,ALUMNI_M752,S3033,51.0,2026-04-11 11:22:15.630483,pending,24.0,True,high_compatibility
MATCH_8805,ALUMNI_M5300,S785,51.0,2026-05-04 11:22:15.630979,accepted,69.0,True,admin_assigned
MATCH_8806,ALUMNI_M2145,S2336,51.0,2026-04-13 11:22:15.631351,rejected,17.0,True,admin_assigned
MATCH_8807,ALUMNI_M4076,S3039,55.0,2026-04-16 11:22:15.633036,completed,46.0,True,specific_request
MATCH_8808,ALUMNI_M4625,S1860,51.0,2026-04-08 11:22:15.635397,rejected,,False,admin_assigned
MATCH_8809,ALUMNI_M5513,S3729,48.0,2026-04-30 11:22:15.635890,rejected,34.0,False,admin_assigned
MATCH_8810,M2759,S160,44.0,2026-04-29 11:22:15.636273,rejected,26.0,False,specific_request
MATCH_8811,M3906,S91,36.86,2026-05-03 11:22:15.636623,completed,49.0,True,high_compatibility
MATCH_8812,M1584,S4646,51.0,2026-04-20 11:22:15.639611,rejected,28.0,True,admin_assigned
MATCH_8813,ALUMNI_M2334,S1069,60.39,2026-04-27 11:22:15.643221,pending,,False,high_compatibility
MATCH_8814,M4466,S4530,44.0,2026-04-09 11:22:15.643771,pending,52.0,False,specific_request
MATCH_8815,M3460,S1510,68.5,2026-04-09 11:22:15.644233,rejected,39.0,False,high_compatibility
MATCH_8816,ALUMNI_M2475,S126,55.0,2026-05-02 11:22:15.644673,completed,,False,specific_request
MATCH_8817,M851,S3943,44.0,2026-04-08 11:22:15.645109,completed,,True,specific_request
MATCH_8818,M1406,S1481,46.0,2026-04-20 11:22:15.645595,rejected,42.0,True,specific_request
MATCH_8819,M265,S3,65.5,2026-04-26 11:22:15.648098,pending,61.0,False,high_compatibility
MATCH_8820,ALUMNI_M252,S339,44.0,2026-04-17 11:22:15.648743,completed,48.0,True,auto_suggestion
MATCH_8821,ALUMNI_M5917,S199,44.0,2026-04-09 11:22:15.649162,accepted,52.0,False,specific_request
MATCH_8822,M339,S836,38.44,2026-04-19 11:22:15.651830,pending,47.0,False,specific_request
MATCH_8823,M2056,S2978,51.0,2026-04-21 11:22:15.652273,pending,57.0,True,specific_request
MATCH_8824,M1897,S1549,51.0,2026-05-06 11:22:15.652638,accepted,40.0,True,admin_assigned
MATCH_8825,ALUMNI_M5470,S2068,51.0,2026-05-04 11:22:15.655241,accepted,45.0,True,specific_request
MATCH_8826,M1936,S2232,43.86,2026-05-04 11:22:15.655650,accepted,20.0,True,admin_assigned
MATCH_8827,M1456,S2922,44.0,2026-05-02 11:22:15.656095,completed,2.0,False,auto_suggestion
MATCH_8828,ALUMNI_M3870,S3588,51.0,2026-04-18 11:22:15.656500,accepted,20.0,True,high_compatibility
MATCH_8829,M758,S3604,48.0,2026-04-28 11:22:15.663057,rejected,36.0,True,admin_assigned
MATCH_8830,ALUMNI_M3207,S495,51.0,2026-04-15 11:22:15.663522,completed,2.0,False,admin_assigned
MATCH_8831,ALUMNI_M1846,S4377,55.0,2026-04-14 11:22:15.663971,pending,20.0,False,admin_assigned
MATCH_8832,ALUMNI_M5422,S4638,51.0,2026-04-09 11:22:15.664390,rejected,66.0,False,high_compatibility
MATCH_8833,ALUMNI_M98,S4425,44.0,2026-04-18 11:22:15.668834,rejected,14.0,True,high_compatibility
MATCH_8834,M3249,S1811,44.0,2026-04-12 11:22:15.669310,pending,28.0,False,specific_request
MATCH_8835,M2544,S2536,55.0,2026-04-15 11:22:15.669698,pending,43.0,True,auto_suggestion
MATCH_8836,ALUMNI_M603,S2234,65.5,2026-04-29 11:22:15.670135,pending,,False,auto_suggestion
MATCH_8837,M3809,S2021,75.17,2026-04-17 11:22:15.670534,completed,55.0,True,admin_assigned
MATCH_8838,M1795,S636,51.0,2026-04-19 11:22:15.679597,rejected,,False,specific_request
MATCH_8839,ALUMNI_M3845,S4786,48.0,2026-05-03 11:22:15.680100,rejected,69.0,False,specific_request
MATCH_8840,M819,S367,44.0,2026-05-02 11:22:15.680543,accepted,12.0,False,high_compatibility
MATCH_8841,ALUMNI_M3672,S4389,48.0,2026-04-11 11:22:15.685102,pending,,True,high_compatibility
MATCH_8842,ALUMNI_M3975,S4222,51.0,2026-04-15 11:22:15.685507,accepted,8.0,False,admin_assigned
MATCH_8843,M1547,S2798,68.5,2026-05-04 11:22:15.685895,pending,50.0,False,auto_suggestion
MATCH_8844,ALUMNI_M5158,S631,61.67,2026-04-09 11:22:15.686262,completed,62.0,False,auto_suggestion
MATCH_8845,M2243,S1516,44.0,2026-04-12 11:22:15.686608,completed,18.0,True,specific_request
MATCH_8846,ALUMNI_M3141,S4763,44.0,2026-05-06 11:22:15.690298,accepted,29.0,True,high_compatibility
MATCH_8847,ALUMNI_M148,S1855,46.0,2026-04-07 11:22:15.690684,completed,53.0,False,admin_assigned
MATCH_8848,ALUMNI_M244,S2468,51.0,2026-04-08 11:22:15.692202,pending,,True,admin_assigned
MATCH_8849,M3891,S204,61.5,2026-04-24 11:22:15.692613,pending,10.0,False,high_compatibility
MATCH_8850,ALUMNI_M3549,S3738,42.0,2026-04-20 11:22:15.695108,pending,56.0,True,specific_request
MATCH_8851,M2684,S4430,57.67,2026-04-17 11:22:15.698907,rejected,28.0,False,auto_suggestion
MATCH_8852,M493,S844,51.0,2026-04-06 11:22:15.699334,rejected,,True,high_compatibility
MATCH_8853,ALUMNI_M669,S3315,48.0,2026-04-10 11:22:15.699688,rejected,27.0,False,auto_suggestion
MATCH_8854,M1470,S2902,44.0,2026-05-01 11:22:15.706259,rejected,63.0,False,specific_request
MATCH_8855,ALUMNI_M2134,S2632,44.0,2026-04-11 11:22:15.706656,pending,17.0,True,auto_suggestion
MATCH_8856,M954,S1872,44.0,2026-04-14 11:22:15.707100,accepted,52.0,True,admin_assigned
MATCH_8857,M3580,S3435,61.5,2026-05-06 11:22:15.707565,pending,,False,admin_assigned
MATCH_8858,ALUMNI_M5330,S2838,51.0,2026-05-01 11:22:15.710065,pending,,True,specific_request
MATCH_8859,M529,S216,50.67,2026-04-09 11:22:15.710505,accepted,,False,auto_suggestion
MATCH_8860,ALUMNI_M5993,S3199,61.67,2026-04-06 11:22:15.710938,rejected,54.0,False,specific_request
MATCH_8861,ALUMNI_M1327,S1221,68.5,2026-04-16 11:22:15.711320,accepted,15.0,True,high_compatibility
MATCH_8862,ALUMNI_M380,S1968,55.0,2026-04-07 11:22:15.711697,pending,23.0,True,high_compatibility
MATCH_8863,ALUMNI_M3495,S4386,51.0,2026-04-15 11:22:15.715208,completed,,True,high_compatibility
MATCH_8864,ALUMNI_M2766,S3169,62.5,2026-04-08 11:22:15.715601,completed,70.0,True,admin_assigned
MATCH_8865,ALUMNI_M5869,S942,43.22,2026-04-13 11:22:15.716014,pending,10.0,False,admin_assigned
MATCH_8866,ALUMNI_M4063,S2056,57.67,2026-04-28 11:22:15.716417,pending,29.0,True,high_compatibility
MATCH_8867,ALUMNI_M3273,S3310,51.0,2026-04-18 11:22:15.721952,completed,69.0,False,admin_assigned
MATCH_8868,ALUMNI_M1724,S1574,51.0,2026-04-26 11:22:15.722432,accepted,,True,high_compatibility
MATCH_8869,M1570,S992,44.0,2026-04-28 11:22:15.722925,pending,53.0,True,high_compatibility
MATCH_8870,ALUMNI_M1058,S907,51.0,2026-04-11 11:22:15.723373,completed,49.0,True,high_compatibility
MATCH_8871,M2331,S4536,46.0,2026-04-16 11:22:15.727872,completed,18.0,True,specific_request
MATCH_8872,M2590,S4281,60.39,2026-04-25 11:22:15.728313,pending,32.0,True,admin_assigned
MATCH_8873,M695,S4500,44.0,2026-04-29 11:22:15.728690,accepted,63.0,False,high_compatibility
MATCH_8874,M1711,S3598,48.0,2026-04-12 11:22:15.733229,accepted,,False,admin_assigned
MATCH_8875,M3494,S1886,44.0,2026-05-03 11:22:15.733646,accepted,12.0,False,high_compatibility
MATCH_8876,M4979,S3882,61.5,2026-04-30 11:22:15.744358,completed,53.0,True,specific_request
MATCH_8877,ALUMNI_M3531,S1857,44.0,2026-05-05 11:22:15.744894,completed,35.0,True,admin_assigned
MATCH_8878,ALUMNI_M4947,S1287,44.0,2026-04-06 11:22:15.745346,accepted,13.0,False,auto_suggestion
MATCH_8879,ALUMNI_M5894,S818,44.0,2026-04-12 11:22:15.746466,accepted,,False,specific_request
MATCH_8880,ALUMNI_M5717,S1816,75.17,2026-05-03 11:22:15.747375,pending,67.0,True,specific_request
MATCH_8881,M1941,S2131,47.67,2026-04-26 11:22:15.750450,accepted,,True,high_compatibility
MATCH_8882,ALUMNI_M2898,S4982,51.0,2026-04-14 11:22:15.753012,completed,2.0,False,specific_request
MATCH_8883,M141,S3635,51.0,2026-04-27 11:22:15.753482,pending,57.0,True,high_compatibility
MATCH_8884,ALUMNI_M2263,S1274,48.0,2026-04-11 11:22:15.756893,completed,1.0,False,specific_request
MATCH_8885,ALUMNI_M1604,S1394,51.0,2026-04-17 11:22:15.757367,rejected,,False,admin_assigned
MATCH_8886,M766,S4748,72.5,2026-04-07 11:22:15.763843,completed,,True,auto_suggestion
MATCH_8887,ALUMNI_M1848,S650,44.0,2026-04-29 11:22:15.764364,accepted,66.0,True,high_compatibility
MATCH_8888,ALUMNI_M1192,S2084,68.5,2026-04-07 11:22:15.764808,accepted,,True,specific_request
MATCH_8889,M751,S183,51.0,2026-04-29 11:22:15.765219,pending,61.0,False,auto_suggestion
MATCH_8890,ALUMNI_M2451,S4395,61.5,2026-05-05 11:22:15.765602,pending,5.0,False,specific_request
MATCH_8891,M3522,S269,48.75,2026-04-06 11:22:15.769274,accepted,36.0,True,auto_suggestion
MATCH_8892,ALUMNI_M3310,S4465,51.0,2026-04-27 11:22:15.769675,rejected,55.0,True,admin_assigned
MATCH_8893,M1306,S3123,48.0,2026-04-14 11:22:15.770105,completed,3.0,True,specific_request
MATCH_8894,M3778,S1558,55.0,2026-04-20 11:22:15.770532,rejected,10.0,False,auto_suggestion
MATCH_8895,ALUMNI_M1956,S3807,44.0,2026-05-06 11:22:15.773130,pending,,False,auto_suggestion
MATCH_8896,ALUMNI_M1111,S4255,48.0,2026-04-21 11:22:15.773543,rejected,41.0,True,specific_request
MATCH_8897,M2382,S1999,51.0,2026-04-28 11:22:15.773974,accepted,12.0,True,auto_suggestion
MATCH_8898,ALUMNI_M4220,S3031,51.0,2026-04-29 11:22:15.774409,accepted,,True,auto_suggestion
MATCH_8899,ALUMNI_M2443,S4106,44.0,2026-05-02 11:22:15.779045,accepted,49.0,True,admin_assigned
MATCH_8900,ALUMNI_M794,S1407,55.0,2026-04-18 11:22:15.779498,rejected,,True,admin_assigned
MATCH_8901,M2757,S646,44.0,2026-04-16 11:22:15.783631,accepted,53.0,True,auto_suggestion
MATCH_8902,M4581,S962,61.21,2026-04-23 11:22:15.786162,completed,59.0,False,high_compatibility
MATCH_8903,ALUMNI_M259,S154,51.0,2026-04-07 11:22:15.786615,rejected,47.0,False,admin_assigned
MATCH_8904,ALUMNI_M290,S1537,46.71,2026-04-23 11:22:15.787079,completed,62.0,True,high_compatibility
MATCH_8905,ALUMNI_M3816,S4277,61.67,2026-04-09 11:22:15.787501,rejected,49.0,False,admin_assigned
MATCH_8906,ALUMNI_M583,S2405,44.0,2026-04-21 11:22:15.789057,accepted,3.0,False,high_compatibility
MATCH_8907,ALUMNI_M4642,S1187,55.0,2026-05-03 11:22:15.789489,rejected,58.0,True,high_compatibility
MATCH_8908,M1925,S651,55.0,2026-04-09 11:22:15.789938,accepted,,True,high_compatibility
MATCH_8909,M389,S148,44.0,2026-04-19 11:22:15.790391,accepted,57.0,False,auto_suggestion
MATCH_8910,ALUMNI_M2469,S3131,51.0,2026-04-22 11:22:15.793877,completed,48.0,False,auto_suggestion
MATCH_8911,M2090,S3315,61.5,2026-04-16 11:22:15.794390,rejected,52.0,False,admin_assigned
MATCH_8912,M2755,S2004,76.67,2026-04-16 11:22:15.797891,accepted,25.0,False,auto_suggestion
MATCH_8913,M4387,S2008,55.0,2026-04-17 11:22:15.798319,pending,61.0,False,auto_suggestion
MATCH_8914,M3104,S2344,55.0,2026-04-08 11:22:15.799802,rejected,13.0,False,auto_suggestion
MATCH_8915,ALUMNI_M3252,S1428,51.0,2026-04-16 11:22:15.800397,pending,43.0,True,admin_assigned
MATCH_8916,M1867,S2845,51.0,2026-04-15 11:22:15.802920,pending,,True,admin_assigned
MATCH_8917,ALUMNI_M2715,S59,44.0,2026-04-28 11:22:15.803412,completed,,False,auto_suggestion
MATCH_8918,ALUMNI_M1244,S4338,44.0,2026-04-19 11:22:15.803883,rejected,7.0,True,auto_suggestion
MATCH_8919,ALUMNI_M4928,S4696,51.0,2026-05-02 11:22:15.804315,pending,,True,auto_suggestion
MATCH_8920,ALUMNI_M2284,S716,65.5,2026-04-12 11:22:15.806571,pending,36.0,False,high_compatibility
MATCH_8921,M3873,S680,54.67,2026-04-30 11:22:15.807069,rejected,,False,specific_request
MATCH_8922,M373,S344,50.67,2026-04-16 11:22:15.807508,completed,38.0,True,admin_assigned
MATCH_8923,ALUMNI_M2514,S4965,42.0,2026-04-14 11:22:15.807939,pending,,False,specific_request
MATCH_8924,M3573,S2184,48.0,2026-04-24 11:22:15.808387,completed,20.0,False,high_compatibility
MATCH_8925,M2780,S4213,36.5,2026-04-28 11:22:15.808816,completed,,False,specific_request
MATCH_8926,ALUMNI_M349,S1960,61.5,2026-04-17 11:22:15.809221,completed,52.0,False,auto_suggestion
MATCH_8927,ALUMNI_M674,S2261,44.0,2026-04-09 11:22:15.809609,pending,42.0,True,specific_request
MATCH_8928,ALUMNI_M5064,S4923,44.0,2026-04-08 11:22:15.810026,accepted,60.0,True,specific_request
MATCH_8929,M4429,S2049,61.5,2026-04-19 11:22:15.810439,rejected,,False,high_compatibility
MATCH_8930,M1447,S4872,51.0,2026-04-24 11:22:15.810856,pending,3.0,True,high_compatibility
MATCH_8931,M1952,S2382,68.5,2026-04-17 11:22:15.811291,completed,32.0,True,auto_suggestion
MATCH_8932,M4176,S3027,63.5,2026-04-19 11:22:15.811691,accepted,39.0,True,high_compatibility
MATCH_8933,ALUMNI_M651,S1505,40.0,2026-05-06 11:22:15.812107,completed,28.0,True,auto_suggestion
MATCH_8934,M3421,S1283,44.67,2026-04-27 11:22:15.812522,pending,50.0,False,high_compatibility
MATCH_8935,M2701,S1086,48.0,2026-04-27 11:22:15.812996,pending,16.0,True,specific_request
MATCH_8936,M3782,S805,44.0,2026-04-17 11:22:15.813414,completed,30.0,False,specific_request
MATCH_8937,M4827,S177,51.0,2026-04-07 11:22:15.813855,pending,22.0,True,specific_request
MATCH_8938,ALUMNI_M4608,S3673,51.0,2026-04-06 11:22:15.814272,pending,,False,admin_assigned
MATCH_8939,ALUMNI_M1610,S2760,61.67,2026-04-28 11:22:15.814686,accepted,22.0,False,admin_assigned
MATCH_8940,ALUMNI_M5932,S4647,55.0,2026-04-19 11:22:15.815116,rejected,22.0,True,auto_suggestion
MATCH_8941,ALUMNI_M907,S3507,51.0,2026-05-01 11:22:15.815522,rejected,51.0,False,specific_request
MATCH_8942,ALUMNI_M2099,S2986,47.67,2026-04-19 11:22:15.815954,completed,18.0,False,specific_request
MATCH_8943,M783,S1760,51.0,2026-05-02 11:22:15.816369,accepted,54.0,False,specific_request
MATCH_8944,M4875,S2111,44.0,2026-04-22 11:22:15.816782,rejected,22.0,False,admin_assigned
MATCH_8945,ALUMNI_M3176,S2561,40.67,2026-04-24 11:22:15.817217,pending,,True,high_compatibility
MATCH_8946,ALUMNI_M3548,S4644,51.0,2026-04-14 11:22:15.817618,accepted,43.0,False,high_compatibility
MATCH_8947,M1287,S1743,51.0,2026-04-09 11:22:15.818023,rejected,,True,specific_request
MATCH_8948,M589,S150,51.0,2026-04-16 11:22:15.818442,rejected,,False,specific_request
MATCH_8949,ALUMNI_M4712,S2373,44.0,2026-04-24 11:22:15.818874,accepted,65.0,False,high_compatibility
MATCH_8950,ALUMNI_M746,S3418,68.5,2026-05-03 11:22:15.819299,rejected,19.0,True,admin_assigned
MATCH_8951,M5,S3018,44.0,2026-04-14 11:22:15.819694,pending,67.0,True,specific_request
MATCH_8952,M2033,S825,68.5,2026-04-21 11:22:15.820111,accepted,63.0,True,admin_assigned
MATCH_8953,M929,S4209,51.0,2026-04-21 11:22:15.820520,rejected,6.0,False,specific_request
MATCH_8954,M4875,S385,72.5,2026-04-15 11:22:15.820963,completed,16.0,False,high_compatibility
MATCH_8955,M1343,S4003,44.0,2026-05-01 11:22:15.821388,pending,,True,high_compatibility
MATCH_8956,ALUMNI_M4765,S4089,44.0,2026-04-06 11:22:15.821830,pending,10.0,True,specific_request
MATCH_8957,M3165,S373,51.0,2026-04-10 11:22:15.822249,accepted,53.0,True,high_compatibility
MATCH_8958,ALUMNI_M3210,S2132,42.89,2026-04-27 11:22:15.822633,completed,16.0,False,specific_request
MATCH_8959,M1522,S3084,51.0,2026-04-19 11:22:15.823809,rejected,,False,high_compatibility
MATCH_8960,ALUMNI_M4162,S2345,51.0,2026-05-03 11:22:15.824273,accepted,66.0,True,admin_assigned
MATCH_8961,ALUMNI_M4829,S4427,51.0,2026-04-23 11:22:15.824690,rejected,43.0,True,auto_suggestion
MATCH_8962,ALUMNI_M3983,S3928,53.0,2026-05-01 11:22:15.825114,rejected,48.0,False,auto_suggestion
MATCH_8963,M2727,S4512,51.0,2026-04-19 11:22:15.825521,completed,19.0,False,specific_request
MATCH_8964,ALUMNI_M170,S3831,57.67,2026-04-23 11:22:15.828993,completed,,True,specific_request
MATCH_8965,ALUMNI_M5103,S1514,46.0,2026-05-05 11:22:15.829372,completed,,True,admin_assigned
MATCH_8966,M497,S4585,44.0,2026-04-08 11:22:15.829815,completed,35.0,True,auto_suggestion
MATCH_8967,ALUMNI_M2799,S1383,51.0,2026-04-23 11:22:15.830153,completed,29.0,True,admin_assigned
MATCH_8968,M2297,S3569,68.5,2026-04-22 11:22:15.830560,completed,36.0,True,high_compatibility
MATCH_8969,M1687,S3649,44.0,2026-05-06 11:22:15.832860,completed,,True,auto_suggestion
MATCH_8970,M355,S796,51.0,2026-04-06 11:22:15.833303,completed,55.0,False,auto_suggestion
MATCH_8971,M1373,S2773,44.0,2026-04-30 11:22:15.833731,completed,58.0,True,admin_assigned
MATCH_8972,M1685,S824,55.0,2026-04-27 11:22:15.834158,accepted,,False,high_compatibility
MATCH_8973,ALUMNI_M627,S3321,63.5,2026-04-11 11:22:15.834577,rejected,60.0,True,specific_request
MATCH_8974,M1642,S3372,57.67,2026-04-29 11:22:15.835883,completed,14.0,True,admin_assigned
MATCH_8975,M2819,S1198,44.0,2026-04-22 11:22:15.842253,rejected,31.0,True,high_compatibility
MATCH_8976,ALUMNI_M4842,S2279,44.0,2026-04-09 11:22:15.842793,completed,,True,auto_suggestion
MATCH_8977,ALUMNI_M5179,S3848,44.0,2026-04-28 11:22:15.843303,completed,,False,auto_suggestion
MATCH_8978,ALUMNI_M5820,S3585,48.0,2026-04-15 11:22:15.843691,pending,52.0,False,high_compatibility
MATCH_8979,ALUMNI_M2963,S4099,40.67,2026-04-23 11:22:15.847065,completed,8.0,False,high_compatibility
MATCH_8980,M3474,S2423,48.0,2026-04-21 11:22:15.847511,accepted,34.0,True,high_compatibility
MATCH_8981,M4760,S4157,61.5,2026-04-24 11:22:15.847979,rejected,58.0,False,specific_request
MATCH_8982,ALUMNI_M1360,S2487,51.0,2026-04-13 11:22:15.848407,pending,24.0,True,specific_request
MATCH_8983,M3784,S1477,68.5,2026-05-06 11:22:15.850761,accepted,50.0,True,specific_request
MATCH_8984,ALUMNI_M5554,S4170,51.0,2026-04-08 11:22:15.852216,pending,53.0,False,high_compatibility
MATCH_8985,ALUMNI_M4663,S2581,51.0,2026-04-20 11:22:15.852618,completed,8.0,True,specific_request
MATCH_8986,ALUMNI_M3691,S2022,48.0,2026-04-28 11:22:15.853094,rejected,50.0,True,specific_request
MATCH_8987,ALUMNI_M1117,S3407,44.75,2026-05-01 11:22:15.853536,rejected,7.0,True,admin_assigned
MATCH_8988,ALUMNI_M5296,S1019,44.0,2026-04-20 11:22:15.855533,completed,15.0,True,specific_request
MATCH_8989,ALUMNI_M5268,S4286,55.0,2026-04-08 11:22:15.856018,rejected,43.0,True,auto_suggestion
MATCH_8990,M4687,S432,51.0,2026-04-15 11:22:15.856449,accepted,13.0,False,specific_request
MATCH_8991,ALUMNI_M4264,S4263,72.5,2026-05-06 11:22:15.858950,pending,58.0,False,high_compatibility
MATCH_8992,ALUMNI_M3180,S2383,42.89,2026-04-29 11:22:15.859398,pending,8.0,False,specific_request
MATCH_8993,ALUMNI_M2073,S1503,55.0,2026-05-05 11:22:15.859853,pending,23.0,False,high_compatibility
MATCH_8994,ALUMNI_M3745,S1794,51.0,2026-04-25 11:22:15.860290,completed,58.0,True,auto_suggestion
MATCH_8995,M4660,S1011,61.67,2026-05-03 11:22:15.861589,pending,49.0,True,admin_assigned
MATCH_8996,ALUMNI_M3433,S743,65.5,2026-04-07 11:22:15.862114,accepted,49.0,True,admin_assigned
MATCH_8997,ALUMNI_M346,S54,44.0,2026-04-17 11:22:15.862555,accepted,,True,specific_request
MATCH_8998,ALUMNI_M5439,S659,72.5,2026-04-11 11:22:15.863027,pending,,False,specific_request
MATCH_8999,M1490,S2905,48.0,2026-04-11 11:22:15.864453,completed,15.0,True,specific_request
MATCH_9000,M1617,S626,48.0,2026-04-25 11:22:15.864896,accepted,23.0,True,high_compatibility
MATCH_9001,ALUMNI_M4294,S4044,37.33,2026-04-09 11:22:15.865610,completed,,True,auto_suggestion
MATCH_9002,M484,S3511,51.0,2026-04-16 11:22:15.866075,completed,63.0,True,auto_suggestion
MATCH_9003,M2802,S4127,55.0,2026-04-21 11:22:15.866472,rejected,19.0,True,specific_request
MATCH_9004,M1344,S4540,49.33,2026-04-13 11:22:15.866894,accepted,23.0,True,high_compatibility
MATCH_9005,ALUMNI_M3047,S904,44.0,2026-04-19 11:22:15.867358,rejected,69.0,True,high_compatibility
MATCH_9006,M1617,S1478,51.0,2026-04-22 11:22:15.868803,completed,3.0,False,auto_suggestion
MATCH_9007,M507,S4141,44.0,2026-04-29 11:22:15.869295,rejected,53.0,False,auto_suggestion
MATCH_9008,ALUMNI_M1187,S1779,44.0,2026-04-29 11:22:15.869694,pending,,True,auto_suggestion
MATCH_9009,M2865,S3363,51.0,2026-04-23 11:22:15.870137,accepted,47.0,False,high_compatibility
MATCH_9010,M4854,S236,48.0,2026-04-08 11:22:15.870541,pending,17.0,False,high_compatibility
MATCH_9011,ALUMNI_M690,S2623,44.0,2026-04-12 11:22:15.876869,pending,,True,auto_suggestion
MATCH_9012,ALUMNI_M1170,S2151,77.17,2026-04-26 11:22:15.877411,accepted,68.0,False,admin_assigned
MATCH_9013,ALUMNI_M4369,S4268,68.5,2026-04-16 11:22:15.878939,pending,,True,admin_assigned
MATCH_9014,M578,S2750,51.0,2026-04-26 11:22:15.879401,pending,37.0,False,auto_suggestion
MATCH_9015,ALUMNI_M2821,S991,51.67,2026-04-07 11:22:15.880917,pending,,True,high_compatibility
MATCH_9016,M2694,S2105,61.5,2026-04-12 11:22:15.881364,completed,42.0,False,admin_assigned
MATCH_9017,ALUMNI_M3556,S231,51.0,2026-04-26 11:22:15.881818,pending,6.0,True,specific_request
MATCH_9018,M1851,S2836,51.0,2026-04-29 11:22:15.882259,completed,61.0,True,high_compatibility
MATCH_9019,ALUMNI_M5156,S4032,51.0,2026-04-25 11:22:15.882685,pending,46.0,False,specific_request
MATCH_9020,ALUMNI_M1993,S1374,47.0,2026-04-26 11:22:15.885230,completed,34.0,False,auto_suggestion
MATCH_9021,ALUMNI_M3729,S332,44.0,2026-05-01 11:22:15.885650,pending,,True,admin_assigned
MATCH_9022,ALUMNI_M3423,S2418,50.0,2026-04-20 11:22:15.887656,completed,33.0,True,auto_suggestion
MATCH_9023,ALUMNI_M5410,S4053,48.33,2026-04-20 11:22:15.888089,rejected,27.0,False,specific_request
MATCH_9024,M1150,S3242,55.0,2026-04-23 11:22:15.888531,rejected,40.0,False,high_compatibility
MATCH_9025,M2776,S3545,44.0,2026-05-05 11:22:15.891045,accepted,38.0,False,auto_suggestion
MATCH_9026,ALUMNI_M213,S3124,43.0,2026-04-30 11:22:15.891478,accepted,,True,high_compatibility
MATCH_9027,M933,S3677,39.0,2026-04-06 11:22:15.891914,accepted,,False,specific_request
MATCH_9028,M4882,S4542,51.0,2026-05-02 11:22:15.892356,rejected,43.0,True,specific_request
MATCH_9029,ALUMNI_M4473,S1465,50.0,2026-04-27 11:22:15.894371,pending,51.0,True,high_compatibility
MATCH_9030,ALUMNI_M3413,S2264,51.0,2026-04-17 11:22:15.894846,completed,,True,specific_request
MATCH_9031,ALUMNI_M334,S4775,48.0,2026-04-11 11:22:15.895284,rejected,,True,specific_request
MATCH_9032,ALUMNI_M2635,S2362,41.5,2026-04-14 11:22:15.895674,rejected,,False,high_compatibility
MATCH_9033,M451,S2138,68.5,2026-04-27 11:22:15.896112,accepted,63.0,True,specific_request
MATCH_9034,ALUMNI_M2207,S3147,44.0,2026-05-06 11:22:15.896489,accepted,,True,auto_suggestion
MATCH_9035,ALUMNI_M2917,S2234,48.0,2026-04-09 11:22:15.896858,rejected,,True,high_compatibility
MATCH_9036,M2534,S4842,38.0,2026-04-06 11:22:15.897230,pending,,False,high_compatibility
MATCH_9037,M1803,S2953,39.56,2026-04-21 11:22:15.897572,rejected,,True,high_compatibility
MATCH_9038,ALUMNI_M1860,S9,72.5,2026-04-20 11:22:15.897934,pending,19.0,True,high_compatibility
MATCH_9039,M4408,S943,61.5,2026-04-09 11:22:15.898328,rejected,,True,auto_suggestion
MATCH_9040,ALUMNI_M3564,S1614,44.0,2026-04-22 11:22:15.898731,completed,58.0,True,specific_request
MATCH_9041,ALUMNI_M565,S3843,44.0,2026-04-09 11:22:15.899177,pending,54.0,True,high_compatibility
MATCH_9042,M4685,S4014,51.0,2026-04-08 11:22:15.899592,pending,67.0,False,auto_suggestion
MATCH_9043,ALUMNI_M5748,S1017,51.0,2026-04-24 11:22:15.900021,pending,,False,specific_request
MATCH_9044,ALUMNI_M4419,S1319,51.0,2026-04-13 11:22:15.900367,pending,50.0,True,specific_request
MATCH_9045,M3282,S81,51.0,2026-04-06 11:22:15.900747,rejected,32.0,True,high_compatibility
MATCH_9046,ALUMNI_M899,S599,51.0,2026-04-11 11:22:15.901080,completed,,False,specific_request
MATCH_9047,ALUMNI_M5719,S1974,38.44,2026-04-14 11:22:15.901409,accepted,8.0,True,admin_assigned
MATCH_9048,M197,S929,68.5,2026-05-05 11:22:15.901747,rejected,24.0,True,auto_suggestion
MATCH_9049,M2798,S1184,61.5,2026-04-15 11:22:15.902131,pending,11.0,False,admin_assigned
MATCH_9050,ALUMNI_M2429,S1543,44.0,2026-04-24 11:22:15.902505,accepted,50.0,False,admin_assigned
MATCH_9051,M1911,S1712,44.0,2026-05-05 11:22:15.902925,completed,11.0,True,admin_assigned
MATCH_9052,M2538,S3847,55.0,2026-05-04 11:22:15.903330,accepted,72.0,True,specific_request
MATCH_9053,ALUMNI_M2748,S4772,44.0,2026-04-18 11:22:15.903733,completed,35.0,False,high_compatibility
MATCH_9054,ALUMNI_M1711,S4402,39.56,2026-04-27 11:22:15.904134,completed,,True,high_compatibility
MATCH_9055,M3132,S3104,55.0,2026-05-04 11:22:15.904472,completed,53.0,True,high_compatibility
MATCH_9056,ALUMNI_M2261,S1622,51.0,2026-04-25 11:22:15.904806,accepted,66.0,False,specific_request
MATCH_9057,ALUMNI_M1936,S4657,61.5,2026-04-28 11:22:15.905160,rejected,17.0,False,specific_request
MATCH_9058,M3191,S3577,48.0,2026-04-30 11:22:15.905497,rejected,64.0,False,auto_suggestion
MATCH_9059,ALUMNI_M1940,S853,51.0,2026-05-01 11:22:15.905859,completed,,False,specific_request
MATCH_9060,ALUMNI_M2667,S3397,50.67,2026-04-30 11:22:15.906238,accepted,,False,high_compatibility
MATCH_9061,ALUMNI_M1750,S680,44.0,2026-04-10 11:22:15.906613,accepted,51.0,True,specific_request
MATCH_9062,M2708,S1369,51.0,2026-04-24 11:22:15.907026,accepted,58.0,True,specific_request
MATCH_9063,M4343,S4115,68.5,2026-04-29 11:22:15.907478,pending,,True,specific_request
MATCH_9064,ALUMNI_M1639,S132,61.5,2026-04-16 11:22:15.907900,accepted,67.0,True,high_compatibility
MATCH_9065,M1542,S4409,57.67,2026-04-28 11:22:15.908265,accepted,,False,admin_assigned
MATCH_9066,ALUMNI_M2692,S1843,48.0,2026-04-28 11:22:15.908600,pending,18.0,False,high_compatibility
MATCH_9067,M3511,S1479,55.0,2026-05-06 11:22:15.908960,accepted,25.0,True,high_compatibility
MATCH_9068,ALUMNI_M5148,S677,58.33,2026-05-05 11:22:15.909325,pending,66.0,False,high_compatibility
MATCH_9069,M2939,S4262,44.0,2026-05-04 11:22:15.909671,pending,,False,high_compatibility
MATCH_9070,M3345,S1150,41.5,2026-04-14 11:22:15.910041,rejected,47.0,False,auto_suggestion
MATCH_9071,ALUMNI_M1378,S830,51.0,2026-04-08 11:22:15.910446,completed,72.0,True,specific_request
MATCH_9072,M3590,S242,48.0,2026-04-14 11:22:15.910866,pending,72.0,True,admin_assigned
MATCH_9073,M601,S4862,46.0,2026-04-15 11:22:15.911285,accepted,14.0,False,high_compatibility
MATCH_9074,ALUMNI_M5681,S1177,44.0,2026-04-25 11:22:15.911727,pending,39.0,True,specific_request
MATCH_9075,ALUMNI_M5255,S2732,44.0,2026-05-03 11:22:15.912148,accepted,7.0,False,specific_request
MATCH_9076,M479,S194,51.0,2026-04-20 11:22:15.912537,completed,46.0,True,high_compatibility
MATCH_9077,ALUMNI_M4247,S3947,48.0,2026-05-04 11:22:15.912923,accepted,9.0,False,high_compatibility
MATCH_9078,ALUMNI_M2629,S1428,55.0,2026-05-05 11:22:15.913272,pending,16.0,False,high_compatibility
MATCH_9079,M2010,S1513,57.06,2026-05-06 11:22:15.913606,accepted,65.0,True,auto_suggestion
MATCH_9080,ALUMNI_M5739,S4043,44.0,2026-04-28 11:22:15.913972,accepted,,True,high_compatibility
MATCH_9081,M1793,S502,52.78,2026-05-06 11:22:15.914404,pending,,False,specific_request
MATCH_9082,M4772,S3872,51.0,2026-04-20 11:22:15.918860,completed,,True,admin_assigned
MATCH_9083,M3919,S1087,55.0,2026-05-05 11:22:15.919278,pending,,False,auto_suggestion
MATCH_9084,ALUMNI_M5126,S684,61.5,2026-04-08 11:22:15.919625,accepted,,False,admin_assigned
MATCH_9085,ALUMNI_M1146,S2589,44.0,2026-04-19 11:22:15.919989,rejected,,True,specific_request
MATCH_9086,M1280,S4080,61.67,2026-04-26 11:22:15.920331,rejected,66.0,True,high_compatibility
MATCH_9087,ALUMNI_M5060,S3727,48.14,2026-04-20 11:22:15.920669,completed,10.0,False,admin_assigned
MATCH_9088,ALUMNI_M2323,S4871,44.0,2026-04-12 11:22:15.924051,rejected,30.0,True,specific_request
MATCH_9089,ALUMNI_M4829,S4438,42.89,2026-04-22 11:22:15.924407,accepted,25.0,False,auto_suggestion
MATCH_9090,M3396,S4502,44.0,2026-04-16 11:22:15.924753,accepted,62.0,True,high_compatibility
MATCH_9091,M4773,S388,44.0,2026-04-12 11:22:15.925069,completed,,False,specific_request
MATCH_9092,ALUMNI_M5888,S2799,51.0,2026-05-01 11:22:15.925389,accepted,38.0,True,high_compatibility
MATCH_9093,ALUMNI_M5532,S2579,48.0,2026-04-11 11:22:15.927760,accepted,69.0,False,admin_assigned
MATCH_9094,M614,S4493,44.0,2026-04-10 11:22:15.928164,rejected,38.0,True,specific_request
MATCH_9095,ALUMNI_M1249,S4510,48.0,2026-04-30 11:22:15.928496,pending,45.0,False,specific_request
MATCH_9096,M2802,S1313,51.0,2026-04-28 11:22:15.928820,rejected,12.0,True,specific_request
MATCH_9097,ALUMNI_M815,S1758,51.0,2026-04-22 11:22:15.929144,accepted,58.0,False,specific_request
MATCH_9098,M2418,S2915,44.0,2026-04-11 11:22:15.929461,completed,70.0,False,admin_assigned
MATCH_9099,ALUMNI_M2349,S1379,48.0,2026-04-22 11:22:15.933400,rejected,21.0,True,specific_request
MATCH_9100,ALUMNI_M1557,S1425,49.56,2026-04-29 11:22:15.933807,completed,62.0,False,specific_request
MATCH_9101,M3546,S3527,57.67,2026-04-25 11:22:15.934146,rejected,,True,auto_suggestion
MATCH_9102,ALUMNI_M2870,S1831,57.67,2026-04-08 11:22:15.934456,completed,52.0,False,specific_request
MATCH_9103,ALUMNI_M256,S4287,51.0,2026-05-03 11:22:15.936824,pending,41.0,False,specific_request
MATCH_9104,ALUMNI_M998,S3186,39.0,2026-05-06 11:22:15.937216,rejected,56.0,False,admin_assigned
MATCH_9105,ALUMNI_M4602,S3794,50.0,2026-05-03 11:22:15.937541,pending,3.0,True,admin_assigned
MATCH_9106,M359,S3904,55.0,2026-04-28 11:22:15.937878,completed,3.0,False,high_compatibility
MATCH_9107,M3944,S1095,56.5,2026-04-07 11:22:15.938206,rejected,70.0,False,high_compatibility
MATCH_9108,ALUMNI_M3725,S3241,47.67,2026-04-06 11:22:15.938516,completed,25.0,False,specific_request
MATCH_9109,M2617,S4274,68.5,2026-04-23 11:22:15.940939,rejected,46.0,True,admin_assigned
MATCH_9110,M4867,S1067,46.0,2026-04-14 11:22:15.941388,accepted,,False,admin_assigned
MATCH_9111,M1626,S1703,48.5,2026-04-06 11:22:15.941807,pending,40.0,True,auto_suggestion
MATCH_9112,ALUMNI_M1871,S819,44.0,2026-04-22 11:22:15.942174,accepted,3.0,False,admin_assigned
MATCH_9113,ALUMNI_M3610,S1147,41.75,2026-04-29 11:22:15.942510,completed,70.0,True,auto_suggestion
MATCH_9114,ALUMNI_M362,S2986,55.0,2026-04-10 11:22:15.944551,accepted,,False,specific_request
MATCH_9115,ALUMNI_M1945,S4102,51.0,2026-04-27 11:22:15.945000,completed,58.0,True,high_compatibility
MATCH_9116,M2511,S1457,44.0,2026-04-15 11:22:15.945371,accepted,61.0,False,admin_assigned
MATCH_9117,ALUMNI_M4368,S1785,68.5,2026-05-03 11:22:15.949796,pending,,False,admin_assigned
MATCH_9118,ALUMNI_M883,S1125,68.5,2026-04-09 11:22:15.950251,completed,,True,auto_suggestion
MATCH_9119,ALUMNI_M5425,S82,51.0,2026-04-25 11:22:15.950631,accepted,,False,auto_suggestion
MATCH_9120,ALUMNI_M5139,S1411,54.67,2026-04-06 11:22:15.951022,accepted,44.0,True,specific_request
MATCH_9121,ALUMNI_M3904,S1569,44.0,2026-04-08 11:22:15.951425,accepted,70.0,True,specific_request
MATCH_9122,M4326,S1189,48.0,2026-04-24 11:22:15.953550,pending,,False,auto_suggestion
MATCH_9123,M342,S4570,44.75,2026-04-28 11:22:15.954046,completed,,False,high_compatibility
MATCH_9124,ALUMNI_M5509,S3796,44.0,2026-05-04 11:22:15.954498,rejected,24.0,False,admin_assigned
MATCH_9125,M2895,S2951,44.0,2026-04-28 11:22:15.957046,completed,,True,specific_request
MATCH_9126,ALUMNI_M5620,S3928,47.0,2026-04-16 11:22:15.959145,completed,,True,specific_request
MATCH_9127,ALUMNI_M2924,S4243,51.0,2026-05-05 11:22:15.959615,accepted,27.0,True,specific_request
MATCH_9128,M1662,S4338,65.5,2026-05-05 11:22:15.960093,pending,,True,auto_suggestion
MATCH_9129,ALUMNI_M4951,S3113,51.0,2026-04-18 11:22:15.960506,pending,51.0,False,specific_request
MATCH_9130,M722,S4433,43.0,2026-04-24 11:22:15.963020,completed,,False,high_compatibility
MATCH_9131,ALUMNI_M1186,S524,40.0,2026-04-09 11:22:15.963480,accepted,11.0,False,auto_suggestion
MATCH_9132,ALUMNI_M429,S2906,51.0,2026-04-19 11:22:15.963912,rejected,66.0,True,high_compatibility
MATCH_9133,M3074,S3877,68.17,2026-04-11 11:22:15.964296,rejected,35.0,True,auto_suggestion
MATCH_9134,ALUMNI_M707,S4080,47.0,2026-04-16 11:22:15.964666,accepted,66.0,False,auto_suggestion
MATCH_9135,M2892,S1005,44.0,2026-04-14 11:22:15.967396,pending,19.0,False,specific_request
MATCH_9136,M4336,S3697,61.5,2026-04-27 11:22:15.967814,accepted,68.0,True,auto_suggestion
MATCH_9137,ALUMNI_M317,S4289,48.0,2026-04-29 11:22:15.968209,rejected,34.0,False,admin_assigned
MATCH_9138,M1512,S4126,46.0,2026-04-16 11:22:15.968580,pending,,False,specific_request
MATCH_9139,M2915,S975,68.5,2026-05-03 11:22:15.970833,pending,72.0,True,high_compatibility
MATCH_9140,ALUMNI_M3508,S2254,42.89,2026-04-27 11:22:15.971222,pending,24.0,False,high_compatibility
MATCH_9141,ALUMNI_M5961,S4778,57.67,2026-04-24 11:22:15.971590,rejected,,False,specific_request
MATCH_9142,ALUMNI_M5002,S4477,51.0,2026-04-17 11:22:15.971982,completed,51.0,True,auto_suggestion
MATCH_9143,ALUMNI_M2704,S885,51.0,2026-04-15 11:22:15.972360,accepted,3.0,False,specific_request
MATCH_9144,ALUMNI_M262,S2878,43.5,2026-04-30 11:22:15.976865,accepted,19.0,True,admin_assigned
MATCH_9145,ALUMNI_M32,S2074,51.0,2026-04-11 11:22:15.977369,pending,,True,auto_suggestion
MATCH_9146,ALUMNI_M2838,S1714,55.0,2026-04-12 11:22:15.977758,completed,47.0,False,specific_request
MATCH_9147,ALUMNI_M1824,S87,51.0,2026-04-12 11:22:15.978127,pending,,True,specific_request
MATCH_9148,M519,S3888,51.0,2026-04-14 11:22:15.978517,accepted,1.0,False,specific_request
MATCH_9149,ALUMNI_M430,S1658,55.0,2026-04-24 11:22:15.980982,completed,,False,specific_request
MATCH_9150,ALUMNI_M141,S3931,51.0,2026-04-21 11:22:15.981354,completed,,True,high_compatibility
MATCH_9151,ALUMNI_M1777,S3923,44.0,2026-04-27 11:22:15.981663,accepted,,False,high_compatibility
MATCH_9152,ALUMNI_M5484,S4963,44.0,2026-04-08 11:22:15.982007,pending,,False,admin_assigned
MATCH_9153,ALUMNI_M400,S1006,44.0,2026-04-11 11:22:15.982326,rejected,2.0,True,high_compatibility
MATCH_9154,M760,S2639,44.0,2026-04-25 11:22:15.982627,pending,,False,high_compatibility
MATCH_9155,M1253,S651,51.0,2026-04-17 11:22:15.987094,accepted,,False,admin_assigned
MATCH_9156,M315,S4912,49.75,2026-05-01 11:22:15.987574,rejected,35.0,True,admin_assigned
MATCH_9157,ALUMNI_M2619,S3456,51.0,2026-05-06 11:22:15.987972,rejected,24.0,True,auto_suggestion
MATCH_9158,ALUMNI_M3112,S1679,61.5,2026-04-21 11:22:15.988391,rejected,64.0,True,admin_assigned
MATCH_9159,M4016,S4070,44.0,2026-04-28 11:22:15.988820,completed,31.0,False,admin_assigned
MATCH_9160,ALUMNI_M5669,S4767,41.5,2026-04-16 11:22:15.989281,completed,,False,high_compatibility
MATCH_9161,ALUMNI_M2711,S3677,44.0,2026-05-02 11:22:15.989655,rejected,32.0,True,high_compatibility
MATCH_9162,ALUMNI_M3025,S1717,55.0,2026-04-11 11:22:15.990079,rejected,5.0,True,admin_assigned
MATCH_9163,ALUMNI_M1060,S2038,51.0,2026-04-13 11:22:15.990441,completed,18.0,False,admin_assigned
MATCH_9164,ALUMNI_M3168,S3541,72.5,2026-04-30 11:22:15.992906,rejected,20.0,False,specific_request
MATCH_9165,ALUMNI_M2045,S2896,42.89,2026-04-10 11:22:15.993361,rejected,,True,admin_assigned
MATCH_9166,M1259,S4821,44.0,2026-04-22 11:22:15.993780,completed,51.0,True,auto_suggestion
MATCH_9167,ALUMNI_M5921,S4682,43.56,2026-04-21 11:22:15.994151,rejected,,True,specific_request
MATCH_9168,ALUMNI_M1490,S626,48.0,2026-04-30 11:22:15.994518,pending,,True,specific_request
MATCH_9169,ALUMNI_M3356,S4297,39.0,2026-04-17 11:22:15.997277,accepted,,True,auto_suggestion
MATCH_9170,ALUMNI_M427,S3157,55.0,2026-04-14 11:22:15.997685,completed,58.0,True,specific_request
MATCH_9171,M4122,S2693,40.67,2026-04-25 11:22:16.000218,completed,18.0,False,high_compatibility
MATCH_9172,ALUMNI_M4689,S2114,51.0,2026-04-29 11:22:16.000612,accepted,66.0,False,specific_request
MATCH_9173,M4858,S1627,42.57,2026-04-29 11:22:16.001032,rejected,61.0,True,admin_assigned
MATCH_9174,M1433,S475,49.33,2026-04-06 11:22:16.001476,accepted,,True,admin_assigned
MATCH_9175,M1113,S1030,51.0,2026-04-06 11:22:16.001882,pending,,False,specific_request
MATCH_9176,M70,S4617,44.0,2026-04-26 11:22:16.002279,pending,,True,high_compatibility
MATCH_9177,ALUMNI_M4773,S4644,57.67,2026-04-25 11:22:16.002648,rejected,10.0,False,specific_request
MATCH_9178,M1106,S1215,49.57,2026-04-11 11:22:16.005113,pending,3.0,True,high_compatibility
MATCH_9179,ALUMNI_M4608,S2935,51.0,2026-04-28 11:22:16.005465,accepted,13.0,False,high_compatibility
MATCH_9180,ALUMNI_M829,S849,51.0,2026-04-29 11:22:16.005817,pending,14.0,False,auto_suggestion
MATCH_9181,ALUMNI_M3625,S2777,51.0,2026-04-13 11:22:16.006193,accepted,60.0,False,specific_request
MATCH_9182,M2187,S1795,55.0,2026-04-15 11:22:16.006564,accepted,,True,admin_assigned
MATCH_9183,M2955,S120,51.0,2026-04-11 11:22:16.009027,completed,44.0,True,auto_suggestion
MATCH_9184,M1382,S2149,47.0,2026-04-17 11:22:16.009428,completed,3.0,True,specific_request
MATCH_9185,M3175,S1451,46.56,2026-04-30 11:22:16.010934,rejected,52.0,True,auto_suggestion
MATCH_9186,M3002,S1844,55.0,2026-04-20 11:22:16.011315,rejected,38.0,False,auto_suggestion
MATCH_9187,ALUMNI_M424,S3430,44.0,2026-05-03 11:22:16.011650,accepted,15.0,False,admin_assigned
MATCH_9188,M4743,S3712,72.5,2026-04-25 11:22:16.013100,completed,29.0,True,high_compatibility
MATCH_9189,ALUMNI_M5741,S3112,55.0,2026-04-08 11:22:16.014513,pending,62.0,False,high_compatibility
MATCH_9190,ALUMNI_M1707,S1787,44.0,2026-05-01 11:22:16.016025,accepted,36.0,False,auto_suggestion
MATCH_9191,ALUMNI_M3839,S1953,51.67,2026-04-21 11:22:16.016497,pending,23.0,False,admin_assigned
MATCH_9192,ALUMNI_M2910,S1009,44.0,2026-04-22 11:22:16.017466,pending,70.0,True,specific_request
MATCH_9193,ALUMNI_M461,S4247,61.5,2026-04-21 11:22:16.017862,completed,12.0,False,auto_suggestion
MATCH_9194,ALUMNI_M5563,S561,75.17,2026-04-29 11:22:16.018262,completed,37.0,True,specific_request
MATCH_9195,ALUMNI_M3041,S4884,44.0,2026-05-03 11:22:16.018617,accepted,8.0,False,specific_request
MATCH_9196,ALUMNI_M3982,S1421,44.0,2026-04-09 11:22:16.021175,rejected,50.0,True,high_compatibility
MATCH_9197,ALUMNI_M3811,S875,55.0,2026-04-15 11:22:16.023192,pending,45.0,True,admin_assigned
MATCH_9198,ALUMNI_M1478,S1488,68.5,2026-04-21 11:22:16.023624,accepted,13.0,False,admin_assigned
MATCH_9199,ALUMNI_M4286,S1907,68.5,2026-04-22 11:22:16.024058,accepted,18.0,False,high_compatibility
MATCH_9200,ALUMNI_M5881,S2140,55.0,2026-04-19 11:22:16.025024,completed,11.0,True,high_compatibility
MATCH_9201,ALUMNI_M4101,S3767,51.0,2026-05-03 11:22:16.026060,accepted,,True,specific_request
MATCH_9202,ALUMNI_M616,S2667,65.5,2026-04-24 11:22:16.026435,accepted,62.0,False,specific_request
MATCH_9203,ALUMNI_M5975,S3291,47.67,2026-04-29 11:22:16.027833,rejected,14.0,True,auto_suggestion
MATCH_9204,M2092,S1994,51.0,2026-04-30 11:22:16.029915,rejected,48.0,True,specific_request
MATCH_9205,M2241,S116,43.22,2026-04-08 11:22:16.030353,rejected,6.0,False,auto_suggestion
MATCH_9206,M1818,S3884,55.0,2026-04-16 11:22:16.030767,accepted,30.0,True,specific_request
MATCH_9207,M3844,S1944,44.0,2026-05-06 11:22:16.032139,completed,57.0,False,admin_assigned
MATCH_9208,M4725,S1392,55.0,2026-04-06 11:22:16.032599,accepted,32.0,False,specific_request
MATCH_9209,M1551,S2602,44.0,2026-05-02 11:22:16.033311,rejected,70.0,True,auto_suggestion
MATCH_9210,ALUMNI_M1976,S986,44.0,2026-04-23 11:22:16.033665,rejected,13.0,True,auto_suggestion
MATCH_9211,ALUMNI_M2643,S3603,79.17,2026-04-18 11:22:16.035339,pending,31.0,False,admin_assigned
MATCH_9212,ALUMNI_M5315,S1811,48.0,2026-04-28 11:22:16.037236,accepted,,False,specific_request
MATCH_9213,ALUMNI_M1644,S930,44.33,2026-04-15 11:22:16.037657,pending,35.0,False,specific_request
MATCH_9214,ALUMNI_M2637,S4583,43.86,2026-05-05 11:22:16.038133,pending,71.0,True,auto_suggestion
MATCH_9215,M2293,S372,51.0,2026-04-06 11:22:16.040285,accepted,39.0,False,high_compatibility
MATCH_9216,ALUMNI_M134,S2821,39.71,2026-04-23 11:22:16.040714,rejected,66.0,False,auto_suggestion
MATCH_9217,M1180,S3004,44.0,2026-04-28 11:22:16.041478,completed,50.0,True,auto_suggestion
MATCH_9218,ALUMNI_M3105,S4782,59.0,2026-05-01 11:22:16.042499,pending,38.0,False,auto_suggestion
MATCH_9219,M1893,S287,51.0,2026-04-13 11:22:16.044207,completed,4.0,False,high_compatibility
MATCH_9220,M1589,S2771,72.5,2026-04-29 11:22:16.044625,completed,62.0,False,auto_suggestion
MATCH_9221,ALUMNI_M5343,S919,49.0,2026-04-11 11:22:16.045047,pending,,True,high_compatibility
MATCH_9222,M2068,S701,55.0,2026-05-03 11:22:16.045990,accepted,7.0,True,admin_assigned
MATCH_9223,ALUMNI_M1885,S4364,44.0,2026-05-06 11:22:16.046345,accepted,,True,auto_suggestion
MATCH_9224,ALUMNI_M5852,S1761,55.0,2026-04-27 11:22:16.046673,pending,40.0,False,high_compatibility
MATCH_9225,M4605,S333,75.17,2026-05-05 11:22:16.048385,completed,51.0,True,admin_assigned
MATCH_9226,ALUMNI_M757,S2818,51.0,2026-04-11 11:22:16.048779,pending,68.0,False,auto_suggestion
MATCH_9227,ALUMNI_M2062,S94,48.0,2026-05-04 11:22:16.049138,accepted,,False,auto_suggestion
MATCH_9228,M1418,S2040,50.67,2026-04-20 11:22:16.049568,accepted,,False,specific_request
MATCH_9229,M2101,S1070,44.0,2026-04-14 11:22:16.051996,pending,,False,high_compatibility
MATCH_9230,ALUMNI_M5870,S4362,51.0,2026-05-03 11:22:16.052354,rejected,65.0,False,auto_suggestion
MATCH_9231,ALUMNI_M3227,S4382,55.0,2026-04-26 11:22:16.052680,accepted,,True,specific_request
MATCH_9232,ALUMNI_M31,S3228,36.22,2026-04-15 11:22:16.053054,rejected,45.0,False,auto_suggestion
MATCH_9233,ALUMNI_M5830,S136,68.5,2026-05-06 11:22:16.053395,completed,15.0,False,auto_suggestion
MATCH_9234,ALUMNI_M3736,S1375,55.0,2026-05-01 11:22:16.055768,accepted,,False,specific_request
MATCH_9235,M1671,S3833,44.0,2026-04-30 11:22:16.056178,completed,49.0,True,high_compatibility
MATCH_9236,ALUMNI_M1290,S4932,44.0,2026-04-26 11:22:16.056504,accepted,7.0,True,admin_assigned
MATCH_9237,ALUMNI_M1555,S772,51.0,2026-04-16 11:22:16.056846,rejected,,False,specific_request
MATCH_9238,ALUMNI_M4164,S1032,65.5,2026-04-22 11:22:16.057161,accepted,44.0,True,admin_assigned
MATCH_9239,ALUMNI_M3038,S4184,51.0,2026-04-25 11:22:16.057493,rejected,19.0,True,specific_request
MATCH_9240,M4374,S3618,51.0,2026-04-13 11:22:16.059910,pending,4.0,True,high_compatibility
MATCH_9241,M3363,S197,54.67,2026-04-23 11:22:16.060298,pending,36.0,False,specific_request
MATCH_9242,ALUMNI_M2873,S3504,51.0,2026-04-08 11:22:16.060619,pending,,True,admin_assigned
MATCH_9243,ALUMNI_M5306,S989,48.0,2026-04-24 11:22:16.060970,pending,55.0,False,auto_suggestion
MATCH_9244,M1083,S2470,55.0,2026-04-07 11:22:16.061309,completed,40.0,False,high_compatibility
MATCH_9245,M4978,S4564,47.67,2026-05-02 11:22:16.061628,rejected,,True,admin_assigned
MATCH_9246,M3266,S2730,57.67,2026-04-12 11:22:16.064066,rejected,42.0,True,specific_request
MATCH_9247,M931,S220,68.5,2026-04-22 11:22:16.064426,rejected,,True,high_compatibility
MATCH_9248,M1638,S130,68.17,2026-04-19 11:22:16.064786,completed,49.0,False,auto_suggestion
MATCH_9249,M1769,S4756,52.44,2026-04-27 11:22:16.065127,rejected,18.0,True,specific_request
MATCH_9250,ALUMNI_M4814,S2239,61.5,2026-04-07 11:22:16.065461,pending,,False,specific_request
MATCH_9251,M3609,S2767,44.0,2026-05-06 11:22:16.069925,accepted,59.0,False,auto_suggestion
MATCH_9252,ALUMNI_M5651,S4790,39.0,2026-04-24 11:22:16.070386,accepted,13.0,True,admin_assigned
MATCH_9253,ALUMNI_M1757,S4213,57.75,2026-05-02 11:22:16.070798,pending,5.0,False,auto_suggestion
MATCH_9254,M3532,S2711,51.0,2026-05-02 11:22:16.071198,completed,,True,admin_assigned
MATCH_9255,M610,S3732,44.0,2026-04-07 11:22:16.071595,rejected,,False,admin_assigned
MATCH_9256,M2290,S3621,43.86,2026-04-24 11:22:16.074070,completed,1.0,True,specific_request
MATCH_9257,ALUMNI_M4639,S4752,51.0,2026-05-02 11:22:16.074489,accepted,,False,auto_suggestion
MATCH_9258,ALUMNI_M4616,S2436,48.0,2026-04-24 11:22:16.074890,completed,33.0,False,specific_request
MATCH_9259,M1627,S4284,44.0,2026-05-06 11:22:16.075285,pending,38.0,True,specific_request
MATCH_9260,ALUMNI_M5542,S4258,51.0,2026-05-06 11:22:16.075676,completed,10.0,False,auto_suggestion
MATCH_9261,M2018,S4834,44.0,2026-04-11 11:22:16.078163,completed,,False,auto_suggestion
MATCH_9262,M308,S1928,56.56,2026-04-08 11:22:16.078581,accepted,25.0,True,admin_assigned
MATCH_9263,M2413,S3956,55.0,2026-05-02 11:22:16.079004,pending,,False,admin_assigned
MATCH_9264,M3240,S4247,44.0,2026-04-16 11:22:16.079404,completed,27.0,False,auto_suggestion
MATCH_9265,ALUMNI_M2982,S339,48.0,2026-04-25 11:22:16.081864,accepted,18.0,False,high_compatibility
MATCH_9266,ALUMNI_M3595,S2587,61.67,2026-05-06 11:22:16.082310,pending,69.0,False,admin_assigned
MATCH_9267,ALUMNI_M3656,S2363,51.0,2026-05-01 11:22:16.082724,completed,,True,high_compatibility
MATCH_9268,ALUMNI_M4306,S4586,47.0,2026-04-07 11:22:16.083145,rejected,,True,admin_assigned
MATCH_9269,M4191,S1678,55.0,2026-05-05 11:22:16.083568,completed,45.0,True,auto_suggestion
MATCH_9270,ALUMNI_M1868,S1491,68.5,2026-04-30 11:22:16.086053,pending,61.0,False,admin_assigned
MATCH_9271,M1976,S73,51.0,2026-05-03 11:22:16.086472,accepted,69.0,False,high_compatibility
MATCH_9272,M4178,S125,44.0,2026-04-14 11:22:16.086896,completed,21.0,True,specific_request
MATCH_9273,ALUMNI_M284,S4637,51.0,2026-04-10 11:22:16.087313,completed,41.0,False,high_compatibility
MATCH_9274,M4458,S20,51.0,2026-05-05 11:22:16.088462,pending,2.0,True,high_compatibility
MATCH_9275,M2812,S3450,44.0,2026-04-08 11:22:16.088906,accepted,,True,auto_suggestion
MATCH_9276,ALUMNI_M3929,S4358,51.0,2026-04-13 11:22:16.089621,accepted,24.0,True,specific_request
MATCH_9277,ALUMNI_M722,S2617,39.56,2026-04-06 11:22:16.090040,pending,25.0,True,auto_suggestion
MATCH_9278,ALUMNI_M3054,S3665,44.0,2026-04-19 11:22:16.090377,completed,,False,admin_assigned
MATCH_9279,ALUMNI_M3213,S2103,51.0,2026-04-17 11:22:16.090691,accepted,53.0,True,high_compatibility
MATCH_9280,M2142,S810,65.5,2026-04-30 11:22:16.094145,rejected,39.0,False,admin_assigned
MATCH_9281,ALUMNI_M3766,S602,68.5,2026-04-28 11:22:16.094541,accepted,29.0,False,high_compatibility
MATCH_9282,M1018,S4041,51.0,2026-04-21 11:22:16.094982,accepted,,False,admin_assigned
MATCH_9283,ALUMNI_M5386,S4048,51.0,2026-04-18 11:22:16.095378,accepted,65.0,True,specific_request
MATCH_9284,ALUMNI_M3597,S4654,44.0,2026-05-02 11:22:16.097805,accepted,,True,specific_request
MATCH_9285,M3658,S425,51.0,2026-04-22 11:22:16.098210,pending,6.0,True,specific_request
MATCH_9286,M4118,S2855,68.5,2026-04-20 11:22:16.098573,rejected,68.0,False,high_compatibility
MATCH_9287,M1233,S807,48.0,2026-04-22 11:22:16.098959,rejected,,False,specific_request
MATCH_9288,ALUMNI_M426,S4341,44.0,2026-04-21 11:22:16.099384,pending,1.0,True,auto_suggestion
MATCH_9289,M255,S3745,46.71,2026-05-05 11:22:16.099816,accepted,65.0,False,high_compatibility
MATCH_9290,ALUMNI_M4316,S1630,68.5,2026-04-29 11:22:16.100226,accepted,36.0,False,auto_suggestion
MATCH_9291,ALUMNI_M3247,S4579,51.0,2026-05-03 11:22:16.100608,pending,41.0,True,specific_request
MATCH_9292,ALUMNI_M4188,S4075,42.89,2026-05-01 11:22:16.103104,accepted,10.0,False,specific_request
MATCH_9293,ALUMNI_M2752,S594,40.25,2026-05-06 11:22:16.103515,pending,30.0,False,admin_assigned
MATCH_9294,ALUMNI_M3726,S2204,44.0,2026-04-25 11:22:16.106007,accepted,26.0,True,specific_request
MATCH_9295,M3319,S4393,51.0,2026-04-06 11:22:16.106404,pending,4.0,False,admin_assigned
MATCH_9296,M4242,S3158,44.0,2026-04-23 11:22:16.106799,completed,,False,specific_request
MATCH_9297,ALUMNI_M2356,S3262,51.0,2026-04-25 11:22:16.107161,accepted,62.0,False,auto_suggestion
MATCH_9298,ALUMNI_M1834,S2201,44.0,2026-04-21 11:22:16.107534,accepted,23.0,False,admin_assigned
MATCH_9299,M2073,S285,44.0,2026-04-26 11:22:16.110025,rejected,35.0,False,admin_assigned
MATCH_9300,ALUMNI_M2439,S2426,48.0,2026-04-09 11:22:16.110454,accepted,23.0,False,specific_request
MATCH_9301,M2643,S402,60.5,2026-04-09 11:22:16.112689,accepted,15.0,False,auto_suggestion
MATCH_9302,M842,S4382,51.0,2026-04-07 11:22:16.113135,accepted,31.0,False,admin_assigned
MATCH_9303,M1832,S3048,51.0,2026-04-20 11:22:16.113525,rejected,8.0,True,high_compatibility
MATCH_9304,M2281,S3904,51.0,2026-04-10 11:22:16.118022,rejected,2.0,False,specific_request
MATCH_9305,ALUMNI_M5593,S3011,72.5,2026-04-17 11:22:16.118437,completed,,True,auto_suggestion
MATCH_9306,M371,S4136,51.0,2026-05-02 11:22:16.118819,rejected,72.0,True,specific_request
MATCH_9307,M4244,S4879,44.0,2026-04-29 11:22:16.119209,completed,32.0,True,high_compatibility
MATCH_9308,M4832,S2631,55.0,2026-04-18 11:22:16.119573,pending,14.0,True,specific_request
MATCH_9309,M3693,S1348,55.0,2026-04-28 11:22:16.124040,pending,11.0,False,specific_request
MATCH_9310,M2996,S4731,51.0,2026-04-14 11:22:16.124438,completed,4.0,False,auto_suggestion
MATCH_9311,ALUMNI_M5591,S950,40.5,2026-04-17 11:22:16.124843,completed,44.0,True,admin_assigned
MATCH_9312,ALUMNI_M5446,S3479,42.33,2026-04-28 11:22:16.125233,accepted,,False,admin_assigned
MATCH_9313,M1474,S1984,55.0,2026-04-27 11:22:16.125594,accepted,,False,specific_request
MATCH_9314,M947,S4572,44.0,2026-04-06 11:22:16.129068,accepted,47.0,True,auto_suggestion
MATCH_9315,ALUMNI_M4932,S1245,55.0,2026-04-24 11:22:16.129421,pending,47.0,False,auto_suggestion
MATCH_9316,M3624,S655,40.25,2026-04-11 11:22:16.129757,completed,10.0,True,high_compatibility
MATCH_9317,ALUMNI_M1082,S1692,44.0,2026-04-21 11:22:16.130073,pending,44.0,True,auto_suggestion
MATCH_9318,ALUMNI_M1710,S3637,51.0,2026-04-12 11:22:16.130402,accepted,47.0,True,high_compatibility
MATCH_9319,M4909,S3468,51.0,2026-04-25 11:22:16.135929,accepted,43.0,True,admin_assigned
MATCH_9320,ALUMNI_M2498,S3956,51.0,2026-05-04 11:22:16.136421,completed,50.0,False,admin_assigned
MATCH_9321,M2078,S4473,50.67,2026-05-03 11:22:16.136817,completed,10.0,True,admin_assigned
MATCH_9322,M2810,S4979,55.0,2026-05-01 11:22:16.137142,rejected,68.0,True,admin_assigned
MATCH_9323,M4700,S4500,51.0,2026-04-16 11:22:16.137492,accepted,67.0,True,admin_assigned
MATCH_9324,M2534,S1933,51.0,2026-04-13 11:22:16.142008,rejected,19.0,True,auto_suggestion
MATCH_9325,ALUMNI_M2007,S677,57.67,2026-04-18 11:22:16.142516,completed,3.0,False,specific_request
MATCH_9326,M4712,S1749,68.5,2026-04-23 11:22:16.142921,accepted,,False,specific_request
MATCH_9327,ALUMNI_M4253,S4403,39.0,2026-04-09 11:22:16.143451,rejected,,False,high_compatibility
MATCH_9328,ALUMNI_M2555,S1581,46.56,2026-04-28 11:22:16.147968,accepted,19.0,True,admin_assigned
MATCH_9329,M1875,S2699,44.0,2026-04-06 11:22:16.148411,accepted,61.0,True,admin_assigned
MATCH_9330,ALUMNI_M3381,S657,42.44,2026-04-24 11:22:16.148888,pending,36.0,False,admin_assigned
MATCH_9331,ALUMNI_M439,S2797,48.0,2026-04-21 11:22:16.149276,accepted,61.0,True,high_compatibility
MATCH_9332,M3954,S2342,55.0,2026-04-09 11:22:16.149644,rejected,,True,high_compatibility
MATCH_9333,ALUMNI_M99,S4161,51.0,2026-04-17 11:22:16.154822,pending,,True,admin_assigned
MATCH_9334,M4861,S1947,51.0,2026-04-30 11:22:16.155213,pending,6.0,False,specific_request
MATCH_9335,ALUMNI_M4871,S3305,48.0,2026-05-02 11:22:16.155594,completed,,True,auto_suggestion
MATCH_9336,ALUMNI_M5411,S3010,44.0,2026-04-30 11:22:16.156011,completed,,True,specific_request
MATCH_9337,ALUMNI_M2292,S4045,68.5,2026-04-23 11:22:16.156404,pending,32.0,True,auto_suggestion
MATCH_9338,ALUMNI_M4195,S353,46.0,2026-04-13 11:22:16.162975,pending,71.0,False,admin_assigned
MATCH_9339,ALUMNI_M2159,S4662,44.0,2026-04-07 11:22:16.163442,pending,11.0,False,specific_request
MATCH_9340,ALUMNI_M4347,S3190,55.0,2026-04-21 11:22:16.163797,rejected,34.0,False,specific_request
MATCH_9341,M1539,S2984,44.0,2026-04-26 11:22:16.164126,accepted,6.0,True,auto_suggestion
MATCH_9342,ALUMNI_M397,S3840,44.0,2026-04-13 11:22:16.164467,accepted,71.0,False,high_compatibility
MATCH_9343,M1387,S2287,53.72,2026-04-29 11:22:16.166035,completed,,True,auto_suggestion
MATCH_9344,M4479,S3018,44.0,2026-05-06 11:22:16.166655,rejected,,False,specific_request
MATCH_9345,ALUMNI_M1677,S3712,49.89,2026-04-28 11:22:16.167010,rejected,33.0,True,auto_suggestion
MATCH_9346,ALUMNI_M267,S3873,51.0,2026-04-09 11:22:16.167324,accepted,,True,admin_assigned
MATCH_9347,M3600,S4316,68.5,2026-04-27 11:22:16.167679,completed,28.0,True,auto_suggestion
MATCH_9348,ALUMNI_M5658,S43,51.0,2026-04-09 11:22:16.170117,pending,41.0,False,admin_assigned
MATCH_9349,ALUMNI_M4365,S535,51.0,2026-04-19 11:22:16.170520,pending,20.0,True,specific_request
MATCH_9350,ALUMNI_M194,S997,64.07,2026-04-14 11:22:16.175072,completed,12.0,False,admin_assigned
MATCH_9351,ALUMNI_M2891,S3865,44.0,2026-04-07 11:22:16.175500,pending,,True,auto_suggestion
MATCH_9352,M1323,S1321,68.5,2026-04-18 11:22:16.176997,completed,21.0,True,high_compatibility
MATCH_9353,ALUMNI_M2908,S4307,48.0,2026-04-28 11:22:16.177400,accepted,57.0,True,admin_assigned
MATCH_9354,M3621,S531,44.0,2026-04-22 11:22:16.177825,completed,28.0,True,high_compatibility
MATCH_9355,ALUMNI_M3229,S4360,51.0,2026-04-20 11:22:16.178230,completed,10.0,False,specific_request
MATCH_9356,M2690,S604,55.0,2026-04-14 11:22:16.178598,completed,,True,admin_assigned
MATCH_9357,M78,S3554,68.5,2026-04-16 11:22:16.183144,accepted,52.0,False,admin_assigned
MATCH_9358,ALUMNI_M5466,S2192,44.0,2026-04-24 11:22:16.183585,pending,51.0,True,high_compatibility
MATCH_9359,M230,S4641,51.0,2026-04-09 11:22:16.184005,pending,57.0,True,admin_assigned
MATCH_9360,M4391,S1348,51.0,2026-04-25 11:22:16.184388,accepted,,False,admin_assigned
MATCH_9361,M4292,S1537,44.0,2026-05-02 11:22:16.192852,pending,,True,admin_assigned
MATCH_9362,M3639,S3443,51.0,2026-04-06 11:22:16.193447,completed,4.0,True,high_compatibility
MATCH_9363,M3915,S2923,72.5,2026-05-01 11:22:16.193909,completed,,False,auto_suggestion
MATCH_9364,M858,S3437,51.0,2026-04-14 11:22:16.194325,rejected,25.0,False,specific_request
MATCH_9365,ALUMNI_M3494,S4593,64.5,2026-04-06 11:22:16.194696,completed,,False,high_compatibility
MATCH_9366,M4692,S871,68.5,2026-05-02 11:22:16.201305,pending,,False,specific_request
MATCH_9367,M3736,S2426,44.0,2026-04-12 11:22:16.201661,rejected,48.0,True,auto_suggestion
MATCH_9368,ALUMNI_M5237,S1757,68.5,2026-04-26 11:22:16.202019,rejected,50.0,False,admin_assigned
MATCH_9369,M315,S3688,68.5,2026-04-24 11:22:16.202340,pending,14.0,False,auto_suggestion
MATCH_9370,ALUMNI_M3627,S3969,61.5,2026-05-03 11:22:16.202646,accepted,,True,auto_suggestion
MATCH_9371,M3044,S1510,51.0,2026-04-25 11:22:16.207138,completed,51.0,False,high_compatibility
MATCH_9372,ALUMNI_M5319,S1904,55.0,2026-04-23 11:22:16.207500,completed,,False,admin_assigned
MATCH_9373,M3119,S3784,44.0,2026-05-06 11:22:16.207820,rejected,34.0,True,high_compatibility
MATCH_9374,ALUMNI_M4887,S3695,44.0,2026-04-23 11:22:16.208123,pending,59.0,False,specific_request
MATCH_9375,ALUMNI_M4427,S4296,39.71,2026-04-11 11:22:16.208469,accepted,35.0,False,auto_suggestion
MATCH_9376,M4007,S201,68.5,2026-04-18 11:22:16.212872,rejected,31.0,False,specific_request
MATCH_9377,M3317,S1352,50.67,2026-04-12 11:22:16.213273,pending,,False,specific_request
MATCH_9378,ALUMNI_M4315,S2410,68.5,2026-04-06 11:22:16.213595,completed,72.0,False,auto_suggestion
MATCH_9379,ALUMNI_M4996,S546,61.5,2026-04-13 11:22:16.213936,rejected,65.0,True,high_compatibility
MATCH_9380,ALUMNI_M4287,S1122,51.0,2026-04-27 11:22:16.214252,pending,27.0,False,auto_suggestion
MATCH_9381,ALUMNI_M1635,S229,44.0,2026-04-08 11:22:16.214597,accepted,,False,admin_assigned
MATCH_9382,M2017,S721,48.0,2026-04-19 11:22:16.219061,accepted,,False,high_compatibility
MATCH_9383,ALUMNI_M1870,S2187,55.0,2026-04-27 11:22:16.219458,rejected,,True,auto_suggestion
MATCH_9384,ALUMNI_M5912,S3682,55.0,2026-04-23 11:22:16.219845,accepted,12.0,False,admin_assigned
MATCH_9385,M2096,S4367,51.0,2026-05-03 11:22:16.220181,accepted,55.0,False,admin_assigned
MATCH_9386,ALUMNI_M4566,S1385,55.0,2026-04-26 11:22:16.220510,rejected,37.0,False,auto_suggestion
MATCH_9387,M1117,S3853,48.0,2026-04-26 11:22:16.229017,pending,22.0,True,auto_suggestion
MATCH_9388,ALUMNI_M1582,S449,39.71,2026-04-21 11:22:16.229437,pending,67.0,True,high_compatibility
MATCH_9389,ALUMNI_M324,S1789,72.5,2026-04-18 11:22:16.229787,rejected,4.0,True,admin_assigned
MATCH_9390,M824,S1559,57.67,2026-04-28 11:22:16.230107,rejected,70.0,True,auto_suggestion
MATCH_9391,M4042,S1893,51.0,2026-04-19 11:22:16.230428,accepted,68.0,True,auto_suggestion
MATCH_9392,ALUMNI_M4730,S3927,46.0,2026-04-24 11:22:16.239076,pending,24.0,True,high_compatibility
MATCH_9393,ALUMNI_M3394,S1099,48.0,2026-04-12 11:22:16.239724,pending,35.0,False,specific_request
MATCH_9394,M1296,S2743,54.67,2026-04-21 11:22:16.240121,completed,64.0,False,specific_request
MATCH_9395,M3353,S3133,51.0,2026-04-21 11:22:16.240471,accepted,,True,specific_request
MATCH_9396,M2153,S567,48.0,2026-04-20 11:22:16.247940,completed,,False,high_compatibility
MATCH_9397,ALUMNI_M192,S4260,51.0,2026-04-26 11:22:16.248501,completed,48.0,True,specific_request
MATCH_9398,ALUMNI_M4199,S1578,44.0,2026-04-24 11:22:16.248907,completed,,False,specific_request
MATCH_9399,ALUMNI_M3451,S1781,44.0,2026-05-06 11:22:16.249323,rejected,35.0,True,admin_assigned
MATCH_9400,ALUMNI_M5990,S1896,59.79,2026-04-10 11:22:16.253656,rejected,,False,specific_request
MATCH_9401,ALUMNI_M868,S4096,72.5,2026-05-02 11:22:16.254233,pending,45.0,True,auto_suggestion
MATCH_9402,M1141,S3107,55.0,2026-04-06 11:22:16.254590,accepted,31.0,False,specific_request
MATCH_9403,ALUMNI_M5290,S1506,48.0,2026-04-23 11:22:16.254940,pending,31.0,False,specific_request
MATCH_9404,ALUMNI_M552,S839,48.0,2026-04-22 11:22:16.255282,pending,52.0,False,high_compatibility
MATCH_9405,M3560,S2982,51.0,2026-04-16 11:22:16.255622,rejected,4.0,False,high_compatibility
MATCH_9406,M1678,S50,51.0,2026-04-20 11:22:16.258098,pending,,True,specific_request
MATCH_9407,M163,S4936,65.5,2026-05-06 11:22:16.258451,rejected,32.0,False,auto_suggestion
MATCH_9408,M1401,S4151,51.0,2026-04-13 11:22:16.258788,completed,17.0,True,high_compatibility
MATCH_9409,ALUMNI_M4431,S4373,51.0,2026-04-30 11:22:16.259103,completed,,False,admin_assigned
MATCH_9410,ALUMNI_M1020,S1975,51.0,2026-04-09 11:22:16.259534,pending,72.0,False,auto_suggestion
MATCH_9411,ALUMNI_M1116,S3719,51.0,2026-04-24 11:22:16.262035,rejected,36.0,True,auto_suggestion
MATCH_9412,ALUMNI_M5768,S3089,57.67,2026-04-16 11:22:16.262446,rejected,,False,admin_assigned
MATCH_9413,M4071,S635,72.5,2026-04-24 11:22:16.262900,pending,66.0,False,auto_suggestion
MATCH_9414,ALUMNI_M1087,S4161,44.0,2026-04-14 11:22:16.263274,completed,49.0,True,admin_assigned
MATCH_9415,ALUMNI_M1281,S3315,44.0,2026-04-12 11:22:16.263601,rejected,45.0,False,auto_suggestion
MATCH_9416,M4004,S315,51.0,2026-04-09 11:22:16.266065,accepted,7.0,True,admin_assigned
MATCH_9417,ALUMNI_M2695,S723,44.33,2026-04-14 11:22:16.266563,rejected,4.0,False,admin_assigned
MATCH_9418,M2625,S3749,37.33,2026-04-19 11:22:16.266984,pending,58.0,True,specific_request
MATCH_9419,ALUMNI_M2160,S2973,51.0,2026-04-23 11:22:16.267407,rejected,61.0,True,specific_request
MATCH_9420,ALUMNI_M513,S2110,51.0,2026-04-29 11:22:16.269817,rejected,58.0,True,high_compatibility
MATCH_9421,M4723,S3340,44.0,2026-04-15 11:22:16.270248,pending,66.0,True,high_compatibility
MATCH_9422,M3221,S3735,55.0,2026-04-17 11:22:16.270579,rejected,,False,auto_suggestion
MATCH_9423,M2831,S1973,48.0,2026-04-14 11:22:16.270914,pending,,True,admin_assigned
MATCH_9424,ALUMNI_M2721,S1287,51.0,2026-05-01 11:22:16.271233,pending,35.0,False,admin_assigned
MATCH_9425,ALUMNI_M438,S1790,51.0,2026-04-24 11:22:16.271550,rejected,53.0,True,admin_assigned
MATCH_9426,ALUMNI_M970,S3708,44.0,2026-04-13 11:22:16.274081,completed,,False,specific_request
MATCH_9427,ALUMNI_M256,S2008,68.5,2026-04-11 11:22:16.274452,pending,21.0,True,auto_suggestion
MATCH_9428,M2308,S4922,48.5,2026-04-14 11:22:16.274810,pending,,True,auto_suggestion
MATCH_9429,M4629,S967,61.5,2026-04-06 11:22:16.275123,completed,59.0,False,specific_request
MATCH_9430,ALUMNI_M949,S4655,51.0,2026-04-23 11:22:16.275459,accepted,,True,specific_request
MATCH_9431,M3903,S542,66.28,2026-04-28 11:22:16.278118,accepted,10.0,True,auto_suggestion
MATCH_9432,ALUMNI_M4312,S1388,51.0,2026-04-24 11:22:16.278728,accepted,,True,auto_suggestion
MATCH_9433,ALUMNI_M544,S1505,44.0,2026-04-25 11:22:16.279174,rejected,,False,admin_assigned
MATCH_9434,M2701,S367,44.0,2026-05-06 11:22:16.279548,rejected,69.0,False,high_compatibility
MATCH_9435,ALUMNI_M1173,S2049,44.0,2026-05-01 11:22:16.282072,rejected,22.0,False,high_compatibility
MATCH_9436,ALUMNI_M1434,S813,51.0,2026-04-25 11:22:16.282437,pending,,True,admin_assigned
MATCH_9437,ALUMNI_M3568,S1947,51.0,2026-04-13 11:22:16.282780,rejected,,True,auto_suggestion
MATCH_9438,M251,S810,44.0,2026-04-13 11:22:16.283132,completed,24.0,False,high_compatibility
MATCH_9439,ALUMNI_M5017,S4383,48.0,2026-04-21 11:22:16.283543,rejected,66.0,True,high_compatibility
MATCH_9440,M443,S4230,51.0,2026-04-17 11:22:16.286056,completed,69.0,False,auto_suggestion
MATCH_9441,ALUMNI_M2612,S810,61.5,2026-04-20 11:22:16.286528,pending,64.0,False,specific_request
MATCH_9442,M3613,S4545,51.0,2026-05-03 11:22:16.286890,completed,26.0,False,specific_request
MATCH_9443,M4736,S340,61.5,2026-04-16 11:22:16.287218,rejected,67.0,False,admin_assigned
MATCH_9444,ALUMNI_M3138,S2078,51.0,2026-04-19 11:22:16.287549,rejected,48.0,True,high_compatibility
MATCH_9445,ALUMNI_M5534,S3702,68.5,2026-04-11 11:22:16.290000,accepted,,False,admin_assigned
MATCH_9446,M2521,S2038,51.0,2026-04-08 11:22:16.290421,completed,,True,high_compatibility
MATCH_9447,ALUMNI_M1500,S3513,44.0,2026-05-06 11:22:16.290849,accepted,,False,high_compatibility
MATCH_9448,M875,S2297,51.0,2026-05-01 11:22:16.291286,rejected,,True,high_compatibility
MATCH_9449,M2976,S1515,42.33,2026-05-06 11:22:16.291614,rejected,,True,high_compatibility
MATCH_9450,M3010,S618,51.0,2026-05-04 11:22:16.294074,rejected,55.0,False,specific_request
MATCH_9451,ALUMNI_M3337,S3315,61.5,2026-04-17 11:22:16.294425,rejected,56.0,False,admin_assigned
MATCH_9452,ALUMNI_M5863,S863,44.0,2026-04-24 11:22:16.294779,completed,,True,specific_request
MATCH_9453,M3636,S427,48.0,2026-04-06 11:22:16.295158,pending,4.0,False,auto_suggestion
MATCH_9454,ALUMNI_M1825,S1486,44.0,2026-04-16 11:22:16.295586,rejected,18.0,True,auto_suggestion
MATCH_9455,M4105,S3874,51.0,2026-05-05 11:22:16.298085,rejected,25.0,False,high_compatibility
MATCH_9456,M1466,S2398,51.0,2026-04-30 11:22:16.298512,rejected,10.0,False,high_compatibility
MATCH_9457,M3457,S4631,51.0,2026-04-30 11:22:16.298942,accepted,,False,admin_assigned
MATCH_9458,M1198,S3002,51.0,2026-04-15 11:22:16.299275,accepted,39.0,True,auto_suggestion
MATCH_9459,M3150,S1961,44.0,2026-04-20 11:22:16.299590,completed,,False,auto_suggestion
MATCH_9460,M1286,S2308,61.5,2026-04-07 11:22:16.304176,rejected,72.0,False,auto_suggestion
MATCH_9461,ALUMNI_M1146,S591,44.0,2026-04-22 11:22:16.304543,completed,21.0,False,high_compatibility
MATCH_9462,M4230,S2156,51.0,2026-04-13 11:22:16.304894,completed,45.0,True,admin_assigned
MATCH_9463,ALUMNI_M5529,S4941,44.0,2026-04-13 11:22:16.305213,accepted,60.0,False,admin_assigned
MATCH_9464,ALUMNI_M5832,S2152,57.67,2026-04-09 11:22:16.307236,rejected,19.0,False,auto_suggestion
MATCH_9465,M77,S151,51.0,2026-04-26 11:22:16.307617,completed,,False,admin_assigned
MATCH_9466,M3178,S2558,51.0,2026-04-13 11:22:16.308053,completed,63.0,False,auto_suggestion
MATCH_9467,M3796,S2681,61.5,2026-04-29 11:22:16.308386,accepted,18.0,True,auto_suggestion
MATCH_9468,M1531,S1771,41.33,2026-04-21 11:22:16.312784,pending,38.0,True,admin_assigned
MATCH_9469,M3019,S4598,51.0,2026-04-18 11:22:16.313290,accepted,50.0,True,admin_assigned
MATCH_9470,M2087,S1595,51.0,2026-04-06 11:22:16.313667,pending,,True,high_compatibility
MATCH_9471,ALUMNI_M267,S381,44.0,2026-04-25 11:22:16.314109,pending,18.0,True,admin_assigned
MATCH_9472,M1513,S745,55.0,2026-04-16 11:22:16.314442,pending,61.0,True,high_compatibility
MATCH_9473,ALUMNI_M5396,S4806,61.5,2026-05-04 11:22:16.318851,accepted,65.0,False,high_compatibility
MATCH_9474,M4676,S644,55.0,2026-04-12 11:22:16.319295,completed,61.0,True,auto_suggestion
MATCH_9475,M581,S2326,68.5,2026-05-02 11:22:16.319615,completed,49.0,True,specific_request
MATCH_9476,ALUMNI_M3298,S4775,48.0,2026-04-10 11:22:16.319945,rejected,7.0,True,high_compatibility
MATCH_9477,ALUMNI_M391,S4642,51.0,2026-04-22 11:22:16.320300,accepted,,False,admin_assigned
MATCH_9478,ALUMNI_M5709,S133,40.67,2026-04-26 11:22:16.320692,accepted,,False,admin_assigned
MATCH_9479,M105,S3823,40.67,2026-04-17 11:22:16.325208,accepted,42.0,False,admin_assigned
MATCH_9480,ALUMNI_M2205,S4449,61.5,2026-04-09 11:22:16.325554,rejected,38.0,True,high_compatibility
MATCH_9481,M4283,S1618,51.0,2026-04-25 11:22:16.325981,completed,42.0,True,high_compatibility
MATCH_9482,ALUMNI_M317,S4713,44.0,2026-04-30 11:22:16.326371,pending,71.0,False,admin_assigned
MATCH_9483,M937,S4082,44.0,2026-04-12 11:22:16.330083,accepted,48.0,False,admin_assigned
MATCH_9484,M4460,S1503,51.0,2026-04-14 11:22:16.330491,accepted,13.0,False,auto_suggestion
MATCH_9485,M3380,S3710,51.0,2026-04-24 11:22:16.330923,completed,51.0,False,auto_suggestion
MATCH_9486,ALUMNI_M4613,S1886,51.0,2026-04-21 11:22:16.331321,accepted,21.0,True,admin_assigned
MATCH_9487,ALUMNI_M3855,S3043,41.33,2026-04-22 11:22:16.332869,pending,,True,high_compatibility
MATCH_9488,M2263,S4736,44.0,2026-04-27 11:22:16.333322,pending,,False,high_compatibility
MATCH_9489,M4580,S298,51.0,2026-04-18 11:22:16.342609,accepted,3.0,False,auto_suggestion
MATCH_9490,M4640,S1395,48.0,2026-04-13 11:22:16.343300,completed,,True,high_compatibility
MATCH_9491,M4748,S4597,50.67,2026-04-27 11:22:16.345563,completed,71.0,False,specific_request
MATCH_9492,M2520,S2310,51.0,2026-04-29 11:22:16.345997,accepted,27.0,False,admin_assigned
MATCH_9493,M3562,S1576,48.0,2026-04-24 11:22:16.346379,pending,,False,specific_request
MATCH_9494,M2272,S4448,51.0,2026-04-12 11:22:16.346777,completed,28.0,False,admin_assigned
MATCH_9495,ALUMNI_M343,S3360,61.5,2026-04-12 11:22:16.347153,pending,44.0,False,specific_request
MATCH_9496,ALUMNI_M2692,S468,55.0,2026-04-21 11:22:16.347522,accepted,33.0,True,admin_assigned
MATCH_9497,M410,S2063,72.5,2026-05-01 11:22:16.360857,rejected,59.0,False,high_compatibility
MATCH_9498,M773,S685,51.0,2026-04-24 11:22:16.361350,completed,41.0,True,specific_request
MATCH_9499,ALUMNI_M193,S4823,61.5,2026-04-28 11:22:16.366614,completed,68.0,False,high_compatibility
MATCH_9500,ALUMNI_M5234,S1970,68.5,2026-04-11 11:22:16.368723,accepted,58.0,True,auto_suggestion
MATCH_9501,ALUMNI_M1916,S569,61.5,2026-04-09 11:22:16.369199,accepted,13.0,False,specific_request
MATCH_9502,ALUMNI_M3439,S1641,66.0,2026-04-21 11:22:16.371277,completed,23.0,True,specific_request
MATCH_9503,ALUMNI_M5424,S3614,44.0,2026-04-30 11:22:16.373287,rejected,10.0,False,auto_suggestion
MATCH_9504,ALUMNI_M2786,S2980,51.0,2026-05-06 11:22:16.375381,accepted,11.0,False,auto_suggestion
MATCH_9505,M382,S4023,51.0,2026-04-23 11:22:16.375839,pending,,False,high_compatibility
MATCH_9506,ALUMNI_M3341,S4247,48.0,2026-05-04 11:22:16.377922,accepted,42.0,False,specific_request
MATCH_9507,M3266,S2376,57.67,2026-05-01 11:22:16.379814,accepted,,False,auto_suggestion
MATCH_9508,ALUMNI_M3454,S1450,51.0,2026-04-18 11:22:16.380138,pending,20.0,False,auto_suggestion
MATCH_9509,ALUMNI_M5203,S2836,51.0,2026-04-27 11:22:16.381950,completed,51.0,False,admin_assigned
MATCH_9510,M2062,S305,55.0,2026-04-24 11:22:16.382289,pending,20.0,True,auto_suggestion
MATCH_9511,M2275,S1131,44.75,2026-04-09 11:22:16.382620,accepted,63.0,True,specific_request
MATCH_9512,ALUMNI_M2244,S1887,44.0,2026-04-07 11:22:16.384406,accepted,17.0,False,high_compatibility
MATCH_9513,M809,S3246,51.0,2026-04-18 11:22:16.384764,rejected,23.0,False,specific_request
MATCH_9514,M1766,S2400,43.22,2026-04-29 11:22:16.386563,rejected,67.0,True,specific_request
MATCH_9515,ALUMNI_M466,S2986,55.0,2026-04-17 11:22:16.386939,accepted,43.0,True,high_compatibility
MATCH_9516,M1636,S2796,51.0,2026-05-04 11:22:16.388825,rejected,67.0,False,admin_assigned
MATCH_9517,M935,S566,55.0,2026-04-14 11:22:16.389161,accepted,,False,specific_request
MATCH_9518,M4585,S2307,57.67,2026-04-30 11:22:16.391010,rejected,30.0,False,admin_assigned
MATCH_9519,ALUMNI_M1466,S3479,54.67,2026-05-01 11:22:16.392881,rejected,42.0,False,specific_request
MATCH_9520,ALUMNI_M5545,S206,68.5,2026-05-05 11:22:16.394719,accepted,43.0,False,admin_assigned
MATCH_9521,M1985,S3711,44.0,2026-04-20 11:22:16.395119,pending,25.0,True,admin_assigned
MATCH_9522,M1899,S1815,55.0,2026-04-16 11:22:16.395473,accepted,17.0,False,high_compatibility
MATCH_9523,ALUMNI_M3750,S1727,55.0,2026-04-24 11:22:16.397336,pending,49.0,False,admin_assigned
MATCH_9524,M4603,S1425,48.0,2026-04-11 11:22:16.397691,accepted,70.0,True,specific_request
MATCH_9525,ALUMNI_M1326,S4099,44.0,2026-04-18 11:22:16.399566,accepted,30.0,True,admin_assigned
MATCH_9526,M4738,S4462,44.0,2026-04-26 11:22:16.399938,rejected,,True,high_compatibility
MATCH_9527,ALUMNI_M1633,S2744,68.5,2026-04-19 11:22:16.400310,rejected,,True,auto_suggestion
MATCH_9528,M1021,S3980,54.36,2026-04-24 11:22:16.400679,pending,,False,high_compatibility
MATCH_9529,ALUMNI_M3871,S348,51.42,2026-04-30 11:22:16.402607,pending,61.0,False,auto_suggestion
MATCH_9530,ALUMNI_M581,S2601,51.0,2026-04-26 11:22:16.404496,accepted,36.0,False,admin_assigned
MATCH_9531,ALUMNI_M3155,S4521,44.0,2026-04-25 11:22:16.408170,rejected,43.0,True,admin_assigned
MATCH_9532,ALUMNI_M2131,S2287,44.0,2026-04-23 11:22:16.410181,accepted,23.0,True,specific_request
MATCH_9533,ALUMNI_M2708,S297,68.5,2026-04-12 11:22:16.410668,rejected,,True,admin_assigned
MATCH_9534,M4883,S4404,51.0,2026-04-08 11:22:16.412791,pending,3.0,False,auto_suggestion
MATCH_9535,M4458,S931,61.67,2026-04-09 11:22:16.414734,accepted,14.0,True,specific_request
MATCH_9536,M2039,S4779,44.0,2026-05-01 11:22:16.415206,rejected,29.0,False,admin_assigned
MATCH_9537,M1829,S1582,51.0,2026-04-10 11:22:16.417237,accepted,59.0,False,specific_request
MATCH_9538,ALUMNI_M3166,S4647,44.0,2026-04-30 11:22:16.417697,completed,,False,admin_assigned
MATCH_9539,ALUMNI_M815,S523,44.0,2026-05-04 11:22:16.419666,accepted,1.0,False,admin_assigned
MATCH_9540,M3731,S4932,68.17,2026-04-19 11:22:16.420164,pending,2.0,True,high_compatibility
MATCH_9541,ALUMNI_M4029,S2204,68.17,2026-04-26 11:22:16.422239,rejected,,True,admin_assigned
MATCH_9542,ALUMNI_M4405,S393,65.0,2026-05-05 11:22:16.424260,accepted,,False,high_compatibility
MATCH_9543,ALUMNI_M5333,S4388,55.0,2026-04-25 11:22:16.424677,completed,,False,auto_suggestion
MATCH_9544,M3698,S222,51.0,2026-04-19 11:22:16.426882,completed,54.0,True,specific_request
MATCH_9545,ALUMNI_M1404,S1578,51.0,2026-04-24 11:22:16.429000,completed,25.0,True,auto_suggestion
MATCH_9546,M192,S1705,55.0,2026-05-04 11:22:16.429369,rejected,4.0,False,admin_assigned
MATCH_9547,M3547,S1601,51.0,2026-04-16 11:22:16.429992,pending,9.0,False,specific_request
MATCH_9548,M4841,S1157,55.0,2026-04-10 11:22:16.430368,rejected,21.0,False,auto_suggestion
MATCH_9549,ALUMNI_M625,S2730,51.0,2026-04-23 11:22:16.430688,rejected,71.0,True,high_compatibility
MATCH_9550,M2426,S2701,48.0,2026-04-20 11:22:16.431021,accepted,,True,admin_assigned
MATCH_9551,M4116,S1150,40.25,2026-04-12 11:22:16.436980,accepted,4.0,False,auto_suggestion
MATCH_9552,M319,S2452,44.0,2026-04-12 11:22:16.437394,completed,33.0,True,high_compatibility
MATCH_9553,ALUMNI_M4096,S3428,51.0,2026-04-16 11:22:16.437749,pending,24.0,False,high_compatibility
MATCH_9554,M4951,S4902,68.5,2026-04-20 11:22:16.438075,rejected,,False,auto_suggestion
MATCH_9555,ALUMNI_M1711,S4307,48.0,2026-05-01 11:22:16.438395,accepted,8.0,True,specific_request
MATCH_9556,M3431,S3879,51.0,2026-04-18 11:22:16.444739,rejected,,True,auto_suggestion
MATCH_9557,M221,S1896,48.0,2026-04-13 11:22:16.445289,accepted,18.0,False,specific_request
MATCH_9558,M2434,S4634,51.0,2026-04-11 11:22:16.445626,rejected,,True,auto_suggestion
MATCH_9559,ALUMNI_M3105,S2232,49.29,2026-04-10 11:22:16.445995,completed,55.0,False,high_compatibility
MATCH_9560,M4898,S1380,51.0,2026-04-17 11:22:16.446374,rejected,,False,admin_assigned
MATCH_9561,ALUMNI_M2421,S4488,65.5,2026-05-05 11:22:16.452856,accepted,27.0,False,specific_request
MATCH_9562,ALUMNI_M4960,S609,55.0,2026-05-01 11:22:16.453346,rejected,52.0,True,auto_suggestion
MATCH_9563,ALUMNI_M4054,S4251,51.0,2026-04-17 11:22:16.453679,rejected,,True,high_compatibility
MATCH_9564,M2596,S2035,44.0,2026-05-01 11:22:16.454042,completed,59.0,False,auto_suggestion
MATCH_9565,M3970,S1266,51.0,2026-04-18 11:22:16.454370,rejected,61.0,True,high_compatibility
MATCH_9566,ALUMNI_M4562,S706,44.0,2026-04-11 11:22:16.459587,rejected,,True,auto_suggestion
MATCH_9567,ALUMNI_M5290,S3844,51.0,2026-04-11 11:22:16.460267,completed,18.0,False,admin_assigned
MATCH_9568,ALUMNI_M4217,S2028,55.0,2026-04-19 11:22:16.460626,pending,,True,specific_request
MATCH_9569,ALUMNI_M406,S2630,44.0,2026-05-04 11:22:16.461044,rejected,61.0,True,specific_request
MATCH_9570,M3691,S4995,51.0,2026-04-20 11:22:16.461394,pending,,True,auto_suggestion
MATCH_9571,ALUMNI_M1731,S2543,40.67,2026-04-29 11:22:16.463951,completed,59.0,False,high_compatibility
MATCH_9572,M1960,S4687,51.0,2026-04-15 11:22:16.464443,pending,8.0,True,specific_request
MATCH_9573,ALUMNI_M2986,S4179,68.5,2026-04-24 11:22:16.464847,completed,,False,specific_request
MATCH_9574,ALUMNI_M299,S975,51.0,2026-05-05 11:22:16.465167,rejected,,False,admin_assigned
MATCH_9575,ALUMNI_M2820,S226,50.71,2026-04-19 11:22:16.465483,completed,2.0,True,auto_suggestion
MATCH_9576,ALUMNI_M3107,S3171,51.0,2026-05-06 11:22:16.467905,accepted,,False,high_compatibility
MATCH_9577,ALUMNI_M4977,S3271,61.5,2026-05-04 11:22:16.468472,rejected,7.0,True,admin_assigned
MATCH_9578,M160,S3362,55.0,2026-04-18 11:22:16.468830,completed,1.0,False,specific_request
MATCH_9579,ALUMNI_M4026,S1851,47.0,2026-04-29 11:22:16.469160,pending,64.0,False,high_compatibility
MATCH_9580,ALUMNI_M421,S2400,51.0,2026-04-17 11:22:16.469480,pending,25.0,True,specific_request
MATCH_9581,M1451,S4089,44.0,2026-04-24 11:22:16.471947,rejected,,True,auto_suggestion
MATCH_9582,M2830,S150,51.0,2026-04-20 11:22:16.472409,completed,25.0,True,high_compatibility
MATCH_9583,ALUMNI_M5998,S4752,55.0,2026-05-05 11:22:16.472803,rejected,,True,auto_suggestion
MATCH_9584,M3152,S1040,48.0,2026-04-29 11:22:16.474955,completed,71.0,False,auto_suggestion
MATCH_9585,ALUMNI_M813,S2811,44.0,2026-04-20 11:22:16.475380,accepted,,True,specific_request
MATCH_9586,M1336,S1934,48.0,2026-05-02 11:22:16.477920,rejected,36.0,True,auto_suggestion
MATCH_9587,M4507,S3077,61.5,2026-04-30 11:22:16.478345,completed,,True,admin_assigned
MATCH_9588,M803,S2201,48.0,2026-04-14 11:22:16.478670,accepted,49.0,True,auto_suggestion
MATCH_9589,ALUMNI_M4343,S685,68.5,2026-05-06 11:22:16.479011,rejected,2.0,True,admin_assigned
MATCH_9590,M4411,S3994,44.0,2026-04-17 11:22:16.479380,rejected,48.0,False,high_compatibility
MATCH_9591,M2150,S3743,47.67,2026-04-23 11:22:16.481790,accepted,,False,auto_suggestion
MATCH_9592,M3394,S2262,41.5,2026-04-24 11:22:16.482224,completed,32.0,False,auto_suggestion
MATCH_9593,ALUMNI_M402,S2629,51.0,2026-04-26 11:22:16.482622,pending,14.0,False,admin_assigned
MATCH_9594,ALUMNI_M2147,S4810,51.0,2026-05-01 11:22:16.482980,rejected,29.0,True,specific_request
MATCH_9595,ALUMNI_M2924,S4932,61.5,2026-04-07 11:22:16.483337,pending,36.0,True,auto_suggestion
MATCH_9596,ALUMNI_M5121,S2664,44.0,2026-04-16 11:22:16.483687,accepted,2.0,True,admin_assigned
MATCH_9597,M800,S3639,44.0,2026-04-20 11:22:16.486168,pending,,False,specific_request
MATCH_9598,ALUMNI_M955,S16,55.0,2026-04-18 11:22:16.486580,pending,4.0,False,specific_request
MATCH_9599,M688,S3523,44.0,2026-04-23 11:22:16.486930,accepted,,True,specific_request
MATCH_9600,M570,S1137,51.0,2026-04-28 11:22:16.487329,accepted,,False,specific_request
MATCH_9601,ALUMNI_M5108,S1172,48.0,2026-04-23 11:22:16.487655,rejected,35.0,True,admin_assigned
MATCH_9602,M3459,S1984,51.0,2026-04-19 11:22:16.490088,pending,15.0,True,admin_assigned
MATCH_9603,ALUMNI_M5857,S3941,51.0,2026-05-06 11:22:16.490426,accepted,64.0,True,high_compatibility
MATCH_9604,M141,S3849,44.0,2026-04-21 11:22:16.490835,accepted,48.0,True,auto_suggestion
MATCH_9605,ALUMNI_M1065,S853,51.0,2026-04-12 11:22:16.491197,rejected,2.0,False,specific_request
MATCH_9606,ALUMNI_M2639,S3265,57.67,2026-04-23 11:22:16.491568,pending,53.0,True,specific_request
MATCH_9607,ALUMNI_M581,S3473,44.0,2026-04-22 11:22:16.496037,rejected,15.0,False,high_compatibility
MATCH_9608,ALUMNI_M4859,S604,68.5,2026-04-12 11:22:16.496410,accepted,69.0,False,auto_suggestion
MATCH_9609,ALUMNI_M737,S3785,51.0,2026-05-05 11:22:16.496735,completed,17.0,False,high_compatibility
MATCH_9610,M2562,S3874,51.0,2026-04-16 11:22:16.497101,pending,,False,admin_assigned
MATCH_9611,M3595,S1003,44.0,2026-05-05 11:22:16.503906,completed,52.0,False,admin_assigned
MATCH_9612,ALUMNI_M3407,S2368,44.0,2026-04-21 11:22:16.504387,accepted,,True,admin_assigned
MATCH_9613,ALUMNI_M2404,S2330,49.75,2026-04-11 11:22:16.506516,accepted,12.0,False,auto_suggestion
MATCH_9614,ALUMNI_M1706,S1239,51.0,2026-04-30 11:22:16.511830,rejected,,False,admin_assigned
MATCH_9615,M785,S238,53.22,2026-04-30 11:22:16.512251,rejected,58.0,False,specific_request
MATCH_9616,M1949,S4417,43.5,2026-04-07 11:22:16.512629,rejected,9.0,True,specific_request
MATCH_9617,ALUMNI_M951,S1175,68.5,2026-04-30 11:22:16.513062,pending,21.0,True,admin_assigned
MATCH_9618,ALUMNI_M4909,S117,44.0,2026-04-27 11:22:16.513467,pending,52.0,True,auto_suggestion
MATCH_9619,ALUMNI_M3690,S1632,68.5,2026-04-19 11:22:16.526126,completed,,True,high_compatibility
MATCH_9620,M765,S3623,55.0,2026-05-02 11:22:16.526666,completed,26.0,False,admin_assigned
MATCH_9621,M3024,S673,44.0,2026-04-12 11:22:16.527069,rejected,,False,specific_request
MATCH_9622,M170,S4890,55.0,2026-05-01 11:22:16.527472,accepted,,False,admin_assigned
MATCH_9623,M4660,S1633,51.0,2026-05-05 11:22:16.536492,pending,16.0,False,auto_suggestion
MATCH_9624,ALUMNI_M4857,S394,44.0,2026-05-04 11:22:16.536968,rejected,,True,specific_request
MATCH_9625,ALUMNI_M3216,S1889,51.0,2026-04-21 11:22:16.537337,completed,36.0,False,specific_request
MATCH_9626,ALUMNI_M5284,S1992,51.0,2026-05-01 11:22:16.537661,pending,44.0,False,specific_request
MATCH_9627,ALUMNI_M2,S3792,57.67,2026-04-18 11:22:16.544247,completed,69.0,False,high_compatibility
MATCH_9628,M3908,S703,51.0,2026-04-07 11:22:16.544592,accepted,54.0,True,high_compatibility
MATCH_9629,ALUMNI_M841,S637,48.0,2026-04-10 11:22:16.544923,pending,39.0,False,high_compatibility
MATCH_9630,M3594,S3533,51.0,2026-04-17 11:22:16.545230,completed,,True,auto_suggestion
MATCH_9631,ALUMNI_M1437,S3680,55.0,2026-05-01 11:22:16.545528,rejected,,False,specific_request
MATCH_9632,M2333,S3949,44.0,2026-04-18 11:22:16.547971,rejected,32.0,False,auto_suggestion
MATCH_9633,ALUMNI_M905,S4536,61.5,2026-04-21 11:22:16.548348,accepted,68.0,False,admin_assigned
MATCH_9634,ALUMNI_M3583,S3848,48.0,2026-04-23 11:22:16.548666,pending,72.0,True,high_compatibility
MATCH_9635,ALUMNI_M4269,S1010,37.33,2026-05-02 11:22:16.549003,accepted,36.0,True,admin_assigned
MATCH_9636,M2280,S1025,55.0,2026-05-01 11:22:16.549330,accepted,,True,admin_assigned
MATCH_9637,M37,S2007,51.0,2026-04-15 11:22:16.549639,pending,55.0,False,admin_assigned
MATCH_9638,M1015,S1652,72.5,2026-04-10 11:22:16.554133,pending,46.0,False,specific_request
MATCH_9639,M286,S2462,62.94,2026-04-09 11:22:16.554533,completed,44.0,True,admin_assigned
MATCH_9640,ALUMNI_M239,S1950,40.5,2026-04-27 11:22:16.554876,rejected,58.0,False,specific_request
MATCH_9641,M2557,S213,48.0,2026-05-01 11:22:16.555202,pending,61.0,True,specific_request
MATCH_9642,M2235,S674,54.67,2026-04-08 11:22:16.555527,pending,44.0,True,auto_suggestion
MATCH_9643,ALUMNI_M2244,S4660,51.0,2026-04-21 11:22:16.560010,accepted,29.0,True,specific_request
MATCH_9644,M4566,S3885,55.0,2026-04-22 11:22:16.560378,accepted,,True,auto_suggestion
MATCH_9645,ALUMNI_M2561,S2578,68.5,2026-05-04 11:22:16.560733,rejected,,False,auto_suggestion
MATCH_9646,ALUMNI_M5579,S3248,48.0,2026-04-20 11:22:16.561062,pending,63.0,True,specific_request
MATCH_9647,ALUMNI_M1121,S3886,44.0,2026-05-05 11:22:16.561379,rejected,1.0,True,specific_request
MATCH_9648,M3451,S1218,51.0,2026-04-06 11:22:16.561685,accepted,,False,auto_suggestion
MATCH_9649,M486,S1321,51.0,2026-04-10 11:22:16.569320,pending,7.0,False,high_compatibility
MATCH_9650,M4997,S16,55.0,2026-04-13 11:22:16.569663,completed,,False,high_compatibility
MATCH_9651,M5,S525,55.0,2026-04-23 11:22:16.570008,pending,66.0,True,admin_assigned
MATCH_9652,M4776,S1451,45.78,2026-04-08 11:22:16.570334,accepted,,False,admin_assigned
MATCH_9653,ALUMNI_M5978,S903,44.0,2026-05-06 11:22:16.570646,completed,40.0,True,admin_assigned
MATCH_9654,M581,S1417,61.5,2026-04-25 11:22:16.574472,completed,71.0,True,high_compatibility
MATCH_9655,M4519,S1080,68.5,2026-04-19 11:22:16.574910,accepted,,True,admin_assigned
MATCH_9656,M2444,S712,51.0,2026-04-16 11:22:16.575256,completed,,False,admin_assigned
MATCH_9657,M4198,S4376,51.0,2026-05-03 11:22:16.575573,accepted,64.0,True,auto_suggestion
MATCH_9658,ALUMNI_M3946,S2982,70.83,2026-04-06 11:22:16.584208,pending,2.0,False,auto_suggestion
MATCH_9659,ALUMNI_M5215,S2695,57.67,2026-04-18 11:22:16.584686,completed,,False,auto_suggestion
MATCH_9660,M3987,S3468,55.0,2026-04-24 11:22:16.585099,rejected,8.0,False,auto_suggestion
MATCH_9661,M833,S852,68.5,2026-04-14 11:22:16.585478,accepted,,True,high_compatibility
MATCH_9662,M2025,S1914,44.0,2026-04-20 11:22:16.594037,rejected,42.0,True,auto_suggestion
MATCH_9663,ALUMNI_M1935,S3845,51.0,2026-04-14 11:22:16.594517,completed,,False,admin_assigned
MATCH_9664,M4151,S2168,48.0,2026-04-24 11:22:16.594876,completed,39.0,False,auto_suggestion
MATCH_9665,ALUMNI_M5777,S1959,61.67,2026-04-19 11:22:16.595250,completed,23.0,False,auto_suggestion
MATCH_9666,ALUMNI_M1108,S3144,50.67,2026-04-24 11:22:16.595636,pending,53.0,True,auto_suggestion
MATCH_9667,ALUMNI_M2495,S284,68.5,2026-04-19 11:22:16.604277,accepted,,False,admin_assigned
MATCH_9668,ALUMNI_M4485,S3253,44.0,2026-05-01 11:22:16.604674,completed,42.0,False,specific_request
MATCH_9669,ALUMNI_M4745,S4667,41.5,2026-04-22 11:22:16.605023,rejected,13.0,True,high_compatibility
MATCH_9670,ALUMNI_M5154,S260,68.17,2026-04-07 11:22:16.605367,pending,,True,high_compatibility
MATCH_9671,M4052,S2993,44.0,2026-04-12 11:22:16.609284,pending,4.0,True,high_compatibility
MATCH_9672,M3663,S4568,51.0,2026-05-06 11:22:16.609822,pending,8.0,True,specific_request
MATCH_9673,M3317,S4955,49.75,2026-04-13 11:22:16.610157,accepted,64.0,True,high_compatibility
MATCH_9674,M705,S2880,51.0,2026-04-16 11:22:16.610489,completed,,True,auto_suggestion
MATCH_9675,M1829,S635,51.0,2026-04-09 11:22:16.612541,pending,36.0,False,specific_request
MATCH_9676,ALUMNI_M3197,S4310,51.0,2026-04-12 11:22:16.612953,rejected,13.0,True,specific_request
MATCH_9677,M453,S3903,55.0,2026-04-29 11:22:16.613292,rejected,62.0,False,admin_assigned
MATCH_9678,ALUMNI_M4227,S3688,55.0,2026-04-15 11:22:16.613621,pending,52.0,True,auto_suggestion
MATCH_9679,M3830,S2448,44.0,2026-05-06 11:22:16.616268,accepted,52.0,True,specific_request
MATCH_9680,ALUMNI_M5830,S3632,61.67,2026-04-25 11:22:16.616633,pending,,False,admin_assigned
MATCH_9681,M2451,S4268,51.0,2026-04-17 11:22:16.617080,rejected,40.0,False,admin_assigned
MATCH_9682,ALUMNI_M228,S2657,50.67,2026-05-02 11:22:16.617440,pending,71.0,True,auto_suggestion
MATCH_9683,ALUMNI_M5522,S1565,42.89,2026-04-08 11:22:16.617765,completed,42.0,True,high_compatibility
MATCH_9684,ALUMNI_M4789,S2495,51.0,2026-04-06 11:22:16.618079,rejected,38.0,True,high_compatibility
MATCH_9685,M2222,S2008,51.0,2026-04-18 11:22:16.618392,accepted,33.0,False,auto_suggestion
MATCH_9686,ALUMNI_M4659,S3786,68.5,2026-04-23 11:22:16.620749,rejected,,True,high_compatibility
MATCH_9687,ALUMNI_M2148,S2321,57.67,2026-04-17 11:22:16.621192,pending,,True,high_compatibility
MATCH_9688,ALUMNI_M4595,S1165,44.0,2026-04-08 11:22:16.621540,accepted,63.0,True,admin_assigned
MATCH_9689,ALUMNI_M3153,S2182,51.0,2026-04-30 11:22:16.621882,completed,29.0,True,specific_request
MATCH_9690,M280,S1150,58.0,2026-04-09 11:22:16.622202,pending,60.0,False,high_compatibility
MATCH_9691,M4791,S3801,55.0,2026-04-24 11:22:16.622509,pending,24.0,False,admin_assigned
MATCH_9692,M2905,S4989,51.0,2026-04-14 11:22:16.626442,accepted,56.0,True,high_compatibility
MATCH_9693,M4847,S786,40.67,2026-04-23 11:22:16.626855,completed,12.0,False,specific_request
MATCH_9694,M4914,S4156,51.0,2026-04-10 11:22:16.627189,completed,,True,specific_request
MATCH_9695,M4205,S3390,55.0,2026-04-18 11:22:16.627503,accepted,,False,high_compatibility
MATCH_9696,M2723,S934,68.5,2026-04-24 11:22:16.631934,completed,23.0,True,high_compatibility
MATCH_9697,M2229,S2905,44.0,2026-04-10 11:22:16.632320,pending,58.0,False,admin_assigned
MATCH_9698,M4586,S33,51.0,2026-04-25 11:22:16.632663,rejected,,False,auto_suggestion
MATCH_9699,ALUMNI_M2384,S2449,39.71,2026-05-03 11:22:16.633018,accepted,,True,auto_suggestion
MATCH_9700,ALUMNI_M2491,S3487,66.5,2026-04-12 11:22:16.633349,accepted,32.0,True,high_compatibility
MATCH_9701,ALUMNI_M2376,S1994,51.0,2026-04-30 11:22:16.633666,pending,58.0,True,high_compatibility
MATCH_9702,ALUMNI_M3751,S496,67.39,2026-04-24 11:22:16.639783,accepted,,True,specific_request
MATCH_9703,ALUMNI_M4633,S1206,55.0,2026-04-23 11:22:16.640133,rejected,62.0,False,admin_assigned
MATCH_9704,M4060,S406,48.0,2026-04-13 11:22:16.640463,pending,52.0,False,admin_assigned
MATCH_9705,ALUMNI_M1464,S2996,51.0,2026-04-21 11:22:16.644906,completed,,False,specific_request
MATCH_9706,ALUMNI_M210,S4219,44.0,2026-05-04 11:22:16.645317,rejected,3.0,False,high_compatibility
MATCH_9707,M204,S982,51.0,2026-05-06 11:22:16.645668,rejected,,True,auto_suggestion
MATCH_9708,ALUMNI_M205,S3933,44.0,2026-04-15 11:22:16.646015,accepted,,True,high_compatibility
MATCH_9709,M2555,S4638,61.67,2026-04-24 11:22:16.646339,completed,5.0,False,admin_assigned
MATCH_9710,ALUMNI_M4026,S1527,61.5,2026-04-10 11:22:16.646652,pending,,True,high_compatibility
MATCH_9711,M2019,S784,51.0,2026-04-25 11:22:16.650518,rejected,37.0,True,admin_assigned
MATCH_9712,ALUMNI_M2460,S1371,44.0,2026-05-04 11:22:16.650890,completed,56.0,True,admin_assigned
MATCH_9713,ALUMNI_M2896,S4420,44.0,2026-04-11 11:22:16.651218,accepted,36.0,True,high_compatibility
MATCH_9714,M2595,S521,48.0,2026-04-29 11:22:16.651534,accepted,,False,high_compatibility
MATCH_9715,M2790,S3805,44.0,2026-04-08 11:22:16.653970,completed,44.0,False,high_compatibility
MATCH_9716,ALUMNI_M2022,S4920,44.0,2026-04-14 11:22:16.654341,rejected,57.0,False,admin_assigned
MATCH_9717,M3607,S243,44.0,2026-04-30 11:22:16.654686,accepted,26.0,False,high_compatibility
MATCH_9718,ALUMNI_M5994,S1225,39.0,2026-04-07 11:22:16.655014,pending,23.0,True,specific_request
MATCH_9719,M960,S2505,46.0,2026-05-03 11:22:16.655338,pending,58.0,False,high_compatibility
MATCH_9720,ALUMNI_M3569,S1610,38.0,2026-05-03 11:22:16.655637,accepted,,True,admin_assigned
MATCH_9721,M213,S29,44.0,2026-04-20 11:22:16.658091,rejected,12.0,True,auto_suggestion
MATCH_9722,M1189,S2690,46.0,2026-04-22 11:22:16.658497,pending,40.0,False,high_compatibility
MATCH_9723,M4107,S4078,51.0,2026-04-09 11:22:16.658883,accepted,66.0,False,auto_suggestion
MATCH_9724,M4332,S3513,55.0,2026-04-22 11:22:16.659220,pending,20.0,False,specific_request
MATCH_9725,M3915,S441,55.0,2026-04-16 11:22:16.659556,completed,4.0,True,admin_assigned
MATCH_9726,M810,S1068,57.67,2026-05-01 11:22:16.661987,completed,54.0,False,specific_request
MATCH_9727,ALUMNI_M263,S2878,51.0,2026-04-11 11:22:16.662330,accepted,32.0,True,high_compatibility
MATCH_9728,M2480,S2879,48.78,2026-04-06 11:22:16.662652,accepted,62.0,False,auto_suggestion
MATCH_9729,M1238,S3085,55.0,2026-04-14 11:22:16.663036,pending,18.0,False,auto_suggestion
MATCH_9730,ALUMNI_M1748,S1023,68.5,2026-05-05 11:22:16.663366,pending,,True,specific_request
MATCH_9731,ALUMNI_M5757,S2169,44.0,2026-04-25 11:22:16.665715,completed,50.0,False,specific_request
MATCH_9732,M50,S4888,51.0,2026-04-26 11:22:16.666147,pending,46.0,True,admin_assigned
MATCH_9733,M4739,S868,55.0,2026-04-27 11:22:16.666486,completed,8.0,False,auto_suggestion
MATCH_9734,M479,S1450,51.0,2026-04-22 11:22:16.666819,pending,,False,auto_suggestion
MATCH_9735,ALUMNI_M2698,S3757,44.0,2026-05-02 11:22:16.667177,pending,13.0,False,admin_assigned
MATCH_9736,M4451,S416,48.0,2026-04-24 11:22:16.667568,rejected,20.0,False,auto_suggestion
MATCH_9737,ALUMNI_M4938,S2062,51.0,2026-04-21 11:22:16.670040,rejected,,True,specific_request
MATCH_9738,ALUMNI_M2486,S4456,57.06,2026-05-03 11:22:16.670385,rejected,,True,admin_assigned
MATCH_9739,M3174,S4402,41.78,2026-04-07 11:22:16.670730,pending,18.0,False,specific_request
MATCH_9740,ALUMNI_M88,S4540,55.0,2026-04-22 11:22:16.671050,pending,,False,high_compatibility
MATCH_9741,M2367,S3388,44.0,2026-04-23 11:22:16.671363,completed,21.0,False,admin_assigned
MATCH_9742,ALUMNI_M2191,S1272,51.0,2026-04-30 11:22:16.671674,pending,,True,admin_assigned
MATCH_9743,M843,S2443,38.29,2026-04-19 11:22:16.674160,rejected,44.0,True,specific_request
MATCH_9744,M1210,S2179,51.0,2026-04-06 11:22:16.674511,rejected,,False,auto_suggestion
MATCH_9745,M3498,S1104,48.0,2026-04-11 11:22:16.674853,completed,60.0,True,auto_suggestion
MATCH_9746,M420,S2338,51.0,2026-04-26 11:22:16.675163,rejected,,False,auto_suggestion
MATCH_9747,M4125,S252,47.0,2026-04-12 11:22:16.675484,pending,23.0,False,auto_suggestion
MATCH_9748,ALUMNI_M41,S816,51.0,2026-04-17 11:22:16.677923,completed,,False,auto_suggestion
MATCH_9749,ALUMNI_M4070,S1169,61.5,2026-04-14 11:22:16.678367,rejected,,True,auto_suggestion
MATCH_9750,ALUMNI_M1711,S1261,51.0,2026-04-30 11:22:16.678698,accepted,22.0,False,auto_suggestion
MATCH_9751,M2014,S2374,61.5,2026-05-03 11:22:16.679037,accepted,25.0,False,admin_assigned
MATCH_9752,ALUMNI_M3819,S4681,59.83,2026-04-10 11:22:16.679347,accepted,51.0,True,auto_suggestion
MATCH_9753,ALUMNI_M1000,S4635,51.0,2026-04-26 11:22:16.679666,pending,,True,specific_request
MATCH_9754,ALUMNI_M149,S1864,72.17,2026-04-11 11:22:16.681718,pending,51.0,True,specific_request
MATCH_9755,M2388,S1406,50.67,2026-04-13 11:22:16.682057,pending,,False,auto_suggestion
MATCH_9756,M1559,S1996,51.0,2026-05-03 11:22:16.682380,accepted,45.0,True,specific_request
MATCH_9757,ALUMNI_M273,S4757,48.0,2026-04-06 11:22:16.686748,accepted,57.0,True,auto_suggestion
MATCH_9758,M4735,S4896,44.0,2026-04-20 11:22:16.687221,rejected,21.0,True,auto_suggestion
MATCH_9759,ALUMNI_M5604,S2187,49.89,2026-04-24 11:22:16.687571,pending,71.0,True,auto_suggestion
MATCH_9760,M4209,S2589,39.71,2026-04-30 11:22:16.687911,pending,43.0,True,admin_assigned
MATCH_9761,ALUMNI_M346,S4982,51.0,2026-04-08 11:22:16.688219,rejected,,True,admin_assigned
MATCH_9762,ALUMNI_M4881,S1753,51.0,2026-04-28 11:22:16.688537,accepted,,True,admin_assigned
MATCH_9763,M2502,S1325,61.5,2026-04-20 11:22:16.693002,accepted,,True,specific_request
MATCH_9764,ALUMNI_M1501,S2174,37.33,2026-04-20 11:22:16.693370,rejected,24.0,True,specific_request
MATCH_9765,M717,S3088,51.0,2026-04-19 11:22:16.693715,accepted,,True,auto_suggestion
MATCH_9766,ALUMNI_M2808,S161,68.5,2026-04-09 11:22:16.694041,completed,68.0,True,admin_assigned
MATCH_9767,ALUMNI_M55,S3086,48.5,2026-05-05 11:22:16.694439,accepted,,False,auto_suggestion
MATCH_9768,M2000,S2242,51.0,2026-04-07 11:22:16.698936,pending,,True,high_compatibility
MATCH_9769,ALUMNI_M1957,S121,48.0,2026-05-06 11:22:16.699348,accepted,,False,specific_request
MATCH_9770,ALUMNI_M309,S2410,51.0,2026-05-03 11:22:16.699719,completed,,True,auto_suggestion
MATCH_9771,ALUMNI_M4168,S114,51.0,2026-05-06 11:22:16.700044,rejected,45.0,False,high_compatibility
MATCH_9772,M2923,S3171,51.0,2026-04-15 11:22:16.700364,pending,43.0,True,auto_suggestion
MATCH_9773,ALUMNI_M4507,S4947,65.5,2026-04-07 11:22:16.700678,pending,62.0,True,high_compatibility
MATCH_9774,ALUMNI_M4460,S2630,55.5,2026-04-13 11:22:16.705518,pending,3.0,True,admin_assigned
MATCH_9775,ALUMNI_M5302,S1960,51.0,2026-04-08 11:22:16.705995,pending,39.0,True,auto_suggestion
MATCH_9776,M4864,S421,44.0,2026-04-12 11:22:16.706414,accepted,39.0,False,auto_suggestion
MATCH_9777,M3777,S4589,51.0,2026-04-26 11:22:16.710947,accepted,66.0,True,high_compatibility
MATCH_9778,M2873,S1573,55.0,2026-04-18 11:22:16.711366,accepted,,True,auto_suggestion
MATCH_9779,M3265,S985,51.0,2026-05-04 11:22:16.711707,accepted,26.0,False,high_compatibility
MATCH_9780,ALUMNI_M337,S689,51.0,2026-04-29 11:22:16.712110,accepted,,False,high_compatibility
MATCH_9781,M2778,S2183,51.0,2026-04-22 11:22:16.712427,completed,59.0,False,specific_request
MATCH_9782,ALUMNI_M5460,S3748,44.0,2026-04-29 11:22:16.714916,pending,26.0,True,auto_suggestion
MATCH_9783,ALUMNI_M1611,S1100,51.0,2026-04-26 11:22:16.715332,pending,,True,high_compatibility
MATCH_9784,ALUMNI_M1316,S3720,51.0,2026-04-23 11:22:16.715688,rejected,61.0,True,high_compatibility
MATCH_9785,ALUMNI_M3329,S1944,44.0,2026-05-05 11:22:16.716045,pending,27.0,True,specific_request
MATCH_9786,M2644,S4786,44.0,2026-04-11 11:22:16.716416,accepted,22.0,True,auto_suggestion
MATCH_9787,M3610,S3449,55.44,2026-04-11 11:22:16.718931,rejected,38.0,True,high_compatibility
MATCH_9788,ALUMNI_M790,S3573,61.5,2026-04-13 11:22:16.720347,pending,47.0,True,specific_request
MATCH_9789,ALUMNI_M4137,S4397,44.0,2026-04-26 11:22:16.720820,pending,8.0,True,specific_request
MATCH_9790,M1333,S4567,68.5,2026-04-27 11:22:16.721149,completed,1.0,True,admin_assigned
MATCH_9791,ALUMNI_M5699,S4777,51.0,2026-04-27 11:22:16.721459,accepted,63.0,True,high_compatibility
MATCH_9792,ALUMNI_M4609,S77,51.0,2026-04-22 11:22:16.722860,accepted,9.0,True,admin_assigned
MATCH_9793,ALUMNI_M4946,S2271,48.0,2026-04-25 11:22:16.723256,accepted,56.0,False,high_compatibility
MATCH_9794,M30,S2995,63.5,2026-05-03 11:22:16.723621,accepted,18.0,False,high_compatibility
MATCH_9795,ALUMNI_M3463,S735,51.0,2026-04-30 11:22:16.725091,completed,29.0,True,auto_suggestion
MATCH_9796,M3360,S2020,51.0,2026-04-09 11:22:16.725439,accepted,,True,high_compatibility
MATCH_9797,ALUMNI_M3635,S3853,44.0,2026-05-03 11:22:16.727833,rejected,46.0,False,high_compatibility
MATCH_9798,M1567,S4866,51.0,2026-04-14 11:22:16.728204,pending,,True,specific_request
MATCH_9799,M1548,S3161,51.0,2026-05-06 11:22:16.728580,rejected,47.0,True,admin_assigned
MATCH_9800,M723,S1416,61.5,2026-04-16 11:22:16.729033,accepted,,False,high_compatibility
MATCH_9801,ALUMNI_M5147,S1247,51.0,2026-04-17 11:22:16.729406,pending,22.0,True,high_compatibility
MATCH_9802,M2562,S650,68.5,2026-05-01 11:22:16.731408,rejected,66.0,True,auto_suggestion
MATCH_9803,M4468,S3994,44.0,2026-04-24 11:22:16.731830,accepted,66.0,False,admin_assigned
MATCH_9804,ALUMNI_M1006,S2702,55.0,2026-04-17 11:22:16.732162,pending,3.0,False,specific_request
MATCH_9805,ALUMNI_M1659,S4764,61.5,2026-04-18 11:22:16.732486,completed,53.0,False,high_compatibility
MATCH_9806,ALUMNI_M5680,S3758,60.72,2026-04-17 11:22:16.732836,pending,21.0,False,specific_request
MATCH_9807,M4834,S1019,44.0,2026-04-23 11:22:16.733218,accepted,,True,high_compatibility
MATCH_9808,ALUMNI_M5066,S3872,44.0,2026-04-27 11:22:16.733588,pending,9.0,True,specific_request
MATCH_9809,ALUMNI_M2984,S4370,51.0,2026-05-03 11:22:16.733968,rejected,40.0,True,high_compatibility
MATCH_9810,ALUMNI_M3547,S1437,39.0,2026-04-28 11:22:16.734293,completed,,False,auto_suggestion
MATCH_9811,ALUMNI_M1254,S1870,48.0,2026-05-01 11:22:16.734607,rejected,7.0,True,admin_assigned
MATCH_9812,ALUMNI_M125,S2008,48.5,2026-04-30 11:22:16.734933,pending,30.0,False,auto_suggestion
MATCH_9813,ALUMNI_M931,S1533,51.0,2026-04-24 11:22:16.735229,rejected,,True,admin_assigned
MATCH_9814,M3508,S3240,57.67,2026-05-02 11:22:16.735540,accepted,30.0,True,auto_suggestion
MATCH_9815,ALUMNI_M492,S658,48.0,2026-04-06 11:22:16.735895,accepted,8.0,False,specific_request
MATCH_9816,ALUMNI_M5343,S3019,51.0,2026-04-28 11:22:16.736235,accepted,54.0,False,specific_request
MATCH_9817,M31,S4389,49.0,2026-04-09 11:22:16.736621,rejected,,True,admin_assigned
MATCH_9818,ALUMNI_M4644,S3297,68.5,2026-04-10 11:22:16.737024,completed,33.0,True,high_compatibility
MATCH_9819,ALUMNI_M105,S2727,49.57,2026-04-06 11:22:16.737416,completed,36.0,True,high_compatibility
MATCH_9820,M2860,S3295,44.0,2026-04-18 11:22:16.737867,completed,54.0,True,auto_suggestion
MATCH_9821,ALUMNI_M1694,S126,51.0,2026-04-26 11:22:16.738205,accepted,,True,high_compatibility
MATCH_9822,ALUMNI_M3464,S3746,51.0,2026-04-06 11:22:16.738531,pending,2.0,False,admin_assigned
MATCH_9823,ALUMNI_M464,S3886,61.5,2026-04-20 11:22:16.738882,accepted,43.0,True,specific_request
MATCH_9824,ALUMNI_M80,S2193,44.0,2026-04-11 11:22:16.739185,accepted,53.0,True,admin_assigned
MATCH_9825,ALUMNI_M3794,S2629,51.0,2026-04-20 11:22:16.739496,accepted,,False,auto_suggestion
MATCH_9826,M313,S4549,44.0,2026-04-18 11:22:16.739833,accepted,54.0,False,specific_request
MATCH_9827,ALUMNI_M3218,S3308,51.0,2026-05-02 11:22:16.740139,completed,20.0,False,admin_assigned
MATCH_9828,ALUMNI_M831,S2260,51.0,2026-04-17 11:22:16.740450,accepted,38.0,False,auto_suggestion
MATCH_9829,M215,S2885,44.0,2026-04-13 11:22:16.740786,pending,2.0,True,specific_request
MATCH_9830,ALUMNI_M1520,S2094,44.0,2026-04-17 11:22:16.741090,rejected,45.0,True,auto_suggestion
MATCH_9831,ALUMNI_M515,S2932,54.67,2026-05-05 11:22:16.741405,completed,,False,high_compatibility
MATCH_9832,M526,S4900,44.0,2026-04-18 11:22:16.741744,pending,51.0,True,auto_suggestion
MATCH_9833,ALUMNI_M960,S3561,68.5,2026-04-12 11:22:16.742050,completed,36.0,True,high_compatibility
MATCH_9834,M3845,S1515,63.5,2026-04-12 11:22:16.742361,accepted,,True,admin_assigned
MATCH_9835,ALUMNI_M2083,S4402,49.89,2026-04-16 11:22:16.742683,rejected,19.0,False,admin_assigned
MATCH_9836,M1389,S2050,51.0,2026-04-16 11:22:16.744119,accepted,,False,high_compatibility
MATCH_9837,M995,S3966,55.0,2026-04-29 11:22:16.744449,pending,7.0,True,admin_assigned
MATCH_9838,ALUMNI_M292,S639,51.0,2026-05-06 11:22:16.744808,completed,,True,auto_suggestion
MATCH_9839,ALUMNI_M5544,S84,44.0,2026-04-22 11:22:16.745135,rejected,,False,auto_suggestion
MATCH_9840,ALUMNI_M3389,S4195,40.25,2026-04-26 11:22:16.745444,accepted,37.0,False,admin_assigned
MATCH_9841,ALUMNI_M5064,S3194,65.5,2026-04-21 11:22:16.746427,rejected,19.0,False,specific_request
MATCH_9842,M1278,S1503,51.0,2026-05-02 11:22:16.746854,rejected,65.0,True,specific_request
MATCH_9843,M1068,S4395,44.0,2026-04-23 11:22:16.747172,completed,17.0,True,auto_suggestion
MATCH_9844,M3755,S1128,48.0,2026-05-06 11:22:16.747495,completed,33.0,False,specific_request
MATCH_9845,M709,S3632,57.67,2026-04-11 11:22:16.758071,pending,,False,high_compatibility
MATCH_9846,M1739,S4495,40.0,2026-04-20 11:22:16.758588,accepted,53.0,True,auto_suggestion
MATCH_9847,M1158,S4934,51.0,2026-04-08 11:22:16.758940,pending,57.0,True,high_compatibility
MATCH_9848,ALUMNI_M2472,S4044,51.0,2026-04-19 11:22:16.759277,rejected,55.0,False,auto_suggestion
MATCH_9849,ALUMNI_M4245,S1639,57.67,2026-04-11 11:22:16.759602,pending,56.0,True,admin_assigned
MATCH_9850,ALUMNI_M5058,S1827,51.0,2026-05-04 11:22:16.770261,accepted,,False,specific_request
MATCH_9851,M4941,S1794,68.5,2026-04-18 11:22:16.770640,accepted,,False,admin_assigned
MATCH_9852,M660,S3908,49.33,2026-05-02 11:22:16.771073,accepted,71.0,False,auto_suggestion
MATCH_9853,ALUMNI_M1578,S338,56.5,2026-04-21 11:22:16.771428,completed,,True,specific_request
MATCH_9854,ALUMNI_M896,S2819,68.5,2026-04-14 11:22:16.777993,accepted,45.0,True,auto_suggestion
MATCH_9855,M4279,S437,47.33,2026-04-21 11:22:16.778457,rejected,30.0,True,auto_suggestion
MATCH_9856,ALUMNI_M151,S1631,51.0,2026-04-16 11:22:16.778871,pending,39.0,True,specific_request
MATCH_9857,M1308,S1746,55.0,2026-04-13 11:22:16.779201,pending,,False,high_compatibility
MATCH_9858,ALUMNI_M363,S4375,51.0,2026-04-23 11:22:16.779522,accepted,64.0,False,auto_suggestion
MATCH_9859,ALUMNI_M256,S4595,48.0,2026-05-05 11:22:16.782246,accepted,6.0,False,auto_suggestion
MATCH_9860,M2848,S3470,55.0,2026-04-11 11:22:16.782774,completed,62.0,True,high_compatibility
MATCH_9861,ALUMNI_M778,S4908,51.0,2026-05-05 11:22:16.783158,rejected,52.0,False,high_compatibility
MATCH_9862,ALUMNI_M2585,S2211,44.0,2026-04-14 11:22:16.783486,accepted,21.0,True,specific_request
MATCH_9863,M4892,S2142,51.0,2026-04-22 11:22:16.783828,accepted,20.0,True,specific_request
MATCH_9864,ALUMNI_M215,S1173,44.0,2026-04-27 11:22:16.784138,completed,,True,admin_assigned
MATCH_9865,M2566,S3276,51.0,2026-04-28 11:22:16.784441,completed,,False,high_compatibility
MATCH_9866,M3351,S1490,44.0,2026-04-29 11:22:16.784886,pending,5.0,True,high_compatibility
MATCH_9867,M1855,S3517,68.5,2026-04-30 11:22:16.785197,pending,,False,specific_request
MATCH_9868,ALUMNI_M3437,S24,68.5,2026-04-18 11:22:16.785729,accepted,,False,high_compatibility
MATCH_9869,M4888,S537,51.0,2026-04-27 11:22:16.786108,completed,16.0,True,high_compatibility
MATCH_9870,ALUMNI_M3890,S1942,48.0,2026-04-11 11:22:16.786759,rejected,41.0,False,auto_suggestion
MATCH_9871,M4252,S559,68.17,2026-04-18 11:22:16.787148,accepted,,False,auto_suggestion
MATCH_9872,ALUMNI_M4233,S3536,51.0,2026-04-18 11:22:16.787602,rejected,,True,auto_suggestion
MATCH_9873,M542,S3710,51.0,2026-04-28 11:22:16.788137,accepted,14.0,True,admin_assigned
MATCH_9874,ALUMNI_M5979,S4583,68.5,2026-04-29 11:22:16.788512,rejected,,False,auto_suggestion
MATCH_9875,M410,S4459,68.5,2026-04-13 11:22:16.789049,pending,,False,admin_assigned
MATCH_9876,M3277,S2641,51.0,2026-04-18 11:22:16.789414,completed,,False,auto_suggestion
MATCH_9877,M4031,S3039,63.5,2026-05-03 11:22:16.789850,accepted,54.0,True,admin_assigned
MATCH_9878,M4519,S4729,61.5,2026-04-19 11:22:16.790185,pending,1.0,True,high_compatibility
MATCH_9879,M3296,S3325,51.0,2026-04-10 11:22:16.790684,rejected,,False,auto_suggestion
MATCH_9880,ALUMNI_M2869,S1217,44.0,2026-04-20 11:22:16.791034,accepted,,True,high_compatibility
MATCH_9881,ALUMNI_M1330,S1410,51.0,2026-04-14 11:22:16.791360,accepted,33.0,True,specific_request
MATCH_9882,ALUMNI_M1892,S1702,44.0,2026-04-17 11:22:16.791688,rejected,38.0,False,admin_assigned
MATCH_9883,M2148,S416,44.0,2026-05-05 11:22:16.792274,rejected,53.0,False,auto_suggestion
MATCH_9884,M693,S2468,51.0,2026-04-09 11:22:16.792984,completed,58.0,False,specific_request
MATCH_9885,ALUMNI_M2665,S446,51.0,2026-04-30 11:22:16.793826,accepted,,True,specific_request
MATCH_9886,ALUMNI_M3040,S3484,44.0,2026-04-20 11:22:16.794286,completed,,False,specific_request
MATCH_9887,ALUMNI_M4873,S2764,51.0,2026-05-03 11:22:16.794679,completed,21.0,False,specific_request
MATCH_9888,ALUMNI_M3350,S264,61.5,2026-04-29 11:22:16.795070,rejected,30.0,False,auto_suggestion
MATCH_9889,ALUMNI_M2097,S2927,75.17,2026-04-07 11:22:16.795441,completed,,True,specific_request
MATCH_9890,M515,S4613,44.33,2026-04-08 11:22:16.797903,pending,55.0,False,auto_suggestion
MATCH_9891,M1957,S1596,55.0,2026-04-23 11:22:16.798286,accepted,8.0,True,auto_suggestion
MATCH_9892,ALUMNI_M1241,S104,44.0,2026-04-07 11:22:16.798625,completed,40.0,False,admin_assigned
MATCH_9893,ALUMNI_M4904,S2401,57.67,2026-04-26 11:22:16.799001,completed,11.0,True,admin_assigned
MATCH_9894,M1364,S2193,51.0,2026-04-27 11:22:16.799313,completed,,False,high_compatibility
MATCH_9895,ALUMNI_M2042,S1629,51.0,2026-04-25 11:22:16.799636,completed,56.0,True,specific_request
MATCH_9896,ALUMNI_M5628,S2664,44.0,2026-04-15 11:22:16.800189,accepted,,True,specific_request
MATCH_9897,M2121,S4050,51.0,2026-05-03 11:22:16.800530,completed,,False,admin_assigned
MATCH_9898,ALUMNI_M4557,S2489,51.0,2026-04-12 11:22:16.800891,completed,50.0,False,specific_request
MATCH_9899,M1507,S2454,44.0,2026-04-08 11:22:16.801265,completed,14.0,False,auto_suggestion
MATCH_9900,ALUMNI_M4272,S1575,51.0,2026-04-17 11:22:16.805102,completed,40.0,False,admin_assigned
MATCH_9901,ALUMNI_M3049,S1710,55.0,2026-04-22 11:22:16.805449,rejected,53.0,True,high_compatibility
MATCH_9902,ALUMNI_M4707,S1297,61.5,2026-04-11 11:22:16.806915,accepted,63.0,True,auto_suggestion
MATCH_9903,ALUMNI_M5597,S1718,47.67,2026-04-24 11:22:16.807281,completed,69.0,False,admin_assigned
MATCH_9904,ALUMNI_M1848,S2805,61.67,2026-04-25 11:22:16.807612,rejected,4.0,True,specific_request
MATCH_9905,ALUMNI_M2327,S345,68.5,2026-04-27 11:22:16.807965,accepted,33.0,False,auto_suggestion
MATCH_9906,ALUMNI_M4142,S1997,68.5,2026-05-05 11:22:16.808335,pending,20.0,True,admin_assigned
MATCH_9907,ALUMNI_M1383,S1545,44.0,2026-04-14 11:22:16.812771,rejected,,False,specific_request
MATCH_9908,M1088,S3433,50.67,2026-04-12 11:22:16.813194,pending,,False,auto_suggestion
MATCH_9909,M252,S1384,51.0,2026-04-22 11:22:16.813529,accepted,48.0,True,high_compatibility
MATCH_9910,ALUMNI_M4843,S2691,61.5,2026-04-19 11:22:16.813882,pending,,True,auto_suggestion
MATCH_9911,M2182,S650,44.0,2026-04-16 11:22:16.814201,accepted,42.0,True,high_compatibility
MATCH_9912,M4937,S1836,48.0,2026-04-19 11:22:16.814518,accepted,3.0,False,specific_request
MATCH_9913,M4901,S3127,44.0,2026-04-12 11:22:16.819053,completed,55.0,False,auto_suggestion
MATCH_9914,ALUMNI_M3508,S4917,48.0,2026-04-15 11:22:16.819527,pending,39.0,True,high_compatibility
MATCH_9915,M439,S1436,48.0,2026-05-04 11:22:16.820077,pending,,True,admin_assigned
MATCH_9916,ALUMNI_M1141,S3427,51.0,2026-04-24 11:22:16.820411,rejected,52.0,False,specific_request
MATCH_9917,ALUMNI_M1363,S2839,72.17,2026-04-17 11:22:16.826149,pending,22.0,False,admin_assigned
MATCH_9918,M3018,S52,61.5,2026-04-08 11:22:16.826609,accepted,7.0,True,auto_suggestion
MATCH_9919,ALUMNI_M3769,S1079,51.0,2026-04-19 11:22:16.827004,rejected,53.0,True,admin_assigned
MATCH_9920,M4880,S3235,51.0,2026-04-11 11:22:16.830459,pending,53.0,True,high_compatibility
MATCH_9921,ALUMNI_M1930,S2222,51.0,2026-05-06 11:22:16.837342,completed,69.0,False,high_compatibility
MATCH_9922,ALUMNI_M4239,S1631,51.0,2026-04-25 11:22:16.837974,accepted,21.0,False,auto_suggestion
MATCH_9923,ALUMNI_M386,S4579,43.5,2026-04-20 11:22:16.838382,pending,70.0,False,admin_assigned
MATCH_9924,M3331,S3214,36.22,2026-04-07 11:22:16.846932,pending,54.0,True,specific_request
MATCH_9925,ALUMNI_M4950,S3270,68.5,2026-05-03 11:22:16.847443,rejected,63.0,True,admin_assigned
MATCH_9926,ALUMNI_M4339,S4188,44.0,2026-04-12 11:22:16.847905,accepted,,True,high_compatibility
MATCH_9927,ALUMNI_M2598,S4678,51.0,2026-04-11 11:22:16.848263,completed,,True,auto_suggestion
MATCH_9928,M3120,S21,51.0,2026-04-14 11:22:16.848595,pending,,True,specific_request
MATCH_9929,M1119,S651,51.0,2026-04-26 11:22:16.853199,pending,57.0,False,high_compatibility
MATCH_9930,ALUMNI_M2397,S621,44.0,2026-05-01 11:22:16.853671,accepted,,True,auto_suggestion
MATCH_9931,M1461,S3560,44.0,2026-04-21 11:22:16.854092,pending,,True,auto_suggestion
MATCH_9932,M2257,S530,55.0,2026-04-11 11:22:16.867593,rejected,40.0,True,auto_suggestion
MATCH_9933,ALUMNI_M4006,S4905,55.0,2026-04-11 11:22:16.868617,rejected,34.0,False,high_compatibility
MATCH_9934,ALUMNI_M5955,S3,48.0,2026-04-27 11:22:16.872160,completed,64.0,False,auto_suggestion
MATCH_9935,ALUMNI_M393,S2139,48.0,2026-04-30 11:22:16.872541,rejected,22.0,False,specific_request
MATCH_9936,ALUMNI_M4156,S3202,44.25,2026-04-10 11:22:16.872969,completed,3.0,False,specific_request
MATCH_9937,ALUMNI_M5759,S3033,61.5,2026-04-14 11:22:16.873297,accepted,5.0,False,auto_suggestion
MATCH_9938,ALUMNI_M240,S1150,41.5,2026-05-02 11:22:16.873640,completed,7.0,True,admin_assigned
MATCH_9939,M1341,S4598,65.5,2026-04-19 11:22:16.880818,completed,,True,auto_suggestion
MATCH_9940,ALUMNI_M2966,S2872,68.17,2026-04-07 11:22:16.883819,accepted,34.0,False,specific_request
MATCH_9941,ALUMNI_M304,S1419,57.67,2026-04-12 11:22:16.884286,rejected,64.0,True,admin_assigned
MATCH_9942,M1214,S3503,51.0,2026-04-10 11:22:16.884677,accepted,61.0,False,admin_assigned
MATCH_9943,ALUMNI_M2931,S2840,55.0,2026-04-22 11:22:16.886981,accepted,9.0,True,specific_request
MATCH_9944,ALUMNI_M129,S3282,57.67,2026-04-17 11:22:16.887431,accepted,,True,specific_request
MATCH_9945,ALUMNI_M4036,S3335,44.0,2026-04-21 11:22:16.887879,accepted,17.0,True,admin_assigned
MATCH_9946,M2935,S4694,48.0,2026-04-09 11:22:16.888292,rejected,36.0,True,specific_request
MATCH_9947,ALUMNI_M887,S306,46.0,2026-04-27 11:22:16.890740,pending,,False,specific_request
MATCH_9948,ALUMNI_M5581,S1107,68.5,2026-05-01 11:22:16.891179,rejected,51.0,False,admin_assigned
MATCH_9949,M1162,S204,55.0,2026-04-18 11:22:16.891579,rejected,62.0,True,high_compatibility
MATCH_9950,ALUMNI_M2596,S1195,44.0,2026-04-07 11:22:16.891977,rejected,24.0,False,high_compatibility
MATCH_9951,ALUMNI_M2477,S4102,68.5,2026-04-17 11:22:16.892345,rejected,,False,auto_suggestion
MATCH_9952,M721,S2691,44.0,2026-04-10 11:22:16.895174,pending,32.0,True,high_compatibility
MATCH_9953,M3993,S1764,44.0,2026-04-24 11:22:16.895597,rejected,,True,high_compatibility
MATCH_9954,ALUMNI_M487,S1592,44.0,2026-04-19 11:22:16.896015,accepted,,False,high_compatibility
MATCH_9955,M951,S3175,44.0,2026-04-28 11:22:16.896414,rejected,,False,high_compatibility
MATCH_9956,ALUMNI_M3421,S4363,44.0,2026-04-10 11:22:16.896812,accepted,35.0,False,admin_assigned
MATCH_9957,M2431,S3273,46.0,2026-04-28 11:22:16.897143,pending,38.0,False,specific_request
MATCH_9958,M350,S340,61.5,2026-05-02 11:22:16.897456,pending,,False,high_compatibility
MATCH_9959,ALUMNI_M1558,S4493,48.0,2026-04-25 11:22:16.897812,accepted,45.0,True,admin_assigned
MATCH_9960,ALUMNI_M2329,S4419,44.0,2026-04-10 11:22:16.898120,rejected,,True,admin_assigned
MATCH_9961,ALUMNI_M114,S4901,68.5,2026-04-07 11:22:16.898422,pending,,False,admin_assigned
MATCH_9962,M1412,S695,61.5,2026-04-26 11:22:16.898748,completed,70.0,False,specific_request
MATCH_9963,ALUMNI_M3347,S1485,68.5,2026-05-03 11:22:16.899111,accepted,47.0,True,high_compatibility
MATCH_9964,M3043,S3339,44.0,2026-04-09 11:22:16.899488,completed,50.0,False,specific_request
MATCH_9965,ALUMNI_M4532,S2969,54.67,2026-04-26 11:22:16.899882,accepted,52.0,False,auto_suggestion
MATCH_9966,M423,S4235,51.0,2026-04-07 11:22:16.900236,completed,23.0,False,specific_request
MATCH_9967,ALUMNI_M2334,S690,51.0,2026-05-04 11:22:16.900603,completed,,True,admin_assigned
MATCH_9968,ALUMNI_M3738,S2086,48.0,2026-05-04 11:22:16.900978,accepted,20.0,False,admin_assigned
MATCH_9969,M1114,S1321,68.5,2026-05-01 11:22:16.901292,rejected,11.0,True,admin_assigned
MATCH_9970,ALUMNI_M1035,S3925,61.5,2026-05-05 11:22:16.901610,pending,,True,admin_assigned
MATCH_9971,M684,S297,48.33,2026-04-19 11:22:16.901942,accepted,51.0,False,specific_request
MATCH_9972,ALUMNI_M4684,S3892,55.0,2026-04-25 11:22:16.902253,completed,16.0,True,high_compatibility
MATCH_9973,ALUMNI_M2639,S294,50.67,2026-04-27 11:22:16.902571,rejected,43.0,False,high_compatibility
MATCH_9974,M692,S3963,55.0,2026-05-02 11:22:16.902918,accepted,,True,high_compatibility
MATCH_9975,ALUMNI_M357,S793,72.5,2026-04-25 11:22:16.903303,pending,27.0,True,specific_request
MATCH_9976,M2895,S1733,48.0,2026-04-23 11:22:16.903690,pending,11.0,False,specific_request
MATCH_9977,M4000,S345,51.0,2026-04-09 11:22:16.904059,completed,52.0,False,specific_request
MATCH_9978,ALUMNI_M5308,S1828,44.0,2026-04-21 11:22:16.904412,rejected,58.0,False,admin_assigned
MATCH_9979,ALUMNI_M5624,S2199,44.0,2026-05-04 11:22:16.904817,accepted,,True,high_compatibility
MATCH_9980,M360,S1640,48.0,2026-05-03 11:22:16.905187,pending,14.0,False,specific_request
MATCH_9981,ALUMNI_M1027,S3165,51.0,2026-05-06 11:22:16.905560,pending,64.0,False,auto_suggestion
MATCH_9982,ALUMNI_M1262,S55,61.5,2026-04-11 11:22:16.905951,completed,71.0,True,specific_request
MATCH_9983,ALUMNI_M4888,S922,51.0,2026-04-10 11:22:16.906480,pending,28.0,True,admin_assigned
MATCH_9984,ALUMNI_M5604,S3554,61.5,2026-04-07 11:22:16.906861,completed,,True,high_compatibility
MATCH_9985,ALUMNI_M5259,S1855,51.0,2026-04-16 11:22:16.907186,accepted,,True,high_compatibility
MATCH_9986,M773,S887,65.5,2026-05-05 11:22:16.907506,completed,61.0,False,admin_assigned
MATCH_9987,M3454,S2586,72.5,2026-04-10 11:22:16.908098,accepted,20.0,False,auto_suggestion
MATCH_9988,M2872,S2284,51.0,2026-04-20 11:22:16.908568,accepted,32.0,False,high_compatibility
MATCH_9989,M1200,S1553,64.06,2026-04-20 11:22:16.908986,rejected,16.0,False,admin_assigned
MATCH_9990,ALUMNI_M754,S3051,51.0,2026-05-03 11:22:16.909366,pending,49.0,True,admin_assigned
MATCH_9991,ALUMNI_M2973,S1840,55.0,2026-04-11 11:22:16.909806,completed,48.0,False,auto_suggestion
MATCH_9992,ALUMNI_M5819,S3391,55.0,2026-04-07 11:22:16.910176,pending,66.0,False,admin_assigned
MATCH_9993,M2426,S2664,44.0,2026-04-24 11:22:16.910547,rejected,,False,auto_suggestion
MATCH_9994,ALUMNI_M1917,S2416,51.0,2026-05-03 11:22:16.910912,completed,,False,specific_request
MATCH_9995,M3648,S4894,68.5,2026-04-20 11:22:16.911222,accepted,20.0,False,high_compatibility
MATCH_9996,M4880,S232,51.0,2026-04-09 11:22:16.911547,rejected,,True,admin_assigned
MATCH_9997,M3937,S1848,48.0,2026-04-29 11:22:16.911880,rejected,70.0,False,admin_assigned
MATCH_9998,M1916,S4100,54.36,2026-04-18 11:22:16.912200,accepted,35.0,False,auto_suggestion
MATCH_9999,M4602,S2924,51.0,2026-04-06 11:22:16.912805,rejected,54.0,False,specific_request
